group,rank,term,term_count,term_per_million,group_tfidf,product_count
Aftershokz,1,bluez,141,150.48266514405245,0.025075375979960405,52
Aftershokz,2,bone conduction technology,113,120.5995827040988,0.024142242346938535,52
Aftershokz,3,conduction technology,113,120.5995827040988,0.024142242346938535,52
Aftershokz,4,openmove,84,89.64924731986103,0.02289212804328265,52
Aftershokz,5,true bone,29,30.950335384237743,0.02259599997206142,52
Aftershokz,6,trekz air,169,180.36574758400616,0.02240130732158648,52
Aftershokz,7,ears open hear,46,49.09363543706676,0.02227508808183725,52
Aftershokz,8,bone conduction just,21,22.412311829965258,0.02092599916458677,52
Aftershokz,9,great bone,34,36.28660010565804,0.020880631029938562,52
Aftershokz,10,bone-conducting,48,51.22814132563488,0.020533220212845666,52
Aftershokz,11,bone conduction great,19,20.27780594139714,0.020408176256591918,52
Aftershokz,12,true bone conduction,19,20.27780594139714,0.020408176256591918,52
Aftershokz,13,good bone,43,45.89187660421458,0.020069541419876904,52
Aftershokz,14,trekz titanium,151,161.1551945868931,0.019595535889218307,52
Aftershokz,15,aeropex,703,750.2788198316942,0.01953092885622188,52
Aftershokz,16,love bone,36,38.42110599422616,0.019320574844339453,52
Aftershokz,17,sound bone,51,54.42990015848706,0.019266671386162445,52
Aftershokz,18,quality bone,34,36.28660010565804,0.01907963912935571,52
Aftershokz,19,aftershokz aeropex,91,97.12001792984947,0.018964132631113944,52
Aftershokz,20,bone conduction sound,47,50.16088838135082,0.018947587967523535,52
Aftershokz,21,conduction work,22,23.47956477424932,0.018872457801764168,52
Aftershokz,22,pair aftershokz,109,116.33057092696255,0.01853412417383606,52
Aftershokz,23,bone conduction work,20,21.3450588856812,0.018432780783756424,52
Aftershokz,24,conduction great,20,21.3450588856812,0.018432780783756424,52
Aftershokz,25,quality bone conduction,27,28.81582949566962,0.01810792947583324,52
Aftershokz,26,set bone,18,19.21055299711308,0.01794674038979958,52
Aftershokz,27,conduction sound,49,52.295394269918944,0.017876832058117638,52
Aftershokz,28,bone conductive,81,86.44748848700887,0.017567260436553038,52
Aftershokz,29,aftershocks,104,110.99430620554224,0.01746171112000156,52
Aftershokz,30,trekz,552,589.1236252448011,0.017458337191401514,52
Aftershokz,31,aftershockz,135,144.07914747834812,0.0174082582472965,52
Aftershokz,32,ear bone conduction,43,45.89187660421458,0.017399489285454376,52
Aftershokz,33,aftershokz,2248,2399.1846187505666,0.017341729301108805,52
Aftershokz,34,pair bone conduction,42,44.824623659930516,0.017313498647039374,52
Aftershokz,35,conduction just,22,23.47956477424932,0.0172446744461589,52
Aftershokz,36,titaniums,109,116.33057092696255,0.016777619573402538,52
Aftershokz,37,pair bone,60,64.0351766570436,0.016589956659537303,52
Aftershokz,38,conduction headsets,30,32.0175883285218,0.016083883227883476,52
Aftershokz,39,bone induction,77,82.17847670987263,0.0157530933440377,52
Aftershokz,40,bone conduction headsets,27,28.81582949566962,0.015698850228061483,52
Aftershokz,41,conduction headset,44,46.95912954849864,0.015579923522701702,52
Aftershokz,42,tried bone,34,36.28660010565804,0.015576245633471753,52
Aftershokz,43,bone conduction headset,42,44.824623659930516,0.015428429050006033,52
Aftershokz,44,try bone conduction,18,19.21055299711308,0.01519812738959059,52
Aftershokz,45,tried bone conduction,23,24.54681771853338,0.01511288867337097,52
Aftershokz,46,ear bone,73,77.90946493273638,0.014898432946785485,52
Aftershokz,47,conduction ear,21,22.412311829965258,0.014780438357965837,52
Aftershokz,48,sound,11559,12336.37678297945,0.014322180182333827,52
Aftershokz,49,try bone,23,24.54681771853338,0.014231184938273689,52
Aftershokz,50,cheekbones,56,59.766164879907365,0.014151864508421753,52
Aftershokz,51,hear,9399,10031.110423325881,0.014036073137930807,52
Aftershokz,52,bone-conduction,83,88.58199437557698,0.014007940579060825,52
Aftershokz,53,bone conducting,321,342.5881951151833,0.013950362520995137,52
Aftershokz,54,great,8509,9081.255302913069,0.01389848509973031,52
Aftershokz,55,like bone conduction,20,21.3450588856812,0.013750232010903588,52
Aftershokz,56,ear,7536,8042.8181881246755,0.013730532725332987,52
Aftershokz,57,music,7102,7579.630410305394,0.013648494717521633,52
Aftershokz,58,shokz,111,118.46507681553067,0.01362934964373989,52
Aftershokz,59,quality,6589,7032.129649887671,0.013544797911202593,52
Aftershokz,60,like,5877,6272.245553557421,0.0133866346538405,52
Aftershokz,61,good,5707,6090.812553029131,0.013346036959706759,52
Aftershokz,62,work,5441,5806.923269849571,0.013280021305565286,52
Aftershokz,63,magnetic charger,49,52.295394269918944,0.013187124364461095,52
Aftershokz,64,swim cap,32,34.15209421708992,0.013164617528723853,52
Aftershokz,65,just,4590,4898.691014263836,0.013044781763014676,52
Aftershokz,66,ears,4501,4803.705502222554,0.013017700305254731,52
Aftershokz,67,love,4193,4474.991595383063,0.012919662702947898,52
Aftershokz,68,sound quality,4109,4385.342348063203,0.012891673457407464,52
Aftershokz,69,ears open,192,204.91256530253952,0.012891543664915768,52
Aftershokz,70,open ear design,100,106.725294428406,0.012879898220636893,52
Aftershokz,71,air conduction,6,6.40351766570436,0.012878713280628807,52
Aftershokz,72,like bone,29,30.950335384237743,0.012874424392297284,52
Aftershokz,73,head,3944,4209.245612256333,0.012834988627998218,52
Aftershokz,74,battery,3826,4083.3097648308135,0.012792976547055315,52
Aftershokz,75,phone,3776,4029.9471176166107,0.012774782545990114,52
Aftershokz,76,pair,3476,3709.7712343313924,0.01266028631418501,52
Aftershokz,77,really,3393,3621.1892399558155,0.012626860228054124,52
Aftershokz,78,wear,3373,3599.8441810701347,0.012618683508900832,52
Aftershokz,79,don't,3369,3595.575169292998,0.01261704234820227,52
Aftershokz,80,music hear going,47,50.16088838135082,0.012537844222005042,52
Aftershokz,81,time,3055,3260.4577447878037,0.012481726034793287,52
Aftershokz,82,volume,2971,3170.8084974679423,0.012443164163141587,52
Aftershokz,83,listen,2965,3164.404979802238,0.012440368162156162,52
Aftershokz,84,comfortable,2945,3143.0599209165566,0.012431007124618285,52
Aftershokz,85,bone conduction,1649,1759.900105124415,0.012404446656734144,52
Aftershokz,86,noise,2852,3043.805397098139,0.012386626161294594,52
Aftershokz,87,ears free,54,57.63165899133924,0.012385382390203382,52
Aftershokz,88,i'm,2752,2937.080102669733,0.012337260178189667,52
Aftershokz,89,better,2677,2857.036131848429,0.012299043858091961,52
Aftershokz,90,induction,94,100.32177676270165,0.012272916418971212,52
Aftershokz,91,able,2566,2738.571055032898,0.012240472157517406,52
Aftershokz,92,bone,2550,2721.495007924353,0.012231821070569845,52
Aftershokz,93,life,2524,2693.7464313729674,0.012217646611299402,52
Aftershokz,94,it's,2480,2646.787301824469,0.012193323093642208,52
Aftershokz,95,titanium,663,707.5887020603318,0.012192457142758973,52
Aftershokz,96,listening,2418,2580.617619278857,0.012158306336816804,52
Aftershokz,97,day,2405,2566.7433310031643,0.012150850318671505,52
Aftershokz,98,hearing,2360,2518.716948510382,0.012124726158700647,52
Aftershokz,99,fit,2360,2518.716948510382,0.012124726158700647,52
Aftershokz,100,headset,2269,2421.596930580532,0.012070339800171458,52
Amazon Renewed,1,jabra support,25,18.612504774107475,0.014785485559278434,1876
Amazon Renewed,2,came original box,82,61.049015659072516,0.014638904897616097,1876
Amazon Renewed,3,certified refurbished,155,115.39752959946634,0.013545049211511848,1876
Amazon Renewed,4,galaxy wearable,17,12.656503246393083,0.01343389160925284,1876
Amazon Renewed,5,wearable app,23,17.123504392178877,0.013432109674844449,1876
Amazon Renewed,6,buying refurbished,187,139.22153571032393,0.013392173610846405,1876
Amazon Renewed,7,contacted jabra,12,8.934002291571588,0.013366061674231156,1876
Amazon Renewed,8,sony app,73,54.34851394039382,0.01296660957033519,1876
Amazon Renewed,9,hearid,14,10.423002673500186,0.012753451826967112,1876
Amazon Renewed,10,soundcore app,39,29.03550744760766,0.01262677647936048,1876
Amazon Renewed,11,galaxy wearable app,13,9.678502482535887,0.012493732793368751,1876
Amazon Renewed,12,sound,18722,13938.532575233605,0.012462206513751496,1876
Amazon Renewed,13,anker products,44,32.758008402429155,0.012305405704341545,1876
Amazon Renewed,14,rs120,21,15.63450401025028,0.012288677571577006,1876
Amazon Renewed,15,jbl app,12,8.934002291571588,0.012213214866897287,1876
Amazon Renewed,16,sony connect app,12,8.934002291571588,0.012213214866897287,1876
Amazon Renewed,17,great,15000,11167.502864464486,0.012207327763402281,1876
Amazon Renewed,18,good,11993,8928.790790234838,0.011950059533191174,1876
Amazon Renewed,19,quality,10716,7978.064046373428,0.011820595558557608,1876
Amazon Renewed,20,looked brand new,110,81.89502100607288,0.011765939028622241,1876
Amazon Renewed,21,ear,8644,6435.4596506954,0.01157350934367563,1876
Amazon Renewed,22,renewed,1884,1402.6383597767394,0.011549177880463172,1876
Amazon Renewed,23,like,8080,6015.561542991535,0.011495920135919746,1876
Amazon Renewed,24,work,7767,5782.53298321971,0.01145048922828964,1876
Amazon Renewed,25,just,7157,5328.387866731488,0.011356433711861949,1876
Amazon Renewed,26,h9i,24,17.868004583143176,0.011312244983042475,1876
Amazon Renewed,27,pair,6659,4957.626771631267,0.011273499664685273,1876
Amazon Renewed,28,battery,6590,4906.25625845473,0.01126152212644498,1876
Amazon Renewed,29,noise,6574,4894.344255399302,0.01125872681648541,1876
Amazon Renewed,30,sound quality,5945,4426.053635282757,0.0111430771185013,1876
Amazon Renewed,31,love anker,18,13.401003437357382,0.011130702712260826,1876
Amazon Renewed,32,love jbl,18,13.401003437357382,0.011130702712260826,1876
Amazon Renewed,33,new,5769,4295.021601673041,0.011108519979490623,1876
Amazon Renewed,34,bass slider,34,25.313006492786165,0.011093847396462651,1876
Amazon Renewed,35,refurbished,4088,3043.5167806620543,0.011063697123361905,1876
Amazon Renewed,36,love,5165,3845.3434863306043,0.010981346118813544,1876
Amazon Renewed,37,price,4846,3607.847925412993,0.010908037012369764,1876
Amazon Renewed,38,refurbished ones,131,97.52952501632316,0.010814839898793024,1876
Amazon Renewed,39,time,4418,3289.201843680273,0.010801707908363862,1876
Amazon Renewed,40,jbl products,16,11.912003055428784,0.010793714877672033,1876
Amazon Renewed,41,ananda,8,5.956001527714392,0.010792220566617822,1876
Amazon Renewed,42,really,4367,3251.2323339410937,0.010788356381367858,1876
Amazon Renewed,43,life,4295,3197.628320191664,0.010769239283281558,1876
Amazon Renewed,44,anker customer,10,7.445001909642991,0.010726815916882033,1876
Amazon Renewed,45,plantronics products,10,7.445001909642991,0.010726815916882033,1876
Amazon Renewed,46,refurb,302,224.83905767121828,0.01072174192242416,1876
Amazon Renewed,47,purchased refurbished,124,92.31802367957307,0.01071375305972167,1876
Amazon Renewed,48,expect jbl,6,4.467001145785794,0.01070755489177623,1876
Amazon Renewed,49,phone,4043,3010.014272068661,0.010699709866818891,1876
Amazon Renewed,50,better,4025,2996.6132686313035,0.010694578831723903,1876
Amazon Renewed,51,hbs-900,19,14.14550362832168,0.010679723590176143,1876
Amazon Renewed,52,battery life,3857,2871.5372365493013,0.0106455517232366,1876
Amazon Renewed,53,ears,3755,2795.5982170709426,0.010614732262404366,1876
Amazon Renewed,54,music,3697,2752.4172059950133,0.010596831910617742,1876
Amazon Renewed,55,charge,3614,2690.6236901449765,0.01057072126463232,1876
Amazon Renewed,56,bass,3522,2622.1296725762613,0.010541069216353604,1876
Amazon Renewed,57,buds,3478,2589.371664173832,0.010526612887958474,1876
Amazon Renewed,58,looked brand,112,83.38402138800149,0.010526395345099403,1876
Amazon Renewed,59,case,3457,2573.7371601635814,0.010519648678803346,1876
Amazon Renewed,60,got,3455,2572.2481597816527,0.010518983215782247,1876
Amazon Renewed,61,don't,3448,2567.0366584449025,0.010516651057811037,1876
Amazon Renewed,62,right,3436,2558.1026561533313,0.010512642035499236,1876
Amazon Renewed,63,refurbished item,135,100.50752578018036,0.010482065754307534,1876
Amazon Renewed,64,working,3256,2424.0926217797573,0.01045076649712615,1876
Amazon Renewed,65,refurbish,87,64.77151661389401,0.010442483306994028,1876
Amazon Renewed,66,fit,3198,2380.911610703828,0.010430098025016266,1876
Amazon Renewed,67,works,3187,2372.722108603221,0.01042613588460398,1876
Amazon Renewed,68,comfortable,3168,2358.576604974899,0.010419259866854637,1876
Amazon Renewed,69,hear,3142,2339.2196000098274,0.010409783451329417,1876
Amazon Renewed,70,bluetooth,3093,2302.739090652577,0.010391708954648481,1876
Amazon Renewed,71,looks brand new,56,41.69201069400074,0.010372455967990017,1876
Amazon Renewed,72,i'm,2994,2229.033571747111,0.0103543006660598,1876
Amazon Renewed,73,it's,2948,2194.7865629627536,0.010336496095245328,1876
Amazon Renewed,74,refurbished unit,67,49.88151279460803,0.010329699296886324,1876
Amazon Renewed,75,jabra customer,7,5.211501336750093,0.010324246025693313,1876
Amazon Renewed,76,haptic bass,7,5.211501336750093,0.010324246025693313,1876
Amazon Renewed,77,blueparrott,11,8.189502100607289,0.010323997473706253,1876
Amazon Renewed,78,best,2915,2170.2180566609313,0.01032355126734477,1876
Amazon Renewed,79,reconditioned,100,74.4500190964299,0.010317784209147269,1876
Amazon Renewed,80,set,2809,2091.301036418716,0.010280956765681798,1876
Amazon Renewed,81,did,2705,2013.8730165584288,0.01023757415003629,1876
Amazon Renewed,82,i've,2684,1998.2385125481787,0.010228612025831575,1876
Amazon Renewed,83,left,2596,1932.72249574332,0.010190277807158437,1876
Amazon Renewed,84,came,2578,1919.3214923059627,0.010182276784840736,1876
Amazon Renewed,85,volume,2542,1892.519485431248,0.010166105767385691,1876
Amazon Renewed,86,long,2442,1818.0694663348181,0.01011995510870517,1876
Amazon Renewed,87,little,2437,1814.3469653799966,0.010117598231330875,1876
Amazon Renewed,88,headset,2406,1791.2674594601035,0.01010287677397406,1876
Amazon Renewed,89,amazing,2375,1768.1879535402102,0.010087964403466137,1876
Amazon Renewed,90,day,2346,1746.5974480022455,0.010073836845137595,1876
Amazon Renewed,91,brand,2329,1733.9409447558523,0.010065473753232702,1876
Amazon Renewed,92,recommend,2313,1722.0289417004235,0.010057546655449199,1876
Amazon Renewed,93,months,2277,1695.226934825709,0.010039508323711633,1876
Amazon Renewed,94,money,2236,1664.7024269961726,0.010018614009530915,1876
Amazon Renewed,95,jabra customer service,5,3.7225009548214953,0.010008276139848088,1876
Amazon Renewed,96,hours,2189,1629.7109180208504,0.009994185410312594,1876
Amazon Renewed,97,box,2150,1600.675410573243,0.009973513324380392,1876
Amazon Renewed,98,love plantronics,12,8.934002291571588,0.009970630652466912,1876
Amazon Renewed,99,charging,2103,1565.6839015979206,0.00994809670387311,1876
Amazon Renewed,100,beats,2088,1554.5163987334563,0.009939865315336681,1876
Anker,1,update anker,334,307.91157590803954,0.026375446764929374,38
Anker,2,anker customer,504,464.6330366995566,0.025920898637497743,38
Anker,3,contacted anker,360,331.8807404996833,0.024713342993073994,38
Anker,4,anker customer service,337,310.6772487455369,0.024476401740261316,38
Anker,5,love anker products,197,181.6125163289934,0.02433106371332188,38
Anker,6,anker replaced,112,103.25178593323481,0.024234577741869653,38
Anker,7,anker's customer,167,153.95578795401977,0.023691305212145304,38
Anker,8,anker contacted,155,142.89309660403032,0.02340254556666846,38
Anker,9,anker reached,145,133.6741871457058,0.023144290040966742,38
Anker,10,fan anker,137,126.29905957904617,0.022924520564114412,38
Anker,11,anker products,1082,997.4860033907149,0.022698061415389152,38
Anker,12,anker's customer service,129,118.92393201238653,0.022691524119539366,38
Anker,13,review anker,121,111.54880444572689,0.022443606020444446,38
Anker,14,anker sent,191,176.08117065399867,0.022438606359721145,38
Anker,15,anker support,290,267.3483742914116,0.02239221661190876,38
Anker,16,anker customer support,119,109.705022554062,0.02237906456461417,38
Anker,17,service anker,107,98.64233120407255,0.021967449372166912,38
Anker,18,experience anker,58,53.46967485828231,0.02144578539011127,38
Anker,19,love anker,316,291.31753888305536,0.02135726590078555,38
Anker,20,thanks anker,91,83.89207607075328,0.02134023971798837,38
Anker,21,customer service anker,87,80.20451228742347,0.021166170066693028,38
Anker,22,fan anker products,86,79.28262134159101,0.021121401964533226,38
Anker,23,edit anker,83,76.51694850409365,0.020983905945560807,38
Anker,24,like anker products,77,70.98560282909894,0.020693339863552717,38
Anker,25,thank anker,111,102.32989498740235,0.02049077062296889,38
Anker,26,reached anker,63,58.07912958744458,0.019916263122533705,38
Anker,27,update anker reached,59,54.39156580411477,0.019662244356234104,38
Anker,28,anker fan,55,50.704002020784955,0.019390385545908943,38
Anker,29,big fan anker,50,46.09454729162268,0.01902130662415751,38
Anker,30,anker sent replacement,70,64.53236620827175,0.01883617536445602,38
Anker,31,soundbud,132,121.68960484988389,0.018597596079028247,38
Anker,32,anker great,171,157.64335173734958,0.018373923265314538,38
Anker,33,soundbuds curve,122,112.47069539155936,0.018348542147866933,38
Anker,34,contacted anker support,61,56.23534769577968,0.01834226991384174,38
Anker,35,products anker,79,72.82938472076384,0.018026384696694386,38
Anker,36,great anker,72,66.37614809993667,0.017714896576133753,38
Anker,37,nb10,94,86.65774890825065,0.017524295168231337,38
Anker,38,spirit pro,48,44.25076539995777,0.017482114824429056,38
Anker,39,buying anker,66,60.844802424941946,0.01742278077620406,38
Anker,40,disappointed anker,46,42.406983508292875,0.01732937383417086,38
Anker,41,purchase anker,52,47.93832918328759,0.016622383986322292,38
Anker,42,anker makes,93,85.7358579624182,0.016551795390564065,38
Anker,43,anker really,50,46.09454729162268,0.016490711664920586,38
Anker,44,slims,146,134.59607809153823,0.01620455782418195,38
Anker,45,anker quality,45,41.485092562460416,0.016136993882520028,38
Anker,46,anker soundbuds slim,104,95.87665836657519,0.016041528225221365,38
Anker,47,quality anker,78,71.90749377493138,0.016025585906935376,38
Anker,48,price anker,57,52.547783912449866,0.015942850315073018,38
Anker,49,anker's,451,415.7728165704366,0.01559527074586299,38
Anker,50,soundbuds slim,282,259.97324672475196,0.015147781781883295,38
Anker,51,i've anker,49,45.17265634579023,0.014634785829325949,38
Anker,52,recommend anker,81,74.67316661242874,0.01460902575703445,38
Anker,53,anker good,74,68.21992999160157,0.014364251352057137,38
Anker,54,soundbuds,1225,1129.316408644756,0.014319057336409795,38
Anker,55,purchased anker,92,84.81396701658575,0.014285186544425189,38
Anker,56,anker brand,101,93.11098552907782,0.013905852859167383,38
Anker,57,zolo,219,201.89411713730735,0.013487154497182853,38
Anker,58,sound,14544,13407.981916187207,0.013449214060817359,38
Anker,59,great,11431,10538.135401810778,0.01314319065636076,38
Anker,60,emily,36,33.188074049968336,0.013026498294663694,38
Anker,61,good anker,45,41.485092562460416,0.013017206039953837,38
Anker,62,good,10048,9263.160223724495,0.012979340019111671,38
Anker,63,anker soundbuds,444,409.3195799496094,0.012967238544224475,38
Anker,64,zolo liberty,83,76.51694850409365,0.012868657179812965,38
Anker,65,quality,8956,8256.455310875455,0.01283315763314591,38
Anker,66,anker,8401,7744.805835938444,0.012751873617087702,38
Anker,67,battery,7501,6915.103984689235,0.012607896369145553,38
Anker,68,pair,6767,6238.436030448214,0.012477051930317642,38
Anker,69,ear,6448,5944.3528187276615,0.012415697398493056,38
Anker,70,price,5539,5106.353948965961,0.012222622112524055,38
Anker,71,set anker,51,47.01643823745514,0.012213672239098153,38
Anker,72,soundcore spirit,118,108.78313160822954,0.012181756345208756,38
Anker,73,just,5140,4738.519461578811,0.012127630933616204,38
Anker,74,cvc noise,21,19.35970986248153,0.012099937456992622,38
Anker,75,like,4904,4520.953198362353,0.012067910356468542,38
Anker,76,sound quality,4824,4447.201922695757,0.012047011863452403,38
Anker,77,life,4781,4407.56061202496,0.012035635256800454,38
Anker,78,banks,46,42.406983508292875,0.011958136351280759,38
Anker,79,battery life,4435,4088.586344766932,0.011940185119102024,38
Anker,80,work,4426,4080.2893262544403,0.011937604055675276,38
Anker,81,bluetooth,4349,4009.303723425341,0.01191530463903284,38
Anker,82,really,4136,3812.940951963028,0.011851499191018546,38
Anker,83,fit,4049,3732.7364396756047,0.011824487257016866,38
Anker,84,phone,3641,3356.604933775964,0.011689534867458738,38
Anker,85,charge,3580,3300.3695860801845,0.011668067362309268,38
Anker,86,pair anker,175,161.3309155206794,0.011667594607132336,38
Anker,87,q10,61,56.23534769577968,0.011656050164865263,38
Anker,88,time,3395,3129.81976110118,0.011600650561112896,38
Anker,89,i'm,3361,3098.475468942877,0.011587861705112135,38
Anker,90,i've,3303,3045.0057940845945,0.01156574386438706,38
Anker,91,ears,3276,3020.1147385471186,0.011555314806675319,38
Anker,92,better,3138,2892.8937880222397,0.011500631355907657,38
Anker,93,customer,3100,2857.8619320806065,0.011485150949677086,38
Anker,94,working,3065,2825.5957489764705,0.011470723871534383,38
Anker,95,buds,3047,2809.0017119514864,0.011463239950958165,38
Anker,96,don't,3018,2782.2668745223455,0.011451089028280377,38
Anker,97,magnetic backs,25,23.04727364581134,0.011425386322873224,38
Anker,98,bass,2935,2705.7499260182517,0.011415655931661706,38
Anker,99,comfortable,2850,2627.389195622493,0.011378314963559592,38
Anker,100,months,2738,2524.137409689258,0.01132737500996365,38
Audio-Technica,1,a900x,142,86.54547050262197,0.01841264113571577,481
Audio-Technica,2,ad900x,115,70.0896416042361,0.017760652316724503,481
Audio-Technica,3,m30x,175,106.65815026731579,0.016788298484295743,481
Audio-Technica,4,m40x's,96,58.50961386092752,0.016091976792206652,481
Audio-Technica,5,ath-anc7,170,103.61077454539249,0.015812591588784515,481
Audio-Technica,6,anc7b,91,55.462238139004214,0.015007488450007211,481
Audio-Technica,7,ath-anc7b,170,103.61077454539249,0.014314010398221154,481
Audio-Technica,8,msr7,114,69.48016645985143,0.014043291724731908,481
Audio-Technica,9,quietpoint,108,65.82331559354347,0.013255664491517088,481
Audio-Technica,10,ad700,46,28.035856641694437,0.013149632993064441,481
Audio-Technica,11,ath-m30,103,62.77593987162015,0.01314508130541715,481
Audio-Technica,12,m40x,483,294.3764947377916,0.01305642003362117,481
Audio-Technica,13,m30s,54,32.911657796771735,0.012857131468811343,481
Audio-Technica,14,aaa battery,233,142.00770864162618,0.012673657575436583,481
Audio-Technica,15,detachable cables,84,51.19591212831158,0.012669380998579323,481
Audio-Technica,16,m50x's,204,124.33292945447099,0.012412527052639366,481
Audio-Technica,17,sound,27971,17047.62926358337,0.01230125917707309,481
Audio-Technica,18,qc2's,32,19.503204620309173,0.0121613479535807,481
Audio-Technica,19,k550,107,65.21384044915881,0.012101921200528313,481
Audio-Technica,20,ats,127,77.40334333685203,0.01195548112723976,481
Audio-Technica,21,audio-technica's,125,76.18439304808271,0.011923008941894459,481
Audio-Technica,22,single aaa,58,35.349558374310384,0.011805347684691821,481
Audio-Technica,23,fiio e10k,21,12.798978032077896,0.011696672990953788,481
Audio-Technica,24,e10k,21,12.798978032077896,0.011696672990953788,481
Audio-Technica,25,modmic,42,25.59795606415579,0.011598705509146805,481
Audio-Technica,26,good,14477,8823.371665256747,0.011580398650691924,481
Audio-Technica,27,quality,14398,8775.223128850359,0.011574409558065197,481
Audio-Technica,28,great,14333,8735.607244465356,0.011569457129688893,481
Audio-Technica,29,m50's,168,102.39182425662317,0.011568643012078154,481
Audio-Technica,30,straight cable,100,60.94751443846617,0.011466523124973272,481
Audio-Technica,31,noise,12734,7761.056488594282,0.01143998712210293,481
Audio-Technica,32,single aaa battery,49,29.864282074848425,0.011411973084149606,481
Audio-Technica,33,mixamp,37,22.550580342232482,0.011288393515077622,481
Audio-Technica,34,like,9615,5860.103513258523,0.011132479597294426,481
Audio-Technica,35,audio-technicas,104,63.38541501600481,0.011088924363501286,481
Audio-Technica,36,xonar,17,10.361077454539249,0.011085571579922586,481
Audio-Technica,37,stock ear pads,27,16.455828898385867,0.011070818996268477,481
Audio-Technica,38,at's,202,123.11397916570166,0.011052612673484643,481
Audio-Technica,39,naztech,10,6.094751443846617,0.01101666297903159,481
Audio-Technica,40,closed backs,21,12.798978032077896,0.01101427530463277,481
Audio-Technica,41,just,8558,5215.888285643935,0.011005013801564687,481
Audio-Technica,42,music,8527,5196.99455616801,0.011001041867456755,481
Audio-Technica,43,bass,8502,5181.757677558394,0.010997828162348622,481
Audio-Technica,44,great mixing,41,24.98848091977113,0.010996143414386013,481
Audio-Technica,45,price,8350,5089.117455611926,0.010978083088465686,481
Audio-Technica,46,m50xs,49,29.864282074848425,0.010901662429623938,481
Audio-Technica,47,ear,7569,4613.117367847504,0.010870600304335272,481
Audio-Technica,48,ath-m40x,180,109.7055259892391,0.010850578424991557,481
Audio-Technica,49,m50x,983,599.1140669301225,0.010846808768379634,481
Audio-Technica,50,comfortable,7228,4405.286343612335,0.0108201443467695,481
Audio-Technica,51,urbanite,24,14.62740346523188,0.010767279846795211,481
Audio-Technica,52,stock cable,15,9.142127165769926,0.010723602428756978,481
Audio-Technica,53,audio,6584,4012.784350628613,0.010718003569010592,481
Audio-Technica,54,really,6559,3997.5474720189964,0.010713839663435525,481
Audio-Technica,55,better,6508,3966.464239655378,0.010705295858229645,481
Audio-Technica,56,pair,6499,3960.978963355916,0.010703781180338255,481
Audio-Technica,57,sound quality,6452,3932.333631569837,0.010695836959489195,481
Audio-Technica,58,qc15,162,98.73497339031519,0.010665977988468498,481
Audio-Technica,59,m50s,252,153.58773638493474,0.010645219730540162,481
Audio-Technica,60,detachable cable,158,96.29707281277655,0.010622173615720803,481
Audio-Technica,61,audio-technica,1795,1094.0078841704676,0.010579699949622497,481
Audio-Technica,62,ears,5685,3464.8661958268017,0.010557315199679009,481
Audio-Technica,63,don't,5599,3412.451333409721,0.010540631259244109,481
Audio-Technica,64,coiled cable,120,73.13701732615941,0.010524198867482598,481
Audio-Technica,65,open-back design,11,6.704226588231278,0.010504708358670758,481
Audio-Technica,66,head,5391,3285.680503377711,0.010499195781178526,481
Audio-Technica,67,removable cables,33,20.112679764693837,0.010489760485263476,481
Audio-Technica,68,stock pads,62,37.787458951849025,0.010488603029026756,481
Audio-Technica,69,need amp,60,36.568508663079704,0.010421524733598099,481
Audio-Technica,70,i'm,4957,3021.168290714768,0.010407332280029762,481
Audio-Technica,71,i've,4908,2991.3040086399196,0.010396459079191046,481
Audio-Technica,72,removable cable,72,43.882210395695644,0.01036649525710912,481
Audio-Technica,73,long,4597,2801.75723873629,0.010324808753464873,481
Audio-Technica,74,hear,4459,2717.6496688112065,0.01029144836186006,481
Audio-Technica,75,it's,4425,2696.927513902128,0.010283070613037945,481
Audio-Technica,76,time,4390,2675.595883848665,0.010274378950465114,481
Audio-Technica,77,stock earpads,30,18.284254331539852,0.010267414376803093,481
Audio-Technica,78,work,4350,2651.216878073278,0.01026436036427398,481
Audio-Technica,79,bose,4347,2649.3884526401243,0.010263605260484528,481
Audio-Technica,80,best,4206,2563.4524572818873,0.01022751459951492,481
Audio-Technica,81,little,4018,2448.871130137571,0.010177464463358977,481
Audio-Technica,82,detachable cords,43,26.207431208540456,0.010157131530222746,481
Audio-Technica,83,listening,3887,2369.02988622318,0.010141184734726454,481
Audio-Technica,84,ath-m50x's,63,38.396934096233686,0.010104160571325474,481
Audio-Technica,85,fidelio x2,15,9.142127165769926,0.010097974825756554,481
Audio-Technica,86,technica's,180,109.7055259892391,0.010096654022259491,481
Audio-Technica,87,hd598,51,31.083232363617746,0.010089058991881531,481
Audio-Technica,88,coiled cord,62,37.787458951849025,0.010072726431105334,481
Audio-Technica,89,audio technica's,177,107.87710055608511,0.010069252626958748,481
Audio-Technica,90,bit,3632,2213.613724405091,0.010066916768713487,481
Audio-Technica,91,bose qc15,93,56.68118842777354,0.010060692940546467,481
Audio-Technica,92,nice,3526,2149.009359100317,0.010034497682580122,481
Audio-Technica,93,creative sound,18,10.970552598923911,0.010025893185260412,481
Audio-Technica,94,ath-m50x,538,327.89762767894797,0.010018239014176268,481
Audio-Technica,95,cable,3378,2058.807037731387,0.009987564249959575,481
Audio-Technica,96,cord,3329,2028.9427556565388,0.009971571234813667,481
Audio-Technica,97,fit,3325,2026.5048550790004,0.00997025530691317,481
Audio-Technica,98,love,3317,2021.6290539239226,0.009967618695221081,481
Audio-Technica,99,wear,3237,1972.87104237315,0.009940897248454858,481
Audio-Technica,100,fiio e6,26,15.846353754001203,0.009933578937963034,481
Avantree,1,avantree support,126,171.49880427222575,0.0325798559254803,105
Avantree,2,avantree customer,117,159.2488896813525,0.03216616325364038,105
Avantree,3,contacted avantree,115,156.52668643893622,0.032069914378331225,105
Avantree,4,audition pro,139,189.19312534793158,0.026989645724943338,105
Avantree,5,avantree's,111,151.08227995410365,0.02596661458549719,105
Avantree,6,optical connection,49,66.69397943919891,0.019287880376525124,105
Avantree,7,optical output,49,66.69397943919891,0.019287880376525124,105
Avantree,8,pcm,56,76.22169078765589,0.01865838494702458,105
Avantree,9,tv optical,60,81.66609727248846,0.01789942974575245,105
Avantree,10,optical input,17,23.1387275605384,0.017433233562056366,105
Avantree,11,optical cable,129,175.58210913585017,0.015695492976123365,105
Avantree,12,sound,10882,14811.50784198699,0.015362589705638564,105
Avantree,13,aptx-ll,28,38.110845393827944,0.015221583331671834,105
Avantree,14,optical audio,54,73.4994875452396,0.01515839641195729,105
Avantree,15,great,7569,10302.178170924419,0.014820826988842446,105
Avantree,16,optical,594,808.4943629976358,0.014803449011652548,105
Avantree,17,tv,6736,9168.380520458039,0.014646837704368514,105
Avantree,18,good,6633,9028.187053473599,0.014623843380059296,105
Avantree,19,cable tv,35,47.63855674228494,0.014488743353013984,105
Avantree,20,output tv,34,46.2774551210768,0.01439654557218069,105
Avantree,21,quality,5550,7554.113997705183,0.014357834663247597,105
Avantree,22,optic,41,55.80516646953378,0.014321591978759235,105
Avantree,23,optical digital,10,13.61101621208141,0.013920246842499939,105
Avantree,24,tv mute,29,39.471947015036086,0.013890624288909628,105
Avantree,25,work,3884,5286.518696772419,0.013825199656244439,105
Avantree,26,avantree,2794,3802.917929655546,0.0137708714919636,105
Avantree,27,comfortable,3570,4859.132787713063,0.013699402419062711,105
Avantree,28,volume,3557,4841.438466637357,0.013693958510363804,105
Avantree,29,bluetooth,3515,4784.272198546616,0.013676233524307966,105
Avantree,30,just,3330,4532.468398623109,0.013595551309386989,105
Avantree,31,easy,3279,4463.052215941494,0.013572520096871155,105
Avantree,32,like,3268,4448.080098108205,0.013567505632953017,105
Avantree,33,ear,3254,4429.024675411291,0.01356109912062744,105
Avantree,34,set,3189,4340.553070032762,0.013530988915271512,105
Avantree,35,sound quality,3154,4292.914513290477,0.0135145205118037,105
Avantree,36,pair,2994,4075.138253897174,0.013436831793316496,105
Avantree,37,battery,2882,3922.6948723218625,0.01337993830067766,105
Avantree,38,digital optical,24,32.66643890899539,0.013288721047409057,105
Avantree,39,time,2707,3684.5020886104376,0.013286458089223038,105
Avantree,40,set tv,63,85.74940213611288,0.013246361501107707,105
Avantree,41,headset,2634,3585.141670262243,0.013245663638902968,105
Avantree,42,latency bluetooth,59,80.30499565128032,0.013077412919450191,105
Avantree,43,really,2340,3184.97779362705,0.013069050976889299,105
Avantree,44,hear,2301,3131.8948303999323,0.013043970429001961,105
Avantree,45,price,2237,3044.7843266426116,0.013001876638414345,105
Avantree,46,ears,2228,3032.534412051738,0.012995860810671757,105
Avantree,47,mute tv,47,63.97177619678263,0.012991108309054204,105
Avantree,48,works,2156,2934.5350953247516,0.012946840646632485,105
Avantree,49,headset tv,25,34.02754053020353,0.012818520077292372,105
Avantree,50,noise,1955,2660.953669461916,0.012800801675554951,105
Avantree,51,don't,1951,2655.5092629770834,0.012797745335578573,105
Avantree,52,tv transmitter,36,48.999658363493076,0.012783827091774164,105
Avantree,53,audition,266,362.0530312413655,0.012756747735034601,105
Avantree,54,i'm,1887,2568.3987592197623,0.012747972885396485,105
Avantree,55,better,1876,2553.4266413864725,0.012739248527732033,105
Avantree,56,love,1868,2542.5378284168073,0.012732871349343592,105
Avantree,57,phone,1865,2538.4545235531828,0.012730472863739939,105
Avantree,58,charge,1842,2507.1491862653957,0.012711955268770584,105
Avantree,59,able hear tv,29,39.471947015036086,0.012702411031758364,105
Avantree,60,hearing,1794,2441.816308447405,0.012672553442538672,105
Avantree,61,life,1780,2422.760885750491,0.012660862501597385,105
Avantree,62,long,1742,2371.039024144582,0.012628660352564401,105
Avantree,63,music,1703,2317.956060917464,0.012594871947454121,105
Avantree,64,head,1679,2285.289622008469,0.012573692301961502,105
Avantree,65,tv speaker,23,31.305337287787246,0.012565175614778934,105
Avantree,66,audio,1665,2266.2341993115547,0.012561197250127214,105
Avantree,67,battery life,1584,2155.984967993695,0.012486775639116559,105
Avantree,68,fit,1571,2138.2906469179893,0.012474478043603097,105
Avantree,69,recommend,1530,2082.4854804484557,0.01243501585604497,105
Avantree,70,it's,1512,2057.9856512667093,0.012417355798196325,105
Avantree,71,i've,1464,1992.6527734487183,0.012369214285503909,105
Avantree,72,got,1440,1959.9863345397232,0.01234454831116329,105
Avantree,73,little,1429,1945.0142167064334,0.012333105360570982,105
Avantree,74,hours,1413,1923.2365907671033,0.012316302846984989,105
Avantree,75,transmitter,1386,1886.4868469944834,0.012287512420750426,105
Avantree,76,working,1386,1886.4868469944834,0.012287512420750426,105
Avantree,77,did,1361,1852.4593064642797,0.012260350085972017,105
Avantree,78,problem,1355,1844.292696737031,0.012253756890540387,105
Avantree,79,customer,1337,1819.7928675552846,0.012233800698261459,105
Avantree,80,aptx ll,42,57.16626809074192,0.012202068927839892,105
Avantree,81,charging stand,35,47.63855674228494,0.012201488472512425,105
Avantree,82,tv easy,72,97.99931672698615,0.012154650989942404,105
Avantree,83,hearing tv,87,118.41584104510827,0.012149563003925052,105
Avantree,84,excellent,1262,1717.710245964674,0.012147651877546775,105
Avantree,85,bass,1259,1713.6269411010496,0.012144100291248756,105
Avantree,86,nice,1253,1705.4603313738007,0.012136971659196274,105
Avantree,87,oasis,104,141.55456860564666,0.012114255154867675,105
Avantree,88,wireless,1230,1674.1549940860136,0.012109325341400795,105
Avantree,89,worked,1221,1661.9050794951402,0.012098366240944807,105
Avantree,90,wear,1216,1655.0995713890993,0.012092242894347757,105
Avantree,91,service,1209,1645.5718600406424,0.012083627775736704,105
Avantree,92,right,1204,1638.7663519346017,0.012077443525394554,105
Avantree,93,far,1200,1633.3219454497694,0.012072477605764121,105
Avantree,94,bluetooth transmitter tv,33,44.916353499868656,0.012043884339292373,105
Avantree,95,enjoy tv,33,44.916353499868656,0.012043884339292373,105
Avantree,96,happy,1161,1580.2389822226519,0.012023173636648168,105
Avantree,97,months,1149,1563.9057627681539,0.012007669523449326,105
Avantree,98,best,1146,1559.8224579045295,0.012003768194503496,105
Avantree,99,sennheiser rs,16,21.777625939330257,0.011999098430062782,105
Avantree,100,watch,1141,1553.016949798489,0.01199724322795615,105
Betron,1,bs10,95,182.86603042120785,0.029197408863407198,37
Betron,2,betron,853,1641.9444626241084,0.022206640468170044,37
Betron,3,klim,12,23.09886700057362,0.018320579712263665,37
Betron,4,sound,11458,22055.568174381046,0.01784711228536193,37
Betron,5,quality,7561,14554.211115944763,0.017130076340120155,37
Betron,6,great,7460,14359.79565202327,0.017106879120411752,37
Betron,7,good,6897,13276.07380857969,0.01697152411516818,37
Betron,8,ear,4600,8854.56568355322,0.016272866644872656,37
Betron,9,price,4391,8452.260416626565,0.01619265759095385,37
Betron,10,sound quality,3603,6935.43481692223,0.015851479174766956,37
Betron,11,like,3078,5924.859385647134,0.01557982210244636,37
Betron,12,bass,2905,5591.850719722197,0.015480039450064098,37
Betron,13,pair,2624,5050.952250792099,0.015304554072055413,37
Betron,14,just,2501,4814.188864036219,0.015221740501452072,37
Betron,15,really,2448,4712.168868117018,0.015184793271594305,37
Betron,16,buds,2362,4546.626987946241,0.015123104443237372,37
Betron,17,noise,2239,4309.863601190362,0.015030855110720805,37
Betron,18,work,2221,4275.2153006895005,0.015016931660468039,37
Betron,19,ears,2135,4109.673420518723,0.014948811779655033,37
Betron,20,shocking ears,14,26.948678167335892,0.014779947189008718,37
Betron,21,nice,1858,3576.474573922149,0.014709102170369335,37
Betron,22,fit,1820,3503.328161753666,0.014673457534023998,37
Betron,23,better,1763,3393.608543500941,0.01461857027397022,37
Betron,24,love,1732,3333.936470416126,0.014587969474959578,37
Betron,25,volume,1695,3262.714963831024,0.014550720754535784,37
Betron,26,music,1587,3054.8251608258615,0.014437154611921224,37
Betron,27,i've,1582,3045.200632908956,0.014431711403189464,37
Betron,28,comfortable,1579,3039.4259161588125,0.014428437214134806,37
Betron,29,don't,1531,2947.0304481565177,0.014375186896879964,37
Betron,30,i'm,1455,2800.7376238195516,0.014287360622868991,37
Betron,31,phone,1394,2683.3183832333025,0.014213483388873084,37
Betron,32,ear buds,1364,2625.5712157318685,0.014175955772078646,37
Betron,33,best,1345,2588.998009647627,0.014151758936112938,37
Betron,34,great sound,1315,2531.2508421461926,0.01411284860773879,37
Betron,35,recommend,1232,2371.4836787255585,0.014000385569432451,37
Betron,36,working,1225,2358.0093396418906,0.013990556759843925,37
Betron,37,time,1220,2348.384811724985,0.013983501733994017,37
Betron,38,excellent,1204,2317.586322390887,0.01396072976742393,37
Betron,39,little,1157,2227.115759971973,0.013892044101781744,37
Betron,40,easy untangle,19,36.57320608424157,0.013853499464387655,37
Betron,41,cord,1122,2159.7440645536335,0.013839057663259545,37
Betron,42,months,1121,2157.8191589702524,0.013837519587887266,37
Betron,43,got,1045,2011.5263346332863,0.013716420652498952,37
Betron,44,hear,1021,1965.3286006321391,0.013676342534068754,37
Betron,45,set,1020,1963.403695048758,0.013674652233673111,37
Betron,46,it's,993,1911.4312442974672,0.013628376544203066,37
Betron,47,far,983,1892.1821884636558,0.01361091737272688,37
Betron,48,sephia,6,11.54943350028681,0.013602039241394793,37
Betron,49,right,961,1849.834265629271,0.013571873595637817,37
Betron,50,pretty,940,1809.4112483782671,0.01353376159844146,37
Betron,51,good sound,925,1780.5376646275502,0.013506013792353253,37
Betron,52,clear,917,1765.1384199605009,0.013491030406802626,37
Betron,53,amazing,907,1745.8893641266895,0.013472116276336491,37
Betron,54,sound great,891,1715.0908747925914,0.01344141555197906,37
Betron,55,mic,798,1536.0746555381459,0.013251264100920767,37
Betron,56,sounds,793,1526.4501276212402,0.013240422133010387,37
Betron,57,works,793,1526.4501276212402,0.013240422133010387,37
Betron,58,long,793,1526.4501276212402,0.013240422133010387,37
Betron,59,definitely,789,1518.7505052877157,0.013231699224835268,37
Betron,60,ones,788,1516.8255997043345,0.013229511587997062,37
Betron,61,high,778,1497.576543870523,0.01320748125769721,37
Betron,62,purchase,771,1484.1022047868553,0.013191890886998226,37
Betron,63,feel,756,1455.228621036138,0.013158000771046311,37
Betron,64,look,756,1455.228621036138,0.013158000771046311,37
Betron,65,cheap,752,1447.5289987026138,0.01314884981369221,37
Betron,66,came,738,1420.5803205352777,0.013116433665334515,37
Betron,67,money,734,1412.8806982017531,0.013107058906304364,37
Betron,68,can't,722,1389.7818312011796,0.013078624997392289,37
Betron,69,happy,710,1366.682964200606,0.013049714520393822,37
Betron,70,way,701,1349.3588139501755,0.013027709172011128,37
Betron,71,sound good,692,1332.0346636997456,0.013005419468119613,37
Betron,72,listening,684,1316.6354190326963,0.012985361667517835,37
Betron,73,different,684,1316.6354190326963,0.012985361667517835,37
Betron,74,purchased,681,1310.8607022825531,0.012977779451284442,37
Betron,75,durable,669,1287.7618352819793,0.01294711284064093,37
Betron,76,tried,663,1276.2124017816927,0.012931572632689485,37
Betron,77,lot,660,1270.437685031549,0.012923749710366412,37
Betron,78,they're,657,1264.6629682814057,0.012915891148183097,37
Betron,79,microphone,638,1228.0897621971642,0.012865271180808187,37
Betron,80,overall,638,1228.0897621971642,0.012865271180808187,37
Betron,81,stay,631,1214.6154231134963,0.012846240790924187,37
Betron,82,looking,626,1204.9908951965906,0.012832517954700053,37
Betron,83,did,625,1203.0659896132095,0.012829760238020394,37
Betron,84,control,620,1193.4414616963038,0.012815905132079856,37
Betron,85,listen,617,1187.6667449461604,0.012807538334354938,37
Betron,86,tangle,486,935.5041135232317,0.012802318816875427,37
Betron,87,audio,607,1168.4176891123489,0.012779352226574153,37
Betron,88,good quality,606,1166.492783528968,0.01277650811807208,37
Betron,89,stopped,606,1166.492783528968,0.01277650811807208,37
Betron,90,perfect,603,1160.7180667788246,0.012767947547570433,37
Betron,91,left,599,1153.0184444453,0.012756466963322624,37
Betron,92,quality sound,596,1147.2437276951566,0.0127478061011995,37
Betron,93,fine,596,1147.2437276951566,0.0127478061011995,37
Betron,94,come,596,1147.2437276951566,0.0127478061011995,37
Betron,95,awesome,586,1127.9946718613453,0.012718618409620689,37
Betron,96,bit,585,1126.069766277964,0.012715672292054439,37
Betron,97,worth,574,1104.8958048607717,0.012682928486479362,37
Betron,98,great price,570,1097.196182527247,0.012670865840009,37
Betron,99,quality good,560,1077.9471266934356,0.012640334929433662,37
Betron,100,tangle easily,50,96.24527916905676,0.012620943658211169,37
Bose,1,bose connect app,244,70.46278164536949,0.01826643085422951,152
Bose,2,thank bose,195,56.31246893789774,0.01763619298620607,152
Bose,3,thanks bose,143,41.29581055445835,0.0167642094765433,152
Bose,4,bose support,340,98.18584327633452,0.016258771952348726,152
Bose,5,contact bose,114,32.92113568677099,0.01612700621108024,152
Bose,6,contacted bose,294,84.90187624483045,0.01591267603336393,152
Bose,7,bose music app,289,83.45796678488435,0.01587183693183397,152
Bose,8,bose website,224,64.6871438055851,0.015265239589471052,152
Bose,9,bose customer service,294,84.90187624483045,0.014885530259938948,152
Bose,10,called bose,442,127.64159625923489,0.014872200011676922,152
Bose,11,love bose products,193,55.73490515391931,0.013948133718868874,152
Bose,12,quality expect bose,120,34.653827038706304,0.013779214785272232,152
Bose,13,bose warranty,105,30.32209865886802,0.013461295067832542,152
Bose,14,stayhear tips,149,43.02850190639366,0.013371864708332282,152
Bose,15,typical bose,145,41.87337433843678,0.01331125745115856,152
Bose,16,stayhear,272,78.54867462106762,0.012454617135189784,152
Bose,17,directly bose,130,37.541645958598494,0.012305645554021798,152
Bose,18,ae2w,118,34.07626325472786,0.012102527934404231,152
Bose,19,hope bose,105,30.32209865886802,0.01185772876717056,152
Bose,20,qc2's,90,25.99037027902973,0.011534437332943284,152
Bose,21,bose customer,543,156.808567350146,0.011496188482851711,152
Bose,22,qc20i,153,44.18362947435053,0.011369822273616251,152
Bose,23,bose needs,113,32.63235379478177,0.011367072660645055,152
Bose,24,expected bose,459,132.55088842305162,0.011231420734602838,152
Bose,25,bose sent,105,30.32209865886802,0.011221342111785961,152
Bose,26,bose connect,336,97.03071570837766,0.011199924412035983,152
Bose,27,qc20's,95,27.434279738975825,0.011022707763710393,152
Bose,28,bose known,124,35.80895460666318,0.010973592274050672,152
Bose,29,big fan bose,90,25.99037027902973,0.010915401247687426,152
Bose,30,ankbit,35,10.107366219622671,0.010845651648526246,152
Bose,31,triports,127,36.675300282630836,0.010499640496141037,152
Bose,32,bose app,655,189.15213925293858,0.010481643306989596,152
Bose,33,qc15,839,242.28800737895492,0.01043322543504402,152
Bose,34,qc20s,119,34.36504514671708,0.010382747534053263,152
Bose,35,decided bose,101,29.16697109091114,0.010088100517169612,152
Bose,36,bose offers,77,22.236205683169878,0.010075241417497948,152
Bose,37,bose replaced,130,37.541645958598494,0.010070196810047156,152
Bose,38,wish bose,99,28.5894073069327,0.010052167408424727,152
Bose,39,aaa battery,276,79.7038021890245,0.010016516253903754,152
Bose,40,bose disappointed,96,27.72306163096504,0.009996883183486153,152
Bose,41,sound,50324,14532.659932465467,0.009968539160555687,152
Bose,42,ae2's,71,20.503514331234566,0.009922286849622396,152
Bose,43,mie2,92,26.567934063008167,0.009920420769733667,152
Bose,44,bose,44086,12731.238490236718,0.009856987639720085,152
Bose,45,qc45,145,41.87337433843678,0.009819256951405893,152
Bose,46,bose store,399,115.22397490369846,0.009787491086990112,152
Bose,47,aware mode,225,64.97592569757433,0.009707414289390967,152
Bose,48,qc30,282,81.4364935409598,0.00966279269162645,152
Bose,49,noise,34725,10027.951199325636,0.00965579814838323,152
Bose,50,disappointed bose,351,101.36244408821594,0.00960799180399523,152
Bose,51,qc3,203,58.6227240738115,0.009551737362426982,152
Bose,52,months bose,95,27.434279738975825,0.009531879843133743,152
Bose,53,mie2i,119,34.36504514671708,0.009494600391849831,152
Bose,54,great,28409,8204.004769521729,0.009486579235174548,152
Bose,55,quality,28231,8152.6015927476465,0.009481281221068208,152
Bose,56,qc15s,319,92.12142354456093,0.009474118351873412,152
Bose,57,qc2s,88,25.412806495051292,0.009400517403426508,152
Bose,58,original bose,106,30.61088055085723,0.009304540923250408,152
Bose,59,ear,22709,6557.947985183178,0.009297812412066068,152
Bose,60,qc20,453,130.8181970711163,0.009258772195585793,152
Bose,61,good,21082,6088.099846916719,0.009235148491022102,152
Bose,62,wrong bose,164,47.360230286231946,0.009228959463366932,152
Bose,63,fan bose,337,97.31949760036687,0.00920247331575529,152
Bose,64,products bose,119,34.36504514671708,0.009104686531280857,152
Bose,65,triport,118,34.07626325472786,0.009091391564701437,152
Bose,66,just,17743,5123.857109564717,0.009089805518641594,152
Bose,67,like,17617,5087.470591174074,0.009083798277718635,152
Bose,68,ie2s,57,16.460567843385494,0.009060323451752698,152
Bose,69,working bose,112,32.34357190279255,0.009009175823061173,152
Bose,70,qc25's,110,31.766008118814113,0.00898078867325211,152
Bose,71,single aaa,54,15.594222167417838,0.008963186522772691,152
Bose,72,sound quality,15143,4373.024190392746,0.00895624301484151,152
Bose,73,bose products,1723,497.5711998974247,0.00894750361635475,152
Bose,74,qc15's,218,62.95445245364979,0.008940983473019123,152
Bose,75,qc35 ii,135,38.98555541854459,0.008934546714278006,152
Bose,76,music,14552,4202.354092227118,0.008922686532691428,152
Bose,77,pair,14178,4094.3496646231497,0.00890073951907671,152
Bose,78,work,13834,3995.0086937788587,0.008880035670571792,152
Bose,79,nc700,103,29.744534874889577,0.008877201047477617,152
Bose,80,believe bose,101,29.16697109091114,0.00884630899515142,152
Bose,81,updater,40,11.551275679568768,0.008840440238439017,152
Bose,82,qc-15,99,28.5894073069327,0.008814799060989621,152
Bose,83,comfortable,12711,3670.706629074965,0.008808672975276417,152
Bose,84,ae2,250,72.1954729973048,0.0087995367049397,152
Bose,85,qcs,98,28.30062541494348,0.008798804566350567,152
Bose,86,qc25,661,190.88483060487388,0.008776712834815967,152
Bose,87,battery,12119,3499.7477490173474,0.008768471478635895,152
Bose,88,better,11870,3427.841057912032,0.00875097229763782,152
Bose,89,bose doesn't,118,34.07626325472786,0.008730914865961285,152
Bose,90,really,11321,3269.299799209951,0.008711056120722645,152
Bose,91,time,11029,3184.9754867490988,0.008689029647839446,152
Bose,92,ears,10945,3160.717807822004,0.008682585177869758,152
Bose,93,don't,10847,3132.4171824070604,0.008675003822818272,152
Bose,94,xm5,23,6.641983515752042,0.008673136296282007,152
Bose,95,love,10787,3115.090268887707,0.008670328296979158,152
Bose,96,bose music,362,104.53904490009735,0.008652913139016987,152
Bose,97,frequent flyer,56,16.171785951396274,0.008624794791188125,152
Bose,98,oe2,56,16.171785951396274,0.008624794791188125,152
Bose,99,phone,10113,2920.4512736869738,0.008615943294264563,152
Bose,100,bose fan,348,100.49609841224827,0.008603391447095252,152
JBL,1,jbl app,242,191.8276658298647,0.023357149389214252,437
JBL,2,expect jbl,121,95.91383291493236,0.022831391295908304,437
JBL,3,jbl products,426,337.68010596496845,0.02073009856199237,437
JBL,4,love jbl,292,231.461481083969,0.01962023593956827,437
JBL,5,expected jbl,113,89.57242247427567,0.019106484509785863,437
JBL,6,ambient aware,92,72.92622006755187,0.01390017290768032,437
JBL,7,jbl brand,133,105.42594857591739,0.013559568279691861,437
JBL,8,jbl great,143,113.35271162673824,0.013162749793251783,437
JBL,9,jbl speakers,136,107.80397749116364,0.013051957865854887,437
JBL,10,jbl good,130,103.04791966067113,0.012952356243309582,437
JBL,11,sound,20639,16360.046260589164,0.012914909067927768,437
JBL,12,quality jbl,145,114.9380642369024,0.01267028640037067,437
JBL,13,great,12824,10165.280936372666,0.012352881063648747,437
JBL,14,good,12457,9874.36873240754,0.0123185879152765,437
JBL,15,quality,11742,9307.60517427385,0.012248774307259873,437
JBL,16,rgb,59,46.76790199984305,0.012210278075725348,437
JBL,17,quantum,136,107.80397749116364,0.012052648951516587,437
JBL,18,ear,9662,7658.838459703111,0.012018499646633138,437
JBL,19,jbl,7678,6086.168670420254,0.01174704103995669,437
JBL,20,like,6892,5463.125094625733,0.011619488281013507,437
JBL,21,just,6861,5438.552129168189,0.011614163889053767,437
JBL,22,sound quality,6818,5404.46704804966,0.011606738476821511,437
JBL,23,jbl tune,127,100.66989074542487,0.011467611106903516,437
JBL,24,battery,6008,4762.39924093317,0.011457363730276867,437
JBL,25,sound jbl,81,64.20678071164893,0.011435880985766627,437
JBL,26,work,5738,4548.376638561007,0.011403056793247357,437
JBL,27,price,5546,4396.182787985247,0.011362860583739514,437
JBL,28,noise,5492,4353.378267510814,0.011351304468409618,437
JBL,29,pair,5236,4150.4531334098,0.011294926595376292,437
JBL,30,ears,5152,4083.868323782905,0.011275825342955716,437
JBL,31,really,4607,3651.8597375131685,0.011143772329772431,437
JBL,32,mp3 mode,8,6.341410440656685,0.011084553305918314,437
JBL,33,bass,4243,3363.3255624632893,0.011046562939326045,437
JBL,34,time,4235,3356.9841520226328,0.011044333982090515,437
JBL,35,life,4230,3353.0207704972217,0.011042938744639857,437
JBL,36,fit,4107,3255.5215849721253,0.011008086411560284,437
JBL,37,better,4075,3230.155943209499,0.010998847990545556,437
JBL,38,battery life,3919,3106.4984396166933,0.01095274589933671,437
JBL,39,music,3835,3039.913629989798,0.01092715559140016,437
JBL,40,phone,3817,3025.645456498321,0.010921599065060466,437
JBL,41,good jbl,77,61.036075491320595,0.010893077992796731,437
JBL,42,buds,3720,2948.7558549053583,0.010891197059709779,437
JBL,43,love,3716,2945.58514968503,0.010889926410459055,437
JBL,44,charge,3701,2933.695005108799,0.010885149263466338,437
JBL,45,right,3648,2891.6831609394485,0.010868113555588541,437
JBL,46,don't,3583,2840.1592011091125,0.010846879559862679,437
JBL,47,comfortable,3456,2739.4893103636878,0.010804256470982822,437
JBL,48,case,3270,2592.05151761842,0.010738917565139417,437
JBL,49,volume,3084,2444.613724873152,0.010669751214539093,437
JBL,50,got,2990,2370.102152195436,0.010633192343715183,437
JBL,51,working,2950,2338.3950999921526,0.010617285458628445,437
JBL,52,bluetooth,2850,2259.127469483944,0.010576554927053762,437
JBL,53,i'm,2845,2255.164087958534,0.01057448105757511,437
JBL,54,left,2830,2243.273943382302,0.01056823750983011,437
JBL,55,hear,2689,2131.506584365728,0.010507876254007054,437
JBL,56,it's,2620,2076.811919315064,0.01047717431157875,437
JBL,57,i've,2516,1994.3735835865275,0.010429336343417242,437
JBL,58,long,2491,1974.5566759594751,0.010417542073599868,437
JBL,59,months,2399,1901.6304558919232,0.010373095810773938,437
JBL,60,recommend,2344,1858.0332591124086,0.010345703159744793,437
JBL,61,stay,2334,1850.106496061588,0.010340653693461583,437
JBL,62,charging,2314,1834.252969959946,0.010330489531207382,437
JBL,63,little,2289,1814.436062332894,0.010317660072397553,437
JBL,64,head,2216,1756.5706920619018,0.01027938014428011,437
JBL,65,pretty,2179,1727.2416687738644,0.010259493654214576,437
JBL,66,best,2163,1714.5588478925513,0.010250789287854448,437
JBL,67,nice,2112,1674.1323563333647,0.010222608074110122,437
JBL,68,money,2048,1623.4010728081114,0.010186264641531656,437
JBL,69,set,2014,1596.4500784353204,0.010166492478933024,437
JBL,70,great sound,2006,1590.1086679946636,0.010161791703117066,437
JBL,71,hours,1990,1577.4258471133503,0.010152333647650894,437
JBL,72,way,1940,1537.792031859246,0.010122279395853202,437
JBL,73,tried,1865,1478.3413089780897,0.010075713507950704,437
JBL,74,amazing,1835,1454.561019825627,0.010056560628263907,437
JBL,75,headset,1821,1443.463551554478,0.010047515202702223,437
JBL,76,works,1816,1439.5001700290675,0.010044267830943386,437
JBL,77,sounds,1798,1425.23199653759,0.010032502802522646,437
JBL,78,easy,1798,1425.23199653759,0.010032502802522646,437
JBL,79,audio,1796,1423.6466439274257,0.01003118831338904,437
JBL,80,jbl live,74,58.658046576074334,0.010027989397226331,437
JBL,81,ear buds,1750,1387.1835338936498,0.010000544098711383,437
JBL,82,did,1732,1372.9153604021722,0.009988333059114896,437
JBL,83,day,1727,1368.9519788767618,0.009984918577509699,437
JBL,84,don,1711,1356.2691579954485,0.009973925424360566,437
JBL,85,jbl sound,197,156.15723210117085,0.009965849507865245,437
JBL,86,wireless,1662,1317.4280190464262,0.0099396079494364,437
JBL,87,fall,1653,1310.2939323006876,0.009933194892785883,437
JBL,88,wear,1630,1292.0623772837996,0.009916645994326224,437
JBL,89,connect,1611,1277.0015274872399,0.009902798073310308,437
JBL,90,turn,1611,1277.0015274872399,0.009902798073310308,437
JBL,91,bad,1595,1264.3187066059265,0.00989100939537936,437
JBL,92,worth,1571,1245.2944752839564,0.009873102772683764,437
JBL,93,loud,1565,1240.538417453464,0.009868583372916804,437
JBL,94,sound great,1540,1220.7215098264119,0.00984956414767719,437
JBL,95,does,1533,1215.1727756908372,0.009844183416891632,437
JBL,96,like jbl,225,178.35216864346924,0.009839789260617869,437
JBL,97,stopped,1524,1208.0386889450986,0.009837229117910556,437
JBL,98,want,1522,1206.4533363349342,0.009835678141502997,437
JBL,99,overall,1518,1203.282631114606,0.009832570065065561,437
JBL,100,bit,1515,1200.9046021993597,0.009830233628369621,437
JLab,1,jlab products,182,118.07570339383307,0.0225147095030987,141
JLab,2,j4's,113,73.3107389203469,0.020785031263506483,141
JLab,3,j3s,200,129.75352021300338,0.019356335053049845,141
JLab,4,love jlab,111,72.01320371821687,0.018933068322540103,141
JLab,5,j4s,106,68.7693657128918,0.018780228062323316,141
JLab,6,j3's,228,147.91901304282388,0.018483595363783765,141
JLab,7,j3m,93,60.33538689904657,0.01834635784587755,141
JLab,8,j2s,129,83.69102053738717,0.018008697505347764,141
JLab,9,j5,112,72.6619713192819,0.015480867670010588,141
JLab,10,j2's,119,77.20334452673701,0.014805344749288178,141
JLab,11,j4,181,117.42693579276806,0.013731981599787514,141
JLab,12,cush,94,60.984154500111586,0.013490787583711639,141
JLab,13,epic air,97,62.93045730330664,0.012350062957973033,141
JLab,14,sound,22255,14438.322961701951,0.011979796804261127,141
JLab,15,jlab audio,140,90.82746414910235,0.011603885373993974,141
JLab,16,j3,287,186.19630150565985,0.011598982140684704,141
JLab,17,j2,138,89.52992894697233,0.011575784514299808,141
JLab,18,great,15008,9736.704156783773,0.011551122692053925,141
JLab,19,good,14386,9333.170708921332,0.011505067779925346,141
JLab,20,quality,12782,8292.547476813046,0.011376440970275452,141
JLab,21,ear,12745,8268.543075573642,0.011373286825106231,141
JLab,22,jbud,94,60.984154500111586,0.011272896048094783,141
JLab,23,movie mode,28,18.165492829820476,0.011098531009765914,141
JLab,24,jlab's,162,105.10035137253273,0.011004468931454132,141
JLab,25,pair,9006,5842.801015191542,0.01099546311761095,141
JLab,26,love retro,42,27.24823924473071,0.010987011925058791,141
JLab,27,limiting feature,13,8.43397881384522,0.010955998276091948,141
JLab,28,just,8471,5495.710348621758,0.010928828174049726,141
JLab,29,like,8441,5476.247320589808,0.010924968006386803,141
JLab,30,jbuds air,78,50.60387288307131,0.010893453105962255,141
JLab,31,jbuds,1063,689.639959932113,0.010889594452371958,141
JLab,32,work,7720,5008.4858802219305,0.010827819786530808,141
JLab,33,price,7322,4750.276374998054,0.010770228299122702,141
JLab,34,sound quality,7187,4662.692748854277,0.01074998001392402,141
JLab,35,buds,6589,4274.729723417396,0.010655458540037294,141
JLab,36,battery,6578,4267.593279805681,0.01065364057561992,141
JLab,37,aware mode,84,54.49647848946142,0.010606255162905573,141
JLab,38,ears,6138,3982.1355353370736,0.010578312824370434,141
JLab,39,fit,5946,3857.5721559325902,0.01054373429725188,141
JLab,40,volume limiting,53,34.3846828564459,0.010540497688352985,141
JLab,41,jlab,4317,2800.729733797678,0.010529690809874143,141
JLab,42,store credit,64,41.521126468161086,0.010491152826473593,141
JLab,43,really,5499,3567.573038256528,0.010458700392104434,141
JLab,44,skin tone,27,17.51672522875546,0.01045483325889615,141
JLab,45,time,5394,3499.452440144701,0.010437723812490023,141
JLab,46,don't,4910,3185.4489212292333,0.010335432523636336,141
JLab,47,noise,4791,3108.2455767024962,0.01030873741641614,141
JLab,48,case,4779,3100.460365489716,0.010306008759310379,141
JLab,49,love,4694,3045.3151193991894,0.01028648234624732,141
JLab,50,phone,4669,3029.095929372564,0.010280671954084653,141
JLab,51,music,4585,2974.5994508831027,0.010260918586422455,141
JLab,52,better,4571,2965.516704468192,0.010257591209362435,141
JLab,53,volume limiting feature,8,5.190140808520136,0.010211571713989983,141
JLab,54,i'm,4344,2818.2464590264335,0.010202169767260509,141
JLab,55,comfortable,4330,2809.163712611523,0.010198657492984105,141
JLab,56,jlab air,128,83.04225293632217,0.010192623438098257,141
JLab,57,right,4299,2789.051916978508,0.010190839729609387,141
JLab,58,life,4299,2789.051916978508,0.010190839729609387,141
JLab,59,i've,4114,2669.0299107814794,0.010142979995310646,141
JLab,60,volume,4100,2659.9471643665693,0.010139271026462393,141
JLab,61,working,3970,2575.607376228117,0.010104213052312431,141
JLab,62,charge,3925,2546.412834180191,0.01009180954489837,141
JLab,63,battery life,3893,2525.652270946111,0.010082902448233259,141
JLab,64,bass,3669,2380.328328307547,0.01001842351471742,141
JLab,65,got,3658,2373.191884695832,0.01001515653643181,141
JLab,66,it's,3481,2258.360019307324,0.009961192512676317,141
JLab,67,set,3300,2140.9330835145556,0.009903093676649394,141
JLab,68,hear,3240,2102.0070274506547,0.009883128869702919,141
JLab,69,bluetooth,3232,2096.8168866421347,0.009880439000716945,141
JLab,70,pair jlab,163,105.74911897359776,0.009876172073673624,141
JLab,71,little,3215,2085.7878374240295,0.009874700853506717,141
JLab,72,months,3207,2080.597696615509,0.009871990041887935,141
JLab,73,ear buds,3120,2024.154915322853,0.009842065451092417,141
JLab,74,long,3052,1980.0387184504314,0.009818089270752884,141
JLab,75,pretty,2881,1869.0994586683137,0.009755352596960917,141
JLab,76,best,2795,1813.3054449767221,0.009722378817479461,141
JLab,77,left,2788,1808.764071769267,0.009719650404745898,141
JLab,78,charging,2730,1771.135550907496,0.00969677642563731,141
JLab,79,nice,2711,1758.808966487261,0.009689177432219632,141
JLab,80,easy,2687,1743.2385440617004,0.009679502216626987,141
JLab,81,recommend,2668,1730.911959641465,0.009671781184203646,141
JLab,82,day,2545,1651.113544710468,0.009620426811690954,141
JLab,83,hours,2536,1645.2746363008828,0.00961657226601199,141
JLab,84,stay,2503,1623.8653054657373,0.009602320941861501,141
JLab,85,did,2394,1553.1496369496504,0.00955387609806954,141
JLab,86,tried,2348,1523.3063273006599,0.00953276604461392,141
JLab,87,far,2289,1485.0290388378237,0.009505076374489954,141
JLab,88,works,2245,1456.4832643909629,0.009483957818340638,141
JLab,89,way,2229,1446.1029827739226,0.00947617556647338,141
JLab,90,jlab epic,69,44.76496447348617,0.009461626435446594,141
JLab,91,different,2196,1424.693651938777,0.009459946701596313,141
JLab,92,audio,2176,1411.7182999174768,0.009449991907081012,141
JLab,93,money,2159,1400.6892506993715,0.009441458126466682,141
JLab,94,cord,2153,1396.7966450929812,0.009438430152015223,141
JLab,95,retro look,82,53.19894328733138,0.009417014409965048,141
JLab,96,ones,2049,1329.3248145822197,0.009384560344826081,141
JLab,97,bud,2046,1327.3785117790244,0.009382966129961139,141
JLab,98,jlab jbuds,98,63.57922490437165,0.009380137329216135,141
JLab,99,can't,2039,1322.8371385715695,0.009379237186211056,141
JLab,100,wireless,2008,1302.725342938554,0.009362567922709918,141
JVC,1,hafx1x,74,61.24889814059934,0.01515830979833089,546
JVC,2,flats,100,82.76878127108017,0.013852271737462538,546
JVC,3,sound,21482,17780.389592653446,0.013321041577450237,546
JVC,4,jvc marshmallow,137,113.39323034137985,0.01289741307760854,546
JVC,5,gumy,438,362.5272619673311,0.01280438521283091,546
JVC,6,good,13143,10878.300922458067,0.012724686897783947,546
JVC,7,xtreme,99,81.94109345836938,0.01269294229387885,546
JVC,8,great,12132,10041.508543807446,0.012627533814601268,546
JVC,9,ear,11620,9617.732383699517,0.012575197652871815,546
JVC,10,jvc gumy,112,92.70103502360979,0.012458459419210689,546
JVC,11,jvc's,361,298.79530038859946,0.012454832048955367,546
JVC,12,quality,10342,8559.947359055112,0.012433776391039578,546
JVC,13,jvc ear,64,52.97202001349131,0.012204508391971442,546
JVC,14,price,8156,6750.621800469299,0.012145556319818925,546
JVC,15,like,7132,5903.069480253438,0.01198271491725804,546
JVC,16,ears,7114,5888.171099624644,0.011979647699513533,546
JVC,17,pair,6850,5669.661517068992,0.011933747914697023,546
JVC,18,bass,6788,5618.344872680922,0.01192271198800044,546
JVC,19,just,6530,5404.801417001536,0.011875679295233827,546
JVC,20,comfortable,6011,4975.231442204629,0.011775160304703955,546
JVC,21,sound quality,5731,4743.478854645605,0.011717262365560956,546
JVC,22,like jvc,78,64.55964939144253,0.01167025491127288,546
JVC,23,don't,5192,4297.355123594482,0.011597377457680897,546
JVC,24,noise,5141,4255.143045146232,0.011585395933043533,546
JVC,25,retractable cord,74,61.24889814059934,0.011555564005133846,546
JVC,26,fit,4908,4062.2917847846147,0.011529100167207249,546
JVC,27,work,4671,3866.129773172155,0.011469026848406998,546
JVC,28,jvc marshmallows,71,58.765834702466925,0.011465401176089969,546
JVC,29,really,4602,3809.0193140951096,0.011450963358602873,546
JVC,30,better,4496,3721.2844059477648,0.011422679126224914,546
JVC,31,jvc,4418,3656.724756556322,0.011401437005662934,546
JVC,32,music,4361,3609.546551231806,0.011385675390435987,546
JVC,33,buds,4193,3470.494998696392,0.01133799270606905,546
JVC,34,i've,4092,3386.898529612601,0.011308397921140296,546
JVC,35,i'm,3798,3143.5583126756246,0.011217900487476833,546
JVC,36,mdr-j10,15,12.415317190662027,0.01119809757969472,546
JVC,37,love,3637,3010.300574829186,0.01116532568974605,546
JVC,38,time,3543,2932.497920434371,0.011133542825311123,546
JVC,39,jvcs,317,262.37703662932415,0.011017145808649384,546
JVC,40,dunu,14,11.587629377951224,0.010989743090053622,546
JVC,41,best,3115,2578.2475365941473,0.010977276972350855,546
JVC,42,long,3000,2483.0634381324053,0.010931618918271522,546
JVC,43,little,2895,2396.156217797771,0.010888375876478801,546
JVC,44,marshmallow,588,486.6804338739514,0.010879642188299914,546
JVC,45,cord,2852,2360.5656418512067,0.010870212349856308,546
JVC,46,it's,2725,2255.4492896369347,0.010814922809990215,546
JVC,47,stay,2578,2133.7791811684465,0.01074761401821412,546
JVC,48,set,2575,2131.2961177303146,0.010746200745503334,546
JVC,49,nice,2572,2128.813054292182,0.010744785825301154,546
JVC,50,years,2437,2017.0751995762237,0.01067934440199083,546
JVC,51,got,2409,1993.8999408203213,0.010665318065080172,546
JVC,52,ear buds,2404,1989.7615017567673,0.010662796215895417,546
JVC,53,pretty,2377,1967.413930813576,0.010649086942124414,546
JVC,54,cheap,2361,1954.170925810203,0.010640889254054412,546
JVC,55,volume,2358,1951.6878623720706,0.010639346004544558,546
JVC,56,hear,2348,1943.4109842449625,0.010634187622041932,546
JVC,57,recommend,2314,1915.2695986127953,0.010616483305756716,546
JVC,58,right,2272,1880.5067104789416,0.010594250606445534,546
JVC,59,wear,2256,1867.2637054755687,0.010585672722150422,546
JVC,60,ones,2221,1838.2946320306908,0.010566694540044453,546
JVC,61,they're,2213,1831.6731295290042,0.01056231468657387,546
JVC,62,marshmallows,290,240.0294656861325,0.010512173148152676,546
JVC,63,head,2055,1700.8984551206977,0.010472407170385428,546
JVC,64,working,1992,1648.7541229199169,0.01043461452938711,546
JVC,65,bit,1973,1633.0280544784118,0.010422981882494948,546
JVC,66,aaa battery,44,36.41826375927528,0.010422950803954674,546
JVC,67,fold flat,114,94.3564106490314,0.010370830882235752,546
JVC,68,can't,1827,1512.1856338226348,0.010329667646132948,546
JVC,69,listening,1818,1504.7364435082375,0.010323673729873096,546
JVC,70,months,1815,1502.2533800701053,0.010321669161992227,546
JVC,71,way,1786,1478.250433501492,0.010302119057747717,546
JVC,72,small,1780,1473.284306625227,0.010298034593177748,546
JVC,73,listen,1758,1455.0751747455895,0.010282939518647484,546
JVC,74,sony mdr-j10,11,9.10456593981882,0.010261447598273967,546
JVC,75,money,1726,1428.5891647388437,0.01026064239425057,546
JVC,76,good sound,1709,1414.5184719227602,0.010248628313750952,546
JVC,77,lot,1697,1404.5862181702305,0.010240075614292552,546
JVC,78,great sound,1692,1400.4477791066765,0.010236494125780751,546
JVC,79,want,1672,1383.8940228524605,0.01022206154698018,546
JVC,80,better jvc,58,48.0058931372265,0.010204627678008858,546
JVC,81,tried,1635,1353.269573782161,0.010194900252532564,546
JVC,82,sounds,1632,1350.7865103440283,0.010192671114025411,546
JVC,83,far,1607,1330.0943150262583,0.010173934008747892,546
JVC,84,phone,1600,1324.3005003372828,0.01016863536669927,546
JVC,85,did,1594,1319.3343734610178,0.010164075190104215,546
JVC,86,looking,1577,1305.2636806449343,0.010151060864984403,546
JVC,87,perfect,1559,1290.3653000161398,0.01013712717856899,546
JVC,88,need,1542,1276.2946072000564,0.010123819070537245,546
JVC,89,excellent,1522,1259.7408509458403,0.010107973341884664,546
JVC,90,decent,1506,1246.4978459424674,0.01009514610941314,546
JVC,91,feel,1504,1244.8424703170458,0.01009353313166615,546
JVC,92,hours,1501,1242.3594068789134,0.010091109638862368,546
JVC,93,audio,1481,1225.8056506246974,0.010074828166348278,546
JVC,94,think,1469,1215.8733968721679,0.010064953408891212,546
JVC,95,different,1457,1205.9411431196381,0.010054997654569617,546
JVC,96,purchased,1455,1204.2857674942165,0.01005333039390089,546
JVC,97,didn't,1450,1200.1473284306626,0.0100491521950212,546
JVC,98,phones,1446,1196.8365771798192,0.010045799249308932,546
JVC,99,clear,1442,1193.525825928976,0.01004243701564654,546
JVC,100,hard,1440,1191.8704503035544,0.010040752399725891,546
Jabra,1,contacted jabra,196,117.36920519490474,0.022533547951627243,245
Jabra,2,jabra support,341,204.19846414011488,0.022406151001122473,245
Jabra,3,jabra talk,118,70.66105210713653,0.02071226885095674,245
Jabra,4,jabra customer,200,119.76449509684157,0.02065624671342117,245
Jabra,5,jabra customer service,112,67.06811725423128,0.02052496259178673,245
Jabra,6,jabra wave,164,98.20688597941009,0.018540658706002452,245
Jabra,7,jabra sound app,147,88.02690389617855,0.018208032488409263,245
Jabra,8,jabra stone,110,65.87047230326287,0.017326717260614626,245
Jabra,9,jabra products,268,160.4844234297677,0.01669987603605904,245
Jabra,10,evolve2,144,86.23043646972593,0.015983807912763628,245
Jabra,11,hearthrough,346,207.1925765175359,0.015703114477111826,245
Jabra,12,love jabra,126,75.4516319110102,0.015626285822385056,245
Jabra,13,jabra app,363,217.37255860076743,0.013866614026771406,245
Jabra,14,elite pro,149,89.22454884714696,0.01377075867532304,245
Jabra,15,mysound,23,13.772916936136781,0.01356295401369677,245
Jabra,16,exchange honest opinion,44,26.348188921305148,0.012809373474412607,245
Jabra,17,eargels,121,72.45751953358915,0.012698889416660626,245
Jabra,18,discount exchange honest,68,40.71992833292614,0.012563340111827932,245
Jabra,19,jabra evolve,133,79.64338923939965,0.012354537777172532,245
Jabra,20,uc,102,61.0798924993892,0.012324618559911186,245
Jabra,21,treo,35,20.958786641947274,0.012196664240035496,245
Jabra,22,jabra sound,261,156.29266610137825,0.012192243255757733,245
Jabra,23,received discount exchange,58,34.73170357808406,0.012180471846984668,245
Jabra,24,headset jabra,76,45.5105081367998,0.011679924018205208,245
Jabra,25,sound,18565,11117.139257364319,0.011653204507284003,245
Jabra,26,jabra good,94,56.28931269551554,0.011626618950213762,245
Jabra,27,elite active,466,279.0512735756409,0.011451515767463743,245
Jabra,28,discount exchange,68,40.71992833292614,0.011436222657803965,245
Jabra,29,ear,14224,8517.650891287372,0.01136658605110938,245
Jabra,30,eargel,65,38.92346090647351,0.011337361352594517,245
Jabra,31,rox,130,77.84692181294702,0.011333363295930422,245
Jabra,32,purchased jabra,103,61.678714974873415,0.011333049997733706,245
Jabra,33,jabra headsets,79,47.306975563252415,0.011261988872277308,245
Jabra,34,great,12123,7259.524870295052,0.01119459586714151,245
Jabra,35,good,11983,7175.689723727263,0.011182096344191894,245
Jabra,36,jabra,11681,6994.845336131032,0.011154628281017572,245
Jabra,37,quality,11173,6690.643518585055,0.0111067808414214,245
Jabra,38,hear-through,274,164.07735828267295,0.010985042153742438,245
Jabra,39,jabra elite active,274,164.07735828267295,0.010985042153742438,245
Jabra,40,elite sport,83,49.70226546518925,0.010898836779229636,245
Jabra,41,phone,8933,5349.281173500429,0.010866004071653121,245
Jabra,42,i've jabra,102,61.0798924993892,0.010864846378146551,245
Jabra,43,like,8896,5327.1247419075125,0.010861537636484347,245
Jabra,44,plantronics discovery,13,7.784692181294702,0.010835730605408272,245
Jabra,45,just,8328,4986.993575832483,0.010790537775792062,245
Jabra,46,headset,7853,4702.552899977484,0.010727340447294407,245
Jabra,47,price exchange honest,20,11.976449509684157,0.010698327389208864,245
Jabra,48,work,7556,4524.702624758675,0.010685852547017474,245
Jabra,49,evolve,285,170.66440551299925,0.01066336859681166,245
Jabra,50,noise,7374,4415.716934220549,0.010659615269686826,245
Jabra,51,sound app,360,215.57609117431483,0.010657740151584315,245
Jabra,52,battery,7281,4360.026444000518,0.010645957221907075,245
Jabra,53,hear feature,168,100.60217588134692,0.010549169920582368,245
Jabra,54,fit,6355,3805.5168317021407,0.010499578282612726,245
Jabra,55,noisehush,9,5.389402279357871,0.01048576243846333,245
Jabra,56,sound quality,6190,3706.7111232472466,0.010471269317345969,245
Jabra,57,time,6113,3660.6017926349627,0.010457799210403183,245
Jabra,58,bluetooth,6102,3654.014745404636,0.010455861071035,245
Jabra,59,sidetone,65,38.92346090647351,0.01040717126943643,245
Jabra,60,ears,5691,3407.8987079806266,0.010380823439099301,245
Jabra,61,really,5599,3352.80704023608,0.010363285071422038,245
Jabra,62,hear,5462,3270.7683610947433,0.010336626672868112,245
Jabra,63,case,5452,3264.780136339901,0.010334654695873777,245
Jabra,64,music,5446,3261.187201486996,0.010333469772783233,245
Jabra,65,jabra headset,181,108.38686806264162,0.010296300038786328,245
Jabra,66,jabra's,582,348.514680731809,0.01029330250214326,245
Jabra,67,right,5200,3113.8768725178807,0.010283729102688205,245
Jabra,68,buds,5172,3097.109843204323,0.010277919020843546,245
Jabra,69,discounted price exchange,17,10.179982083231534,0.010263192951844653,245
Jabra,70,received discounted price,17,10.179982083231534,0.010263192951844653,245
Jabra,71,better,5029,3011.4782292100813,0.010247746790670961,245
Jabra,72,pair,5017,3004.2923595042707,0.010245175957169513,245
Jabra,73,don't,4819,2885.7255093583976,0.010201845725167228,245
Jabra,74,it's,4780,2862.371432814514,0.010193101392388354,245
Jabra,75,i'm,4774,2858.7784979616085,0.010191749781310933,245
Jabra,76,life,4732,2833.6279539912716,0.01018224066896633,245
Jabra,77,left,4442,2659.9694361008515,0.01011418416208225,245
Jabra,78,i've,4418,2645.5976966892304,0.010108354219815692,245
Jabra,79,heart rate,315,188.62907977752548,0.010096537894658945,245
Jabra,80,jabra bluetooth,129,77.24809933746282,0.010094141141955441,245
Jabra,81,battery life,4284,2565.3554849743464,0.010075210158649234,245
Jabra,82,calls,4148,2483.9156283084944,0.010040494001418675,245
Jabra,83,jawbone prime,10,5.988224754842078,0.010038269490201814,245
Jabra,84,app,4053,2427.0274931374943,0.010015561727354481,245
Jabra,85,comfortable,3994,2391.6969670839258,0.009999781565093195,245
Jabra,86,quality jabra,98,58.68460259745237,0.009985047477430795,245
Jabra,87,jabra better,51,30.5399462496946,0.009919310510323276,245
Jabra,88,volume,3669,2197.0796625515586,0.009908447916905677,245
Jabra,89,works,3655,2188.6961478947796,0.009904333901620365,245
Jabra,90,charge,3640,2179.7138107625165,0.009899908504521297,245
Jabra,91,love,3600,2155.7609117431484,0.009888017692433556,245
Jabra,92,working,3459,2071.326942699875,0.009845022552074348,245
Jabra,93,price,3225,1931.2024834365704,0.009769644899173058,245
Jabra,94,jabra sport,253,151.5020862975046,0.009768812285590758,245
Jabra,95,tried,3214,1924.615436206244,0.009765968180891746,245
Jabra,96,hours,3098,1855.152029050076,0.009726410978355745,245
Jabra,97,hear mode,69,41.31875080841034,0.009721273721597045,245
Jabra,98,easy,3080,1844.3732244913601,0.00972014034364747,245
Jabra,99,device,3043,1822.2167928984445,0.009707134802640039,245
Jabra,100,received discount,68,40.71992833292614,0.009694159461492656,245
Jaybird,1,contacted jaybird,181,147.79648505663218,0.028482833541763095,54
Jaybird,2,jaybird support,149,121.66671974275245,0.024598527817119863,54
Jaybird,3,jaybird customer,197,160.86136771357204,0.023522311397505578,54
Jaybird,4,jaybird customer service,129,105.33561642157764,0.021937269274896837,54
Jaybird,5,mysound,110,89.82106826646155,0.02134078092458543,54
Jaybird,6,jaybird app,241,196.78979502015667,0.019819279643074318,54
Jaybird,7,charging clip,171,139.63093339604478,0.017763183300694003,54
Jaybird,8,comply t-500,108,88.18795793434406,0.01643410414742427,54
Jaybird,9,t-500,130,106.15217158763637,0.016121416717453804,54
Jaybird,10,jaybird products,112,91.45417859857903,0.015711932172001033,54
Jaybird,11,warranty sweat,88,71.85685461316923,0.015049324385508796,54
Jaybird,12,jaybird vista,147,120.03360941063497,0.013207886535316201,54
Jaybird,13,x2's,361,294.77641494720564,0.013062167992384827,54
Jaybird,14,sound,15059,12296.504245678587,0.013044912737325049,54
Jaybird,15,vista,432,352.7518317373762,0.012933167937977256,54
Jaybird,16,vistas,207,169.02691937415946,0.012923842924139096,54
Jaybird,17,jaybird,6316,5157.362428827011,0.01277640096561692,54
Jaybird,18,ear,11213,9156.033077016666,0.012682665255194727,54
Jaybird,19,jaybird's,283,231.0851119946238,0.012600592474786015,54
Jaybird,20,great,9949,8123.907347118417,0.012535750543789824,54
Jaybird,21,good,8605,7026.457203935469,0.012357479541718421,54
Jaybird,22,jaybird run,64,52.259530627759446,0.012351313137737073,54
Jaybird,23,freedoms,244,199.2394605183329,0.012319437700432506,54
Jaybird,24,quality,8035,6561.020759281987,0.01227329174575601,54
Jaybird,25,tarah,146,119.21705424457623,0.012211373127926702,54
Jaybird,26,fit,7201,5880.013750788997,0.012138678725505732,54
Jaybird,27,x3s,353,288.2439736187357,0.012131009248657293,54
Jaybird,28,just,6737,5501.13215373774,0.012056863207219706,54
Jaybird,29,battery,6645,5426.009078460336,0.01203997314311228,54
Jaybird,30,like,5727,4676.411436018411,0.011857348512513365,54
Jaybird,31,pair,5680,4638.03334321365,0.01184722604182523,54
Jaybird,32,bluetooth,5385,4397.149569226322,0.011781712484689922,54
Jaybird,33,bluebuds,944,770.8280767594518,0.011717106650999719,54
Jaybird,34,ears,4853,3962.7422208830712,0.01165393759626766,54
Jaybird,35,sound quality,4829,3943.144896897662,0.011647847772753827,54
Jaybird,36,buds,4604,3759.419984534445,0.011589237637973426,54
Jaybird,37,work,4587,3745.5385467114465,0.011584693575387335,54
Jaybird,38,don't,4500,3674.498247264336,0.01156117182436866,54
Jaybird,39,x3's,254,207.40501217892032,0.011549527616995146,54
Jaybird,40,phone,4399,3592.026175492403,0.011533287734775131,54
Jaybird,41,time,4325,3531.6010932040563,0.011512448386499681,54
Jaybird,42,really,4304,3514.453434716823,0.011506469540916523,54
Jaybird,43,bluebud,80,65.3244132846993,0.01141033619698952,54
Jaybird,44,charge,3950,3225.3929059320285,0.011401039847146428,54
Jaybird,45,life,3927,3206.6121371126774,0.011393866433434551,54
Jaybird,46,x2s,358,292.3267494490294,0.011350314243970915,54
Jaybird,47,i've,3782,3088.21163803416,0.011347651872226135,54
Jaybird,48,i'm,3760,3070.2474243808674,0.011340485571344214,54
Jaybird,49,better,3743,3056.365986557869,0.011334919197484467,54
Jaybird,50,jaybird freedom,216,176.3759158686881,0.011263223055161593,54
Jaybird,51,pair jaybird,173,141.26404372816225,0.011258738253585084,54
Jaybird,52,battery life,3466,2830.180205559597,0.011240474785351411,54
Jaybird,53,music,3294,2689.732716997494,0.011177952743927223,54
Jaybird,54,working,3247,2651.354624192733,0.011160299731087758,54
Jaybird,55,jaybird vistas,58,47.360199631407,0.011157417454166197,54
Jaybird,56,right,3239,2644.822182864263,0.011157269533719275,54
Jaybird,57,jaybirds,1370,1118.6805775004755,0.011128355063512532,54
Jaybird,58,jaybird x3,198,161.67792287963078,0.011109499800316797,54
Jaybird,59,stay,3114,2542.7527871069206,0.0111089252795654,54
Jaybird,60,best,3073,2509.2740252985122,0.01109264477906791,54
Jaybird,61,tips,3061,2499.4753633058076,0.011087838647203373,54
Jaybird,62,months,3028,2472.529042825869,0.011074523993614882,54
Jaybird,63,running,2982,2434.9675051871664,0.011055720026007968,54
Jaybird,64,it's,2871,2344.3298817546465,0.011009123430994921,54
Jaybird,65,jaybird bluebuds,230,187.80768819351053,0.010988325585789405,54
Jaybird,66,love,2779,2269.2068064772425,0.010969116483061469,54
Jaybird,67,jaybird x2,280,228.63544649644757,0.010944929279090071,54
Jaybird,68,buds wings,43,35.111872140525875,0.010931057764938114,54
Jaybird,69,x4,95,77.57274077558043,0.010920785850437527,54
Jaybird,70,hours,2670,2180.2022933768394,0.010919966284001055,54
Jaybird,71,charging,2568,2096.913666438848,0.010872120107781998,54
Jaybird,72,wireless,2497,2038.9382496486774,0.010837679960404398,54
Jaybird,73,little,2409,1967.081395035508,0.010793608304782385,54
Jaybird,74,tried,2399,1958.9158433749205,0.010788498623390645,54
Jaybird,75,set,2381,1944.2178503858631,0.010779247290357471,54
Jaybird,76,gym,2353,1921.3543057362183,0.010764716390961125,54
Jaybird,77,comply,1032,842.6849313726211,0.01074492277090875,54
Jaybird,78,sweat,2301,1878.8934371011637,0.010737265737205442,54
Jaybird,79,got,2297,1875.6272164369288,0.010735128519379942,54
Jaybird,80,case,2256,1842.1484546285205,0.010713004929464543,54
Jaybird,81,comfortable,2248,1835.6160133000506,0.010708641281410853,54
Jaybird,82,did,2230,1820.9180203109934,0.010698766024366762,54
Jaybird,83,jays,18,14.697992989057344,0.010689038952295823,54
Jaybird,84,price,2194,1791.5220343328785,0.010678774098965902,54
Jaybird,85,long,2188,1786.622703336526,0.010675410247565678,54
Jaybird,86,way,2180,1780.090262008056,0.010670910734712904,54
Jaybird,87,run,2065,1686.1864179113009,0.01060433988855761,54
Jaybird,88,noise,2051,1674.7546455864785,0.010595983627520513,54
Jaybird,89,bass,2003,1635.5599976156589,0.010566894182040579,54
Jaybird,90,issue,1999,1632.293776951424,0.010564438677703998,54
Jaybird,91,app,1982,1618.4123391284252,0.010553947674070084,54
Jaybird,92,new,1979,1615.9626736302491,0.010552086983532029,54
Jaybird,93,problem,1972,1610.246787467838,0.010547734379915685,54
Jaybird,94,pretty,1927,1573.5018049951946,0.010519378951271665,54
Jaybird,95,fins,524,427.8749070147805,0.01048867058153459,54
Jaybird,96,recommend,1860,1518.792608869259,0.010475909668908236,54
Jaybird,97,volume,1856,1515.526388205024,0.010473265177821559,54
Jaybird,98,issues,1837,1500.0118400499077,0.01046062550655197,54
Jaybird,99,far,1790,1461.633747245147,0.010428788497072327,54
Jaybird,100,tips wings,90,73.48996494528672,0.010428322039454709,54
Koss,1,yaxi,145,141.03809876752155,0.023739639378257068,245
Koss,2,yaxi pads,100,97.26765432242865,0.022263785640085125,245
Koss,3,portapro's,164,159.51895308878298,0.021005333706571545,245
Koss,4,kph30i,197,191.61727901518447,0.020374360267458,245
Koss,5,koss products,108,105.04906666822295,0.01956683215977381,245
Koss,6,ktxpro1,137,133.25668642172727,0.019196548348039646,245
Koss,7,ksc75s,71,69.06003456892435,0.01812242092775506,245
Koss,8,sportapro,125,121.58456790303582,0.01788500444420455,245
Koss,9,ksc75,405,393.9340000058361,0.0177913104014593,245
Koss,10,portapros,691,672.119491367982,0.016956184837450948,245
Koss,11,portapro,606,589.4419851939176,0.016660930819645436,245
Koss,12,ksc75's,82,79.75947654439149,0.016591282165713636,245
Koss,13,sound koss,78,75.86877037149435,0.016437818121986924,245
Koss,14,koss phones,71,69.06003456892435,0.01614927700046492,245
Koss,15,sonxtronic,20,19.45353086448573,0.015871083992411186,245
Koss,16,koss ksc75,106,103.10371358177437,0.0157320254164607,245
Koss,17,porta pro,477,463.9667111179847,0.015519635732626018,245
Koss,18,koss sound,97,94.3496246927558,0.015485554509523306,245
Koss,19,koss portapro,249,242.19645926284736,0.015246297870830176,245
Koss,20,koss's,114,110.88512592756867,0.015221609070757832,245
Koss,21,limited lifetime,69,67.11468148247577,0.01453941592633943,245
Koss,22,mmcx,31,30.152972839952884,0.014377960133981599,245
Koss,23,koss plug,79,76.84144691471865,0.014248397587944163,245
Koss,24,sound,20247,19693.78197066213,0.014226336202875209,245
Koss,25,pair koss,262,254.84125432476307,0.014222264321868926,245
Koss,26,px100s,36,35.016355556074316,0.01406517567160461,245
Koss,27,koss porta pro,187,181.8905135829416,0.01401616737281631,245
Koss,28,set koss,71,69.06003456892435,0.013965077476579945,245
Koss,29,mmcx connectors,9,8.754088889018579,0.013898144231110307,245
Koss,30,porta,989,961.9771012488194,0.013821096107985764,245
Koss,31,px100,82,79.75947654439149,0.013734176388049904,245
Koss,32,rp-ht21,29,28.20761975350431,0.01340166450349973,245
Koss,33,come lifetime warranty,36,35.016355556074316,0.013361583843333117,245
Koss,34,koss portapros,111,107.96709629789581,0.01335632179235654,245
Koss,35,good,9899,9628.525101377212,0.013293741609203885,245
Koss,36,porta pros,437,425.05964938901326,0.013271012088109399,245
Koss,37,koss,6743,6558.757930961365,0.013212865835796646,245
Koss,38,great,8899,8655.848558152926,0.013154948615861986,245
Koss,39,lifetime guarantee,50,48.63382716121433,0.01303457239282286,245
Koss,40,quality,7980,7761.958814929807,0.013012890025428138,245
Koss,41,like koss,117,113.80315555724154,0.012961352347950835,245
Koss,42,sennheiser px,38,36.96170864252289,0.012882388619962826,245
Koss,43,ear,7099,6905.0307803492105,0.012860426038909656,245
Koss,44,koss porta,276,268.4587259299031,0.01285221163941333,245
Koss,45,price,6783,6597.664992690336,0.012801081729433145,245
Koss,46,like,6430,6254.3101729321625,0.012731427797471618,245
Koss,47,lifetime warranty,671,652.6659605034963,0.012707127105428862,245
Koss,48,come lifetime,44,42.79776790186861,0.012695353025706119,245
Koss,49,just,6161,5992.66018280483,0.012675731393663658,245
Koss,50,pair,5914,5752.409076628431,0.012622405344674202,245
Koss,51,life time warranty,34,33.071002469625746,0.012573423609579788,245
Koss,52,mdr-w08l,14,13.617471605140013,0.012531358594548665,245
Koss,53,comfortable,4988,4851.7105976027415,0.012400472534865823,245
Koss,54,bass,4765,4634.803728463726,0.012340863601920885,245
Koss,55,ears,4710,4581.30651858639,0.01232573295984916,245
Koss,56,love retro,31,30.152972839952884,0.012316826973515525,245
Koss,57,don't,4501,4378.017121052514,0.012266579103641116,245
Koss,58,sound quality,4432,4310.902439570038,0.012246445134296305,245
Koss,59,sr80s,16,15.562824691588586,0.012233262693091261,245
Koss,60,better,3993,3883.897437094576,0.012110502044387949,245
Koss,61,really,3792,3688.3894519064947,0.012043188419268356,245
Koss,62,koss pro,62,60.30594567990577,0.011993921444461101,245
Koss,63,better koss,41,39.879738272195745,0.011973440310343133,245
Koss,64,music,3561,3463.7011704216848,0.011961274188064128,245
Koss,65,koss porta pros,75,72.95074074182149,0.011961082366737609,245
Koss,66,head,3513,3417.012696346919,0.01194358728252999,245
Koss,67,i've,3512,3416.040019803694,0.011943216240862245,245
Koss,68,fit,3464,3369.3515457289286,0.011925280858969982,245
Koss,69,i'm,3177,3090.1933778235584,0.011812564223869466,245
Koss,70,open-back design,9,8.754088889018579,0.011769589458338227,245
Koss,71,limited edition,67,65.1693283960272,0.011707361781517139,245
Koss,72,comes lifetime,11,10.699441975467153,0.011700899511429231,245
Koss,73,little,2899,2819.7892988072067,0.011693220559907586,245
Koss,74,time,2884,2805.1991506588424,0.011686459604839683,245
Koss,75,volume,2859,2780.8822370782354,0.0116751128167366,245
Koss,76,work,2811,2734.1937630034695,0.011653046108005556,245
Koss,77,it's,2804,2727.3850272008995,0.011649796600732098,245
Koss,78,sennheiser px100,35,34.04367901285003,0.01157151886832547,245
Koss,79,best,2628,2556.193955593425,0.011565312699811729,245
Koss,80,years,2595,2524.0956296670233,0.011548843643970267,245
Koss,81,retro look,93,90.45891851985866,0.011542456058584455,245
Koss,82,clip-ons,41,39.879738272195745,0.011481728164173654,245
Koss,83,set,2387,2321.778908676372,0.01143995536106261,245
Koss,84,wear,2341,2277.035787688055,0.011414594553618146,245
Koss,85,love,2335,2271.199728428709,0.011411249939680375,245
Koss,86,hear,2298,2235.2106963294104,0.011390432962502127,245
Koss,87,modding,22,21.398883950934305,0.011364187516903702,245
Koss,88,px-100,22,21.398883950934305,0.011364187516903702,245
Koss,89,btr5,18,17.508177778037158,0.011340965123703419,245
Koss,90,they're,2180,2120.4348642289447,0.011321731263271219,245
Koss,91,cord,2139,2080.5551259567487,0.011296986533933481,245
Koss,92,earclip,38,36.96170864252289,0.011296635093381018,245
Koss,93,noise,2106,2048.4568000303475,0.011276723055288106,245
Koss,94,cheap,2105,2047.4841234871233,0.011276104065084525,245
Koss,95,long,2067,2010.5224148446002,0.011252361900227274,245
Koss,96,phones,2017,1961.888587683386,0.011220448360296058,245
Koss,97,listening,1986,1931.735614843433,0.011200262196409802,245
Koss,98,bit,1986,1931.735614843433,0.011200262196409802,245
Koss,99,nice,1972,1918.118143238293,0.011191042363169482,245
Koss,100,retro,273,265.54069630023025,0.011185241771201242,245
LG,1,hbs-900,97,115.7580060981795,0.018764099533316092,177
LG,2,hbs-700,162,193.32780399902143,0.017719092864638537,177
LG,3,lg products,110,131.2719656783479,0.017369011400632253,177
LG,4,love lg,161,192.13442249285464,0.016944623542103642,177
LG,5,love retractable,66,78.76317940700874,0.016594211388418528,177
LG,6,hbs-800,137,163.49326634485146,0.016494849239456558,177
LG,7,lg headsets,169,201.68147454218902,0.015728924909157126,177
LG,8,tone ultra,80,95.47052049334393,0.015665399689498982,177
LG,9,hbs-750,126,150.36606977701666,0.015593823392304881,177
LG,10,hbs-730,258,307.8924285910341,0.015563581822401012,177
LG,11,uv,88,105.01757254267831,0.015261509474526695,177
LG,12,hbs,383,457.065116861884,0.014794994893824708,177
LG,13,purchased lg,68,81.14994241934234,0.014543119949160686,177
LG,14,sound,9142,10909.893729376876,0.014467916496255008,177
LG,15,great,8697,10378.83895913265,0.014396580642602266,177
LG,16,retractable ear buds,124,147.97930676468306,0.01436042156258503,177
LG,17,retraction,78,93.08375748101032,0.014312463438050415,177
LG,18,good,6744,8048.1648775888925,0.014033011373288502,177
LG,19,beartwo,5,5.966907530833995,0.013954502519577446,177
LG,20,tone pro,161,192.13442249285464,0.013916567160674825,177
LG,21,infinim,102,121.7249136290135,0.013878534907004107,177
LG,22,headset,6030,7196.090482185798,0.013873036254367192,177
LG,23,phone,5853,6984.861955594274,0.013830446264080172,177
LG,24,lg,5836,6964.5744699894385,0.01382628811439528,177
LG,25,previous lg,64,76.37641639467513,0.013783897520036089,177
LG,26,quality,5602,6685.323197546408,0.013767788282870473,177
LG,27,retractable buds,40,47.73526024667196,0.013647864592744707,177
LG,28,ear,4831,5765.226056291805,0.013556115074879669,177
LG,29,retractable ear,167,199.29471152985542,0.013500392766583878,177
LG,30,like,4591,5478.814494811774,0.01348327165161557,177
LG,31,like retractable,46,54.89554928367276,0.013454048731642654,177
LG,32,work,4303,5135.120621035736,0.013390657900346159,177
LG,33,love,4291,5120.800042961734,0.013386665680686508,177
LG,34,just,4215,5030.103048493058,0.01336111937990761,177
LG,35,battery,4092,4883.317123234541,0.013318782300773727,177
LG,36,headset lg,65,77.56979790084193,0.013277144142847126,177
LG,37,bluetooth,3868,4615.999665853178,0.013238304170284102,177
LG,38,lg tone pro,93,110.9844800735123,0.013140179454241976,177
LG,39,lg electronics,75,89.50361296250992,0.013119875748911197,177
LG,40,music,3304,3942.9324963751037,0.01301300233790615,177
LG,41,lg headset,256,305.50566557870053,0.01300071440979305,177
LG,42,retractable cords,32,38.188208197337566,0.012998363362678216,177
LG,43,time,3200,3818.8208197337567,0.012967281090036035,177
LG,44,pair,3138,3744.831166351415,0.012939311792549264,177
LG,45,working,3013,3595.658478080565,0.012881201597703498,177
LG,46,retractable feature,25,29.834537654169974,0.0128546539235034,177
LG,47,sound quality,2952,3522.86220620439,0.012851962580089995,177
LG,48,works,2783,3321.180731662201,0.012767685925115605,177
LG,49,months,2766,3300.893246057366,0.01275892673797162,177
LG,50,don't,2719,3244.8043152675264,0.012734427075244074,177
LG,51,i'm,2688,3207.8094885763553,0.012718034834151981,177
LG,52,it's,2666,3181.5550954406863,0.0127062865346835,177
LG,53,better,2655,3168.427898872851,0.012700375979248162,177
LG,54,life,2539,3029.9956441575027,0.012636511920480768,177
LG,55,really,2534,3024.0287366266684,0.012633693968860514,177
LG,56,hear,2363,2819.960499072146,0.012533815731302382,177
LG,57,buds,2330,2780.5789093686417,0.012513710975897365,177
LG,58,i've,2299,2743.5840826774706,0.012494563600336196,177
LG,59,battery life,2269,2707.782637492467,0.012475786451292244,177
LG,60,day,2132,2544.2893711476154,0.012386756161004027,177
LG,61,neck,2123,2533.5489375921143,0.012380708717181008,177
LG,62,set,2081,2483.426914333109,0.01235214404247682,177
LG,63,calls,1984,2367.668908234929,0.012283906734568886,177
LG,64,noise,1958,2336.640989074592,0.012265048923696988,177
LG,65,lg tone,682,813.8861872057569,0.012243514564272088,177
LG,66,got,1861,2220.882982976413,0.012192414291197471,177
LG,67,volume,1813,2163.6006706804064,0.012155058748776258,177
LG,68,easy,1808,2157.6337631495726,0.012151110813668198,177
LG,69,long,1757,2096.7713063350657,0.0121102065554465,177
LG,70,comfortable,1734,2069.3235316932296,0.01209136952147002,177
LG,71,right,1730,2064.550005668562,0.012088068027175684,177
LG,72,lg hbs,88,105.01757254267831,0.012086674255905242,177
LG,73,best,1728,2062.1632426562287,0.012086414416356191,177
LG,74,charge,1682,2007.2676933725556,0.01204784366951908,177
LG,75,retracting,105,125.30505814751389,0.012039420446317076,177
LG,76,new lg,48,57.282312296006346,0.012018748447860682,177
LG,77,price,1583,1889.1229242620427,0.011961124839731243,177
LG,78,device,1509,1800.8126928056997,0.011892685876343111,177
LG,79,left,1489,1776.9450626823636,0.011873612259247015,177
LG,80,new,1481,1767.3980106330293,0.011865910980586135,177
LG,81,model,1459,1741.1436174973596,0.011844516009357887,177
LG,82,range,1444,1723.2428949048576,0.011829742749455512,177
LG,83,little,1442,1720.856131892524,0.011827761395854817,177
LG,84,lg bluetooth,265,316.2460991342017,0.011813345797720299,177
LG,85,far,1420,1694.6017387568545,0.011805783310501574,177
LG,86,purchased,1391,1659.9936750780173,0.011776286109287137,177
LG,87,years,1379,1645.6730970040157,0.011763900070265437,177
LG,88,switch stopped,36,42.96173422200476,0.011761014097535617,177
LG,89,recommend,1376,1642.0929524855153,0.011760786719356344,177
LG,90,lg's,207,247.02997177652736,0.011755147063135938,177
LG,91,did,1356,1618.2253223621792,0.011739855944360552,177
LG,92,ear buds,1339,1597.9378367573438,0.011721820611491752,177
LG,93,stopped,1338,1596.744455251177,0.011720752590228735,177
LG,94,people,1304,1556.1694840415057,0.011683956783389893,177
LG,95,problem,1302,1553.7827210291723,0.011681762544441745,177
LG,96,button,1297,1547.8158134983382,0.01167626216676696,177
LG,97,tone,1271,1516.7878943380013,0.01164731397647635,177
LG,98,year,1267,1512.0143683133342,0.011642807916341816,177
LG,99,way,1253,1495.307027226999,0.011626923904101878,177
LG,100,can't,1232,1470.2460155974964,0.011602761981416021,177
OneOdio,1,oneodio,917,1573.6842918163268,0.027221205326859513,34
OneOdio,2,sound,10767,18477.490479810676,0.016793683301698826,34
OneOdio,3,electric piano,38,65.21265331408988,0.016141024212072645,34
OneOdio,4,great,7133,12241.101476036923,0.016121308343551435,34
OneOdio,5,quality,6871,11791.47739266083,0.01606019956967935,34
OneOdio,6,good,6508,11168.524941265709,0.01597156701331385,34
OneOdio,7,daisy,59,101.25122488240271,0.015496903778625436,34
OneOdio,8,daisy chain,47,80.65775541479539,0.015436841683279936,34
OneOdio,9,price,4232,7262.630232242852,0.015268813417026978,34
OneOdio,10,comfortable,3473,5960.093288416689,0.014946050572546448,34
OneOdio,11,sound quality,3402,5838.248594066678,0.014912321469814692,34
OneOdio,12,like,3194,5481.295123294818,0.014809299367675275,34
OneOdio,13,just,3076,5278.7926735300125,0.014747828484984201,34
OneOdio,14,plug amp,29,49.76755121338439,0.014520571175869404,34
OneOdio,15,ear,2557,4388.125119055996,0.014446066340471218,34
OneOdio,16,really,2488,4269.712669617254,0.014401396057515833,34
OneOdio,17,bass,2485,4264.564302250352,0.014399425874595329,34
OneOdio,18,noise,2466,4231.957975593306,0.014386892543625596,34
OneOdio,19,pair,2383,4089.519811775689,0.014330984791643589,34
OneOdio,20,music,2381,4086.087566864421,0.014329613714250542,34
OneOdio,21,bass amp,22,37.75469402394677,0.014238789969169992,34
OneOdio,22,work,2168,3720.5534838143913,0.01417658072620376,34
OneOdio,23,m30x,12,20.59346946760733,0.014158872841097713,34
OneOdio,24,head,2129,3653.6247080446674,0.014146938222654391,34
OneOdio,25,ears,1968,3377.328992687602,0.014018531631222693,34
OneOdio,26,crossfade m-100,14,24.025714378875218,0.013991675390115168,34
OneOdio,27,better,1779,3052.981848572787,0.013853658253865217,34
OneOdio,28,love,1757,3015.22715454884,0.013833338439780221,34
OneOdio,29,nice,1680,2883.0857254650264,0.01376015925470547,34
OneOdio,30,guitar amp,126,216.231429409877,0.013707108134022402,34
OneOdio,31,time,1581,2713.189602357266,0.013660979832437173,34
OneOdio,32,i'm,1579,2709.757357445998,0.01365891280294701,34
OneOdio,33,don't,1567,2689.1638879783904,0.013646455376383093,34
OneOdio,34,audio,1524,2615.370622386131,0.013601019263454799,34
OneOdio,35,headset,1506,2584.48041818472,0.013581617612497278,34
OneOdio,36,bluetooth,1494,2563.886948717113,0.013568553918190432,34
OneOdio,37,set,1477,2534.7128669713356,0.013549866267353562,34
OneOdio,38,fit,1447,2483.229193302317,0.013516357162410163,34
OneOdio,39,recommend,1389,2383.694090875548,0.013449555690993358,34
OneOdio,40,cord,1360,2333.926539662164,0.01341510141954104,34
OneOdio,41,it's,1333,2287.5912333600477,0.013382356369013634,34
OneOdio,42,hear,1315,2256.7010291586366,0.013360155758619029,34
OneOdio,43,got,1257,2157.165926731868,0.01328649530923422,34
OneOdio,44,i've,1246,2138.288579719894,0.013272142453051554,34
OneOdio,45,cable,1216,2086.804906050876,0.013232344713659366,34
OneOdio,46,mic,1160,1990.7020485353753,0.01315535623665529,34
OneOdio,47,little,1157,1985.5536811684733,0.013151127611730708,34
OneOdio,48,wear,1154,1980.4053138015718,0.013146888008105118,34
OneOdio,49,long,1134,1946.0828646888929,0.01311833915019961,34
OneOdio,50,pretty,1134,1946.0828646888929,0.01311833915019961,34
OneOdio,51,listening,1121,1923.7732727656514,0.013099511101234466,34
OneOdio,52,excellent,1080,1853.4122520846597,0.013038667101385017,34
OneOdio,53,tascam,13,22.309591923241275,0.013021078841910432,34
OneOdio,54,phone,1038,1781.335108948034,0.012973895598822187,34
OneOdio,55,volume,1019,1748.728782290989,0.012943728373827111,34
OneOdio,56,amazing,1019,1748.728782290989,0.012943728373827111,34
OneOdio,57,best,1014,1740.1481700128195,0.012935696124089584,34
OneOdio,58,way,1000,1716.1224556339444,0.01291299333228421,34
OneOdio,59,right,993,1704.1095984445064,0.01290152246569278,34
OneOdio,60,great sound,993,1704.1095984445064,0.01290152246569278,34
OneOdio,61,red cord,30,51.48367366901832,0.012900069139900683,34
OneOdio,62,months,986,1692.096741255069,0.012889970450305455,34
OneOdio,63,sounds,963,1652.625924775488,0.012851427952174917,34
OneOdio,64,need,934,1602.858373562104,0.012801497189032687,34
OneOdio,65,digital piano,71,121.84469435001004,0.012800744451613524,34
OneOdio,66,works,930,1595.993883739568,0.012794488795960712,34
OneOdio,67,feel,925,1587.4132714613984,0.01278568579308295,34
OneOdio,68,comes cables,34,58.348163491554104,0.012756977469723792,34
OneOdio,69,clear,894,1534.2134753367461,0.01273002175001836,34
OneOdio,70,bit,893,1532.4973528811122,0.012728194158244837,34
OneOdio,71,cheap,892,1530.7812304254783,0.012726364518749015,34
OneOdio,72,piano sound,20,34.32244911267888,0.012717445236899095,34
OneOdio,73,hours,875,1501.6071486797011,0.012694942833529647,34
OneOdio,74,far,862,1479.2975567564597,0.012670499786441067,34
OneOdio,75,detachable cables,14,24.025714378875218,0.01266566494797065,34
OneOdio,76,broke,852,1462.1363322001205,0.012651445275266456,34
OneOdio,77,money,840,1441.5428627325132,0.012628282431879174,34
OneOdio,78,they're,830,1424.3816381761737,0.012608725873832488,34
OneOdio,79,working,825,1415.801025898004,0.012598859057836198,34
OneOdio,80,overall,817,1402.0720462529323,0.012582947087068112,34
OneOdio,81,plug,809,1388.343066607861,0.012566878538427369,34
OneOdio,82,studio,808,1386.6269441522268,0.012564858806470207,34
OneOdio,83,sound great,805,1381.478576785325,0.01255878457846492,34
OneOdio,84,listen,799,1371.1818420515212,0.012546567914906883,34
OneOdio,85,looking,788,1352.304495039548,0.01252393052166492,34
OneOdio,86,definitely,786,1348.8722501282803,0.012519780702203635,34
OneOdio,87,battery,777,1333.4271480275747,0.012500974892677914,34
OneOdio,88,did,775,1329.9949031163067,0.012496766248391555,34
OneOdio,89,purchase,774,1328.2787806606727,0.01249465785161164,34
OneOdio,90,can't,744,1276.7951069916546,0.012430105846741082,34
OneOdio,91,perfect,739,1268.2144947134848,0.01241909465815943,34
OneOdio,92,new,735,1261.350004890949,0.012410231933124611,34
OneOdio,93,good sound,728,1249.3371477015112,0.012394605468621643,34
OneOdio,94,want,726,1245.9049027902436,0.012390113160206065,34
OneOdio,95,day,723,1240.7565354233418,0.012383351440071787,34
OneOdio,96,wired,711,1220.1630659557343,0.012356021043459092,34
OneOdio,97,plastic,709,1216.7308210444664,0.012351421172588752,34
OneOdio,98,home recording,21,36.03857156831283,0.01234408918502803,34
OneOdio,99,jack,705,1209.8663312219307,0.01234218237521921,34
OneOdio,100,happy,705,1209.8663312219307,0.01234218237521921,34
Otium,1,otium,849,1527.2118939046438,0.019841242508910728,48
Otium,2,sound,8237,14817.01339233516,0.01662541045081101,48
Otium,3,great,7552,13584.810627523992,0.016481298588298037,48
Otium,4,good,6204,11159.979493267856,0.016154947725301766,48
Otium,5,quality,5346,9616.578073986131,0.015907890723004997,48
Otium,6,ear,3964,7130.586510527688,0.015411446752139374,48
Otium,7,battery,3775,6790.606477608987,0.015330359160372486,48
Otium,8,price,3631,6531.574071575691,0.015265804945368996,48
Otium,9,pair,3614,6500.993856974537,0.015258015573994366,48
Otium,10,sound quality,3148,5662.736209672342,0.015028880923453858,48
Otium,11,work,3056,5497.243283595514,0.014979649889478976,48
Otium,12,just,2782,5004.362177671047,0.014823731713688289,48
Otium,13,like,2634,4738.134427025714,0.014732995160603156,48
Otium,14,phone,2361,4247.052157254257,0.014551380364105079,48
Otium,15,ears,2324,4180.495219592923,0.014525162805959498,48
Otium,16,life,2226,4004.209276598041,0.014453651792765275,48
Otium,17,working,2207,3970.0313896908697,0.014439423604252247,48
Otium,18,bluetooth,2085,3750.573379023772,0.014345037468308886,48
Otium,19,battery life,2060,3705.6024751985465,0.01432501526708935,48
Otium,20,charge,2035,3660.6315713733215,0.014304748588510422,48
Otium,21,really,2032,3655.2350629142948,0.014302299873504145,48
Otium,22,time,1965,3534.713040662691,0.014246648944629159,48
Otium,23,love,1926,3464.55843069534,0.01421337463895025,48
Otium,24,months,1668,3000.4587032190175,0.013974659259964087,48
Otium,25,fit,1655,2977.0738332299,0.01396167233568857,48
Otium,26,music,1609,2894.327370191486,0.013914885085814926,48
Otium,27,easy,1575,2833.16694098918,0.013879435313704449,48
Otium,28,don't,1536,2763.0123310218287,0.013837817579745547,48
Otium,29,comfortable,1503,2703.6507379725317,0.013801768731625858,48
Otium,30,long,1435,2581.3298795679198,0.013724921934732997,48
Otium,31,stay,1410,2536.3589757426944,0.013695750351633,48
Otium,32,i'm,1357,2441.0206596332173,0.013632157117394674,48
Otium,33,noise,1339,2408.641608879055,0.013609993014785035,48
Otium,34,i've,1323,2379.860230430911,0.013590040012925183,48
Otium,35,better,1321,2376.262558124893,0.013587528937780527,48
Otium,36,x6,35,62.959265355315104,0.013571571460542478,48
Otium,37,gym,1238,2226.959157425146,0.013479820122218118,48
Otium,38,recommend,1157,2081.2534290314165,0.013367505513027435,48
Otium,39,got,1150,2068.6615759603533,0.013357432883521578,48
Otium,40,set,1142,2054.2708867362817,0.013345845957905042,48
Otium,41,hours,1115,2005.7023106050385,0.013306131923747013,48
Otium,42,nice,1108,1993.1104575339753,0.013295678679589897,48
Otium,43,it's,1095,1969.7255875448586,0.013276089106217907,48
Otium,44,pretty,1084,1949.9383898617593,0.013259330795989493,48
Otium,45,volume,1073,1930.1511921786603,0.013242401558925176,48
Otium,46,stopped,1072,1928.3523560256515,0.013240853940767325,48
Otium,47,little,1071,1926.5535198726425,0.013239304878261943,48
Otium,48,buds,1062,1910.3639944955614,0.01322529787231844,48
Otium,49,day,1041,1872.5884352823723,0.013192147719141139,48
Otium,50,works,1035,1861.7954183643183,0.013182553355120235,48
Otium,51,case,1012,1820.4221868451111,0.013145252451563512,48
Otium,52,best,1009,1815.025678386084,0.013140324727942014,48
Otium,53,wireless,990,1780.8477914789132,0.013108771414832073,48
Otium,54,great sound,990,1780.8477914789132,0.013108771414832073,48
Otium,55,running,982,1766.457102254841,0.013095304238688633,48
Otium,56,right,981,1764.6582661018322,0.013093613132730789,48
Otium,57,far,974,1752.0664130307691,0.013081726900371602,48
Otium,58,bass,962,1730.480379194661,0.013061150351474581,48
Otium,59,worked,907,1631.544390779166,0.012963433406677506,48
Otium,60,hear,906,1629.7455546261567,0.012961602385693098,48
Otium,61,money,860,1546.9990915877427,0.012875114264609617,48
Otium,62,beats,798,1435.4712501011845,0.012750920212017035,48
Otium,63,stopped working,794,1428.2759054891487,0.012742579388665999,48
Otium,64,year,793,1426.4770693361395,0.012740487617306551,48
Otium,65,charging,778,1399.4945270410044,0.012708790530173321,48
Otium,66,connect,777,1397.6956908879954,0.012706655712703411,48
Otium,67,good sound,767,1379.7073293579056,0.012685155148415466,48
Otium,68,turn,743,1336.5352616856894,0.012632388203458198,48
Otium,69,amazing,742,1334.7364255326802,0.012630152754832024,48
Otium,70,fine,728,1309.5527193905543,0.012598536173111883,48
Otium,71,way,727,1307.753883237545,0.012596254632747087,48
Otium,72,low,722,1298.7597024725003,0.01258479965040112,48
Otium,73,did,702,1262.7829794123202,0.012538172417088465,48
Otium,74,left,699,1257.3864709532932,0.01253106396787662,48
Otium,75,wear,698,1255.5876348002841,0.012528687703542275,48
Otium,76,excellent,690,1241.196945576212,0.012509554115827999,48
Otium,77,second,686,1234.001600964176,0.012499903970307582,48
Otium,78,new,682,1226.8062563521403,0.012490197390866906,48
Otium,79,different,679,1221.4097478931133,0.012482880022568836,48
Otium,80,can't,669,1203.421386363023,0.012458253156053435,48
Otium,81,tried,666,1198.024877903996,0.01245079327673654,48
Otium,82,listening,665,1196.2260417509872,0.012448299181069595,48
Otium,83,issue,659,1185.4330248329331,0.012433255389077275,48
Otium,84,lasted,658,1183.6341886799241,0.01243073478061406,48
Otium,85,audio,655,1178.2376802208971,0.012423149906695906,48
Otium,86,definitely,652,1172.84117176187,0.012415530213035602,48
Otium,87,loud,652,1172.84117176187,0.012415530213035602,48
Otium,88,purchase,648,1165.6458271498338,0.012405315901699203,48
Otium,89,awesome,645,1160.249318690807,0.012397613705260836,48
Otium,90,overall,644,1158.450482537798,0.012395038343450076,48
Otium,91,purchased,642,1154.85281023178,0.012389875601016995,48
Otium,92,days,639,1149.456301772753,0.012382101252592958,48
Otium,93,headset,636,1144.059793313726,0.012374290318865153,48
Otium,94,happy,636,1144.059793313726,0.012374290318865153,48
Otium,95,perfect,623,1120.674923324609,0.012340011634964025,48
Otium,96,sound great,622,1118.8760871716,0.012337345256311836,48
Otium,97,week,620,1115.278414865582,0.012331999614480177,48
Otium,98,decent,619,1113.479578712573,0.012329320323577102,48
Otium,99,need,617,1109.881906406555,0.012323948731982625,48
Otium,100,ones,617,1109.881906406555,0.012323948731982625,48
Panasonic,1,panasonic products,105,45.778981692331236,0.015735847126892608,294
Panasonic,2,participation,90,39.23912716485535,0.013483408665459341,294
Panasonic,3,rp-ht21,91,39.67511746668707,0.012785410242822015,294
Panasonic,4,sound,44838,19548.933153530932,0.011539186515260442,294
Panasonic,5,good,28547,12446.215146390283,0.011094299274736012,294
Panasonic,6,great,27775,12109.630633376191,0.01106728553947922,294
Panasonic,7,quality,23391,10198.249150145904,0.010898018087508324,294
Panasonic,8,price,23051,10050.012447523119,0.010883590491642439,294
Panasonic,9,ear,21818,9512.436405364599,0.010829422311156125,294
Panasonic,10,like panasonic,95,41.419078674013974,0.010666311154281039,294
Panasonic,11,quality panasonic,88,38.367146561191895,0.010519314687795767,294
Panasonic,12,pair,14253,6214.169772007592,0.010409894135998927,294
Panasonic,13,fit,13190,5750.712081160467,0.010333521596759786,294
Panasonic,14,ears,12590,5489.117900061431,0.010287647769211622,294
Panasonic,15,sound quality,12542,5468.190365573509,0.010283883913891229,294
Panasonic,16,like,12388,5401.047859091422,0.010271710225716432,294
Panasonic,17,just,12058,5257.171059486953,0.010245105994028886,294
Panasonic,18,comfortable,12040,5249.323234053983,0.010243633987309148,294
Panasonic,19,participated,90,39.23912716485535,0.010128706041331165,294
Panasonic,20,work,10567,4607.109519455849,0.010115047971850206,294
Panasonic,21,don't,9879,4307.148191795622,0.010048709985336388,294
Panasonic,22,buds,9641,4203.382499959671,0.010024680920314841,294
Panasonic,23,better,9190,4006.7508738335628,0.009977474135480212,294
Panasonic,24,i've,9090,3963.1518436503898,0.009966693450703366,294
Panasonic,25,really,8944,3899.497259582958,0.00995073875646348,294
Panasonic,26,panasonic ear buds,81,35.31521444836981,0.009934669200889541,294
Panasonic,27,bass,8690,3788.755722917699,0.009922350996477265,294
Panasonic,28,cheap,7907,3447.375316583458,0.009829310314007548,294
Panasonic,29,noise,7842,3419.035946964396,0.009821176747047942,294
Panasonic,30,i'm,7458,3251.615671061013,0.0097717059150658,294
Panasonic,31,panasonic's,226,98.53380821397009,0.009765591298551618,294
Panasonic,32,panasonic,5280,2302.0287936715135,0.009740660216715293,294
Panasonic,33,l-shaped jack,30,13.079709054951781,0.00970016127093567,294
Panasonic,34,best,6923,3018.3608595810397,0.009698358742984942,294
Panasonic,35,music,6897,3007.0251117334146,0.00969465121853235,294
Panasonic,36,love,6286,2740.63503731423,0.009603249065975938,294
Panasonic,37,time,6216,2710.115716186009,0.009592214854818665,294
Panasonic,38,panasonic buds,83,36.18719505203327,0.009583895591030586,294
Panasonic,39,ear buds,5921,2581.49857714565,0.009544306151563871,294
Panasonic,40,little,5103,2224.858510247298,0.009397808293674021,294
Panasonic,41,it's,5062,2206.9829078721973,0.009389859576661858,294
Panasonic,42,long,4928,2148.560207426746,0.009363424317955508,294
Panasonic,43,nice,4905,2138.5324304846163,0.00935881474390985,294
Panasonic,44,pretty,4827,2104.5251869417416,0.009343019730146193,294
Panasonic,45,they're,4723,2059.182195551242,0.009321557969677582,294
Panasonic,46,months,4572,1993.3476599746516,0.009289540723953257,294
Panasonic,47,set,4525,1972.8561157885604,0.009279358990248166,294
Panasonic,48,recommend,4511,1966.7522515629164,0.009276305683991294,294
Panasonic,49,ones,4500,1961.9563582427675,0.00927390000254943,294
Panasonic,50,cord,4450,1940.156843151181,0.009262890449360885,294
Panasonic,51,can't,4433,1932.7450080200417,0.009259119002471693,294
Panasonic,52,panasonic ear,129,56.242748936292664,0.009242764929230981,294
Panasonic,53,great sound,4309,1878.6822105929075,0.009231164084737484,294
Panasonic,54,right,4259,1856.8826955013212,0.009219663665213115,294
Panasonic,55,got,4221,1840.3150640317156,0.009210832686089835,294
Panasonic,56,working,4128,1799.7679659613652,0.009188880152142097,294
Panasonic,57,good sound,4072,1775.3525090587884,0.009175421575464183,294
Panasonic,58,shaped jack,29,12.643718753120057,0.009172045779696629,294
Panasonic,59,koss ksc75,29,12.643718753120057,0.009172045779696629,294
Panasonic,60,volume,4047,1764.4527515129953,0.009169353415139676,294
Panasonic,61,stay,4025,1754.8609648726974,0.009163982345174336,294
Panasonic,62,ergofit,296,129.0531293421909,0.009159783346667682,294
Panasonic,63,hear,3965,1728.7015467627937,0.009149183397268086,294
Panasonic,64,years,3842,1675.0747396374916,0.009118132434060794,294
Panasonic,65,phone,3830,1669.8428560155107,0.009115050018327138,294
Panasonic,66,panasonics,576,251.1304138550742,0.00910338455388295,294
Panasonic,67,wear,3762,1640.1955154909533,0.00909739848105494,294
Panasonic,68,money,3536,1541.6617072769832,0.009036351854322772,294
Panasonic,69,rphje120k,91,39.67511746668707,0.009021554140088574,294
Panasonic,70,different,3391,1478.443113511383,0.008995094206401242,294
Panasonic,71,sound great,3390,1478.0071232095515,0.008994803587092454,294
Panasonic,72,excellent,3308,1442.2559184593497,0.008970676293198842,294
Panasonic,73,listening,3289,1433.9721027245469,0.008965000500507634,294
Panasonic,74,far,3239,1412.1725876329606,0.008949906076052483,294
Panasonic,75,amazing,3228,1407.3766943128119,0.008946554041784545,294
Panasonic,76,perfect,3203,1396.4769367670185,0.008938893104738397,294
Panasonic,77,way,3179,1386.0131695230573,0.0089314821408707,294
Panasonic,78,fine,3177,1385.1411889193937,0.008930862037162814,294
Panasonic,79,works,3152,1374.2414313736006,0.008923077632958713,294
Panasonic,80,year,3150,1373.3694507699372,0.008922452215762655,294
Panasonic,81,ktxpro1,14,6.103864225644164,0.008921562758242,294
Panasonic,82,decent,3141,1369.4455380534516,0.008919632915529375,294
Panasonic,83,clear,3104,1353.3138968856777,0.008907956956301179,294
Panasonic,84,sounds,3060,1334.1303236050817,0.008893889498219325,294
Panasonic,85,head,3005,1310.1508570043368,0.008876017957442313,294
Panasonic,86,small,2990,1303.611002476861,0.008871087114328668,294
Panasonic,87,sound good,2986,1301.867041269534,0.008869768044842106,294
Panasonic,88,bit,2982,1300.123080062207,0.008868447207165358,294
Panasonic,89,panasonic sound,82,35.75120475020154,0.008851071298727958,294
Panasonic,90,lot,2899,1263.9358850101737,0.008840632534266285,294
Panasonic,91,listen,2877,1254.3440983698758,0.008833126409081205,294
Panasonic,92,looking,2875,1253.4721177662125,0.008832441190166731,294
Panasonic,93,need,2873,1252.600137162549,0.008831755494412329,294
Panasonic,94,pairs,2866,1249.548205049727,0.008829351794556725,294
Panasonic,95,great price,2862,1247.8042438424,0.008827975614501589,294
Panasonic,96,definitely,2851,1243.008350522251,0.008824181178742226,294
Panasonic,97,purchased,2834,1235.5965153911116,0.008818288158218914,294
Panasonic,98,tangles easily,80,34.879224146538085,0.008810648250185195,294
Panasonic,99,audio,2803,1222.080816034328,0.008807450480206862,294
Panasonic,100,reviews,2798,1219.9008645251695,0.00880569124967472,294
Plantronics,1,plantronics discovery,218,131.6909418983189,0.019706144271964484,383
Plantronics,2,m1100,119,71.88633984357774,0.019246825754311695,383
Plantronics,3,called plantronics,114,68.86590539636859,0.01910386794121953,383
Plantronics,4,m55,157,94.84164164236728,0.018692982360070477,383
Plantronics,5,plantronics products,126,76.11494806967055,0.018014049997557527,383
Plantronics,6,voyager pro,520,314.1251825097515,0.016139520562142406,383
Plantronics,7,love plantronics,116,70.07407917525227,0.01564331159549172,383
Plantronics,8,jawbone ii,29,17.518519793813066,0.01454486687427144,383
Plantronics,9,treo,74,44.7024298186954,0.014421107555421612,383
Plantronics,10,plantronics voyager pro,185,111.75607454673852,0.013840078577879927,383
Plantronics,11,aliph,32,19.330780462138552,0.013783773832635533,383
Plantronics,12,jawbone prime,26,15.706259125487572,0.013142881915793535,383
Plantronics,13,poly,284,171.56067660147963,0.013041516065233369,383
Plantronics,14,purchased plantronics,97,58.596428275857484,0.012984155031478213,383
Plantronics,15,z9i,11,6.644955783860127,0.012384560296472667,383
Plantronics,16,uc,96,57.99234138641565,0.012380484070399498,383
Plantronics,17,plantronics headsets,128,77.32312184855421,0.011952275732748187,383
Plantronics,18,backbeat pro,185,111.75607454673852,0.011731839498770309,383
Plantronics,19,sound,16020,9677.471968858114,0.011672448848814297,383
Plantronics,20,voyager,1353,817.3295614147956,0.011649651205124567,383
Plantronics,21,h710,12,7.249042673301957,0.011606152929325772,383
Plantronics,22,great,13655,8248.806475328185,0.011497899440273334,383
Plantronics,23,ear,13640,8239.745171986558,0.011496698381820096,383
Plantronics,24,good,12872,7775.806440895232,0.011433370320648622,383
Plantronics,25,headset,12621,7624.180631645334,0.011411851287738016,383
Plantronics,26,noise assassin,11,6.644955783860127,0.01131636974446075,383
Plantronics,27,hs850,14,8.457216452185616,0.011232178589863388,383
Plantronics,28,quality,10483,6332.642862018702,0.01120902662906862,383
Plantronics,29,plantronics voyager,451,272.4431871382652,0.011176891521622684,383
Plantronics,30,phone,9596,5796.8177910837985,0.01111241704232834,383
Plantronics,31,bluetooth,9590,5793.1932697471475,0.011111733567122467,383
Plantronics,32,battery,8812,5323.213669761403,0.011019278766072725,383
Plantronics,33,like,8584,5185.4818589686665,0.010990632616346863,383
Plantronics,34,bulk packaging,26,15.706259125487572,0.010955912753472585,383
Plantronics,35,just,8279,5001.235357688908,0.010951098839720405,383
Plantronics,36,explorer,142,85.78033830073981,0.010812891177878012,383
Plantronics,37,plantronics,7200,4349.425603981174,0.01079850415758451,383
Plantronics,38,work,6853,4139.80745334486,0.01074452766555949,383
Plantronics,39,time,6663,4025.0309443509113,0.010713802801682047,383
Plantronics,40,fit,6238,3768.294016338134,0.01064177856317007,383
Plantronics,41,blackberry curve,23,13.893998457162086,0.010640461863098725,383
Plantronics,42,motorola headsets,23,13.893998457162086,0.010640461863098725,383
Plantronics,43,noise,6072,3668.01559269079,0.01061230502311369,383
Plantronics,44,it's,5746,3471.0832667327536,0.010552001907993002,383
Plantronics,45,sound quality,5712,3450.5443124917315,0.01054551664915984,383
Plantronics,46,backbeats,239,144.3767665765973,0.01054188898895286,383
Plantronics,47,don't,5585,3373.825277532619,0.01052094610194841,383
Plantronics,48,comfortable,5508,3327.3105870455984,0.010505775436630154,383
Plantronics,49,i'm,5446,3289.8571999002047,0.010493405156608102,383
Plantronics,50,assassin,11,6.644955783860127,0.010487816782419026,383
Plantronics,51,charging stand,77,46.514690487020886,0.010481515157420636,383
Plantronics,52,i've,5384,3252.4038127548115,0.010480893237800382,383
Plantronics,53,hear,5254,3173.872517127373,0.010454184034948273,383
Plantronics,54,pair,5164,3119.504697077609,0.010435303038930716,383
Plantronics,55,backbeat fit,574,346.7458745396103,0.010432976510211104,383
Plantronics,56,h700,17,10.269477120511105,0.01042204063225741,383
Plantronics,57,really,5084,3071.177745922262,0.01041824160092191,383
Plantronics,58,ears,5034,3040.973401450171,0.010407441326150667,383
Plantronics,59,m100,74,44.7024298186954,0.010403567173873685,383
Plantronics,60,charge,4994,3016.809925872498,0.01039872358620926,383
Plantronics,61,life,4953,2992.0423634053827,0.01038971513484101,383
Plantronics,62,music,4736,2860.9555083965056,0.010340758749047961,383
Plantronics,63,volume,4599,2778.195604542975,0.010308681776843309,383
Plantronics,64,battery life,4535,2739.534043618698,0.010293368010577125,383
Plantronics,65,original jawbone,13,7.853129562743786,0.010293179732470526,383
Plantronics,66,better,4451,2688.7907449055842,0.010272937394523566,383
Plantronics,67,h500,16,9.665390231069276,0.010257209662735233,383
Plantronics,68,works,4340,2621.737100177541,0.010245340277179328,383
Plantronics,69,easy,4283,2587.3041474793567,0.010230893241834944,383
Plantronics,70,love,4225,2552.2671078917306,0.010215994033936178,383
Plantronics,71,land line,36,21.747128019905873,0.010198172589368644,383
Plantronics,72,headset plantronics,80,48.32695115534638,0.010150717166618974,383
Plantronics,73,plantronics bluetooth,228,137.73181079273718,0.010104820175531888,383
Plantronics,74,blueant,78,47.11877737646272,0.010102966769682697,383
Plantronics,75,hours,3804,2297.9465274367203,0.010101290955843492,383
Plantronics,76,best,3748,2264.117661627978,0.010085084429256534,383
Plantronics,77,answer ignore,51,30.80843136153332,0.010072835780017785,383
Plantronics,78,price,3579,2162.0269773123086,0.010034665515195792,383
Plantronics,79,working,3475,2099.2019408103583,0.010002441081474151,383
Plantronics,80,little,3471,2096.785593252591,0.01000118250038941,383
Plantronics,81,headset motorola,22,13.289911567720255,0.009999535542655109,383
Plantronics,82,long,3363,2031.5442091928737,0.009966641025359945,383
Plantronics,83,backbeat,1866,1127.2261356984543,0.009944725255045896,383
Plantronics,84,set,3112,1879.918399942974,0.009881877781922647,383
Plantronics,85,motorola headset,31,18.72669357269672,0.009865469604806068,383
Plantronics,86,does,3029,1829.7791881193025,0.009852337041123253,383
Plantronics,87,case,3012,1819.5097109987912,0.00984618672877732,383
Plantronics,88,jawbone icon,25,15.102172236045744,0.009826256101863488,383
Plantronics,89,device,2947,1780.2440631850723,0.009822346350806034,383
Plantronics,90,running,2882,1740.9784153713533,0.009797974234408894,383
Plantronics,91,day,2853,1723.4598955775405,0.009786922658337902,383
Plantronics,92,got,2849,1721.043548019773,0.00978538949371456,383
Plantronics,93,tried,2839,1715.0026791253547,0.009781547144797906,383
Plantronics,94,i've plantronics,80,48.32695115534638,0.009771148113324859,383
Plantronics,95,calls,2802,1692.6514642160068,0.009767211811571846,383
Plantronics,96,did,2796,1689.0269428793558,0.009764869339279284,383
Plantronics,97,charging,2795,1688.422855989914,0.009764478438575409,383
Plantronics,98,months,2780,1679.3615526482868,0.009758598085877835,383
Plantronics,99,plantronics backbeat pro,53,32.01660514041698,0.009748893516154714,383
Plantronics,100,jawbone,566,341.9131794240756,0.009744395411561278,383
SAMSUNG,1,real samsung,135,56.858288927711634,0.01876246607171063,561
SAMSUNG,2,wearable app,357,150.3585862755041,0.01850545624659299,561
SAMSUNG,3,galaxy wearable,201,84.655674625704,0.018299729152415952,561
SAMSUNG,4,wep200,197,82.97098458340142,0.01824137149042982,561
SAMSUNG,5,galaxy wearable app,175,73.7051893507373,0.017897581546654225,561
SAMSUNG,6,genuine samsung,103,43.380768589291094,0.016358722263305547,561
SAMSUNG,7,samsung support,146,61.49118654404369,0.0160996836819742,561
SAMSUNG,8,gear app,133,56.01594390656035,0.01584876208217172,561
SAMSUNG,9,contacted samsung,129,54.33125386425779,0.01576659899460385,561
SAMSUNG,10,samsung customer,121,50.96187377965265,0.015594339730248478,561
SAMSUNG,11,wearables,127,53.4889088431065,0.013851381394740118,561
SAMSUNG,12,original galaxy buds,198,83.39215709397706,0.0133984951846856,561
SAMSUNG,13,disappointed samsung,120,50.54070126907701,0.01298083569333013,561
SAMSUNG,14,samsung app,114,48.01366620562316,0.012865789338845947,561
SAMSUNG,15,wear app,142,59.80649650174112,0.012690160860308906,561
SAMSUNG,16,called samsung,138,58.12180645943856,0.012629279191125144,561
SAMSUNG,17,gear iconx,143,60.22766901231677,0.0121066513624963,561
SAMSUNG,18,iconx,434,182.7888695898285,0.012093695502418955,561
SAMSUNG,19,samsung fan,106,44.64428612101803,0.012067165891783008,561
SAMSUNG,20,original galaxy,219,92.23677981606554,0.01186240380726786,561
SAMSUNG,21,love samsung,321,135.196375894781,0.011578005293318537,561
SAMSUNG,22,international version,77,32.43028331432441,0.011386118124932001,561
SAMSUNG,23,samsung headset,154,64.86056662864883,0.011208634456389777,561
SAMSUNG,24,gear circle,109,45.90780365274495,0.011038693288772293,561
SAMSUNG,25,samsung products,467,196.6875624388247,0.01089728117623011,561
SAMSUNG,26,sound,32674,13761.390610548518,0.010854107844976556,561
SAMSUNG,27,level app,111,46.750148673896234,0.010600718799521678,561
SAMSUNG,28,galaxy buds plus,229,96.44850492182196,0.010577727689093517,561
SAMSUNG,29,samsung quality,85,35.799663398929546,0.010556332022110756,561
SAMSUNG,30,ear,23060,9712.238093874299,0.01052214981136854,561
SAMSUNG,31,great,22940,9661.697392605221,0.010517179775234005,561
SAMSUNG,32,good,20643,8694.264135812971,0.010416676174602754,561
SAMSUNG,33,quality,19610,8259.192932388336,0.010367773503592883,561
SAMSUNG,34,price samsung,59,24.849178123962865,0.010309169435915309,561
SAMSUNG,35,buds,18393,7746.625987017778,0.010306741676856366,561
SAMSUNG,36,samsung good,94,39.59021599411032,0.010292074327970701,561
SAMSUNG,37,pair came phone,58,24.42800561338722,0.010274461782479193,561
SAMSUNG,38,samsung just,89,37.484353441232116,0.010190591641845496,561
SAMSUNG,39,like ones came,88,37.06318093065647,0.010169612085983078,561
SAMSUNG,40,samsung,15916,6703.381678321914,0.010168954319062614,561
SAMSUNG,41,phone,14376,6054.776012035426,0.010072014435981949,561
SAMSUNG,42,like,14163,5965.066267282814,0.01005779494458569,561
SAMSUNG,43,just,13067,5503.461195691911,0.009981070677373756,561
SAMSUNG,44,samsung did,100,42.117251057564175,0.009979575085130352,561
SAMSUNG,45,work,12729,5361.104887117343,0.009956106093327914,561
SAMSUNG,46,buds pro,659,277.5526844693479,0.009914628783247923,561
SAMSUNG,47,galaxy buds live,193,81.28629454109885,0.009911511482396863,561
SAMSUNG,48,samsung really,96,40.432561015261605,0.009906894658680845,561
SAMSUNG,49,galaxy buds pro,238,100.23905751700273,0.009869423984905082,561
SAMSUNG,50,sound quality,10978,4623.631821099395,0.009815132976223022,561
SAMSUNG,51,ambient aware,45,18.95276297590388,0.009759198937622029,561
SAMSUNG,52,level pro,139,58.542978970014204,0.009756910417951199,561
SAMSUNG,53,ears,9831,4140.546951469134,0.00971001239166817,561
SAMSUNG,54,noise,9717,4092.5332852635106,0.009698901661739317,561
SAMSUNG,55,battery,9601,4043.677274036737,0.00968746139385115,561
SAMSUNG,56,samsung great,103,43.380768589291094,0.009634422106882652,561
SAMSUNG,57,fit,9067,3818.7711533893435,0.009632948767331888,561
SAMSUNG,58,galaxy bud,82,34.53614586720263,0.009626248428134292,561
SAMSUNG,59,don't,8991,3786.762042585595,0.009624930479268975,561
SAMSUNG,60,love,8977,3780.8656274375357,0.009623446036250944,561
SAMSUNG,61,pair,8497,3578.702822361228,0.00957109885233261,561
SAMSUNG,62,really,8251,3475.09438475962,0.00954311300007483,561
SAMSUNG,63,music,7936,3342.425043928293,0.009506033474877643,561
SAMSUNG,64,time,7891,3323.472280952389,0.009500616582234422,561
SAMSUNG,65,better,7768,3271.668062151585,0.009485651291230274,561
SAMSUNG,66,samsung brand,94,39.59021599411032,0.009478085264939965,561
SAMSUNG,67,buds galaxy,91,38.326698462383405,0.009422626495154978,561
SAMSUNG,68,i'm,7114,2996.2212402351156,0.009401873018428833,561
SAMSUNG,69,life,6839,2880.398799826814,0.009364318993600672,561
SAMSUNG,70,it's,6755,2845.02030893846,0.009352546385288867,561
SAMSUNG,71,hear,6510,2741.8330438474277,0.009317354432410503,561
SAMSUNG,72,price,6485,2731.3037310830364,0.009313689217814771,561
SAMSUNG,73,volume,6307,2656.3350242005727,0.009287177081084381,561
SAMSUNG,74,works,6294,2650.859781563089,0.009285211578398813,561
SAMSUNG,75,battery life,6275,2642.857503862152,0.009282331605823025,561
SAMSUNG,76,ambient sound feature,202,85.07684713627964,0.009275864194615069,561
SAMSUNG,77,galaxy,6227,2622.641223354521,0.00927501686363956,561
SAMSUNG,78,case,6217,2618.4294982487645,0.009273485863473565,561
SAMSUNG,79,original samsung,318,133.93285836305407,0.009264446745697048,561
SAMSUNG,80,right,6100,2569.1523145114147,0.009255387924058561,561
SAMSUNG,81,bluetooth,5987,2521.5598208163674,0.009237576127697402,561
SAMSUNG,82,i've,5956,2508.503472988522,0.009232630921741609,561
SAMSUNG,83,h700,18,7.581105190361551,0.009220619085040162,561
SAMSUNG,84,eargels,42,17.68924544417695,0.009188979992430448,561
SAMSUNG,85,samsung devices,120,50.54070126907701,0.009159448916136138,561
SAMSUNG,86,headset,5464,2301.2865977853066,0.009150500688182107,561
SAMSUNG,87,comfortable,5449,2294.9690101266715,0.009147882007622786,561
SAMSUNG,88,working,5408,2277.700937193071,0.009140687331802963,561
SAMSUNG,89,love ambient,77,32.43028331432441,0.009136992604033353,561
SAMSUNG,90,got,5306,2234.7413411143552,0.009122549022735836,561
SAMSUNG,91,buds2,91,38.326698462383405,0.009060442953640913,561
SAMSUNG,92,originales,48,20.216280507630803,0.009044217354470118,561
SAMSUNG,93,galaxy buds,2606,1097.5755625601223,0.009008462679921241,561
SAMSUNG,94,galaxy ear buds,47,19.79510799705516,0.009005128101447832,561
SAMSUNG,95,turn ambient sound,47,19.79510799705516,0.009005128101447832,561
SAMSUNG,96,buying samsung,71,29.90324825087056,0.008998281808180374,561
SAMSUNG,97,ear buds,4629,1949.6075514546455,0.008992523230089845,561
SAMSUNG,98,best,4539,1911.7020255028378,0.008973819983364495,561
SAMSUNG,99,permissions,106,44.64428612101803,0.008963119668699863,561
SAMSUNG,100,left,4433,1867.0577393818198,0.008951310166843434,561
Sennheiser Consumer Audio,1,sennheiser app,121,46.70786738053788,0.015024617652009017,197
Sennheiser Consumer Audio,2,kleer,69,26.635064869893498,0.014640480798679896,197
Sennheiser Consumer Audio,3,hd800s,148,57.130284068757064,0.014543242867479047,197
Sennheiser Consumer Audio,4,rs120,123,47.479898246331885,0.014094550069625884,197
Sennheiser Consumer Audio,5,expected sennheiser,92,35.51341982652466,0.013390340156909762,197
Sennheiser Consumer Audio,6,sennheiser products,340,131.24524718498247,0.013358590423484484,197
Sennheiser Consumer Audio,7,sennheiser rs,298,115.03259900330815,0.013100665010906804,197
Sennheiser Consumer Audio,8,m3s,112,43.233728484464805,0.013058324438945305,197
Sennheiser Consumer Audio,9,optical input,38,14.668586450086275,0.01297193533682634,197
Sennheiser Consumer Audio,10,hd650,509,196.48185534457667,0.012937688729233279,197
Sennheiser Consumer Audio,11,hd598s,106,40.91763588708277,0.012932594164239634,197
Sennheiser Consumer Audio,12,open-back design,50,19.30077164485036,0.012733598112944132,197
Sennheiser Consumer Audio,13,fan sennheiser,133,51.34005257530196,0.01272886682317902,197
Sennheiser Consumer Audio,14,smart control,96,37.0574815581127,0.012706317796122897,197
Sennheiser Consumer Audio,15,sennheiser does,68,26.24904943699649,0.012657308886185345,197
Sennheiser Consumer Audio,16,hd700,175,67.55270075697626,0.012655505296380301,197
Sennheiser Consumer Audio,17,urbanites,91,35.12740439362766,0.012584175146867757,197
Sennheiser Consumer Audio,18,xonar,65,25.09100313830547,0.01254789180728005,197
Sennheiser Consumer Audio,19,hdr,165,63.692546428006196,0.012534713388464644,197
Sennheiser Consumer Audio,20,pxc550,89,34.35537352783364,0.012533428100008572,197
Sennheiser Consumer Audio,21,sennheiser makes,121,46.70786738053788,0.012524528577852344,197
Sennheiser Consumer Audio,22,hd800,257,99.20596625453085,0.012238241176995308,197
Sennheiser Consumer Audio,23,rs,1312,506.45224796087354,0.01201678063459974,197
Sennheiser Consumer Audio,24,urbanite,93,35.89943525942167,0.011955780650916336,197
Sennheiser Consumer Audio,25,xm5,67,25.863034004099482,0.011885035978611475,197
Sennheiser Consumer Audio,26,hd598,367,141.66766387320166,0.011845301662278356,197
Sennheiser Consumer Audio,27,expect sennheiser,150,57.902314934551086,0.011757834894996698,197
Sennheiser Consumer Audio,28,e10k,45,17.370694480365323,0.011656159025175902,197
Sennheiser Consumer Audio,29,optical digital,31,11.966478419807224,0.01149437024978453,197
Sennheiser Consumer Audio,30,ie800,56,21.616864242232403,0.01147550681994977,197
Sennheiser Consumer Audio,31,think sennheiser,74,28.565142034378532,0.011461924704835048,197
Sennheiser Consumer Audio,32,pcm,55,21.2308488093354,0.011434361145874362,197
Sennheiser Consumer Audio,33,ie80s,72,27.79311116858452,0.011402716347920977,197
Sennheiser Consumer Audio,34,sennheiser fan,120,46.321851947640866,0.011321327786203603,197
Sennheiser Consumer Audio,35,ie80,69,26.635064869893498,0.011310746304687523,197
Sennheiser Consumer Audio,36,hd201,148,57.130284068757064,0.01120697473117476,197
Sennheiser Consumer Audio,37,se846's,20,7.720308657940144,0.011176586027863802,197
Sennheiser Consumer Audio,38,love sennheiser,187,72.18488595174036,0.011146453253231593,197
Sennheiser Consumer Audio,39,fiio e10k,36,13.89655558429226,0.011115035797760528,197
Sennheiser Consumer Audio,40,hd hd,139,53.656145172684006,0.011089735759789592,197
Sennheiser Consumer Audio,41,pair hd,60,23.160925973820433,0.011008724962197201,197
Sennheiser Consumer Audio,42,asgard,25,9.65038582242518,0.010936729975189687,197
Sennheiser Consumer Audio,43,hd1,199,76.81707114650443,0.010795392876122068,197
Sennheiser Consumer Audio,44,sound,46681,18019.586423065193,0.01078499216189292,197
Sennheiser Consumer Audio,45,optical connection,31,11.966478419807224,0.01075242126549718,197
Sennheiser Consumer Audio,46,time sennheiser,68,26.24904943699649,0.010714971725987376,197
Sennheiser Consumer Audio,47,sennheiser brand,136,52.49809887399298,0.010576790638519901,197
Sennheiser Consumer Audio,48,cx300-b,63,24.318972272511452,0.010558187915227862,197
Sennheiser Consumer Audio,49,se535's,16,6.176246926352116,0.010552424315545664,197
Sennheiser Consumer Audio,50,velour ear,48,18.52874077905635,0.010526518477437059,197
Sennheiser Consumer Audio,51,stock cable,27,10.422416688219196,0.01041740662318739,197
Sennheiser Consumer Audio,52,hd600s,90,34.741388960730646,0.010277479800289986,197
Sennheiser Consumer Audio,53,modi,69,26.635064869893498,0.010238811222555821,197
Sennheiser Consumer Audio,54,px200,53,20.458817943541383,0.0102033640587983,197
Sennheiser Consumer Audio,55,like hd,53,20.458817943541383,0.0102033640587983,197
Sennheiser Consumer Audio,56,he-400,24,9.264370389528175,0.01013178270076708,197
Sennheiser Consumer Audio,57,sennheiser sound quality,65,25.09100313830547,0.010121990143365255,197
Sennheiser Consumer Audio,58,sennheiser hd1,65,25.09100313830547,0.010121990143365255,197
Sennheiser Consumer Audio,59,ivory,64,24.704987705408463,0.01009166129182935,197
Sennheiser Consumer Audio,60,px100,103,39.75958958839174,0.010079625813622099,197
Sennheiser Consumer Audio,61,e17,39,15.054601882983281,0.010077816072201247,197
Sennheiser Consumer Audio,62,quality,21019,8113.658384062194,0.010052680861912935,197
Sennheiser Consumer Audio,63,good,20758,8012.9083560760755,0.01004121305183501,197
Sennheiser Consumer Audio,64,digital optical,62,23.932956839614448,0.010029555385440297,197
Sennheiser Consumer Audio,65,hd600,205,79.13316374388648,0.010015909592761624,197
Sennheiser Consumer Audio,66,great,19744,7621.48870711851,0.00999524841512484,197
Sennheiser Consumer Audio,67,purchase sennheiser,77,29.723188333069558,0.009985955073329535,197
Sennheiser Consumer Audio,68,mmcx,29,11.194447554013209,0.009972821041389933,197
Sennheiser Consumer Audio,69,rayz,13,5.018200627661094,0.009971629841758032,197
Sennheiser Consumer Audio,70,previous sennheiser,60,23.160925973820433,0.009965412860711237,197
Sennheiser Consumer Audio,71,need amp,121,46.70786738053788,0.009941968124858752,197
Sennheiser Consumer Audio,72,hd555,75,28.951157467275543,0.009936775988807945,197
Sennheiser Consumer Audio,73,hd650s,116,44.777790216052836,0.009869578590437116,197
Sennheiser Consumer Audio,74,pmx,147,56.74426863586006,0.00986841170767383,197
Sennheiser Consumer Audio,75,cx300s,72,27.79311116858452,0.009860492035500837,197
Sennheiser Consumer Audio,76,optical audio,71,27.407095735687513,0.009834355982074695,197
Sennheiser Consumer Audio,77,comfortable sennheiser,34,13.124524718498245,0.009781328586363004,197
Sennheiser Consumer Audio,78,sennheiser hd201,69,26.635064869893498,0.009780960996480164,197
Sennheiser Consumer Audio,79,open-backed,69,26.635064869893498,0.009780960996480164,197
Sennheiser Consumer Audio,80,like,15066,5815.70851202631,0.009747070638995487,197
Sennheiser Consumer Audio,81,schiit,173,66.78066989118224,0.009747068644795617,197
Sennheiser Consumer Audio,82,tv optical,33,12.73850928560124,0.009716817233311121,197
Sennheiser Consumer Audio,83,pxc,565,218.09871958680907,0.00968468866196482,197
Sennheiser Consumer Audio,84,sennheiser hd650,65,25.09100313830547,0.009669363820373188,197
Sennheiser Consumer Audio,85,sennheiser,13585,5244.019655905843,0.009652103334124666,197
Sennheiser Consumer Audio,86,recommend sennheiser,102,39.37357415549474,0.009648951247100553,197
Sennheiser Consumer Audio,87,just,13532,5223.560837962302,0.009648515714708263,197
Sennheiser Consumer Audio,88,closed backs,25,9.65038582242518,0.009633900526813457,197
Sennheiser Consumer Audio,89,ear,12957,5001.601964046523,0.009608664451463704,197
Sennheiser Consumer Audio,90,asymmetrical cord,31,11.966478419807224,0.009581712627382057,197
Sennheiser Consumer Audio,91,magni,77,29.723188333069558,0.009559210245178697,197
Sennheiser Consumer Audio,92,new sennheiser,61,23.54694140671744,0.009550676486904133,197
Sennheiser Consumer Audio,93,bass,11951,4613.270438552133,0.009534487834632762,197
Sennheiser Consumer Audio,94,srs,38,14.668586450086275,0.009520362337815917,197
Sennheiser Consumer Audio,95,ananda,11,4.24616976186708,0.00950435770721053,197
Sennheiser Consumer Audio,96,music,11515,4444.967709809038,0.009500378834379071,197
Sennheiser Consumer Audio,97,cx-300,59,22.77491054092343,0.009488380806425872,197
Sennheiser Consumer Audio,98,velour pads,47,18.142725346159338,0.009487721667838367,197
Sennheiser Consumer Audio,99,noise,11329,4373.168839290195,0.009485432937740353,197
Sennheiser Consumer Audio,100,try sennheiser,58,22.388895108026418,0.009456436483971334,197
Senso,1,activbuds,125,109.9954153910865,0.024562522075511257,16
Senso,2,senso's,126,110.87537871421519,0.01948461757396277,16
Senso,3,senso bluetooth,314,276.3084834624093,0.017363908028328236,16
Senso,4,senso,2792,2456.8575981753083,0.01681554138020944,16
Senso,5,pair senso,126,110.87537871421519,0.015717628910098463,16
Senso,6,sound,17665,15544.552103068343,0.013620014539085975,16
Senso,7,great,16554,14566.912851072366,0.013537938802432717,16
Senso,8,good,11776,10362.448093163477,0.013107625893818796,16
Senso,9,quality,10342,9100.580687796933,0.012943556227328125,16
Senso,10,ear,9624,8468.76702179053,0.012852641117752773,16
Senso,11,car charger,489,430.3020650099304,0.012627125127396173,16
Senso,12,pair,6913,6083.186452788647,0.012434594453188131,16
Senso,13,price,6665,5864.955548652732,0.01238843299158525,16
Senso,14,sound quality,5749,5058.90914466685,0.012201627705497056,16
Senso,15,work,5545,4879.396626748597,0.012155977262588952,16
Senso,16,just,5542,4876.756736779211,0.012155293472830985,16
Senso,17,like,5246,4616.287593133118,0.01208593888948295,16
Senso,18,battery,5228,4600.448253316802,0.012081596030408141,16
Senso,19,ears,4962,4366.37800936457,0.012015614634218777,16
Senso,20,phone,4898,4310.060356684333,0.011999211587116,16
Senso,21,bluetooth,4565,4017.0325700824787,0.011910248442087407,16
Senso,22,fit,4179,3677.366727354804,0.011798619996514277,16
Senso,23,really,4111,3617.529221382053,0.011777890941867979,16
Senso,24,comfortable,4067,3578.8108351643905,0.011764294504244526,16
Senso,25,love,3965,3489.054576205264,0.011732201143819756,16
Senso,26,easy,3885,3418.657510354968,0.01170644678514933,16
Senso,27,time,3722,3275.2234886849915,0.011652289605069581,16
Senso,28,working,3555,3128.2696137225,0.01159428590091108,16
Senso,29,charge,3409,2999.794968545711,0.011541298440194147,16
Senso,30,don't,3232,2844.0414603519325,0.011473929761918081,16
Senso,31,i'm,3175,2793.883550933597,0.01145144713966523,16
Senso,32,life,3148,2770.1245412091225,0.011440656216612385,16
Senso,33,stay,3140,2763.0848346240928,0.011437441127150137,16
Senso,34,music,3080,2710.287035236371,0.01141306359653792,16
Senso,35,buds,2983,2624.930592892888,0.011372630537722998,16
Senso,36,i've,2968,2611.7311430459577,0.0113662608579071,16
Senso,37,far,2884,2537.8142239031476,0.011329984792839082,16
Senso,38,battery life,2872,2527.2546640256032,0.01132471642046594,16
Senso,39,noise,2826,2486.7763511616836,0.01130431500991271,16
Senso,40,set,2791,2455.977634852179,0.011288568488975335,16
Senso,41,better,2788,2453.3377448827932,0.011287209611471795,16
Senso,42,months,2747,2417.259248634517,0.011268490313879132,16
Senso,43,recommend,2615,2301.10408998153,0.01120626741360409,16
Senso,44,running,2458,2162.949848250325,0.011128034613376065,16
Senso,45,great sound,2442,2148.870435080266,0.011119782962975219,16
Senso,46,gym,2402,2113.671902155118,0.011098914949803808,16
Senso,47,nice,2381,2095.192672369416,0.011087819700162949,16
Senso,48,long,2297,2021.2757532266055,0.011042437962012343,16
Senso,49,bass,2273,2000.156633471517,0.011029166633245071,16
Senso,50,got,2142,1884.8814381416582,0.010954162799688595,16
Senso,51,case,2123,1868.162135002213,0.010942905018269267,16
Senso,52,it's,2109,1855.8426484784115,0.010934545151914526,16
Senso,53,best,2079,1829.4437487845507,0.01091644270077549,16
Senso,54,little,2076,1826.8038588151644,0.01091461810915601,16
Senso,55,wireless,2066,1818.0042255838778,0.010908517037538973,16
Senso,56,excellent,2003,1762.56653622677,0.010869387659931985,16
Senso,57,volume,1979,1741.4474164716814,0.010854156582760743,16
Senso,58,right,1960,1724.7281133322365,0.010841967069558065,16
Senso,59,charging,1910,1680.7299471758017,0.010809315912237251,16
Senso,60,pretty,1813,1595.3735048323185,0.010743460363844761,16
Senso,61,day,1777,1563.6948251996857,0.01071811853322897,16
Senso,62,customer,1717,1510.897025811964,0.010674718864127158,16
Senso,63,tried,1691,1488.0179794106182,0.010655439284442576,16
Senso,64,sound great,1687,1484.4981261181035,0.010652446910096848,16
Senso,65,happy,1682,1480.0983095024599,0.010648696448818688,16
Senso,66,ear buds,1680,1478.3383828562025,0.010647193141708667,16
Senso,67,hours,1676,1474.8185295636877,0.010644181151064445,16
Senso,68,did,1671,1470.4187129480445,0.010640406037778372,16
Senso,69,amazing,1669,1468.658786301787,0.010638892828643113,16
Senso,70,works,1656,1457.219263101114,0.010629012547802241,16
Senso,71,service,1654,1455.4593364548564,0.010627485623777235,16
Senso,72,stopped,1627,1431.700326730382,0.010606689484794724,16
Senso,73,purchase,1624,1429.0604367609958,0.010604357531853032,16
Senso,74,worked,1610,1416.740950237194,0.01059341781436406,16
Senso,75,year,1557,1370.1028941113734,0.010551123330631008,16
Senso,76,new,1552,1365.70307749573,0.010547059224596068,16
Senso,77,good sound,1550,1363.9431508494724,0.010545429914922303,16
Senso,78,issue,1549,1363.0631875263439,0.010544614471540066,16
Senso,79,way,1530,1346.343884386899,0.01052902021055162,16
Senso,80,hear,1513,1331.3845078937109,0.010514902415891375,16
Senso,81,problem,1497,1317.3050947236518,0.010501469417855113,16
Senso,82,awesome,1484,1305.8655715229788,0.01049044896342383,16
Senso,83,purchased,1457,1282.1065617985043,0.010467248518428014,16
Senso,84,wear,1457,1282.1065617985043,0.010467248518428014,16
Senso,85,money,1441,1268.0271486284453,0.010453296360355394,16
Senso,86,iphone,1422,1251.307845489,0.010436525551757114,16
Senso,87,can't,1409,1239.868322288327,0.01042492117262825,16
Senso,88,turn,1407,1238.1083956420696,0.010423126386137665,16
Senso,89,different,1389,1222.2690558257532,0.010406857541507313,16
Senso,90,case car,63,55.437689357107594,0.010402632662728754,16
Senso,91,run,1382,1216.1093125638524,0.010400473762977753,16
Senso,92,connection,1355,1192.3503028393777,0.010375543983964128,16
Senso,93,customer service,1325,1165.951403145517,0.010347254828957547,16
Senso,94,beats,1323,1164.1914764992596,0.010345346173795634,16
Senso,95,days,1318,1159.7916598836161,0.01034056188380493,16
Senso,96,lot,1314,1156.2718065911013,0.010336721365720739,16
Senso,97,clear,1304,1147.4721733598144,0.01032706868717209,16
Senso,98,perfect,1276,1122.833200312211,0.010299642164349612,16
Senso,99,second,1270,1117.553420373439,0.010293686790511266,16
Senso,100,definitely,1266,1114.033567080924,0.010289700889802304,16
Skullcandy,1,haptic bass,146,71.62634986234005,0.018153500570192063,599
Skullcandy,2,candy products,173,84.8723186724988,0.016184671797107263,599
Skullcandy,3,skull candy products,171,83.89113579767225,0.01615408719442671,599
Skullcandy,4,love skull,290,142.27151684985353,0.015633324828444196,599
Skullcandy,5,love skull candy,261,128.04436516486817,0.015386373618311475,599
Skullcandy,6,love skullcandy,506,248.2392673311237,0.015332810078142606,599
Skullcandy,7,skullcandy app,125,61.323929676660995,0.015329900025078917,599
Skullcandy,8,skullcandy products,432,211.9355009625404,0.014326701989222453,599
Skullcandy,9,bass slider,281,137.85619391313392,0.014084842578717782,599
Skullcandy,10,skullcandy just,88,43.17204649236934,0.012838158072733507,599
Skullcandy,11,sesh evo,153,75.06048992423307,0.012795003134725137,599
Skullcandy,12,fan skullcandy,186,91.25000735887157,0.012618710650788508,599
Skullcandy,13,crusher wireless,155,76.04167279905963,0.012249170563284107,599
Skullcandy,14,sound,30054,14744.235060018957,0.011259460902731383,599
Skullcandy,15,great,21445,10520.73337532796,0.010923487116028628,599
Skullcandy,16,good,18622,9135.793747510248,0.010782979329617335,599
Skullcandy,17,skullcandy good,120,58.87097248959455,0.010767989761634473,599
Skullcandy,18,quality,17879,8771.284309512175,0.010742447127962268,599
Skullcandy,19,skullcandy great,149,73.09812417457991,0.010727794348565413,599
Skullcandy,20,evos,92,45.13441224202249,0.010713607126533017,599
Skullcandy,21,buying skullcandy,112,54.94624099028825,0.010639624216279907,599
Skullcandy,22,movie mode,33,16.189517434638503,0.01053922313062054,599
Skullcandy,23,ear,14050,6892.809695656696,0.010502535551421301,599
Skullcandy,24,pair,12254,6011.70747406243,0.010366385772038697,599
Skullcandy,25,like,11856,5816.452081971942,0.010333517152471149,599
Skullcandy,26,just,11853,5814.980307659703,0.010333265231588137,599
Skullcandy,27,bass,11297,5542.211468457914,0.010285439296368286,599
Skullcandy,28,candy brand,87,42.681455054956054,0.010169663349085804,599
Skullcandy,29,sound quality,9886,4849.986950267766,0.010152626707721412,599
Skullcandy,30,skull candy brand,86,42.19086361754276,0.010148153717144451,599
Skullcandy,31,work,9639,4728.810865226683,0.010127439198116659,599
Skullcandy,32,battery,9596,4707.715433417911,0.010122988448758257,599
Skullcandy,33,jib,204,100.08065323231075,0.01006801856192113,599
Skullcandy,34,price,9044,4436.908959965776,0.010064012311761808,599
Skullcandy,35,haptic,255,125.10081654038842,0.0100514083416527,599
Skullcandy,36,skullcandy,8768,4301.505723239709,0.01003316002873086,599
Skullcandy,37,sesh,395,193.78361777824875,0.009991900831038666,599
Skullcandy,38,titans,189,92.72178167111142,0.009946317079711001,599
Skullcandy,39,love,7975,3912.4667133709713,0.009938792817463024,599
Skullcandy,40,really,7684,3769.7046050837043,0.00990178997248736,599
Skullcandy,41,time,7521,3689.7382007853384,0.009880446063179194,599
Skullcandy,42,crushers,460,225.67206121011247,0.009863656110436369,599
Skullcandy,43,ears,7330,3596.035236239401,0.009854839118361826,599
Skullcandy,44,buds,7070,3468.481462511946,0.00981888785091725,599
Skullcandy,45,aviators,88,43.17204649236934,0.009786853500898442,599
Skullcandy,46,charge,6640,3257.527144424232,0.009756423876184105,599
Skullcandy,47,don't,6561,3218.7704208685823,0.009744509217814584,599
Skullcandy,48,noise,6556,3216.3174636815156,0.009743750305401587,599
Skullcandy,49,music,6320,3100.53788445198,0.009707255099025307,599
Skullcandy,50,life,6307,3094.160195765607,0.009705205355728694,599
Skullcandy,51,phone,6137,3010.759651405348,0.009678005156323442,599
Skullcandy,52,adjustable bass,102,50.040326616155376,0.009664324893008053,599
Skullcandy,53,better,6042,2964.1534648510856,0.00966247496046849,599
Skullcandy,54,case,5706,2799.314741880221,0.009605517587798235,599
Skullcandy,55,battery life,5685,2789.012321694542,0.009601847181982178,599
Skullcandy,56,i've,5645,2769.3886641980107,0.009594818271127485,599
Skullcandy,57,fit,5469,2683.044571213272,0.009563287489827809,599
Skullcandy,58,comfortable,5426,2661.9491394045003,0.009555429714167875,599
Skullcandy,59,got,5338,2618.777092912131,0.009539152697488434,599
Skullcandy,60,i'm,5322,2610.9276299135186,0.009536164431487842,599
Skullcandy,61,right,5311,2605.5311241019726,0.009534104782675768,599
Skullcandy,62,smokin buds,113,55.43683242770154,0.009472324220037525,599
Skullcandy,63,skullcandy years,168,82.41936148543238,0.009410179272185825,599
Skullcandy,64,indy,331,162.38576578379832,0.009408445598544202,599
Skullcandy,65,working,4668,2290.080829845228,0.009405640547848633,599
Skullcandy,66,it's,4623,2268.0042151616303,0.009395997604858049,599
Skullcandy,67,months,4614,2263.5888922249105,0.009394057756182001,599
Skullcandy,68,skullcandy brand,201,98.60887892007088,0.00934650059368469,599
Skullcandy,69,best,4320,2119.355009625404,0.009328516558026788,599
Skullcandy,70,bluetooth,4186,2053.6157570120236,0.009297149665172057,599
Skullcandy,71,long,4170,2045.766294013411,0.009293337442747872,599
Skullcandy,72,volume,4016,1970.2152126517647,0.009255878426110954,599
Skullcandy,73,left,3998,1961.3845667783253,0.009251406650048507,599
Skullcandy,74,uproar,79,38.75672355564975,0.009225304772985606,599
Skullcandy,75,little,3876,1901.5324114139041,0.009220556638829168,599
Skullcandy,76,pretty,3865,1896.135905602358,0.00921772751433016,599
Skullcandy,77,charging,3780,1854.4356334222284,0.009195590681674073,599
Skullcandy,78,crusher,572,280.6183022004007,0.009188174108170341,599
Skullcandy,79,head,3734,1831.8684273012173,0.009183402239085437,599
Skullcandy,80,hear,3728,1828.9248786767375,0.009181801383156551,599
Skullcandy,81,recommend,3680,1805.3764896808998,0.009168901003519003,599
Skullcandy,82,set,3658,1794.5834780578073,0.009162931991901777,599
Skullcandy,83,amazing,3655,1793.1117037455674,0.009162115255607709,599
Skullcandy,84,nice,3628,1779.865734935409,0.009154734316994508,599
Skullcandy,85,hesh,914,448.4005737957452,0.009151227481389279,599
Skullcandy,86,hours,3530,1731.7877740689064,0.009127474830625598,599
Skullcandy,87,quality skullcandy,139,68.19220980044702,0.009119005889762796,599
Skullcandy,88,money,3494,1714.126482322028,0.009117270654401537,599
Skullcandy,89,i've skullcandy,138,67.70161836303375,0.00910791114328018,599
Skullcandy,90,skull,3401,1668.5014786425922,0.009090415282792495,599
Skullcandy,91,day,3365,1650.840186895714,0.009079821995388718,599
Skullcandy,92,ear buds,3331,1634.1600780236622,0.00906971264256451,599
Skullcandy,93,way,3255,1596.8751287802522,0.009046737019700199,599
Skullcandy,94,wireless,3202,1570.873782597348,0.009030394802197987,599
Skullcandy,95,great sound,3103,1522.3052302934325,0.008999130988909592,599
Skullcandy,96,titan,69,33.85080918151687,0.008992773381157013,599
Skullcandy,97,skullcandy i've,84,41.20968074271619,0.008981835895624006,599
Skullcandy,98,candy,3011,1477.1708180514102,0.00896917033250183,599
Skullcandy,99,inkd,68,33.360217744103586,0.00896769103047957,599
Skullcandy,100,skullcandy ear buds,102,50.040326616155376,0.008963478178576062,599
Sony,1,contacted sony,200,34.36437925903525,0.014896599142147221,1342
Sony,2,thank sony,167,28.694256681294437,0.01322203069871026,1342
Sony,3,dsee,131,22.508668414668094,0.01269730597155666,1342
Sony,4,sony connect app,129,22.165024622077738,0.012664056531392158,1342
Sony,5,hope sony,118,20.2749837628308,0.012471436159743339,1342
Sony,6,thanks sony,159,27.319681510933027,0.012155627216546826,1342
Sony,7,sony support,226,38.83174856270984,0.012029827426964419,1342
Sony,8,speak chat,140,24.05506548132468,0.011900730006058837,1342
Sony,9,called sony,206,35.395310636806315,0.011856217324314463,1342
Sony,10,sony customer service,116,19.931339970240447,0.01152407340591787,1342
Sony,11,sony app,724,124.39905291770762,0.011463756822249467,1342
Sony,12,wish sony,143,24.570531170210206,0.011172276435524197,1342
Sony,13,xm5,192,32.98980408867384,0.011040336127717217,1342
Sony,14,z1r,90,15.463970666565864,0.011015767243456643,1342
Sony,15,expected sony,256,43.986405451565126,0.010928145657562725,1342
Sony,16,job sony,167,28.694256681294437,0.010794208241577459,1342
Sony,17,believe sony,116,19.931339970240447,0.01078020711550201,1342
Sony,18,sony customer,218,37.45717339234843,0.010659862561097766,1342
Sony,19,disappointed sony,241,41.409077007137476,0.010285708480118694,1342
Sony,20,sony connect,173,29.725188059065495,0.010273834038654549,1342
Sony,21,v6s,104,17.869477214698332,0.009958612680931934,1342
Sony,22,mdr-j10,91,15.635792562861042,0.009723018186564906,1342
Sony,23,thought sony,148,25.42964065168609,0.009512337514032715,1342
Sony,24,happy sony,107,18.384942903583863,0.00947163011534684,1342
Sony,25,fontopia,143,24.570531170210206,0.009457826082779208,1342
Sony,26,mw600,323,55.49847250334194,0.009367571315343938,1342
Sony,27,xm5s,96,16.49490204433692,0.009290505573236046,1342
Sony,28,model sony,160,27.491503407228205,0.009182100293576067,1342
Sony,29,wrong sony,120,20.618627555421153,0.009179694215236909,1342
Sony,30,expect sony,278,47.766487170059,0.009160209239540343,1342
Sony,31,sony fan,155,26.632393925752325,0.009134114879334262,1342
Sony,32,v6's,114,19.587696177650095,0.00909833656002175,1342
Sony,33,mdr-w08l,46,7.903807229578109,0.009047177955270711,1342
Sony,34,mdr-v600,82,14.089395496204455,0.009027320644069995,1342
Sony,35,xm2,109,18.728586696174215,0.009027197886987502,1342
Sony,36,sony mdr-j10,61,10.481135674005753,0.009017308365751642,1342
Sony,37,fan sony,179,30.756119436836556,0.008933517904899175,1342
Sony,38,it's sony,132,22.68049031096327,0.0088913467998201,1342
Sony,39,plasma tv,75,12.88664222213822,0.008878336016099232,1342
Sony,40,xba,75,12.88664222213822,0.008878336016099232,1342
Sony,41,sound,93872,16129.265049020787,0.008828285723219064,1342
Sony,42,sony products,853,146.56407753978536,0.00879589630749155,1342
Sony,43,xm3s,209,35.91077632569184,0.008765906773863462,1342
Sony,44,h3,52,8.934738607349166,0.008735666852866315,1342
Sony,45,love sony,456,78.35078471060038,0.00871715748241737,1342
Sony,46,decided sony,113,19.41587428135492,0.008656451810440663,1342
Sony,47,sony make,188,32.30251650349314,0.008619550259408294,1342
Sony,48,linkbuds,242,41.580898903432654,0.008600221456468804,1342
Sony,49,ambient sound control,104,17.869477214698332,0.008531009137895637,1342
Sony,50,optical input,19,3.2646160296083493,0.008524607064145779,1342
Sony,51,x10s,74,12.714820325843045,0.008412918379374,1342
Sony,52,good,52252,8978.03772521555,0.008412846669317402,1342
Sony,53,great,52128,8956.731810074949,0.008411161853135247,1342
Sony,54,xm4's,205,35.22348874051114,0.008380306359367798,1342
Sony,55,quality,49245,8461.369283055956,0.008370817068702173,1342
Sony,56,optical digital,24,4.12372551108423,0.008368374777409647,1342
Sony,57,mdr-1000x,121,20.790449451716327,0.008368121891358011,1342
Sony,58,hx,40,6.872875851807051,0.00827276764233382,1342
Sony,59,mx4,66,11.340245155481634,0.00823144908567187,1342
Sony,60,xb500,84,14.433039288794806,0.008208210339262157,1342
Sony,61,noise,38990,6699.335736548924,0.008205236366000422,1342
Sony,62,sony,37622,6464.283382417122,0.008179909387051805,1342
Sony,63,know sony,134,23.02413410355362,0.008151559315489394,1342
Sony,64,ear,35604,6117.546795693456,0.008140815058379151,1342
Sony,65,zx,80,13.745751703614102,0.008134468221856333,1342
Sony,66,adaptive noise,62,10.652957570300929,0.008132283888584226,1342
Sony,67,sony makes,282,48.453774755239714,0.00812897274443111,1342
Sony,68,like,33256,5714.108983192383,0.008092437114856557,1342
Sony,69,xm4s,269,46.22009010340241,0.008071210345103687,1342
Sony,70,just,30827,5296.7535970914,0.008038654647407445,1342
Sony,71,mdr-v6s,74,12.714820325843045,0.008016636088227226,1342
Sony,72,wh1000xm3,198,34.020735466444904,0.008003803065935093,1342
Sony,73,v6,423,72.68066213285955,0.007999726220341643,1342
Sony,74,m3s,34,5.841944474035993,0.007986029338572077,1342
Sony,75,nc7,26,4.467369303674583,0.007978177289830036,1342
Sony,76,hd800s,26,4.467369303674583,0.007978177289830036,1342
Sony,77,international version,56,9.622026192529871,0.007970843656495174,1342
Sony,78,mdr1000x,71,12.199354636957516,0.007954085909905451,1342
Sony,79,sony discontinued,71,12.199354636957516,0.007954085909905451,1342
Sony,80,bass,27350,4699.328863673071,0.007953791488631866,1342
Sony,81,sony doesn't,148,25.42964065168609,0.007948504956045061,1342
Sony,82,coiled cord,189,32.474338399788316,0.007944591673996991,1342
Sony,83,retractable cord,188,32.30251650349314,0.007937839321863453,1342
Sony,84,sound quality,26274,4514.448503259462,0.007925329889995666,1342
Sony,85,xm4,663,113.91791724370187,0.007918573951821979,1342
Sony,86,price,25986,4464.96379712645,0.007917514054550955,1342
Sony,87,pair,25780,4429.568486489645,0.0079118702387245,1342
Sony,88,mdr-v6's,69,11.855710844367163,0.00791089972635147,1342
Sony,89,optical output,25,4.295547407379407,0.007904691449343235,1342
Sony,90,aaa battery,183,31.443407022017258,0.00790352955200511,1342
Sony,91,music,23700,4072.1789421956773,0.007852216511246617,1342
Sony,92,reviews sony,84,14.433039288794806,0.007841162751625356,1342
Sony,93,issue sony,107,18.384942903583863,0.007840565749364653,1342
Sony,94,ears,21884,3760.1503785236378,0.007795686215669302,1342
Sony,95,better,21629,3716.3357949683673,0.007787374818162606,1342
Sony,96,really,21582,3708.260165842494,0.007785832224153419,1342
Sony,97,comfortable,21250,3651.215296272496,0.007774838967788157,1342
Sony,98,work,21142,3632.6585314726167,0.007771225795116543,1342
Sony,99,xm3,575,98.79759036972635,0.007768156722504757,1342
Sony,100,don't,20861,3584.3765786136723,0.0077617376696930045,1342
SoundPEATS,1,soundpeats customer,176,89.35838143539007,0.02319584351836252,240
SoundPEATS,2,soundpeats customer service,136,69.04965838189233,0.022226622355377677,240
SoundPEATS,3,love soundpeats,117,59.403014931480904,0.02166094021548947,240
SoundPEATS,4,contacted soundpeats,114,57.87986070246858,0.021563294176960256,240
SoundPEATS,5,q12,240,121.85233832098648,0.018394533871760783,240
SoundPEATS,6,soundpeats products,147,74.63455722160421,0.017003140651319713,240
SoundPEATS,7,truefree,207,105.09764180185084,0.016814434061516156,240
SoundPEATS,8,truengine,190,96.46643450411429,0.016586900156336213,240
SoundPEATS,9,soundpeats great,128,64.9879137711928,0.015538125126180706,240
SoundPEATS,10,soundpeats bluetooth,159,80.72717413765355,0.014359496216523607,240
SoundPEATS,11,soundpeats true,149,75.6499933742791,0.013495174400114168,240
SoundPEATS,12,air conduction,20,10.154361526748874,0.013392536655575793,240
SoundPEATS,13,sound peats,211,107.12851410720062,0.012440916705989524,240
SoundPEATS,14,peats,260,132.00669984773535,0.012322217294904703,240
SoundPEATS,15,like soundpeats,85,43.156036488682716,0.012233541767787515,240
SoundPEATS,16,t3's,14,7.108053068724211,0.012197065604514551,240
SoundPEATS,17,qy7,315,159.93119404629476,0.012179755065048117,240
SoundPEATS,18,pair soundpeats,377,191.40971477921624,0.012023216262799702,240
SoundPEATS,19,game mode,123,62.44932338950557,0.011383897424275827,240
SoundPEATS,20,sound,29173,14811.659440992244,0.011336248592853206,240
SoundPEATS,21,great,23027,11691.224143822315,0.011098513756565166,240
SoundPEATS,22,gaming mode,48,24.370467664197292,0.01094908312473033,240
SoundPEATS,23,good,19815,10060.433682626446,0.010947549786767695,240
SoundPEATS,24,q30s,45,22.847313435184965,0.010804018769738598,240
SoundPEATS,25,quality,17075,8669.286153461851,0.010797997087754968,240
SoundPEATS,26,soundpeats,6273,3184.915492864784,0.010788361017887629,240
SoundPEATS,27,t2's,21,10.662079603086317,0.010738887681503483,240
SoundPEATS,28,ear,14567,7395.929218007542,0.01063836236398235,240
SoundPEATS,29,soundpeats qy7,81,41.125164183332934,0.01056571025323708,240
SoundPEATS,30,t2s,40,20.308723053497747,0.01053927579460843,240
SoundPEATS,31,dual dynamic,38,19.29328690082286,0.010423982965851631,240
SoundPEATS,32,pair,11487,5832.157542888215,0.010399656242122867,240
SoundPEATS,33,battery,11467,5822.003181361467,0.010397905091399255,240
SoundPEATS,34,soundpeat,144,73.11140299259189,0.010353984085748036,240
SoundPEATS,35,price,10857,5512.295154795625,0.010342974061188458,240
SoundPEATS,36,q30's,45,22.847313435184965,0.010295106033563527,240
SoundPEATS,37,sound quality,10153,5154.861629054065,0.010275604917986167,240
SoundPEATS,38,just,9589,4868.508633999747,0.01021817238782651,240
SoundPEATS,39,like,9431,4788.289177938431,0.010201476544367618,240
SoundPEATS,40,work,8986,4562.354633968269,0.010152905497822579,240
SoundPEATS,41,dudios,52,26.401339969547067,0.010130560894091718,240
SoundPEATS,42,phone,8456,4293.264053509423,0.010091816203690467,240
SoundPEATS,43,case,8159,4142.471784837203,0.010055886456076421,240
SoundPEATS,44,really,7597,3857.1342259355592,0.009984168744177402,240
SoundPEATS,45,life,7547,3831.748322118687,0.00997753310471709,240
SoundPEATS,46,buds,7314,3713.450010332063,0.0099460197036809,240
SoundPEATS,47,fit,7299,3705.8342391870015,0.009943956681834485,240
SoundPEATS,48,h1,90,45.69462687036993,0.009920120563213298,240
SoundPEATS,49,battery life,7016,3562.1500235835047,0.009904218913720323,240
SoundPEATS,50,ears,6957,3532.1946570795953,0.009895732645907467,240
SoundPEATS,51,time,6909,3507.824189415398,0.00988877530032543,240
SoundPEATS,52,ipx6,24,12.185233832098646,0.009885598152523972,240
SoundPEATS,53,charge,6573,3337.230915766017,0.009838676572982053,240
SoundPEATS,54,bluetooth,6397,3247.8725343306273,0.009811402427648934,240
SoundPEATS,55,music,5827,2958.4732308182843,0.009717618508877254,240
SoundPEATS,56,love,5774,2931.5641727723996,0.009708436551678015,240
SoundPEATS,57,better,5774,2931.5641727723996,0.009708436551678015,240
SoundPEATS,58,don't,5549,2817.3276055964748,0.009668494535619408,240
SoundPEATS,59,q30,231,117.28287563394949,0.009643290555647567,240
SoundPEATS,60,i'm,5307,2694.4598311228137,0.009623685119620314,240
SoundPEATS,61,working,5301,2691.4135226647886,0.00962254835752121,240
SoundPEATS,62,noise,5075,2576.6692374125264,0.009578766017622588,240
SoundPEATS,63,i've,5018,2547.7293070612923,0.009567415622000433,240
SoundPEATS,64,right,5006,2541.636690145243,0.009565009640990479,240
SoundPEATS,65,bass,4804,2439.0776387250794,0.009523619628911321,240
SoundPEATS,66,comfortable,4705,2388.813549167672,0.009502694514604242,240
SoundPEATS,67,charging,4644,2357.8427465110885,0.009489580893297529,240
SoundPEATS,68,easy,4589,2329.9182523125287,0.009477608615356384,240
SoundPEATS,69,aptx-ll,20,10.154361526748874,0.009454211263270437,240
SoundPEATS,70,months,4351,2209.081350144217,0.009424091355597769,240
SoundPEATS,71,t2,160,81.23489221399099,0.00942366041449913,240
SoundPEATS,72,it's,4232,2148.6628990600616,0.009396224531345046,240
SoundPEATS,73,wireless,4199,2131.908202540926,0.009388357898734469,240
SoundPEATS,74,little,4148,2106.0145806477162,0.009376077938323606,240
SoundPEATS,75,long,4133,2098.398809502655,0.009372437440723684,240
SoundPEATS,76,volume,4046,2054.2273368612973,0.009351058448740715,240
SoundPEATS,77,set,3982,2021.7333799757007,0.009335035825876054,240
SoundPEATS,78,aptx adaptive,19,9.64664345041143,0.00933284736590959,240
SoundPEATS,79,hours,3932,1996.3474761588284,0.00932233793657492,240
SoundPEATS,80,recommend,3926,1993.3011677008037,0.009320803351005458,240
SoundPEATS,81,stay,3872,1965.884391578582,0.009306885593325804,240
SoundPEATS,82,pretty,3702,1879.5723186012162,0.009261767746355818,240
SoundPEATS,83,got,3698,1877.5414462958665,0.009260681370478717,240
SoundPEATS,84,nice,3561,1807.984069837637,0.009222745754276854,240
SoundPEATS,85,far,3505,1779.55185756274,0.009206817239362357,240
SoundPEATS,86,left,3473,1763.304879119942,0.00919760057319695,240
SoundPEATS,87,hear,3460,1756.704544127555,0.009193832021643426,240
SoundPEATS,88,best,3352,1701.8709918831112,0.009161965305775783,240
SoundPEATS,89,magnetic charger,39,19.8010049771603,0.009134174720775025,240
SoundPEATS,90,day,3199,1624.1901262034824,0.009115017574072416,240
SoundPEATS,91,works,3167,1607.943147760684,0.00910491484278836,240
SoundPEATS,92,cvc noise,17,8.631207297736541,0.009069678920119756,240
SoundPEATS,93,ear buds,3020,1533.30859053908,0.009057154134347573,240
SoundPEATS,94,great sound,2948,1496.7528890427839,0.009032906099178738,240
SoundPEATS,95,calls,2903,1473.9055756075988,0.009017448473771861,240
SoundPEATS,96,tried,2870,1457.1508790884632,0.009005959826060532,240
SoundPEATS,97,amazing,2815,1429.2263848899038,0.00898651529067958,240
SoundPEATS,98,in-ear detection,20,10.154361526748874,0.008981276836932733,240
SoundPEATS,99,different,2768,1405.363635302044,0.008969595605050418,240
SoundPEATS,100,stopped,2710,1375.9159868744723,0.008948315488880603,240
Soundcore,1,update anker,252,86.77103293683793,0.017514310428907314,74
Soundcore,2,anker customer,421,144.9627177238443,0.01750777043501036,74
Soundcore,3,hearid,231,79.54011352543475,0.01728091417832886,74
Soundcore,4,fan anker,227,78.16279554231035,0.017234059454234927,74
Soundcore,5,love anker products,201,69.21022865200167,0.01690776290058125,74
Soundcore,6,contacted anker,273,94.00195234824108,0.016430945304054572,74
Soundcore,7,anker customer service,261,89.86999839886784,0.01631919752477752,74
Soundcore,8,anker products,1321,454.8592639268369,0.016115579687732938,74
Soundcore,9,anker reached,145,49.92777688825991,0.016031779917158918,74
Soundcore,10,soundcore app,829,285.4491520025343,0.015998653799722096,74
Soundcore,11,like anker products,117,40.28655100638903,0.015456252252196571,74
Soundcore,12,anker support,282,97.10091781027101,0.015445774145800327,74
Soundcore,13,fan anker products,116,39.94222151060793,0.015433227520686623,74
Soundcore,14,experience anker,69,23.7587352088961,0.015365045544984043,74
Soundcore,15,soundcore customer,113,38.90923302326462,0.015362943200582662,74
Soundcore,16,anker customer support,113,38.90923302326462,0.015362943200582662,74
Soundcore,17,anker's customer,111,38.22057403170242,0.01531504255713091,74
Soundcore,18,review anker,107,36.843256048578006,0.015216596104375483,74
Soundcore,19,love anker,382,131.53386738838128,0.015209292626964918,74
Soundcore,20,anker sent,158,54.40406033341425,0.015071426352234159,74
Soundcore,21,thanks anker,98,33.744290586548075,0.01498091990062019,74
Soundcore,22,anker replaced,59,20.31544025108507,0.014905427318578468,74
Soundcore,23,soundcore products,222,76.44114806340484,0.014889444810442881,74
Soundcore,24,service anker,92,31.67831361186146,0.014811451041899702,74
Soundcore,25,thank anker,141,48.55045890513551,0.014788435659406896,74
Soundcore,26,anker fan,87,29.95666613295595,0.01466155927002916,74
Soundcore,27,anker's customer service,82,28.235018654050435,0.014502793127756524,74
Soundcore,28,customer service anker,82,28.235018654050435,0.014502793127756524,74
Soundcore,29,anker contacted,79,27.202030166707125,0.01440281765212947,74
Soundcore,30,big fan anker,65,22.381417225771685,0.013879594021118137,74
Soundcore,31,spirit pro,96,33.055631594985876,0.01383279989988436,74
Soundcore,32,reached anker,61,21.004099242647275,0.013709227900388596,74
Soundcore,33,q45,132,45.451493443105576,0.013680472922954517,74
Soundcore,34,disappointed anker,87,29.95666613295595,0.013588080881142191,74
Soundcore,35,update anker reached,56,19.28245176374176,0.013479826236923759,74
Soundcore,36,edit anker,54,18.593792772179555,0.013382274950120595,74
Soundcore,37,great anker,116,39.94222151060793,0.013379990666862657,74
Soundcore,38,liberty neo,293,100.88854226386314,0.013150861993594826,74
Soundcore,39,hear id,102,35.12160856967249,0.013080890581925072,74
Soundcore,40,anker really,100,34.43294957811029,0.013034839514747609,74
Soundcore,41,p3s,85,29.268007141393742,0.01265690127312067,74
Soundcore,42,life p2,310,106.74214369214188,0.01263720425014448,74
Soundcore,43,products anker,83,28.579348149831535,0.012601529540565516,74
Soundcore,44,anker great,156,53.71540134185204,0.012537149181396385,74
Soundcore,45,anker sent replacement,56,19.28245176374176,0.012492871037631343,74
Soundcore,46,q20s,140,48.206129409354396,0.012312897587232401,74
Soundcore,47,q20's,100,34.43294957811029,0.012274371616456455,74
Soundcore,48,buying anker,72,24.79172369623941,0.01227090235479721,74
Soundcore,49,soundcore liberty neo,131,45.10716394732447,0.012175203049931926,74
Soundcore,50,anker makes,129,44.41850495576227,0.012143320799775377,74
Soundcore,51,purchase anker,67,23.07007621733389,0.012103527772795573,74
Soundcore,52,quality anker,122,42.00819848529455,0.012027704064789254,74
Soundcore,53,life q20,164,56.47003730810087,0.01200844742595383,74
Soundcore,54,contacted anker support,45,15.494827310149628,0.011949216353718742,74
Soundcore,55,anker quality,62,21.348428738428375,0.011923165874012756,74
Soundcore,56,price anker,84,28.92367764561264,0.0118925672830657,74
Soundcore,57,soundcore life q20,114,39.25356251904573,0.011887154933181864,74
Soundcore,58,q20,673,231.7337506606822,0.01186683707654557,74
Soundcore,59,neos,142,48.8947884009166,0.011724885609468839,74
Soundcore,60,life dot,129,44.41850495576227,0.011535867222067845,74
Soundcore,61,q30s,127,43.72984596420006,0.011505106579884425,74
Soundcore,62,liberty neos,91,31.333984116080362,0.011420183830512192,74
Soundcore,63,liberty air pro,155,53.37107184607094,0.011336922428864901,74
Soundcore,64,soundcore life p2,139,47.86179991357329,0.011132539798941044,74
Soundcore,65,i've anker,72,24.79172369623941,0.010934863612497799,74
Soundcore,66,liberty pros,209,71.96486461825049,0.010879916272872037,74
Soundcore,67,anker's,446,153.57095511837187,0.010785727311897341,74
Soundcore,68,life p3,142,48.8947884009166,0.010672989927330534,74
Soundcore,69,recommend anker,107,36.843256048578006,0.010641717106491958,74
Soundcore,70,sound core,173,59.569002770130794,0.010555624268771914,74
Soundcore,71,q30's,101,34.777279073891386,0.010533461488575232,74
Soundcore,72,anker good,91,31.333984116080362,0.010337877202589165,74
Soundcore,73,soundcore life,547,188.34823419226325,0.010291153866451722,74
Soundcore,74,purchased anker,114,39.25356251904573,0.010279410007842155,74
Soundcore,75,soundbuds curve,40,13.773179831244114,0.010267850390775664,74
Soundcore,76,liberty air,917,315.7501476312713,0.010253436833484425,74
Soundcore,77,anker brand,145,49.92777688825991,0.01025274924333108,74
Soundcore,78,sound,41993,14459.428516335853,0.010249336715650108,74
Soundcore,79,liberty,3110,1070.8647318792298,0.00999530147163201,74
Soundcore,80,great,28957,9970.749209333395,0.00992220048549201,74
Soundcore,81,anker soundcore life,194,66.79992218153396,0.00990178025591014,74
Soundcore,82,air pro,193,66.45559268575285,0.009893616046768935,74
Soundcore,83,good,26693,9191.187230884978,0.009850548594088852,74
Soundcore,84,p3,239,82.29474949168358,0.009838060837633477,74
Soundcore,85,emily,54,18.593792772179555,0.009821518772741252,74
Soundcore,86,a1s,25,8.608237394527572,0.009811007959629197,74
Soundcore,87,liberty pro,653,224.84716074506017,0.009808314075979001,74
Soundcore,88,quality,24958,8593.775555704764,0.009791397769507838,74
Soundcore,89,soundbud,32,11.01854386499529,0.009779203876617487,74
Soundcore,90,q35s,67,23.07007621733389,0.009763535635930921,74
Soundcore,91,good anker,67,23.07007621733389,0.009763535635930921,74
Soundcore,92,p2,447,153.915284614153,0.009649405987451131,74
Soundcore,93,noise,20791,7158.954546784909,0.009630620784894189,74
Soundcore,94,soundcore's,122,42.00819848529455,0.009547588931916009,74
Soundcore,95,soundcore liberty,692,238.27601108052318,0.009543990680658905,74
Soundcore,96,ear,18678,6431.386322199439,0.009536293913511568,74
Soundcore,97,soundcore,6326,2178.2283903112566,0.009457037971963017,74
Soundcore,98,q30,496,170.787429907427,0.009447788732286137,74
Soundcore,99,battery,16353,5630.820244508375,0.009419293887509473,74
Soundcore,100,soundcore anker,222,76.44114806340484,0.009362289510271515,74
Symphonized,1,wood finish,83,86.058609023297,0.022219820740243538,89
Symphonized,2,pair symphonized,149,154.49075595748496,0.02134371561297803,89
Symphonized,3,real wood,85,88.13231044554512,0.020683433984119627,89
Symphonized,4,love wood,115,119.23783177926693,0.020422933736469643,89
Symphonized,5,nylon cord,158,163.8224123576015,0.020294827517016886,89
Symphonized,6,wood grain,65,67.39529622306391,0.01966396384069805,89
Symphonized,7,genuine wood,102,105.75877253465414,0.017819295263967385,89
Symphonized,8,like wood,89,92.27971329004136,0.01738739640444629,89
Symphonized,9,nrg,597,618.999874541064,0.01652318923928954,89
Symphonized,10,symphonized,2295,2379.572382029718,0.016336041121549405,89
Symphonized,11,in-ear noise-isolating,63,65.3215948008158,0.01547785514137061,89
Symphonized,12,sound,20986,21759.349023649527,0.014734689262013718,89
Symphonized,13,symphonized nrg,208,215.66494791380453,0.014716634394029786,89
Symphonized,14,great,12796,13267.541699543473,0.014069071326019375,89
Symphonized,15,good,10149,10522.997867198086,0.013757256564736475,89
Symphonized,16,quality,10113,10485.67124159762,0.013752475621125483,89
Symphonized,17,wooden,443,459.32486502795865,0.013726622662929054,89
Symphonized,18,easy untangle,50,51.84253555620301,0.013456147968606294,89
Symphonized,19,ear,7513,7789.859392675065,0.013352629765234946,89
Symphonized,20,pair,6667,6912.68369106411,0.013191897452774186,89
Symphonized,21,price,5717,5927.675515496252,0.01298506926988927,89
Symphonized,22,like,5377,5575.146273714072,0.012902575764958051,89
Symphonized,23,sound quality,5010,5194.6220627315415,0.012807460608028065,89
Symphonized,24,just,4697,4870.087790149711,0.012720663977486852,89
Symphonized,25,really,4504,4669.975602902768,0.012664212025891587,89
Symphonized,26,bass,4393,4554.885173967997,0.012630638658915411,89
Symphonized,27,buds,4336,4495.784683433925,0.012613067131687557,89
Symphonized,28,love braided,10,10.368507111240604,0.012550648117757362,89
Symphonized,29,review opinions,15,15.552760666860904,0.01241287581404489,89
Symphonized,30,noise,3673,3808.3526619586733,0.012389800809844186,89
Symphonized,31,nice,3510,3639.3459960454516,0.012328727806758845,89
Symphonized,32,cord,3497,3625.8669368008386,0.012323735460404498,89
Symphonized,33,i've,3480,3608.2404747117293,0.012317178930708819,89
Symphonized,34,love,3475,3603.0562211561096,0.012315244443245736,89
Symphonized,35,better,3370,3494.1868964880828,0.012273964139075345,89
Symphonized,36,work,3328,3450.6391666208724,0.012257090730836109,89
Symphonized,37,music,3289,3410.201988887034,0.012241230793172773,89
Symphonized,38,braided cord,107,110.94302609027444,0.012217789624085035,89
Symphonized,39,i'm,3124,3239.121621551564,0.012171982107015172,89
Symphonized,40,cord fabric,17,17.626462089109022,0.01214319831487967,89
Symphonized,41,don't,2971,3080.483462749583,0.012104420193358627,89
Symphonized,42,ears,2833,2937.398064614463,0.012040428070507774,89
Symphonized,43,look,2805,2908.366244702989,0.012027064284736893,89
Symphonized,44,wood,2795,2897.9977375917483,0.012022259151776574,89
Symphonized,45,fit,2771,2873.1133205247706,0.012010656327740465,89
Symphonized,46,cable braided,16,16.589611377984966,0.011951146180180967,89
Symphonized,47,best,2584,2679.2222375445713,0.011916651159071716,89
Symphonized,48,months,2534,2627.3797019883687,0.011890362010870738,89
Symphonized,49,great sound,2517,2609.7532398992594,0.011881305390421641,89
Symphonized,50,ear buds,2512,2604.5689863436396,0.011878630034998873,89
Symphonized,51,comfortable,2423,2512.2892730535978,0.011830096389405622,89
Symphonized,52,time,2331,2416.8990076301843,0.011778015805039538,89
Symphonized,53,phone,2151,2230.265879627854,0.011669890516645529,89
Symphonized,54,fabric cord,55,57.02678911182331,0.011627715817942965,89
Symphonized,55,it's,2082,2158.7231805602933,0.011626024089189236,89
Symphonized,56,little,2074,2150.428374871301,0.011620844349206327,89
Symphonized,57,got,2021,2095.475287181726,0.011586015494812323,89
Symphonized,58,set,1973,2045.7064530477708,0.011553674970117266,89
Symphonized,59,excellent,1949,2020.8220359807933,0.011537208441697464,89
Symphonized,60,amazing,1944,2015.637782425173,0.01153375240126955,89
Symphonized,61,volume,1939,2010.4535288695529,0.0115302874603929,89
Symphonized,62,recommend,1915,1985.5691118025754,0.011513530388996824,89
Symphonized,63,working,1845,1912.989562023891,0.011463428586357656,89
Symphonized,64,pretty,1842,1909.879009890519,0.011461239105323144,89
Symphonized,65,sound great,1833,1900.5473534904024,0.011454649202522087,89
Symphonized,66,hear,1813,1879.8103392679213,0.011439888376478287,89
Symphonized,67,right,1674,1735.6880904216769,0.011332567053330064,89
Symphonized,68,far,1669,1730.5038368660564,0.011328542414376908,89
Symphonized,69,pistons,13,13.479059244612783,0.011293367507781331,89
Symphonized,70,clear,1619,1678.6613013098536,0.011287619679505284,89
Symphonized,71,new,1614,1673.4770477542331,0.011283458105513726,89
Symphonized,72,long,1570,1627.8556164647746,0.011246270326651042,89
Symphonized,73,customer,1503,1558.3866188194627,0.01118759249631991,89
Symphonized,74,different,1474,1528.3179481968648,0.011161378944143992,89
Symphonized,75,service,1427,1479.585964774034,0.011117779484544399,89
Symphonized,76,tangle easily,94,97.46396684566166,0.011109269990430205,89
Symphonized,77,sounds,1417,1469.2174576627933,0.0111083178717203,89
Symphonized,78,good sound,1390,1441.2224884624436,0.011082434090483933,89
Symphonized,79,broke,1388,1439.1487870401954,0.011080496817580776,89
Symphonized,80,way,1364,1414.2643699732182,0.01105702931916421,89
Symphonized,81,review,1345,1394.5642064618612,0.011038156156112248,89
Symphonized,82,ones,1336,1385.2325500617446,0.011029122983657803,89
Symphonized,83,year,1334,1383.1588486394965,0.011027107349125325,89
Symphonized,84,listening,1317,1365.5323865503872,0.011009851429012256,89
Symphonized,85,bit,1286,1333.3900145055413,0.010977803421481611,89
Symphonized,86,feel,1283,1330.279462372169,0.010974661102111335,89
Symphonized,87,they're,1280,1327.1689102387973,0.01097151142654386,89
Symphonized,88,cloth cord,24,24.884417066977445,0.010956372744785689,89
Symphonized,89,can't,1247,1292.9528367717032,0.010936369435626855,89
Symphonized,90,looking,1244,1289.842284638331,0.010933128721578022,89
Symphonized,91,did,1235,1280.5106282382144,0.010923359479633628,89
Symphonized,92,awesome,1232,1277.4000761048421,0.010920087238542445,89
Symphonized,93,come,1231,1276.3632253937183,0.010918994720578402,89
Symphonized,94,nylon,457,473.84077498369555,0.010910086168670546,89
Symphonized,95,lot,1220,1264.9578675713535,0.010906918104378637,89
Symphonized,96,customer service,1216,1260.8104647268572,0.010902499592037042,89
Symphonized,97,mic,1215,1259.7736140157333,0.010901392692921718,89
Symphonized,98,definitely,1204,1248.3682561933686,0.010889156317726028,89
Symphonized,99,came,1200,1244.2208533488724,0.01088467898980449,89
Symphonized,100,say,1187,1230.7417941042595,0.010870023909522984,89
TOZO,1,tozo customer,605,108.31514802562968,0.020503305623517917,58
TOZO,2,tozo customer service,479,85.75695190789524,0.019856722857701414,58
TOZO,3,thank tozo,294,52.63579094138038,0.01850523308032356,58
TOZO,4,contacted tozo,531,95.06668363902374,0.01795890019579028,58
TOZO,5,tozo support,172,30.79372803373274,0.017020941189235306,58
TOZO,6,crystal buds,163,29.18242831103742,0.016872136149292907,58
TOZO,7,update tozo,161,28.82436170599402,0.016837953484102088,58
TOZO,8,received tozo,136,24.34852914295147,0.016370726555662435,58
TOZO,9,tozo reached,134,23.990462537908062,0.01632970712818455,58
TOZO,10,thanks tozo,267,47.80189177329443,0.016261664763140598,58
TOZO,11,great tozo,234,41.893792790078265,0.015935980765278017,58
TOZO,12,job tozo,115,20.588829789995724,0.015906342374414885,58
TOZO,13,tozo makes,114,20.409796487474026,0.015882160904439686,58
TOZO,14,t10 model,113,20.230763184952323,0.015857766379121167,58
TOZO,15,t-10,193,34.553427386688476,0.015460440868208207,58
TOZO,16,new tozo,165,29.540494916080828,0.015073491757741038,58
TOZO,17,happy tozo,158,28.28726179842891,0.014966474340701212,58
TOZO,18,purchase tozo,154,27.571128588342102,0.014903171946641073,58
TOZO,19,tozo products,721,129.0830111181471,0.014824919989562906,58
TOZO,20,service tozo,146,26.13886216816849,0.014771478959222996,58
TOZO,21,second pair tozo,145,25.959828865646784,0.01475451217009282,58
TOZO,22,reached tozo,140,25.064662353038273,0.014667883699169782,58
TOZO,23,tozo app,240,42.96799260520847,0.014618584011475887,58
TOZO,24,t6 t10,137,24.52756244547317,0.01461440886966351,58
TOZO,25,tozo pair,135,24.169495840429764,0.014578104419777048,58
TOZO,26,highly recommend tozo,132,23.63239593286466,0.014522626622127714,58
TOZO,27,fan tozo,131,23.45336263034296,0.014503853466251364,58
TOZO,28,nc2,953,170.61873730318197,0.014473760486431547,58
TOZO,29,customer service tozo,128,22.91626272277785,0.014446661917682192,58
TOZO,30,tozo sent,128,22.91626272277785,0.014446661917682192,58
TOZO,31,nc2's,118,21.12592969756083,0.014245847345872068,58
TOZO,32,t12s,325,58.18582331955314,0.01418208531673997,58
TOZO,33,purchased tozo,317,56.753556899379525,0.014129981098904667,58
TOZO,34,tozo nc7,109,19.514629974865514,0.014049992054451605,58
TOZO,35,nc2s,182,32.58406105894976,0.013994575849015294,58
TOZO,36,t12's,293,52.456757638858676,0.013965391991291525,58
TOZO,37,nc7,436,78.05851989946206,0.013841244527302433,58
TOZO,38,quality tozo,269,48.159958378337826,0.013786729007758682,58
TOZO,39,love tozo,395,70.71815449607227,0.013648113464745926,58
TOZO,40,buds tozo,152,27.2130619832987,0.013588259508164755,58
TOZO,41,tozo great,375,67.13748844563824,0.013546499477010022,58
TOZO,42,t10 wireless,148,26.49692877321189,0.013528103092258721,58
TOZO,43,t10 t12,132,23.63239593286466,0.013270024012362722,58
TOZO,44,sound quality tozo,128,22.91626272277785,0.013200611400008689,58
TOZO,45,nc9s,311,55.67935708424932,0.013180536477174423,58
TOZO,46,tozo really,125,22.379162815212744,0.013147113274142289,58
TOZO,47,tozo ear,297,53.172890848945485,0.013090458679300365,58
TOZO,48,tozo nc2,292,52.27772433633698,0.013057255346953277,58
TOZO,49,set tozo,274,49.05512489094634,0.01293282707202523,58
TOZO,50,nc9,1924,344.4600740517546,0.012903190011070036,58
TOZO,51,tozo best,112,20.05172988243062,0.012899400376783787,58
TOZO,52,tozo t10 wireless,111,19.87269657990892,0.012879169461720467,58
TOZO,53,tozo ear buds,259,46.36962535312081,0.012822725055189848,58
TOZO,54,t12,1782,319.0373450936729,0.012787648174785489,58
TOZO,55,t6s,378,67.67458835320335,0.01277085440146374,58
TOZO,56,nc9's,224,40.10345976486124,0.012538802863288828,58
TOZO,57,recommend tozo,325,58.18582331955314,0.012492655438526987,58
TOZO,58,pairs tozo,144,25.780795563125082,0.012480333626539573,58
TOZO,59,tozo sound,209,37.417960227035714,0.012403254676770972,58
TOZO,60,t10s,941,168.47033767292154,0.012378903720628689,58
TOZO,61,tozo good,136,24.34852914295147,0.012360839759899383,58
TOZO,62,i've tozo,136,24.34852914295147,0.012360839759899383,58
TOZO,63,got tozo,126,22.558196117734447,0.01220117643251328,58
TOZO,64,t6's,385,68.92782147085526,0.012117438753211385,58
TOZO,65,t8,120,21.483996302604236,0.012099177007075402,58
TOZO,66,tozo love,120,21.483996302604236,0.012099177007075402,58
TOZO,67,tozo t10s,169,30.25662812616763,0.011987809516732457,58
TOZO,68,price tozo,160,28.645328403472316,0.01188078789960526,58
TOZO,69,t6,3830,685.6975486581185,0.011817131622508288,58
TOZO,70,t10 bluetooth,146,26.13886216816849,0.011701716413270086,58
TOZO,71,t10 great,98,17.545263647126795,0.011675785142582737,58
TOZO,72,t10's,546,97.75218317684929,0.011520208009810911,58
TOZO,73,tozo t10 bluetooth,130,23.274329327821256,0.011474722274560402,58
TOZO,74,ipx8 waterproof,127,22.737229420256153,0.011429063485511837,58
TOZO,75,tozo nc9,486,87.01018502554716,0.011336565473866318,58
TOZO,76,t9,229,40.998626277469754,0.011212067316675085,58
TOZO,77,digital battery,53,9.488765033650203,0.01121164606750714,58
TOZO,78,good tozo,146,26.13886216816849,0.01101902448774768,58
TOZO,79,like tozo,275,49.23415819346804,0.010954241124028461,58
TOZO,80,tozo a1,130,23.274329327821256,0.0108052734545932,58
TOZO,81,tozo t6,1252,224.14969475717086,0.010804078103097853,58
TOZO,82,tozo's,605,108.31514802562968,0.010682786230425147,58
TOZO,83,tozo t12,424,75.91012026920163,0.010623958553703915,58
TOZO,84,tozo t10,1460,261.38862168168487,0.010585130215287829,58
TOZO,85,t10,3867,692.3217808514215,0.010579798064665484,58
TOZO,86,a1s,80,14.322664201736158,0.010525248965922072,58
TOZO,87,digital display,103,18.440430159735303,0.01037655391279673,58
TOZO,88,tozo t10's,121,21.66302960512594,0.010100342183681645,58
TOZO,89,size ear caps,56,10.02586494121531,0.009827724995922446,58
TOZO,90,tozo wireless,319,57.11162350442292,0.0097594680256823,58
TOZO,91,transparent mode,555,99.3634828995446,0.009723298732362745,58
TOZO,92,case digital,38,6.803265495824675,0.009695214840189141,58
TOZO,93,tozo buds,213,38.134093437122516,0.009586476530732139,58
TOZO,94,pair tozo,849,151.99927384092499,0.009522670575704266,58
TOZO,95,tozos,563,100.79574931971821,0.009367840190234383,58
TOZO,96,g1,137,24.52756244547317,0.00933903465402921,58
TOZO,97,charging display,16,2.8645328403472314,0.0093132317104858,58
TOZO,98,love wireless charging,219,39.20829325225273,0.009216878032501886,58
TOZO,99,khaki,218,39.02925994973103,0.00921027573038808,58
TOZO,100,sound,88284,15805.776079825939,0.009169137774116279,58
iJoy,1,ijoy,342,713.6254467983883,0.027030969718613747,39
iJoy,2,tf card,27,56.33885106303065,0.02314910534106033,39
iJoy,3,sd card slot,36,75.11846808404087,0.022890929274402914,39
iJoy,4,micro sd card,54,112.6777021260613,0.021947809233202015,39
iJoy,5,card slot,56,116.85095035295247,0.020921307036204387,39
iJoy,6,memory card,35,73.03184397059529,0.02004013428610954,39
iJoy,7,radio function,20,41.732482268911596,0.01995541550095188,39
iJoy,8,microsd card,22,45.90573049580276,0.017997535869667423,39
iJoy,9,sound,7230,15086.292340211543,0.01747976508144008,39
iJoy,10,great,7165,14950.661772837579,0.01746379710548231,39
iJoy,11,radio feature,28,58.42547517647623,0.0171334208706583,39
iJoy,12,good,5666,11822.812226782655,0.017048772396527,39
iJoy,13,sd card,147,306.73374467650024,0.016955219029574746,39
iJoy,14,quality,4787,9988.66963106399,0.0167507012257115,39
iJoy,15,micro sd,84,175.2764255294287,0.016573160182850228,39
iJoy,16,price,4182,8726.262042429415,0.016511800988443338,39
iJoy,17,pair,2800,5842.547517647624,0.015802478248878756,39
iJoy,18,work,2613,5452.3488084333,0.01568026404852157,39
iJoy,19,love,2567,5356.364099214804,0.015648860066547955,39
iJoy,20,sound quality,2523,5264.552638223198,0.01561829038299502,39
iJoy,21,just,2360,4924.432907731568,0.015500201911756982,39
iJoy,22,like,2334,4870.180680781983,0.01548061437000793,39
iJoy,23,bluetooth,2284,4765.849475109704,0.015442324994947739,39
iJoy,24,battery,2116,4415.296624050847,0.015307238163479878,39
iJoy,25,really,1998,4169.074978664268,0.015205781146360819,39
iJoy,26,charge,1935,4037.6176595171974,0.015149131267859613,39
iJoy,27,comfortable,1636,3413.7170495969685,0.01485234447452696,39
iJoy,28,noise,1615,3369.897943214611,0.014829501450492583,39
iJoy,29,ear,1579,3294.7794751305705,0.01478964200877043,39
iJoy,30,music,1561,3257.22024108855,0.014769370183921372,39
iJoy,31,time,1541,3215.4877588196387,0.014746569942212368,39
iJoy,32,easy,1466,3058.99095031122,0.014658350735584183,39
iJoy,33,ears,1417,2956.7463687523864,0.014598241875491563,39
iJoy,34,phone,1353,2823.2024254918697,0.014516522933902177,39
iJoy,35,got,1306,2725.1310921599274,0.01445400998485892,39
iJoy,36,long,1251,2610.36676592042,0.014377934595632096,39
iJoy,37,volume,1226,2558.201163084281,0.014342242341196007,39
iJoy,38,months,1189,2480.9960708867943,0.014288059246787287,39
iJoy,39,head,1185,2472.649574433012,0.014282100911768247,39
iJoy,40,microsd,33,68.85859574370413,0.014270462523655035,39
iJoy,41,life,1161,2422.5705957103182,0.014245922989930148,39
iJoy,42,works,1152,2403.790978689308,0.014232163120925432,39
iJoy,43,don't,1147,2393.35785812208,0.014224472224746869,39
iJoy,44,broke,1097,2289.026652449801,0.014145665320099785,39
iJoy,45,recommend,1094,2282.7667801094644,0.014140823324621956,39
iJoy,46,battery life,1055,2201.3884396850867,0.014076640162841977,39
iJoy,47,son tablet,9,18.779617021010218,0.014065403786449299,39
iJoy,48,son,1041,2172.175702096849,0.014053019697625804,39
iJoy,49,working,1039,2168.002453869957,0.014049619438416972,39
iJoy,50,nice,1034,2157.5693333027293,0.014041090071931502,39
iJoy,51,loves,1026,2140.8763403951652,0.014027356921387926,39
iJoy,52,better,1019,2126.2699716010457,0.014015252287602576,39
iJoy,53,i'm,1018,2124.1833474876003,0.014013516269550814,39
iJoy,54,it's,1018,2124.1833474876003,0.014013516269550814,39
iJoy,55,hear,1011,2109.576978693481,0.014001316182009255,39
iJoy,56,tf,43,89.72483687815993,0.013986385043065874,39
iJoy,57,pretty,979,2042.8050070632228,0.013944446661018158,39
iJoy,58,sd,195,406.89170212188804,0.013930191713469854,39
iJoy,59,set,947,1976.0330354329642,0.013885687052517507,39
iJoy,60,little,920,1919.6941843699333,0.01383454302134547,39
iJoy,61,amazing,912,1903.0011914623688,0.013819100702719378,39
iJoy,62,fit,909,1896.7413191220319,0.013813274884454796,39
iJoy,63,great sound,908,1894.6546950085865,0.013811328671551992,39
iJoy,64,charging,904,1886.308198554804,0.013803522326669983,39
iJoy,65,loud,900,1877.961702101022,0.013795681363737372,39
iJoy,66,money,895,1867.528581533794,0.01378583100821235,39
iJoy,67,bass,878,1832.055971605219,0.013751923277441522,39
iJoy,68,year,855,1784.0636169959707,0.013704987933459622,39
iJoy,69,hours,815,1700.5986524581476,0.013620270688524122,39
iJoy,70,kids,809,1688.0789077774741,0.013607205597720808,39
iJoy,71,headset,805,1679.7324113236916,0.013598441593439873,39
iJoy,72,day,778,1623.3935602606612,0.013538120361887012,39
iJoy,73,far,777,1621.3069361472155,0.013535846233928913,39
iJoy,74,cheap,777,1621.3069361472155,0.013535846233928913,39
iJoy,75,old,748,1560.7948368572936,0.01346859105326097,39
iJoy,76,kids tablets,11,22.95286524790138,0.01343832444810421,39
iJoy,77,wear,731,1525.322226928719,0.01342794249884219,39
iJoy,78,connect,724,1510.7158581345998,0.013410929392040803,39
iJoy,79,kids love great,18,37.559234042020435,0.013407139487300034,39
iJoy,80,purchased,702,1464.810127638797,0.0133563683261306,39
iJoy,81,wireless,701,1462.7235035253514,0.013353847820723476,39
iJoy,82,easy kids,15,31.2993617016837,0.013349291709589118,39
iJoy,83,light,692,1443.9438865043412,0.013331000111290743,39
iJoy,84,i've,692,1443.9438865043412,0.013331000111290743,39
iJoy,85,perfect,686,1431.4241418236677,0.013315602618540092,39
iJoy,86,awesome,682,1423.0776453698854,0.013305262622734976,39
iJoy,87,daughter,681,1420.9910212564398,0.01330266814795738,39
iJoy,88,gym,679,1416.8177730295488,0.013297467749374185,39
iJoy,89,good sound,669,1395.951531895093,0.013271233822374596,39
iJoy,90,listen,666,1389.6916595547561,0.013263287138239903,39
iJoy,91,best,662,1381.3451631009739,0.013252635694921815,39
iJoy,92,definitely,657,1370.912042533746,0.013239230518932494,39
iJoy,93,worked,651,1358.3922978530725,0.013223008990074427,39
iJoy,94,great price,648,1352.1324255127358,0.013214842073736213,39
iJoy,95,happy,642,1339.612680832062,0.013198394194721826,39
iJoy,96,can't,631,1316.659815584161,0.013167836518712351,39
iJoy,97,purchase,623,1299.9668226765962,0.013145276286094455,39
iJoy,98,cord,617,1287.4470779959229,0.013128165176000444,39
iJoy,99,way,616,1285.360453882477,0.013125297155511629,39
iJoy,100,sound great,610,1272.8407092018037,0.013107990646278267,39
occiam,1,t17,111,229.39097728822665,0.033599237125585615,30
occiam,2,occiam,386,797.7019570563558,0.032426796825629614,30
occiam,3,k23,80,165.3268304780012,0.026821272887045715,30
occiam,4,charging display,12,24.79902457170018,0.020507852793184983,30
occiam,5,digital battery,13,26.865609952675197,0.019169418726966366,30
occiam,6,digital display,25,51.66463452437538,0.018520169330700904,30
occiam,7,sound,7774,16065.634751699767,0.01757033576978015,30
occiam,8,great,7763,16042.90231250904,0.017567837496335722,30
occiam,9,case charge phone,18,37.198536857550266,0.017078090635166864,30
occiam,10,good,5615,11603.876914174709,0.016996316889726738,30
occiam,11,case digital,11,22.732439190725163,0.016933375202229938,30
occiam,12,quality,4917,10161.400318254147,0.016762111971055087,30
occiam,13,ear,4438,9171.505920767117,0.01658127548332086,30
occiam,14,charge phone case,8,16.53268304780012,0.016558749771331788,30
occiam,15,case display,19,39.26512223852528,0.016386143098642832,30
occiam,16,display charging,12,24.79902457170018,0.016245974982830202,30
occiam,17,battery,3576,7390.109322366654,0.016200248593462235,30
occiam,18,case,3469,7168.984686602327,0.016146650349982385,30
occiam,19,power display,9,18.599268428775133,0.015933334910948525,30
occiam,20,sound quality,3008,6216.288825972845,0.01589507019362511,30
occiam,21,charge,2887,5966.231994874868,0.01582263044364205,30
occiam,22,like,2708,5596.31321168034,0.015709698823550132,30
occiam,23,work,2676,5530.18247948914,0.015688725636953917,30
occiam,24,love,2550,5269.7927214862875,0.0156036314892562,30
occiam,25,life,2445,5052.801256483911,0.015529443744761534,30
occiam,26,charging,2431,5023.869061150262,0.015519312100985316,30
occiam,27,just,2404,4968.071255863936,0.01549960665902459,30
occiam,28,pair,2403,4966.004670482961,0.015498872584311941,30
occiam,29,comfortable,2303,4759.34613238546,0.015423878356674926,30
occiam,30,battery life,2287,4726.2807662898595,0.015411577837684503,30
occiam,31,comes lifetime,10,20.66585380975015,0.015396026405101319,30
occiam,32,case displays,18,37.198536857550266,0.015353075497577012,30
occiam,33,phone,2210,4567.153691954783,0.015351151723790967,30
occiam,34,price,2157,4457.624666763108,0.01530832366583582,30
occiam,35,fit,2129,4399.760276095807,0.01528527072037671,30
occiam,36,ears,2082,4302.630763189981,0.015245884434303098,30
occiam,37,easy,2060,4257.165884808531,0.015227141781940916,30
occiam,38,time,1841,3804.583686375003,0.015028834156252587,30
occiam,39,display charging case,6,12.39951228585009,0.015011827906782085,30
occiam,40,really,1761,3639.256855897001,0.014950449315048726,30
occiam,41,buds,1675,3461.53051313315,0.0148621107400822,30
occiam,42,working,1584,3273.4712434644234,0.014763554456320485,30
occiam,43,lifetime warranty,229,473.24805224327844,0.014739619903040964,30
occiam,44,life time warranty,18,37.198536857550266,0.014629883893906428,30
occiam,45,far,1468,3033.747339271322,0.014629371579858864,30
occiam,46,right,1382,2856.0209965074705,0.014522859261040348,30
occiam,47,digital readout,10,20.66585380975015,0.01449780408106918,30
occiam,48,noise,1356,2802.28977660212,0.014489349808061153,30
occiam,49,charging case,778,1607.8034263985617,0.014410077048699451,30
occiam,50,music,1280,2645.229287648019,0.014387583751375879,30
occiam,51,long,1252,2587.3648969807186,0.014348560233827223,30
occiam,52,great sound,1250,2583.231726218769,0.014345739532113091,30
occiam,53,stay,1246,2574.9653846948686,0.014340084563982313,30
occiam,54,don't,1192,2463.3697741222177,0.014261913598899658,30
occiam,55,left,1154,2384.839529645167,0.014204751527970967,30
occiam,56,volume,1114,2302.176114406167,0.014142510557401991,30
occiam,57,months,1109,2291.8431875012916,0.014134573753435914,30
occiam,58,set,1100,2273.2439190725163,0.014120196908908937,30
occiam,59,bluetooth,1073,2217.446113786191,0.014076349819634109,30
occiam,60,case shows battery,13,26.865609952675197,0.014068819135100885,30
occiam,61,display shows,9,18.599268428775133,0.014035288787480548,30
occiam,62,recommend,1038,2145.1156254520656,0.014017839295313767,30
occiam,63,i'm,1031,2130.6495277852405,0.014005900690240354,30
occiam,64,hear,1019,2105.85050321354,0.013985244666449563,30
occiam,65,nice,1010,2087.251234784765,0.01396959238349152,30
occiam,66,ear buds,992,2050.052697927215,0.01393786498125613,30
occiam,67,case tells,21,43.39829300047531,0.013908536090309126,30
occiam,68,stopped,946,1954.9897704023642,0.013854092762642723,30
occiam,69,got,937,1936.3905019735892,0.013837226848848836,30
occiam,70,better,932,1926.057575068714,0.013827786759199469,30
occiam,71,charge display,17,35.13195147657525,0.013770343006741199,30
occiam,72,i've,892,1843.3941598297133,0.013750390642391341,30
occiam,73,day,866,1789.662939924363,0.013698199052795368,30
occiam,74,works,850,1756.5975738287627,0.01366529649469362,30
occiam,75,charged,829,1713.1992808282873,0.013621159208557524,30
occiam,76,excellent,818,1690.4668416375623,0.013597591360846623,30
occiam,77,amazing,796,1645.0019632561118,0.013549489660435973,30
occiam,78,it's,780,1611.9365971605116,0.013513664093601111,30
occiam,79,connect,744,1537.5395234454113,0.013430293534902108,30
occiam,80,good sound,742,1533.4063526834611,0.013425544276189515,30
occiam,81,best,736,1521.0068403976109,0.013411219310788446,30
occiam,82,come lifetime warranty,11,22.732439190725163,0.013409552069220478,30
occiam,83,sound great,727,1502.4075719688358,0.013389511399330058,30
occiam,84,clear,727,1502.4075719688358,0.013389511399330058,30
occiam,85,calls,716,1479.6751327781108,0.013362611593432933,30
occiam,86,battery display,25,51.66463452437538,0.01336068155396467,30
occiam,87,pretty,711,1469.3422058732356,0.01335024750256575,30
occiam,88,wear,702,1450.7429374444605,0.013327771420952862,30
occiam,89,tried,684,1413.5444005869103,0.013281941609275382,30
occiam,90,hours,684,1413.5444005869103,0.013281941609275382,30
occiam,91,fall,683,1411.4778152059353,0.013279360264928469,30
occiam,92,worked,681,1407.344644443985,0.013274186218562413,30
occiam,93,wireless,678,1401.14488830106,0.013266396587602853,30
occiam,94,awesome,659,1361.8797660625348,0.013216247179541642,30
occiam,95,money,653,1349.4802537766848,0.013200109732776282,30
occiam,96,bass,636,1314.3483023001095,0.013153568748310588,30
occiam,97,love charging case,46,95.06292752485068,0.013150687359504795,30
occiam,98,happy,626,1293.6824484903593,0.013125607013368921,30
occiam,99,perfect,625,1291.6158631093845,0.013122786311654793,30
occiam,100,sounds,615,1270.9500092996343,0.013094328460092564,30
phaiser,1,bhs-730,372,404.0425982545794,0.02228786102595894,28
phaiser,2,bhs-530,171,185.72925887508893,0.022201426232534297,28
phaiser,3,bhs-750,396,430.10986265810067,0.021364262686061484,28
phaiser,4,phaiser bhs-730,161,174.86789870695506,0.0195900527142388,28
phaiser,5,bhs,108,117.30268981584564,0.019341924845181317,28
phaiser,6,phaiser bhs-750,148,160.74813048838107,0.018352444723050726,28
phaiser,7,phaiser,2252,2445.978309863744,0.017157568625764903,28
phaiser,8,phaisers,161,174.86789870695506,0.016940486185031946,28
phaiser,9,sound,13423,14579.203753686073,0.014371737977073726,28
phaiser,10,great,12566,13648.385187277001,0.0142814763114778,28
phaiser,11,good,9106,9890.354569102688,0.013840857499083535,28
phaiser,12,quality,7847,8522.909323934637,0.013637277979241962,28
phaiser,13,ear,6793,7378.121962213328,0.01343994204628463,28
phaiser,14,included comply,23,24.98112838670787,0.013321684404994944,28
phaiser,15,battery,5279,5733.712032757862,0.013094962072037433,28
phaiser,16,pair,5105,5544.724365832333,0.013049107797950914,28
phaiser,17,magnetic backs,32,34.75635253802834,0.013022160188965085,28
phaiser,18,sound quality,4484,4870.233899391221,0.012871655697484892,28
phaiser,19,love magnets,56,60.82361694154959,0.012850178546716162,28
phaiser,20,like,4376,4752.931209575376,0.01283830029798662,28
phaiser,21,just,4247,4612.819663406449,0.012797363079827486,28
phaiser,22,fit,4211,4573.718766801167,0.01278571667065616,28
phaiser,23,bluetooth,4077,4428.176540548173,0.012741473371557474,28
phaiser,24,price,3963,4304.357034631447,0.012702673301378965,28
phaiser,25,work,3709,4028.478486360847,0.012612050292815676,28
phaiser,26,really,3565,3872.0748999397197,0.012557875090704931,28
phaiser,27,ears,3511,3813.4235550317967,0.012536993240878567,28
phaiser,28,phone,3321,3607.0577118372535,0.012460877873958331,28
phaiser,29,love,3237,3515.8222864249287,0.012425828018792384,28
phaiser,30,time,3023,3283.3891788268647,0.012332252271390608,28
phaiser,31,comfortable,3009,3268.183274591477,0.01232590156427708,28
phaiser,32,magnetic feature,102,110.78587371496533,0.01231898758335566,28
phaiser,33,easy,2987,3244.2882822215824,0.012315861936603731,28
phaiser,34,i'm,2913,3163.9142169773922,0.01228154116175481,28
phaiser,35,life,2876,3123.7271843552967,0.012264052414969842,28
phaiser,36,i've,2776,3015.1135826739583,0.012215635426690912,28
phaiser,37,buds,2696,2928.2227013288875,0.012175629029280408,28
phaiser,38,far,2682,2913.0167970935004,0.012168506031315444,28
phaiser,39,battery life,2664,2893.466348790859,0.012159293058423584,28
phaiser,40,working,2654,2882.604988622725,0.012154147804881138,28
phaiser,41,love magnet,42,45.617712706162195,0.012114555206660146,28
phaiser,42,customer,2501,2716.4261780502775,0.012072912477623017,28
phaiser,43,charge,2471,2683.8420975458757,0.012056402366106639,28
phaiser,44,don't,2419,2627.3630246715798,0.012027304210842252,28
phaiser,45,months,2417,2625.1907526379528,0.012026172596795599,28
phaiser,46,better,2389,2594.778944167178,0.012010230928067678,28
phaiser,47,service,2343,2544.816687393762,0.011983630943918366,28
phaiser,48,stay,2343,2544.816687393762,0.011983630943918366,28
phaiser,49,music,2268,2463.3564861327586,0.01193912079506115,28
phaiser,50,set,2248,2441.633765796491,0.011927002723767968,28
phaiser,51,running,2203,2392.7576450398883,0.011899338128647047,28
phaiser,52,nice,2046,2222.234290400187,0.01179818826860198,28
phaiser,53,right,2045,2221.1481543833734,0.01179751942414749,28
phaiser,54,recommend,2018,2191.8224819294123,0.01177933590508002,28
phaiser,55,customer service,1974,2144.032497189623,0.011749175697027945,28
phaiser,56,volume,1898,2061.4861599118058,0.011695461557019778,28
phaiser,57,magnet feature,43,46.70384872297558,0.011691992478486438,28
phaiser,58,little,1863,2023.4713993233372,0.011669997250706918,28
phaiser,59,it's,1852,2011.5239031383899,0.011661895297366633,28
phaiser,60,battery high,136,147.71449828662043,0.011634373661768166,28
phaiser,61,magnetic ends,61,66.25429702561652,0.011616988994400283,28
phaiser,62,hours,1792,1946.3557421295868,0.01161683783430265,28
phaiser,63,long,1790,1944.18347009596,0.01161531006049296,28
phaiser,64,bass,1788,1942.0111980623333,0.0116137805787189,28
phaiser,65,got,1782,1935.494381961453,0.011609181847315308,28
phaiser,66,great sound,1781,1934.4082459446397,0.011608413886978327,28
phaiser,67,best,1764,1915.9439336588123,0.01159529217162513,28
phaiser,68,noise,1750,1900.7380294234247,0.01158439074897096,28
phaiser,69,excellent,1661,1804.0719239270334,0.011512980347779067,28
phaiser,70,headset,1570,1705.2335463970153,0.011435894631959273,28
phaiser,71,different,1567,1701.9751383465752,0.011433277886556367,28
phaiser,72,gym,1556,1690.027642161628,0.011423640104561915,28
phaiser,73,pretty,1553,1686.7692341111876,0.011420999792444132,28
phaiser,74,tips,1513,1643.3237934386523,0.011385299885508736,28
phaiser,75,case,1468,1594.4476726820499,0.011343991508591746,28
phaiser,76,happy,1455,1580.327904463476,0.011331822029135248,28
phaiser,77,day,1440,1564.035864211275,0.011317644479418881,28
phaiser,78,wireless,1432,1555.3467760767683,0.01131002261399891,28
phaiser,79,ear buds,1416,1537.968599807754,0.011294650302784547,28
phaiser,80,purchase,1357,1473.886574815764,0.011236423587590838,28
phaiser,81,winged,90,97.7522415132047,0.011207966765968615,28
phaiser,82,did,1308,1420.6659099919082,0.011186108015508501,28
phaiser,83,tried,1292,1403.287733722894,0.011169269386893488,28
phaiser,84,make sure satisfied,29,31.49794448758818,0.011167483319649093,28
phaiser,85,works,1285,1395.6847816052004,0.011161836812050515,28
phaiser,86,company,1268,1377.2204693193728,0.01114361636086474,28
phaiser,87,come,1242,1348.9809328822248,0.011115271798110372,28
phaiser,88,way,1224,1329.430484579584,0.011095298869603525,28
phaiser,89,amazing,1218,1322.9136684787036,0.01108857590126215,28
phaiser,90,awesome,1212,1316.3968523778233,0.011081819732942507,28
phaiser,91,new,1202,1305.5354922096894,0.011070484777430584,28
phaiser,92,issue,1199,1302.2770841592494,0.011067065896923182,28
phaiser,93,run,1196,1299.018676108809,0.011063638451361723,28
phaiser,94,stopped,1193,1295.7602680583689,0.01106020239772368,28
phaiser,95,week,1159,1258.8316434867138,0.01102064511463798,28
phaiser,96,sound great,1151,1250.1425553522067,0.011011168911873688,28
phaiser,97,didn't,1143,1241.4534672176997,0.011001626614746157,28
phaiser,98,worked,1136,1233.8505151000059,0.010993222157310596,28
phaiser,99,wear,1134,1231.6782430663793,0.010990811370247312,28
phaiser,100,hear,1120,1216.472338830992,0.01097381585598286,28
