brand_store,product_count,review_count,median_price,median_rating,mean_rating,median_reviews_per_product,review_share
TOZO,58,162934,35.99,4.3,4.343103448275862,36.0,0.055004722869830415
Sony,1342,135818,96.17500000000001,4.0,3.903874813710879,8.0,0.04585066008773262
Panasonic,294,76909,29.99,3.8,3.7615646258503403,9.0,0.02596363086400498
SAMSUNG,561,75992,24.99,3.9,3.8183600713012478,8.0,0.02565406176933085
Bose,152,75563,189.95,4.2,4.093421052631579,75.5,0.025509236096904243
Skullcandy,599,63884,34.83,4.0,3.953255425709516,10.0,0.021566534399304296
Soundcore,74,60848,64.95,4.3,4.2337837837837835,233.5,0.02054161425597752
Amazon Renewed,1876,50909,68.5,4.1,3.951865671641791,4.0,0.017186317383604384
SoundPEATS,240,49652,40.38,4.0,3.9429166666666666,21.0,0.016761968035725015
Sennheiser Consumer Audio,197,45624,149.97,3.9,3.89746192893401,83.0,0.015402159624222955
JLab,141,41896,24.99,4.0,3.9021276595744685,60.0,0.014143627906725515
JBL,437,40997,57.99,4.0,3.9560640732265444,15.0,0.013840135413691664
Senso,16,35971,24.96,4.05,3.96875,317.0,0.012143413200134226
JVC,546,34204,21.95,3.9,3.8384615384615386,6.0,0.011546893472447
Plantronics,383,33514,79.99,3.8,3.657963446475196,9.0,0.01131395707623637
Audio-Technica,481,32020,89.99,3.9,3.87006237006237,4.0,0.01080959914009335
Jabra,245,30619,75.975,3.6,3.5326530612244897,8.0,0.010336636979091764
Symphonized,89,28263,20.0,4.0,3.850561797752809,72.0,0.009541277342175464
LG,177,26773,73.5,4.0,3.8333333333333335,16.0,0.009038269761952506
phaiser,28,23762,,3.8499999999999996,3.6607142857142856,43.5,0.008021789343126114
Koss,245,23678,20.715,3.8,3.66734693877551,5.0,0.00799343186880482
Anker,38,22579,49.95,4.0,3.9499999999999997,134.0,0.007622421579767887
Aftershokz,52,21633,131.56,4.4,4.188461538461539,115.0,0.007303062404673312
Betron,37,20956,14.99,4.2,4.22972972972973,104.0,0.007074514665202881
Jaybird,54,20740,48.935,3.7,3.6722222222222225,70.0,0.007001595445519553
Avantree,105,20737,99.99,4.0,3.9723809523809526,31.0,0.007000582678579507
iJoy,39,20387,24.99,4.0,3.928205128205128,22.0,0.006882426535574114
occiam,30,20139,25.74,4.65,4.613333333333333,44.0,0.006798704468530293
Otium,48,19266,22.99,3.9,3.7624999999999997,45.0,0.006503989288976842
OneOdio,34,18554,34.49,4.0,4.105882352941176,8.5,0.006263625935205872
MEE audio,112,18456,39.99,3.7,3.6830357142857144,44.0,0.0062305422151643615
Sennheiser,293,17852,139.95,3.8,3.7750853242320814,9.0,0.006026638471235056
PHILIPS,243,17337,28.825,3.8,3.718518518518519,14.0,0.005852780146527121
Motorola,276,17203,24.99,3.7,3.6268115942028984,8.0,0.005807543223205056
TREBLAB,36,15684,54.97,4.0,3.933333333333333,91.5,0.005294745562561652
Bluedio,44,15075,25.99,4.0,3.9840909090909093,64.5,0.005089153873732269
iLuv,107,13196,19.99,3.8,3.7383177570093458,6.0,0.004454824180283318
Apple,163,12423,176.44,4.2,4.149693251533742,14.0,0.004193867898731408
TAGRY,6,12323,34.99,4.800000000000001,4.75,78.0,0.004160109000729867
Kinivo,16,11775,30.490000000000002,3.7,3.6,105.5,0.0039751102396814245
Klipsch,90,11398,99.97,3.7,3.7444444444444445,55.5,0.0038478391942156154
ELECDER,26,10931,16.99,4.4,4.361538461538462,119.5,0.00369018514054842
Philips,275,10889,33.045,3.7,3.6603636363636363,8.0,0.0036760064033877727
CozyPhones,44,10847,19.99,4.0,3.8909090909090907,17.0,0.003661827666227126
V-MODA,57,10782,139.92000000000002,3.9,3.7982456140350878,53.0,0.0036398843825261244
TRANYA,20,10552,39.99,4.3,4.3,151.5,0.0035622389171225807
kurdene,18,10289,20.99,4.25,4.022222222222222,18.5,0.0034734530153785284
Shure,126,10125,158.95,3.7,3.7365079365079366,13.0,0.0034180884226560015
EarFun,18,9780,54.99,4.3,4.344444444444445,94.5,0.003301620224550686
1MORE,60,9682,49.99,3.9,3.9016666666666664,28.5,0.003268536504509176
LilGadgets,5,9532,24.95,4.4,4.42,973.0,0.003217898157506865
Riwbox,54,9261,32.89,4.25,4.046296296296297,13.5,0.0031264115439226894
Rovking,10,8977,11.99,3.9,3.79,109.0,0.0030305362735983136
LASUNEY,24,8906,19.99,3.9,3.8791666666666664,143.5,0.0030065674560172196
Tribit,20,8850,53.155,4.1,4.135,64.5,0.002987662473136357
eKids,187,8806,20.74,4.4,4.286096256684492,14.0,0.002972808558015679
iClever,52,8785,22.99,4.45,4.348076923076923,38.5,0.0029657191894353553
ZIHNIC,14,8755,47.99,4.4,4.357142857142857,2.5,0.0029555915200348932
AILIHEN,73,8616,39.98,3.7,3.7136986301369865,25.0,0.0029086666518127516
sephia,14,8290,14.95,4.3,4.285714285714286,102.5,0.0027986126443277286
MUSICOZY,27,7906,29.99,4.3,4.303703703703704,5.0,0.002668978476001812
Edifier,140,7830,44.99,4.0,3.9271428571428566,8.0,0.002643321713520641
Alphasonik,7,7792,19.95,3.5,3.5,260.0,0.0026304933322800557
PASONOMI,9,7446,39.99,4.0,3.9444444444444446,38.0,0.0025136875451947246
Monster,155,7353,59.99,3.9,3.7574193548387096,15.0,0.0024822917700532917
Purity,4,7192,39.99,4.45,4.525,35.0,0.0024279399442708113
Soundbot,37,6993,19.99,3.6,3.5432432432432432,69.0,0.002360759737247745
PowerLocus,16,6816,28.99,4.4,4.4,81.0,0.002301006487785018
Donerton,12,6774,29.99,3.95,3.9499999999999997,43.0,0.0022868277506243708
Hussar,3,6709,29.99,4.0,4.0,453.0,0.0022648844669233693
Kirababy,4,6463,14.99,4.25,4.2,1346.5,0.002181837577839579
Motast,12,6440,35.99,3.95,3.9333333333333336,50.5,0.002174073031299225
noot products,7,6244,13.99,4.7,4.542857142857143,351.0,0.0021079055912162047
Picun,78,6221,31.490000000000002,4.0,3.980769230769231,11.5,0.0021001410446758505
Perytong,13,6206,35.98,4.3,4.3076923076923075,4.0,0.0020950772099756192
APEKX,7,6091,27.99,4.1,4.014285714285714,175.0,0.0020562544772738476
LUDOS,18,5637,19.47,4.35,4.361111111111111,28.0,0.0019029890803468523
Sentey,25,5624,,3.6,3.608,178.0,0.0018986004236066522
Sakar,152,5530,14.969999999999999,3.7,3.5440789473684213,4.0,0.0018668670594852038
Creative,87,5159,46.0,3.7,3.6965517241379313,18.0,0.0017416215478994876
FALWEDI,14,5113,26.945,4.0,3.9499999999999997,180.5,0.0017260924548187788
Monoprice,85,5053,35.375,3.7,3.6470588235294117,7.0,0.0017058371160178544
Yurbuds,106,4911,29.99,3.9,3.8056603773584903,24.5,0.0016578994808556665
Amazon Basics,39,4891,6.89,3.9,3.894871794871795,74.0,0.0016511477012553584
COMEXION,3,4889,38.99,4.3,4.233333333333333,2251.0,0.0016504725232953275
Behringer,9,4846,18.595,3.8,3.744444444444445,4.0,0.001635956197154665
PALOVUE,30,4796,25.99,4.1,4.023333333333333,10.0,0.0016190767481538946
Rowkin,35,4795,,3.6,3.5457142857142854,48.0,0.0016187391591738793
SHOKZ,6,4790,154.95,4.45,4.466666666666667,788.0,0.0016170512142738023
Beats,226,4758,258.135,3.9,3.8805309734513274,4.0,0.0016062483669133092
Sonitum,8,4684,38.97,4.45,4.4625,340.5,0.001581266782392169
Srhythm,15,4662,64.99,4.3,4.28,27.0,0.00157383982483183
SKYCABLE,69,4645,10.985,3.3,3.3057971014492753,7.0,0.001568100812171568
GOLREX,7,4638,31.740000000000002,4.5,4.428571428571429,85.0,0.0015657376893114603
YINYOO,91,4635,24.99,4.2,4.148351648351649,4.0,0.001564724922371414
BEBEN,14,4629,19.99,3.8,3.7214285714285715,48.0,0.0015626993884913217
Raycon,21,4577,119.99,4.0,3.8714285714285714,17.0,0.0015451447615305203
Hspro,8,4573,9.75,4.1,4.0875,376.5,0.0015437944056104589
Geekee,14,4557,,4.1,4.15,87.0,0.0015383929819302122
WINCASE,11,4513,23.49,4.1,3.9818181818181815,14.0,0.0015235390668095342
Snug,9,4463,22.99,3.9,3.9000000000000004,323.0,0.001506659617808764
Linsoul,182,4457,61.49,4.2,4.112637362637362,2.0,0.0015046340839286714
AMORNO,17,4252,29.99,3.9,3.8823529411764706,19.0,0.001435428343025513
Beyution,61,4240,12.99,3.6,3.680327868852459,6.0,0.001431377275265328
SOL REPUBLIC,53,4110,67.72,4.0,3.943396226415094,37.0,0.0013874907078633252
BRAINWAVZ,48,4028,,3.5,3.5104166666666665,30.5,0.0013598084115020617
Plugfones,16,3954,29.47,4.15,3.90625,12.5,0.0013348268269809216
Kidz Gear,6,3891,17.49,4.0,3.85,30.5,0.0013135587212399508
Sound Intone,92,3882,,3.4,3.490217391304348,20.0,0.0013105204204198122
BluePhonic,3,3881,,4.1,4.033333333333333,1783.0,0.0013101828314397968
SleepPhones,67,3850,99.95,3.7,3.656716417910448,7.0,0.0012997175730593191
Razer,36,3832,84.99,4.0,3.9916666666666663,46.5,0.0012936409714190418
GOgroove,40,3789,15.82,3.8,3.715,19.0,0.0012791246452783793
OFUSHO,3,3722,49.99,4.2,4.133333333333334,179.0,0.001256506183617347
Back Bay Audio,9,3636,49.99,4.3,4.222222222222222,148.0,0.0012274735313360218
HAYLOU,26,3615,,4.1,4.023076923076923,6.0,0.0012203841627556984
Maxell,129,3597,10.71,3.6,3.376744186046512,4.0,0.001214307561115421
MAXROCK,36,3580,13.99,3.6500000000000004,3.7138888888888886,13.5,0.001208568548455159
Jawbone,78,3575,,3.45,3.4179487179487182,6.0,0.001206880603555082
Coby,134,3527,19.99,3.4,3.3671641791044777,3.0,0.0011906763325143426
RCA,38,3501,17.17,3.7,3.6,8.5,0.0011818990190339419
ARTIX,18,3497,19.74,3.95,3.9722222222222223,65.0,0.0011805486631138802
WINONLY,4,3481,14.989999999999998,4.15,4.15,492.0,0.0011751472394336338
VERTEX STYLE,31,3450,9.969999999999999,3.4,3.490322580645161,8.0,0.0011646819810531561
AUSDOM,22,3434,49.99,3.9,3.9818181818181815,15.5,0.0011592805573729095
Etymotic Research,54,3347,90.43,3.8,3.714814814814815,18.5,0.001129910316111569
Woice,11,3255,17.99,4.3,4.254545454545454,28.0,0.0010988521299501515
MOING,12,3238,39.49,3.8499999999999996,3.8833333333333333,31.0,0.0010931131172898898
gorsun,62,3207,15.99,4.3,3.9951612903225806,11.0,0.001082647858909412
OKEEFE,3,3196,34.99,4.4,4.4,227.0,0.0010789343801292425
Tiksounds,11,3194,29.99,4.3,4.263636363636364,66.0,0.0010782592021692117
TUINYO,6,3170,35.98,4.4,4.333333333333333,13.5,0.001070157066648842
Pyle,60,3126,33.81,3.25,3.29,15.5,0.001055303151528164
LWZCAM,3,3084,11.49,4.4,4.366666666666667,748.0,0.001041124414367517
GoNovate,9,3078,23.99,4.1,3.9666666666666663,13.0,0.0010390988804874245
ZINGBIRD,7,3073,25.49,4.4,4.4,149.0,0.0010374109355873475
KZ,159,3033,32.99,4.1,4.037106918238994,4.0,0.0010239073763867311
Lavince,9,3020,19.99,4.2,3.9111111111111114,33.0,0.0010195187196465308
rockpapa,46,3005,15.989999999999998,4.15,4.1,6.5,0.0010144548849462998
DUDIOS,31,2967,,4.1,4.080645161290323,3.0,0.0010016265037057143
Altec Lansing,112,2964,30.795,3.5,3.5357142857142856,10.5,0.001000613736765668
Linklike,25,2951,36.99,4.2,4.1,47.0,0.0009962250800254677
BESTGOT,9,2926,11.99,4.1,4.0,11.0,0.0009877853555250826
LC-dolida,20,2915,24.985,4.2,4.2299999999999995,5.5,0.000984071876744913
beyerdynamic,124,2910,179.99,4.0,4.017741935483871,7.0,0.000982383931844836
AKG,166,2906,129.0,3.8,3.736746987951807,8.0,0.0009810335759247743
ISOtunes,9,2894,89.99,3.8,3.6999999999999997,145.0,0.0009769825081645896
Ultimate Ears,37,2886,49.99,3.4,3.4432432432432436,51.0,0.0009742817963244662
Bang & Olufsen,44,2839,199.99,3.8,3.85,31.0,0.000958415114263742
Kinganda,11,2795,19.99,4.2,4.072727272727272,13.0,0.0009435611991430641
GNMN,11,2787,26.99,4.9,4.790909090909091,60.0,0.0009408604873029409
MuGo,16,2775,17.99,3.9,3.8125,30.5,0.0009368094195427559
HIFIMAN,66,2742,299.0,3.8,3.8424242424242423,9.0,0.0009256689832022475
August,24,2729,45.95,3.9,3.9125,11.0,0.0009212803264620472
Generic,481,2714,15.0,3.6,3.4334719334719335,1.0,0.0009162164917618161
Paww,13,2709,59.99,3.7,3.776923076923077,51.0,0.0009145285468617391
SIMOLIO,28,2703,44.99,4.2,4.121428571428572,22.5,0.0009125030129816466
iFrogz,201,2691,23.705,3.8,3.727860696517413,4.0,0.0009084519452214618
Logitech,68,2625,94.0,3.5,3.4955882352941177,8.0,0.0008861710725404448
Voerou,4,2619,19.975,4.25,4.425,635.0,0.0008841455386603524
BlueAnt,55,2605,29.494999999999997,3.6,3.6454545454545455,7.0,0.0008794192929401367
Xiaomi,70,2594,32.24,4.0,3.9800000000000004,9.0,0.0008757058141599673
Bowers & Wilkins,32,2589,265.45500000000004,3.9,3.928125,31.0,0.0008740178692598901
Fulext,14,2570,19.99,4.45,4.292857142857143,3.0,0.0008676036786395974
MOVSSOU,13,2528,53.48,4.2,4.184615384615385,25.0,0.0008534249414789503
NoiseHush,51,2509,45.36,3.6,3.62156862745098,5.0,0.0008470107508586576
CAPOXO,10,2508,27.99,4.65,4.63,244.0,0.0008466731618786422
Kimwood,4,2502,17.49,4.2,4.15,378.5,0.0008446476279985497
NYZ,9,2483,21.99,4.0,3.922222222222222,25.0,0.000838233437378257
novlistve,7,2461,10.98,4.6,4.514285714285714,149.0,0.000830806479817918
PRTUKYT,5,2447,19.99,4.1,4.08,124.0,0.0008260802340977024
LIGHTIMETUNNEL,4,2343,23.99,4.1,4.15,22.0,0.0007909709801760999
HUOMU,3,2259,11.99,4.1,3.8333333333333335,4.0,0.0007626135058548057
comiso,5,2237,33.49,4.1,4.04,24.0,0.0007551865482944667
KLIM,3,2234,16.47,4.2,4.2,52.0,0.0007541737813544205
Lady house,62,2226,50.0,3.7,3.6048387096774195,7.0,0.0007514730695142972
MEBUYZ,4,2226,,3.95,3.9,539.0,0.0007514730695142972
ONANOFF,38,2216,28.49,4.15,4.097368421052631,18.5,0.0007480971797141432
SoundMAGIC,79,2203,35.16,3.8,3.7759493670886077,7.0,0.0007437085229739428
VPB,24,2186,10.99,4.0,3.7458333333333336,12.0,0.000737969510313681
Jxrev,8,2168,24.99,4.4,4.35,62.5,0.0007318929086734036
Tascam,6,2149,39.99,4.5,4.366666666666666,69.5,0.0007254787180531109
House of Marley,55,2128,59.99,3.9,3.8745454545454545,18.0,0.0007183893494727872
BÖHM,3,2110,,3.2,3.3333333333333335,11.0,0.00071231274783251
Status,9,2096,88.995,4.2,3.988888888888889,66.0,0.0007075865021122943
GEMDRUZY,3,2093,,4.0,3.8333333333333335,22.0,0.000706573735172248
NENOS,16,2079,21.99,4.5,4.38125,16.5,0.0007018474894520323
Actionpie,7,2060,,3.9,3.914285714285714,35.0,0.0006954332988317396
Sennheiser Pro Audio,19,2056,79.95,4.2,4.0736842105263165,13.0,0.0006940829429116779
Unisar,7,2055,49.99,3.7,3.6999999999999997,71.0,0.0006937453539316626
fojep,18,2052,34.19,4.2,4.133333333333334,16.5,0.0006927325869916163
MONODEAL,16,2048,69.99,4.3,4.30625,24.0,0.0006913822310715547
BlueParrott,10,2046,172.7,4.4,4.34,29.5,0.0006907070531115239
MuveAcoustics,8,2006,18.49,4.2,4.15,80.0,0.0006772034939109075
Langsdom,52,2004,25.82,3.7,3.6923076923076925,11.5,0.0006765283159508767
GGMM,35,2004,12.99,3.7,3.7628571428571425,26.0,0.0006765283159508767
FIIL,37,1963,68.245,4.2,4.167567567567567,3.0,0.0006626871677702451
Califone,54,1962,18.240000000000002,4.1,3.9333333333333336,2.5,0.0006623495787902296
TV Ears Inc,8,1951,138.985,3.6500000000000004,3.2875,93.5,0.0006586361000100601
DUOTEN,3,1924,34.99,4.1,4.0,695.0,0.0006495211975496442
Brookstone,33,1920,62.489999999999995,3.6,3.378787878787879,7.0,0.0006481708416295825
CXK,21,1845,29.99,4.3,4.276190476190476,18.0,0.0006228516681284269
Elgin,3,1838,24.95,4.3,4.266666666666667,649.0,0.0006204885452683191
Lanteso,27,1824,18.99,4.1,4.048148148148148,17.0,0.0006157622995481034
Xmythorig,6,1823,44.99,4.0,3.9499999999999997,65.0,0.000615424710568088
AIHOOR,6,1813,39.985,4.05,3.9499999999999997,90.5,0.0006120488207679339
Ordtop,14,1806,34.99,4.15,4.185714285714286,51.0,0.000609685697907826
Urbanears,147,1799,46.99,3.9,3.8789115646258505,4.0,0.0006073225750477182
mucro,28,1793,19.99,3.7,3.685714285714286,13.5,0.0006052970411676257
MIDOLA,24,1788,16.99,4.2,4.116666666666666,22.0,0.0006036090962675487
Cellet,68,1783,11.5,3.3499999999999996,3.105882352941176,2.0,0.0006019211513674717
EUQQ,21,1778,23.49,4.2,4.152380952380953,50.0,0.0006002332064673947
MINDBEAST,5,1770,30.990000000000002,3.9,4.0,88.0,0.0005975324946272713
PIONEER,138,1764,65.45,3.9,3.8391304347826085,3.5,0.000595506960747179
ARCTIC,17,1761,30.895,3.7,3.764705882352941,25.0,0.0005944941938071328
BESIGN,12,1761,43.99,3.6,3.5,23.5,0.0005944941938071328
Grado,25,1758,259.0,3.9,3.86,17.0,0.0005934814268670865
PocBuds,13,1755,28.99,4.7,4.607692307692307,100.0,0.0005924686599270403
Boean,6,1719,21.99,4.4,4.466666666666667,24.0,0.0005803154566464856
SONXTRONIC,6,1714,24.99,3.3499999999999996,3.466666666666667,98.5,0.0005786275117464086
9 DIGITAL,15,1713,49.875,3.8,3.76,25.0,0.0005782899227663932
BlackBerry,87,1702,19.75,3.7,3.581609195402299,3.0,0.0005745764439862237
Swimbuds,4,1700,50.0,4.15,4.025,362.5,0.0005739012660261929
RHA,26,1695,39.95,3.8,3.8153846153846156,58.0,0.0005722133211261158
Dascert,5,1694,27.99,4.1,4.08,62.0,0.0005718757321461004
RTUSIA,3,1682,29.99,4.3,4.466666666666666,80.0,0.0005678246643859155
TOKANI,7,1677,21.99,3.8,3.9,50.0,0.0005661367194858385
ANSTEN,7,1670,79.99,4.3,4.2,319.0,0.0005637735966257306
RIZIZI,5,1670,39.99,4.6,4.68,46.0,0.0005637735966257306
ANBES,11,1666,,4.1,4.090909090909091,120.0,0.000562423240705669
Mindkoo,11,1655,21.99,3.9,4.0181818181818185,66.0,0.0005587097619254995
SHARPER IMAGE,48,1647,79.0,3.3,3.252083333333333,4.0,0.0005560090500853763
HTC,39,1638,29.99,3.9,3.9179487179487182,9.0,0.0005529707492652376
Jam,54,1630,59.99,3.8,3.77037037037037,8.5,0.0005502700374251143
CASCHO,7,1630,32.99,4.5,4.514285714285714,63.0,0.0005502700374251143
EXFIT,13,1626,65.295,3.9,3.8999999999999995,29.0,0.0005489196815050527
DOQAUS,7,1602,24.49,4.2,4.1571428571428575,40.0,0.0005408175459846829
SMS Audio,46,1588,39.0,3.7,3.6869565217391305,6.0,0.0005360913002644672
POWMEE,11,1581,14.99,4.7,4.636363636363637,2.0,0.0005337281774043593
Phiaton,44,1577,69.99,3.7,3.5954545454545452,11.5,0.0005323778214842977
Jzones,5,1576,79.99,4.8,4.62,32.0,0.0005320402325042823
AMINY,12,1571,29.990000000000002,4.1,4.158333333333333,91.0,0.0005303522876042053
Soul Electronics,53,1566,57.989999999999995,3.6,3.6320754716981134,8.0,0.0005286643427041283
mifo,23,1551,94.495,4.0,3.930434782608695,15.0,0.0005236005080038971
GOOJODOQ,6,1550,29.99,3.5,3.5500000000000003,123.5,0.0005232629190238818
AGPTEK,30,1547,11.99,3.7,3.6533333333333333,8.0,0.0005222501520838355
AKG Pro Audio,9,1540,183.72,4.2,4.144444444444444,69.0,0.0005198870292237276
MIPEACE,8,1524,41.99,4.2,4.1625,29.5,0.0005144856055434811
WATAHATIC,7,1519,15.99,4.0,3.9285714285714284,49.0,0.0005127976606434041
LORELEI,17,1515,18.485,4.4,4.358823529411765,6.0,0.0005114473047233424
Nokia,161,1513,12.99,3.5,3.5136645962732924,3.0,0.0005107721267633116
UGREEN,13,1509,35.99,4.2,4.115384615384615,27.0,0.00050942177084325
Syba,22,1498,19.97,3.3,3.3681818181818177,5.0,0.0005057082920630805
Harman Kardon,24,1480,159.99,3.6500000000000004,3.7458333333333336,19.0,0.0004996316904228032
BASN,43,1474,53.99,4.2,3.934883720930232,7.0,0.0004976061565427107
Sentry Industries Inc.,111,1468,18.424999999999997,3.4,3.299099099099099,4.0,0.0004955806226626183
Galirity,6,1458,26.33,4.2,4.216666666666667,121.0,0.0004922047328624642
EverPlus,13,1450,19.49,4.2,4.161538461538462,39.0,0.000489504021022341
Tuitager,3,1450,26.99,4.0,4.1000000000000005,19.0,0.000489504021022341
TITACUTE,38,1447,13.99,4.2,4.155263157894737,15.5,0.0004884912540822948
Moondrop,33,1446,76.49,4.3,4.278787878787878,12.0,0.0004881536651022793
Marshall,22,1422,132.99,4.2,4.131818181818182,26.5,0.0004800515295819096
Samson,13,1422,29.494999999999997,4.0,4.053846153846154,18.0,0.0004800515295819096
STADOR,6,1421,25.49,4.5,4.516666666666667,165.5,0.00047971394060189416
Denon,80,1417,453.475,3.55,3.5737499999999995,7.0,0.0004783635846818325
Losei,9,1416,39.99,4.2,4.333333333333333,44.0,0.0004780259957018171
Silensys,5,1375,57.480000000000004,4.0,4.08,8.0,0.0004641848475211854
LBZJ,46,1360,,4.05,4.093478260869565,4.5,0.00045912101282095426
Kinboofi,46,1355,38.99,4.4,4.328260869565217,3.0,0.00045743306792087724
PSIER,24,1336,28.85,4.35,4.3,16.5,0.0004510188773005845
iKross,22,1336,,3.8,3.9181818181818184,9.0,0.0004510188773005845
esonstyle,19,1335,32.99,4.1,4.052631578947368,18.0,0.0004506812883205691
Zipbuds,19,1328,,3.4,3.3736842105263154,18.0,0.00044831816546046126
JustJamz,37,1314,24.99,4.0,3.918918918918919,12.0,0.0004435919197402455
MASTER & DYNAMIC,37,1308,171.41500000000002,4.0,4.010810810810811,15.0,0.0004415663858601531
BERIBES,4,1294,38.49,4.35,4.35,4.0,0.0004368401401399374
LOBKIN,30,1287,34.97,4.2,4.166666666666667,5.5,0.00043447701727982954
Scosche,68,1276,14.99,3.5,3.5647058823529414,4.5,0.00043076353849966003
Marsno,6,1275,,3.8499999999999996,3.7999999999999994,184.0,0.0004304259495196446
SuperEQ,14,1274,28.99,4.2,4.1,24.5,0.00043008836053962926
Alpatronix,10,1268,39.95,3.6,3.53,129.0,0.00042806282665953677
Sound Around,9,1264,29.99,3.8,3.522222222222222,27.0,0.00042671247073947517
Marley,66,1261,64.37,3.9,3.880303030303031,8.5,0.0004256997037994289
H2O Audio,31,1257,99.99,3.5,3.480645161290323,17.0,0.0004243493478793673
OnePlus,13,1254,39.99,4.2,4.323076923076924,54.0,0.0004233365809393211
Orancu,5,1248,24.99,4.5,4.4,223.0,0.00042131104705922864
FiiO,43,1242,119.99,4.1,4.032558139534884,13.0,0.0004192855131791362
ERUN,5,1229,17.49,4.3,4.32,60.0,0.0004148968564389359
lecover,5,1229,29.99,4.1,4.1,79.0,0.0004148968564389359
NuForce,29,1227,68.97,3.5,3.451724137931034,28.0,0.0004142216784789051
NANAMI,3,1215,25.99,4.2,4.066666666666666,292.0,0.0004101706107187202
Bastex,12,1213,9.49,3.9,3.9,83.0,0.00040949543275868935
SOUL by Ludacris,13,1203,136.72,4.0,3.792307692307692,7.0,0.0004061195429585353
erjigo,46,1202,35.0,4.05,3.9369565217391305,4.0,0.0004057819539785199
coioc,9,1200,17.49,4.3,4.266666666666667,42.0,0.00040510677601848907
ElloGear,12,1197,18.95,4.15,4.083333333333333,30.5,0.00040409400907844283
pollini,5,1183,48.99,4.4,4.38,6.0,0.00039936776335822713
FSL,12,1175,,3.7,3.6916666666666664,20.5,0.00039666705151810387
Granvela,101,1169,11.99,3.5,3.495049504950495,3.0,0.00039464151763801144
SEYOO,31,1148,22.705,3.7,3.6548387096774193,10.0,0.0003875521490576879
Joseche,3,1148,18.95,3.9,4.0,34.0,0.0003875521490576879
TECNO,8,1139,28.49,4.1,4.1,25.0,0.0003845138482375492
Hntmao,7,1135,22.99,3.8,3.742857142857143,12.0,0.00038316349231748756
Nakamichi,51,1134,36.41,3.5,3.4098039215686278,9.0,0.00038282590333747215
TCJJ,11,1133,23.98,4.4,4.318181818181818,41.0,0.0003824883143574568
Aduro,17,1131,24.99,3.9,3.7764705882352945,34.0,0.00038181313639742596
LEVIN,13,1127,,3.9,3.7846153846153845,40.0,0.0003804627804773643
Mokata,20,1123,16.99,3.8,3.85,6.5,0.0003791124245573027
UliX,5,1121,17.97,4.4,4.46,8.0,0.00037843724659727187
DARKIRON,8,1110,,3.45,3.375,44.5,0.0003747237678171024
WXY,7,1110,,4.4,4.342857142857143,83.0,0.0003747237678171024
BOLOXA,6,1106,23.39,4.95,4.816666666666666,66.0,0.00037337341189704076
Rulefiss,10,1104,27.22,4.3,4.22,71.0,0.00037269823393700993
Fujimoto Dengyo,39,1099,11.49,3.3,3.382051282051282,6.0,0.0003710102890369329
SZSAGO,12,1098,23.075,3.8,3.766666666666667,61.5,0.0003706727000569175
Superlux,9,1086,47.56,4.1,3.966666666666667,4.0,0.00036662163229673263
CHENSIVE,8,1085,32.49,4.199999999999999,4.25,44.0,0.0003662840433167172
WYZE,5,1084,89.98,4.4,4.2,69.0,0.0003659464543367018
WASABI MANGO,37,1080,11.985,3.3,3.3945945945945946,11.0,0.00036459609841664014
MARSHALL,16,1079,133.45499999999998,4.0,4.03125,38.5,0.0003642585094366248
AblePlanet,57,1075,29.99,3.4,3.482456140350877,5.0,0.0003629081535165631
Audiophile,6,1075,,3.8,3.633333333333333,30.0,0.0003629081535165631
CovertSafe,24,1071,,3.3,3.3375,21.5,0.0003615577975965015
iMangoo,30,1067,14.99,4.0,4.04,8.0,0.00036020744167643986
thinksound,13,1059,399.0,3.5,3.6769230769230767,46.0,0.0003575067298363166
Kaysent,6,1057,33.98,4.0,3.9166666666666665,165.0,0.00035683155187628577
ebasy,96,1051,,4.0,3.8552083333333336,4.0,0.00035480601799619334
JKSWT,4,1049,13.99,4.3,4.3,282.5,0.0003541308400361625
TECKNET,10,1047,29.99,4.199999999999999,4.13,77.0,0.00035345566207613174
JOVERS,185,1043,25.48,4.1,4.1,3.0,0.0003521053061560701
adorer,12,1022,14.42,3.8499999999999996,3.8000000000000003,15.5,0.00034501593757574654
Belkin,23,1016,39.89,4.0,3.7913043478260873,7.0,0.0003429904036956541
Drsaec,13,1015,29.99,4.4,4.361538461538462,33.0,0.0003426528147156387
XBRN,13,1007,,3.9,3.669230769230769,24.0,0.0003399521028755154
MOZOTER,4,1004,29.99,4.4,4.425,33.0,0.0003389393359354692
Google,8,1002,64.965,2.9000000000000004,2.875,3.5,0.00033826415797543835
HISOOS,8,998,22.99,4.25,4.2625,108.5,0.00033691380205537675
Bragi,5,997,,3.1,3.16,72.0,0.00033657621307536133
Oladance,3,990,149.99,4.4,4.366666666666667,11.0,0.0003342130902152535
G-Cord,23,982,,3.3,3.3391304347826085,17.0,0.0003315123783751302
HANPURE,5,962,17.99,4.3,4.159999999999999,70.0,0.0003247605987748221
APPINESSEY,27,953,26.99,3.7,3.6888888888888887,26.0,0.0003217222979546834
PONYBRO,4,953,19.99,3.75,3.75,58.0,0.0003217222979546834
LEVN,5,950,39.99,4.2,4.26,136.0,0.0003207095310146372
QCY,23,949,37.99,4.2,4.191304347826087,12.0,0.00032037194203462176
iRAG,6,944,6.99,3.6500000000000004,3.866666666666667,142.0,0.00031868399713454474
Cambridge Soundworks,5,937,39.99,3.9,3.9,83.0,0.0003163208742744369
H HIFIHEAR,45,928,32.49,4.2,4.151111111111112,5.0,0.0003132825734542982
TCL,35,926,19.99,4.0,3.974285714285714,18.0,0.0003126073954942674
C G CHANGEEK,12,926,24.99,3.95,3.8833333333333333,36.5,0.0003126073954942674
MMUSS,18,922,12.99,3.75,3.7777777777777777,3.5,0.0003112570395742058
I LOVE EF IFECCO,24,919,38.79,4.0,4.020833333333333,5.0,0.00031024427263415954
ZBC,25,914,24.195,3.9,3.928,7.0,0.0003085563277340825
Hyeing,4,912,34.239999999999995,3.8,4.0,21.0,0.0003078811497740517
UiiSii,57,908,,3.5,3.5789473684210527,8.0,0.00030653079385399004
Ticwatch,16,889,29.990000000000002,3.8499999999999996,3.9,40.0,0.0003001166032336973
Puro Sound Labs,11,869,79.0,3.9,3.809090909090909,25.0,0.00029336482363338914
Villain,4,866,,4.2,4.15,122.5,0.00029235205669334295
KLOKOL,12,862,16.99,3.6,3.658333333333333,17.5,0.0002910017007732813
BUMMD,7,860,,3.7,3.685714285714286,5.0,0.0002903265228132505
APETOO,27,857,13.99,4.1,4.059259259259259,16.0,0.0002893137558732043
MUJOY,15,855,,4.7,4.319999999999999,3.0,0.00028863857791317345
RORSOU,6,850,17.99,4.4,4.183333333333334,36.5,0.00028695063301309643
YouthWhisper,5,849,49.99,3.8,3.7600000000000002,74.0,0.000286613044033081
Hearprotek,4,848,24.49,4.25,4.25,180.0,0.0002862754550530656
ReTrak,10,846,17.6,3.45,3.1399999999999997,17.0,0.00028560027709303477
WamGra,3,844,14.68,4.2,4.133333333333334,318.0,0.000284925099133004
NIVAVA,8,830,15.99,4.5,4.4375,53.5,0.00028019885341278825
TOOKS,41,825,,3.5,3.6170731707317074,5.0,0.00027851090851271123
INFURTURE,6,820,47.49,4.1,4.166666666666667,17.0,0.0002768229636126342
iporachx,3,813,,4.0,3.9,103.0,0.00027445984075252636
Delton,19,811,62.44499999999999,3.3,3.3000000000000003,6.0,0.00027378466279249554
Syllable,35,810,,3.4,3.448571428571429,13.0,0.0002734470738124801
MOXKING,15,808,14.99,3.9,3.9866666666666664,20.0,0.0002727718958524493
yobola,14,803,25.74,4.6,4.585714285714286,29.5,0.0002710839509523723
Blue Tiger,18,800,164.99,4.05,3.9555555555555557,27.0,0.00027007118401232603
XLEADER,7,795,22.99,4.0,4.014285714285714,54.0,0.000268383239112249
Encased,6,794,48.49,4.15,4.066666666666666,42.0,0.0002680456501322336
WSHDZ,4,792,,4.05,4.075,38.0,0.00026737047217220277
Yamaha Audio,22,789,109.675,3.7,3.6181818181818177,18.0,0.0002663577052321566
FAMOO,12,789,59.99,4.3,4.366666666666666,23.5,0.0002663577052321566
GRADO,15,787,225.0,4.2,3.933333333333333,14.0,0.00026568252727212575
Eixpdaye,3,786,49.99,4.1,4.3,10.0,0.00026534493829211034
COOYA,28,783,14.99,4.1,3.9464285714285716,6.0,0.00026433217135206415
WENKEY,3,783,29.645,4.0,3.8333333333333335,218.0,0.00026433217135206415
Focal,37,781,499.0,4.2,4.083783783783784,8.0,0.0002636569933920333
GADGET.COOL,6,779,11.99,3.8,3.8333333333333335,75.0,0.0002629818154320025
INSTEN,16,775,,3.3,3.25625,5.0,0.0002616314595119409
Baseus,30,772,31.155,4.1,3.9633333333333334,8.0,0.00026061869257189464
INSIGNIA,18,770,39.730000000000004,3.95,3.716666666666667,15.0,0.0002599435146118638
iHip,108,769,15.92,3.4,3.259259259259259,3.0,0.0002596059256318484
CCA,54,768,41.99,4.3,4.192592592592593,3.0,0.000259268336651833
Luisport,14,768,29.990000000000002,3.8499999999999996,3.892857142857143,9.5,0.000259268336651833
iHome,90,767,24.95,3.7,3.4955555555555557,3.0,0.0002589307476718176
UrbanX,133,766,20.09,3.5,3.3676691729323305,2.0,0.0002585931586918022
Yadesign,12,765,8.985,3.6500000000000004,3.733333333333333,12.5,0.0002582555697117868
233621,20,764,59.99,3.8,3.785,14.0,0.0002579179807317714
UooEA,8,760,89.99,3.6500000000000004,3.7874999999999996,25.0,0.0002565676248117097
Kidrox,11,759,29.99,3.8,3.6636363636363636,74.0,0.00025623003583169436
REEHM,5,755,13.99,4.1,4.1,5.0,0.0002548796799116327
Vabogu,6,753,9.99,4.2,4.2,63.5,0.0002542045019516019
Nilone,5,750,20.99,4.3,3.88,43.0,0.0002531917350115557
Ghostek,15,749,9.98,4.1,3.7199999999999998,26.0,0.00025285414603154027
QearFun,24,748,16.98,3.9,3.7916666666666665,7.5,0.00025251655705152485
Technics,9,747,221.87,4.3,4.277777777777778,105.0,0.00025217896807150944
Fouhurt,4,744,15.99,3.85,3.85,61.5,0.00025116620113146325
OUFUNI,4,742,27.990000000000002,3.65,3.7249999999999996,6.5,0.0002504910231714324
Redzoo,5,735,27.99,4.3,4.3,21.0,0.0002481279003113246
YAMAHA,28,733,134.97,4.15,3.7464285714285714,9.0,0.00024745272235129375
NUBBYO,7,730,19.99,4.3,4.271428571428571,82.0,0.0002464399554112475
Mixcder,6,730,,3.8499999999999996,3.8166666666666664,51.5,0.0002464399554112475
Polk Audio,17,725,89.99,3.5,3.5294117647058822,33.0,0.0002447520105111705
Outdoor Tech,26,720,54.99,3.55,3.4038461538461537,19.0,0.00024306406561109344
Sodee,6,716,23.99,3.75,3.633333333333333,23.0,0.0002417137096910318
Westone,28,710,331.5,4.05,3.978571428571428,11.5,0.00023968817581093937
HeroFiber,6,706,137.48,4.1,4.05,8.0,0.00023833781989087774
ACREO,3,703,34.88,4.2,4.3,170.0,0.00023732505295083153
Far End Gear,19,701,19.5,3.5,3.5526315789473686,27.0,0.0002366498749908007
Naztech,12,694,54.97,4.0,3.725,5.0,0.00023428675213069285
UMIDIGI,9,694,53.489999999999995,3.9,3.822222222222222,34.0,0.00023428675213069285
Sonixx,12,689,,3.9,3.783333333333333,12.0,0.0002325988072306158
CBGGQ,5,686,9.99,3.9,3.9199999999999995,3.0,0.0002315860402905696
Griffin Technology,29,682,10.969999999999999,3.6,3.596551724137931,8.0,0.00023023568437050796
Fosmon,11,682,,3.3,3.0454545454545454,8.0,0.00023023568437050796
Anypub,3,681,29.99,4.5,4.566666666666666,107.0,0.00022989809539049254
Xmenha,96,680,29.99,3.1500000000000004,2.8947916666666664,2.0,0.00022956050641047713
Caymuller,5,680,22.98,4.4,4.24,27.0,0.00022956050641047713
Lenovo,27,678,34.99,3.7,3.781481481481481,5.0,0.00022888532845044633
Kicker,34,675,19.42,3.7,3.7205882352941178,10.0,0.0002278725615104001
eForCity,41,671,,3.5,3.336585365853659,4.0,0.00022652220559033848
Ddidbi,3,670,16.99,4.4,4.4,21.0,0.00022618461661032306
Black Shark,8,668,44.99,4.25,4.225,20.0,0.00022550943865029226
BULYPAZY,10,663,20.98,3.8499999999999996,3.84,25.0,0.00022382149375021522
Rockville,6,660,22.9,3.8,3.65,7.5,0.000222808726810169
Microsoft,7,656,229.99,3.9,3.8285714285714287,34.0,0.00022145837089010737
G-WACK,3,656,,3.9,3.8333333333333335,49.0,0.00022145837089010737
Debado,6,652,19.19,4.15,3.9499999999999997,94.5,0.00022010801497004574
YOSINT,6,652,9.99,4.05,3.9166666666666665,24.5,0.00022010801497004574
AMZANE,12,651,34.99,4.4,4.491666666666666,22.5,0.00021977042599003032
Rybozen,8,651,59.99,3.25,3.275,24.0,0.00021977042599003032
FOYCOY,7,651,49.99,5.0,4.828571428571428,48.0,0.00021977042599003032
YNR,19,650,12.99,3.9,3.8526315789473684,8.0,0.0002194328370100149
Ankbit,14,648,79.99,4.2,4.185714285714286,22.0,0.0002187576590499841
Wicked Audio,91,640,13.95,3.7,3.645054945054945,4.0,0.00021605694720986085
Mionbel,7,638,,3.8,3.7857142857142856,65.0,0.00021538176924983002
IearaTTA,12,632,,3.5,3.516666666666667,21.5,0.00021335623536973758
Edelin,3,627,,4.0,4.0,17.0,0.00021166829046966054
Hongzan,23,620,36.47,4.0,3.973913043478261,17.0,0.0002093051676095527
AMAFACE,22,617,39.99,4.05,3.7954545454545454,2.0,0.00020829240066950647
L LINPA WORLD,18,617,12.49,3.8,3.7944444444444443,9.0,0.00020829240066950647
barsone,25,615,44.989999999999995,4.1,4.044,5.0,0.00020761722270947565
Photive,7,614,,3.4,3.357142857142857,25.0,0.00020727963372946023
FREGENBO,8,613,15.489999999999998,4.0,3.9625,10.5,0.00020694204474944484
EDYELL,8,612,,4.4,4.4,13.0,0.00020660445576942943
Spigen,8,609,,3.6,3.55,21.5,0.0002055916888293832
Ailun,7,608,26.0,3.9,4.171428571428572,27.0,0.0002052540998493678
iDeaUSA,25,600,,3.3,3.404,15.0,0.00020255338800924454
Neewer,19,595,29.99,3.3,3.3105263157894735,3.0,0.0002008654431091675
OYIB,5,593,28.99,4.3,4.12,51.0,0.0002001902651491367
JOYWISE,6,592,24.49,4.25,4.233333333333333,123.5,0.00019985267616912127
MIATONE,11,590,12.49,4.0,4.045454545454546,31.0,0.00019917749820909047
ACAGET,26,587,15.49,4.0,4.023076923076923,9.5,0.00019816473126904423
Hadisala,7,584,11.99,4.3,4.171428571428572,83.0,0.000197151964328998
Contixo,27,581,24.47,3.7,3.662962962962963,7.0,0.0001961391973889518
Rythflo,3,579,39.99,4.7,4.733333333333333,49.0,0.00019546401942892097
SIKAMARU,8,576,,3.95,3.9,14.0,0.00019445125248887475
M MOVONE,7,572,,5.0,4.914285714285714,22.0,0.00019310089656881312
C2G,3,571,,3.7,3.6333333333333333,144.0,0.0001927633075887977
Mijiaer,7,570,18.49,4.0,3.914285714285714,26.0,0.00019242571860878232
Navly,4,568,19.93,4.35,4.175,115.0,0.0001917505406487515
Jelanry,29,565,17.99,4.2,4.137931034482759,12.0,0.00019073777370870527
Motorola Sound,25,565,49.99,4.1,4.0680000000000005,15.0,0.00019073777370870527
COOSII,7,562,31.98,4.1,4.128571428571428,36.0,0.00018972500676865906
DEIVVOX,3,560,11.99,4.1,4.1000000000000005,106.0,0.00018904982880862823
KINVOCA,23,559,,4.0,3.895652173913043,14.0,0.00018871223982861284
Parrot,14,555,,3.9,3.8714285714285714,13.0,0.0001873618839085512
Jrwaro,3,555,17.49,4.5,4.5,22.0,0.0001873618839085512
ANINUALE,11,551,29.99,4.4,4.318181818181818,3.0,0.00018601152798848958
MUNSKT,3,550,6.99,4.1,4.066666666666666,236.0,0.00018567393900847416
charlxee,24,549,13.99,3.95,3.9958333333333336,6.0,0.00018533635002845875
JAKO,6,546,,3.95,3.9333333333333336,26.0,0.00018432358308841253
FosPower,11,545,16.99,3.4,3.4909090909090907,23.0,0.00018398599410839712
OARIE,12,543,,4.2,3.858333333333334,8.5,0.00018331081614836632
Tweedz,11,541,,3.4,3.3818181818181823,36.0,0.00018263563818833549
Mix Hero,64,540,29.99,4.7,4.5484375,6.0,0.00018229804920832007
Kensington,11,534,19.28,3.9,3.8454545454545457,17.0,0.00018027251532822764
Bobtot,5,534,,4.0,4.04,109.0,0.00018027251532822764
CALCINI,15,533,24.99,4.6,4.433333333333334,9.0,0.00017993492634821222
Velodyne,10,529,142.47,3.4,3.35,35.0,0.0001785845704281506
BUGANI,10,522,39.99,4.2,4.2,6.0,0.00017622144756804275
B&O PLAY,10,519,150.0,3.95,3.81,29.5,0.00017520868062799653
FUNSOUND,4,519,22.99,4.25,4.25,66.5,0.00017520868062799653
Libratone,15,518,124.0,3.9,3.7333333333333334,18.0,0.00017487109164798111
GEARONIC,29,517,9.99,3.3,3.127586206896552,3.0,0.0001745335026679657
UNOLYO,4,515,11.49,4.15,4.2,3.0,0.0001738583247079349
MyNetDeals,60,514,8.49,3.2,3.1733333333333333,2.0,0.00017352073572791948
FOGEEK,3,513,55.99,4.2,4.2,61.0,0.00017318314674790407
Cleer,17,509,104.99,4.0,3.7823529411764705,25.0,0.00017183279082784244
V7,10,509,16.494999999999997,3.6,3.54,7.5,0.00017183279082784244
CN-Outlet,30,508,39.95,4.05,3.7199999999999998,11.5,0.00017149520184782705
TFD Supplies,31,507,44.95,4.3,4.193548387096774,3.0,0.00017115761286781164
BASEMAN,11,507,18.99,4.1,4.009090909090909,8.0,0.00017115761286781164
Leme,7,507,,3.8,3.7857142857142856,40.0,0.00017115761286781164
TOPOINT,7,507,19.99,4.1,4.142857142857143,18.0,0.00017115761286781164
Cambridge Audio,5,507,99.95,3.5,3.8200000000000003,87.0,0.00017115761286781164
GPED,4,507,29.99,4.1,3.8,37.5,0.00017115761286781164
i-Blason,7,503,,3.7,3.7,4.0,0.00016980725694775
NUBWO,10,502,,3.7,3.66,6.0,0.0001694696679677346
VddSmm,12,497,11.99,3.8499999999999996,3.891666666666667,13.0,0.00016778172306765755
Sobrilli,11,497,,3.2,3.272727272727273,28.0,0.00016778172306765755
Thauker,7,495,39.99,4.1,3.5857142857142854,27.0,0.00016710654510762674
XINLIANG,14,493,10.530000000000001,4.2,4.192857142857143,9.5,0.00016643136714759591
WorWoder,3,493,,4.3,4.333333333333333,54.0,0.00016643136714759591
ATECH INNOVATION,4,490,,3.9,3.875,139.5,0.0001654186002075497
Mumba,15,489,39.99,3.8,3.8666666666666667,18.0,0.0001650810112275343
Ectreme,16,488,,3.05,3.29375,5.5,0.0001647434222475189
SUPFINE,6,487,29.715,4.35,4.366666666666666,21.5,0.00016440583326750348
808 Audio,14,486,29.515,3.25,3.107142857142857,21.0,0.00016406824428748807
Dualpow,3,486,19.99,4.0,4.033333333333334,64.0,0.00016406824428748807
bopmen,3,484,18.99,4.2,4.2,152.0,0.00016339306632745727
KINDEN,24,483,19.99,3.4,3.404166666666667,8.5,0.00016305547734744185
BLARO,5,483,,4.5,4.5,105.0,0.00016305547734744185
ASMRBAND,14,482,16.99,4.5,4.492857142857143,24.5,0.00016271788836742644
Ltinist,3,481,35.99,4.7,4.666666666666667,82.0,0.00016238029938741105
Munitio,11,479,214.98000000000002,3.9,3.9181818181818184,30.0,0.00016170512142738022
X0,7,479,,3.4,3.414285714285714,4.0,0.00016170512142738022
Eashion,22,478,11.99,3.1500000000000004,3.1363636363636362,7.5,0.0001613675324473648
Tzumi,16,477,44.625,3.6,3.375,5.5,0.00016102994346734942
Etekcity,3,476,,3.7,3.6,184.0,0.000160692354487334
Sena,6,475,199.0,4.15,3.9166666666666665,55.0,0.0001603547655073186
ADPROTECH,3,474,28.99,4.2,4.166666666666667,140.0,0.00016001717652730317
Williams Sound,31,473,27.560000000000002,3.9,3.7548387096774194,8.0,0.0001596795875472878
SOAIY,10,473,,3.6,3.54,21.0,0.0001596795875472878
Tayogo,7,472,64.99,3.8,3.8,27.0,0.00015934199856727237
Kuizil,9,471,29.99,4.2,4.255555555555556,35.0,0.00015900440958725696
Maeline,22,469,17.97,3.8,3.6545454545454548,2.0,0.00015832923162722616
Guudsoud,21,468,44.935,4.3,4.3,5.0,0.00015799164264721074
Acuvar,20,468,16.99,3.6500000000000004,3.4799999999999995,11.5,0.00015799164264721074
Besom,8,468,15.99,4.5,4.3,28.5,0.00015799164264721074
Emerson,24,463,,2.6500000000000004,2.654166666666667,4.5,0.0001563036977471337
Gabba Goods,41,459,15.975,3.7,3.6707317073170733,3.0,0.00015495334182707206
Boytond,9,458,27.485,4.3,4.311111111111111,35.0,0.00015461575284705665
Lakukom,5,457,18.49,4.1,4.18,4.0,0.00015427816386704126
YUSONIC,10,455,21.88,4.2,4.14,10.5,0.00015360298590701043
MQbix,11,453,8.99,3.7,3.690909090909091,6.0,0.00015292780794697963
Argmao,11,452,12.99,4.1,3.8909090909090907,5.0,0.00015259021896696422
ONTA,5,451,16.99,4.1,3.8,17.0,0.0001522526299869488
xinwld,4,450,24.99,4.35,4.375,12.0,0.00015191504100693342
YW YUWISS,7,448,16.99,3.8,3.8000000000000003,18.0,0.0001512398630469026
SYLVANIA,25,447,33.955,3.3,3.352,3.0,0.00015090227406688717
iGeeKid,17,447,,3.8,3.8058823529411767,10.0,0.00015090227406688717
Qaekie,13,446,49.98,4.5,4.3307692307692305,19.0,0.00015056468508687178
Sabbat,10,446,39.99,4.2,4.0600000000000005,19.5,0.00015056468508687178
OldShark,9,446,,3.7,3.688888888888889,15.0,0.00015056468508687178
aowoka,4,446,19.99,4.4,4.425,116.0,0.00015056468508687178
iLive,59,444,30.145,3.4,3.26271186440678,3.0,0.00014988950712684096
Utaxo,3,444,,4.4,4.333333333333333,13.0,0.00014988950712684096
Audiovox,14,443,23.145,4.2,4.128571428571428,16.0,0.00014955191814682554
RAYZ,5,442,59.99,4.0,3.84,78.0,0.00014921432916681015
Cyber Acoustics,23,441,14.46,4.1,4.030434782608696,3.0,0.00014887674018679474
TTQ,5,438,23.99,4.1,4.14,21.0,0.00014786397324674852
inphic,4,438,,4.0,4.0,18.0,0.00014786397324674852
ASIILOVI,13,436,20.99,3.8,3.853846153846154,5.0,0.0001471887952867177
CTEX,6,436,18.055,2.6500000000000004,2.9499999999999997,30.0,0.0001471887952867177
Fonus,107,435,13.49,3.0,2.936448598130841,2.0,0.00014685120630670228
HINYCOM,23,434,39.99,5.0,4.834782608695653,3.0,0.0001465136173266869
Sanag,19,434,36.480000000000004,3.5,3.6105263157894734,8.0,0.0001465136173266869
Numark,9,432,162.995,4.0,4.0,17.0,0.00014583843936665606
Final,28,430,149.0,4.05,4.107142857142857,5.0,0.00014516326140662526
MIFA,8,429,32.49,4.0,4.125,23.0,0.00014482567242660985
Amoner,35,426,5.99,3.9,3.611428571428571,3.0,0.00014381290548656363
Moshi,19,426,208.0,4.1,3.7526315789473683,5.0,0.00014381290548656363
VANTIYAUS,6,422,13.99,4.1,4.0,17.0,0.000142462549566502
KEKU,9,419,8.59,3.9,3.8333333333333335,16.0,0.00014144978262645576
FMLOVES,6,418,,3.8,3.8333333333333335,27.0,0.00014111219364644037
Bluenin,6,415,29.99,3.8499999999999996,3.8166666666666664,59.5,0.00014009942670639412
LEHII,5,415,,3.6,3.6,50.0,0.00014009942670639412
ROITON,4,414,9.5,4.25,4.075,28.0,0.00013976183772637874
Rocketfish,22,413,29.99,3.4,3.45,5.5,0.00013942424874636332
Nimizo,6,413,22.305,4.35,3.6999999999999997,24.0,0.00013942424874636332
TBI Pro,9,412,,4.0,4.055555555555555,14.0,0.0001390866597663479
Mu6,4,412,71.49,4.15,4.225,41.5,0.0001390866597663479
Stellar Labs,3,412,7.99,4.0,3.9333333333333336,1.0,0.0001390866597663479
WANFEI,4,408,59.989999999999995,4.0,3.9499999999999997,37.5,0.00013773630384628628
F FINDZON,9,402,,4.3,4.311111111111111,50.0,0.00013571076996619384
Aiwa,11,399,29.99,3.8,3.9,23.0,0.00013469800302614763
ROCXF,5,398,18.99,3.8,3.8600000000000003,84.0,0.0001343604140461322
Noontec,24,397,,3.75,3.6791666666666667,11.0,0.0001340228250661168
ZANCHIE,7,397,55.99,4.1,3.9857142857142853,16.0,0.0001340228250661168
Ultrasone,20,394,499.99,3.9,3.8899999999999997,4.0,0.00013301005812607058
uaue,6,391,22.99,4.3,4.283333333333333,60.5,0.00013199729118602437
DOBOPO,7,390,16.49,4.1,4.242857142857143,20.0,0.00013165970220600895
Ururtm,5,390,11.99,4.0,4.04,19.0,0.00013165970220600895
EKSA,9,389,89.99,4.1,3.9777777777777774,20.0,0.00013132211322599354
JINSERTA,4,388,14.99,3.6,3.725,35.5,0.00013098452424597812
REETEC,11,387,34.98,4.1,3.9454545454545453,6.0,0.00013064693526596273
Rosewill,14,386,28.220000000000002,3.6,3.642857142857143,8.5,0.00013030934628594732
Audeze,45,385,1249.0,4.1,4.151111111111112,4.0,0.0001299717573059319
Vislla,4,383,37.99,4.2,4.175,82.0,0.0001292965793459011
Zero Audio,7,382,76.11,4.1,4.071428571428571,4.0,0.0001289589903658857
truefree,7,381,29.49,4.5,4.571428571428571,12.0,0.00012862140138587027
Twshouse,6,381,18.395,4.4,4.0,37.5,0.00012862140138587027
Falebare,5,381,29.99,4.4,4.4799999999999995,50.0,0.00012862140138587027
AGVEE,23,380,,4.2,4.052173913043478,7.0,0.00012828381240585486
Polaroid,52,379,7.99,3.4,3.207692307692308,3.0,0.00012794622342583947
Relxhome,11,379,27.59,3.8,3.809090909090909,31.0,0.00012794622342583947
Diginex,123,377,11.99,5.0,4.755284552845528,1.0,0.00012727104546580864
KingYou,32,376,12.49,3.6,3.70625,7.0,0.00012693345648579326
Kinbashi,8,376,,3.25,3.2625,33.0,0.00012693345648579326
ABCDONG,4,376,7.9399999999999995,3.7,3.6,44.0,0.00012693345648579326
EARBUDi,4,376,8.99,3.6500000000000004,3.75,37.5,0.00012693345648579326
Gemercy,4,376,29.94,3.95,3.95,18.5,0.00012693345648579326
Vibe,27,374,12.95,2.8,2.5555555555555554,3.0,0.00012625827852576243
DROP,19,372,256.43,4.1,4.021052631578947,7.0,0.00012558310056573163
PureGear,13,372,23.43,4.1,4.1923076923076925,5.0,0.00012558310056573163
INLAND,11,372,39.98,3.4,3.4818181818181815,4.0,0.00012558310056573163
Keyron,3,372,16.99,3.3,3.5666666666666664,39.0,0.00012558310056573163
Global Teck Worldwide,19,371,251.225,4.2,4.026315789473684,5.0,0.0001252455115857162
Coosh,6,371,5.0,3.6500000000000004,3.6999999999999997,9.5,0.0001252455115857162
Pantheon,6,371,,3.4,3.4333333333333336,48.0,0.0001252455115857162
Antlion Audio,3,371,139.9,3.7,3.9,2.0,0.0001252455115857162
Accessonico,23,370,10.47,3.9,3.717391304347826,4.0,0.0001249079226057008
Geryst,8,369,21.99,4.0,3.9749999999999996,20.5,0.00012457033362568538
Pinetree,16,368,29.99,3.6500000000000004,3.4625,4.0,0.00012423274464567
intone,11,368,,3.4,3.472727272727273,29.0,0.00012423274464567
Voistek,9,367,21.99,3.4,3.4000000000000004,13.0,0.00012389515566565458
Sanluba,8,365,11.99,4.2,4.1,11.0,0.00012321997770562375
PANBOM,18,363,9.99,3.45,3.638888888888889,10.0,0.00012254479974559295
KESIEME,13,363,9.99,4.0,3.8,3.0,0.00012254479974559295
kelodo,16,362,,3.6,3.65625,7.5,0.00012220721076557753
RR SPORTS,7,362,28.99,4.1,3.9857142857142853,62.0,0.00012220721076557753
Doubc,8,360,33.99,4.1,4.0874999999999995,28.0,0.00012153203280554672
STOGA,5,360,,3.9,3.5799999999999996,38.0,0.00012153203280554672
GOODBONG,10,359,23.49,4.25,4.2700000000000005,4.5,0.00012119444382553132
SourceTon,3,358,10.49,3.9,3.8666666666666667,26.0,0.0001208568548455159
Aitalk,13,357,15.99,4.0,3.5999999999999996,2.0,0.0001205192658655005
Tapela,17,354,46.519999999999996,4.3,4.2,5.0,0.00011950649892545427
CandyWish,3,351,,3.7,3.766666666666667,31.0,0.00011849373198540806
G.K,51,350,41.49,4.3,4.229411764705882,4.0,0.00011815614300539264
Togkun,10,350,13.99,3.6,3.69,7.5,0.00011815614300539264
iFory,8,349,18.99,3.9,3.95,20.0,0.00011781855402537724
COMFOM,4,349,,4.65,4.550000000000001,40.0,0.00011781855402537724
Urbanista,37,348,69.79,3.8,3.6945945945945944,3.0,0.00011748096504536183
YFSFQS,12,347,19.99,4.0,3.725,5.5,0.00011714337606534643
MEZE HEADPHONES,10,346,309.0,4.05,3.8899999999999997,10.0,0.00011680578708533101
ACIL,5,345,,4.4,4.4799999999999995,78.0,0.00011646819810531561
Cobra,10,344,,3.6,3.5799999999999996,7.0,0.0001161306091253002
geeboy,7,343,11.98,3.9,3.8714285714285714,4.0,0.0001157930201452848
Olyre,23,341,15.95,4.0,3.9521739130434783,7.0,0.00011511784218525398
MSTHOO,4,338,31.990000000000002,4.4,4.45,3.0,0.00011410507524520776
ROMOKE,4,338,14.99,4.25,4.25,68.5,0.00011410507524520776
litwlds,8,337,19.99,3.9,3.5625,16.0,0.00011376748626519235
Arteck,7,331,,3.8,3.8,34.0,0.0001117419523850999
Palm,15,330,54.99,3.1,3.1599999999999997,2.0,0.0001114043634050845
KT1,4,329,35.99,4.35,4.375,73.5,0.00011106677442506909
AS,3,329,25.97,3.6,3.6,105.0,0.00011106677442506909
Audist,3,328,,3.7,3.6,74.0,0.00011072918544505368
KNZ,9,326,17.99,3.5,3.488888888888889,11.0,0.00011005400748502287
Roeric,6,326,,4.05,3.9333333333333336,8.0,0.00011005400748502287
KAKOM,4,326,4.99,4.1,4.074999999999999,79.0,0.00011005400748502287
Unleashed Online,4,325,,4.0,3.9749999999999996,84.0,0.00010971641850500745
RUNOLIM,3,324,32.49,4.5,4.433333333333334,85.0,0.00010937882952499205
Conambo,7,323,36.99,4.0,4.0,16.0,0.00010904124054497664
Amazing Gadgets,6,323,14.745000000000001,4.05,3.9,25.0,0.00010904124054497664
Solitude,5,323,41.99,3.5,3.5200000000000005,13.0,0.00010904124054497664
Underwater Audio,3,323,49.0,4.1,4.0,87.0,0.00010904124054497664
Bambud,16,321,,3.5,3.4625,7.5,0.00010836606258494582
isightguard,4,321,19.99,4.25,4.3,9.5,0.00010836606258494582
BassPal,3,321,119.99,3.8,3.8000000000000003,97.0,0.00010836606258494582
Newaroun,3,321,,3.9,3.1999999999999997,102.0,0.00010836606258494582
Audiovance,8,320,34.99,4.25,4.1625,41.0,0.00010802847360493042
Hoperay,7,320,12.99,4.2,4.185714285714286,29.0,0.00010802847360493042
MYBAT,33,319,9.620000000000001,3.3,3.0939393939393938,3.0,0.00010769088462491501
Holdsound,7,319,80.99,3.8,3.8285714285714287,14.0,0.00010769088462491501
LIMSON,10,318,19.9,3.95,3.97,4.0,0.00010735329564489961
Maximo,9,316,,3.1,3.2888888888888888,23.0,0.00010667811768486879
zivsivc,6,316,20.95,4.25,4.283333333333333,26.0,0.00010667811768486879
HyperGear,55,315,24.99,3.6,3.6218181818181816,3.0,0.00010634052870485338
Acoustic Research,19,315,,3.2,3.289473684210526,8.0,0.00010634052870485338
BENEWY,8,315,15.99,4.3,4.25,30.0,0.00010634052870485338
NICKSTON,34,314,10.99,4.2,4.252941176470588,2.0,0.00010600293972483798
MaxTronic,22,314,,3.3,3.4318181818181817,8.0,0.00010600293972483798
Toshiba,28,313,42.445,3.8,3.6607142857142856,5.5,0.00010566535074482256
iWALK,9,313,36.99,4.2,4.1,32.0,0.00010566535074482256
TRILINK,17,312,19.49,3.7,3.4823529411764707,9.0,0.00010532776176480716
ASIMOM,7,312,39.99,3.7,3.7857142857142856,19.0,0.00010532776176480716
Tronfy,5,312,,2.6,3.02,67.0,0.00010532776176480716
SKYEOL,4,312,23.99,4.25,4.2,45.0,0.00010532776176480716
Gunatagy,3,312,,4.0,3.9,7.0,0.00010532776176480716
PSB,9,311,349.8,3.6,3.6666666666666665,21.0,0.00010499017278479175
Salama,3,311,22.92,4.2,3.8000000000000003,32.0,0.00010499017278479175
SIVGA,29,309,149.0,3.9,3.768965517241379,3.0,0.00010431499482476093
REYEHO,20,309,,4.0,4.115,3.0,0.00010431499482476093
Loluka,25,308,22.99,3.3,3.4760000000000004,2.0,0.00010397740584474553
MPWHYL,13,308,39.99,4.1,4.199999999999999,20.0,0.00010397740584474553
SANTANA BY CARLOS SANTANA,10,308,26.96,3.75,3.8200000000000003,17.0,0.00010397740584474553
ABRAMTEK,3,307,34.99,3.9,4.0,36.0,0.00010363981686473012
IDAKODU,49,306,39.99,3.9,3.906122448979592,3.0,0.00010330222788471471
DGL,15,305,,3.7,3.46,2.0,0.0001029646389046993
Abco Tech,3,305,,3.3,3.4333333333333336,43.0,0.0001029646389046993
Peakfun,9,304,13.99,3.4,3.4222222222222225,4.0,0.0001026270499246839
ZTOZ,4,304,13.8,3.95,3.975,46.5,0.0001026270499246839
potronic,3,304,,3.6,3.6,64.0,0.0001026270499246839
Renimer,5,303,19.99,4.2,4.32,57.0,0.00010228946094466848
Ergoguys,3,303,11.95,4.5,4.233333333333333,1.0,0.00010228946094466848
ESSPOMNCE,5,301,10.98,4.3,4.2,40.0,0.00010161428298463768
Bicboz,8,300,,4.15,4.1,49.0,0.00010127669400462227
Etre Jeune,3,300,,4.0,3.766666666666667,18.0,0.00010127669400462227
GRAPHICS & MORE,151,299,8.99,3.6,3.3741721854304636,1.0,0.00010093910502460687
DTMNEP,3,299,8.99,4.0,4.1000000000000005,108.0,0.00010093910502460687
KPTEC,3,299,16.99,4.4,4.266666666666667,46.0,0.00010093910502460687
Magnavox,42,298,8.99,3.4,3.3666666666666667,4.0,0.00010060151604459145
Francois et Mimi,10,298,,3.55,3.62,32.5,0.00010060151604459145
Cardo,11,297,,3.0,3.2454545454545456,6.0,0.00010026392706457605
Meifox,9,297,15.489999999999998,4.1,4.066666666666666,34.0,0.00010026392706457605
VRIFOZ,4,297,31.99,4.1,4.15,54.5,0.00010026392706457605
LOVOCOO,3,297,,4.0,4.0,70.0,0.00010026392706457605
besiva,38,296,,3.5,3.810526315789474,4.5,9.992633808456064e-05
MSURTY,11,296,18.189999999999998,3.0,3.090909090909091,9.0,9.992633808456064e-05
vastland,8,296,11.93,4.0,4.0375,28.0,9.992633808456064e-05
Egghead,18,295,100.43,4.2,4.0055555555555555,3.0,9.958874910454524e-05
SELENECHEN,3,295,,3.8,3.8333333333333335,57.0,9.958874910454524e-05
Qshell,4,294,25.99,3.9000000000000004,3.975,2.5,9.925116012452982e-05
Hermitshell,7,293,13.99,4.4,4.271428571428571,3.0,9.891357114451442e-05
Coucur,6,293,17.99,3.95,3.85,22.5,9.891357114451442e-05
Axloie,3,293,,4.0,3.9333333333333336,54.0,9.891357114451442e-05
Btootos,3,293,27.49,4.5,4.533333333333334,66.0,9.891357114451442e-05
itayak,3,293,16.99,3.8,3.8666666666666667,111.0,9.891357114451442e-05
NewRang,47,292,,5.0,4.270212765957447,2.0,9.8575982164499e-05
DCI,31,292,10.49,3.8,3.696774193548387,3.0,9.8575982164499e-05
Gsoemon,6,292,29.99,4.35,4.033333333333333,24.0,9.8575982164499e-05
Monolith,7,291,154.99,3.7,3.7142857142857144,28.0,9.82383931844836e-05
Yontune,16,290,15.49,4.05,4.1125,5.0,9.790080420446819e-05
GUSGU,5,290,,3.5,3.44,1.0,9.790080420446819e-05
FIRIK,16,287,,3.7,3.56875,9.0,9.688803726442197e-05
Decibullz,14,287,59.99,3.3,3.4214285714285713,16.5,9.688803726442197e-05
3M,4,287,77.89,3.8499999999999996,3.9749999999999996,18.0,9.688803726442197e-05
VMTOP,5,286,,3.1,2.98,58.0,9.655044828440656e-05
TDK,34,285,19.825,3.25,3.226470588235294,5.0,9.621285930439116e-05
GBD,3,284,,3.9,4.033333333333333,11.0,9.587527032437574e-05
POMUIC,5,283,29.99,4.7,4.54,30.0,9.553768134436034e-05
Pioneer DJ,5,283,,4.4,4.24,16.0,9.553768134436034e-05
Siniffo,5,283,29.99,4.0,4.14,34.0,9.553768134436034e-05
Yoley,15,282,57.95,4.1,4.046666666666667,13.0,9.520009236434493e-05
Solitude Design,3,282,,2.8,3.033333333333333,3.0,9.520009236434493e-05
Keewonda,17,281,32.8,3.9,3.994117647058824,12.0,9.486250338432953e-05
vinamass,11,281,11.99,4.4,4.390909090909091,15.0,9.486250338432953e-05
New bee,7,281,11.99,4.6,4.3428571428571425,21.0,9.486250338432953e-05
Kacul,31,280,9.99,2.9,3.02258064516129,4.0,9.452491440431411e-05
Ofuca,4,279,,3.7,3.625,39.0,9.418732542429871e-05
Obbug,3,279,26.99,4.0,3.733333333333333,34.0,9.418732542429871e-05
FAPO,11,278,,4.2,4.2,20.0,9.38497364442833e-05
HIGHEVER,4,278,,4.15,4.125,32.5,9.38497364442833e-05
AVANTEK,16,277,,3.4,3.4375,13.0,9.35121474642679e-05
JIECAN,11,277,29.99,3.6,3.7545454545454544,6.0,9.35121474642679e-05
LEOPHILE,6,277,,3.65,3.6166666666666667,36.5,9.35121474642679e-05
MOITA,6,277,24.99,3.8,3.85,22.5,9.35121474642679e-05
Naxa Electronics,36,276,18.27,3.4,3.25,1.5,9.317455848425248e-05
Wotmic,19,274,,3.5,3.7052631578947373,3.0,9.249938052422167e-05
Ralyin,10,274,33.68,3.45,3.4,27.5,9.249938052422167e-05
MyGift,9,274,9.99,3.4,3.3,15.0,9.249938052422167e-05
WPOW,4,274,24.99,3.7,3.75,18.0,9.249938052422167e-05
IDE11,8,272,16.49,4.0,3.9625,35.5,9.182420256419085e-05
Dzstorm,5,271,59.99,4.1,4.04,45.0,9.148661358417545e-05
X-1 Audio,13,270,12.99,3.2,3.076923076923077,11.0,9.114902460416004e-05
LAFITEAR,6,270,,4.15,4.116666666666666,52.0,9.114902460416004e-05
DIGITNOW,5,270,49.99,4.2,4.18,31.0,9.114902460416004e-05
Wilbur,11,268,22.99,4.4,4.327272727272727,22.0,9.047384664412922e-05
aloutte,3,268,,4.0,3.9333333333333336,114.0,9.047384664412922e-05
Fanmusic,13,266,42.49,4.4,4.3,4.0,8.97986686840984e-05
IMAGE,4,266,,3.4,3.4,33.0,8.97986686840984e-05
Empsun,3,266,8.99,4.3,4.366666666666666,29.0,8.97986686840984e-05
dyplay,33,265,36.99,3.7,3.690909090909091,4.0,8.9461079704083e-05
DITFOV,3,264,,4.3,4.366666666666666,40.0,8.912349072406759e-05
CUBBYCAM,7,263,,3.2,3.2142857142857144,25.0,8.878590174405219e-05
HUAWEI,33,261,54.99,4.1,3.887878787878788,4.0,8.811072378402137e-05
Earphones Plus,4,261,7.95,4.0,3.9000000000000004,52.5,8.811072378402137e-05
SPRK,15,260,,3.7,3.6933333333333334,10.0,8.777313480400597e-05
SZHTFX,15,260,31.479999999999997,3.6,3.52,2.0,8.777313480400597e-05
Bovelt,4,259,33.99,4.1,4.1,33.0,8.743554582399056e-05
Zolo,4,259,52.49,3.6,3.75,9.0,8.743554582399056e-05
FEANS,6,258,14.99,4.3,4.383333333333334,8.0,8.709795684397516e-05
amasing,13,257,5.99,4.1,3.9076923076923076,22.0,8.676036786395974e-05
Topicy,12,257,,3.7,3.8666666666666667,5.5,8.676036786395974e-05
HUICCN,11,257,32.99,3.5,3.309090909090909,5.0,8.676036786395974e-05
EldHus,5,257,,3.8,3.3,60.0,8.676036786395974e-05
swimaudios,5,255,25.99,3.8,3.8199999999999994,30.0,8.608518990392893e-05
Anivia,9,254,21.619999999999997,4.1,3.6999999999999997,9.0,8.574760092391353e-05
ATGOIN,3,254,39.0,3.9,3.9333333333333336,98.0,8.574760092391353e-05
WGP,8,251,29.99,3.7,3.8125,9.5,8.47348339838673e-05
BuddyPhones,6,251,31.490000000000002,4.5,4.5,7.0,8.47348339838673e-05
Gsangoo,11,250,13.99,4.2,4.136363636363637,10.0,8.43972450038519e-05
HandStands,8,249,,3.8,3.7249999999999996,15.5,8.405965602383648e-05
aiwons,7,249,,3.6,3.728571428571428,16.0,8.405965602383648e-05
MXditect,6,249,,3.3,3.4,4.5,8.405965602383648e-05
SUPVOL,16,248,12.49,3.6500000000000004,3.525,10.5,8.372206704382108e-05
ZRUHIG,14,248,22.98,4.1,4.071428571428571,9.5,8.372206704382108e-05
ISCREM,6,248,19.98,3.7,3.783333333333333,20.5,8.372206704382108e-05
EYIW,3,248,22.79,2.6,2.8333333333333335,84.0,8.372206704382108e-05
AVID Education,5,247,15.35,4.2,4.220000000000001,6.0,8.338447806380566e-05
Rand McNally,3,247,189.73000000000002,4.3,4.3,24.0,8.338447806380566e-05
Samsung,3,247,,4.3,3.8666666666666667,7.0,8.338447806380566e-05
YHSRBD,6,246,,3.95,3.8833333333333333,23.0,8.304688908379026e-05
SAMMIX,5,246,,3.5,3.7,60.0,8.304688908379026e-05
SmithOutlet,25,245,164.95,4.1,3.8480000000000003,3.0,8.270930010377485e-05
Jesebang,10,244,,4.699999999999999,4.55,12.0,8.237171112375945e-05
MSLAN,7,244,,3.4,3.3428571428571425,41.0,8.237171112375945e-05
VOHECHS,4,244,,3.8499999999999996,3.925,15.5,8.237171112375945e-05
Sokos,3,244,,3.5,3.533333333333333,88.0,8.237171112375945e-05
Barks,10,242,69.97,4.55,4.36,2.5,8.169653316372863e-05
Csasan,5,242,27.99,4.8,4.68,19.0,8.169653316372863e-05
VicTsing,3,241,,3.3,3.3333333333333335,81.0,8.135894418371322e-05
YHT,14,240,19.99,3.9,3.7642857142857147,9.0,8.102135520369782e-05
SIMGOT,15,239,104.99,4.4,4.48,6.0,8.06837662236824e-05
SOUL,9,239,39.99,3.4,3.522222222222222,11.0,8.06837662236824e-05
ZAGG,15,238,19.99,3.6,3.7266666666666666,7.0,8.0346177243667e-05
"Scan Sound, Inc.",11,238,26.78,3.3,3.4818181818181815,23.0,8.0346177243667e-05
Audiosharp,16,237,,3.0,2.93125,6.5,8.000858826365159e-05
TOUCH TWO,14,237,19.99,4.15,4.171428571428572,10.5,8.000858826365159e-05
1mii,8,237,15.99,3.8499999999999996,3.7375,16.0,8.000858826365159e-05
Fostex USA,7,237,469.19,3.8,3.6999999999999997,7.0,8.000858826365159e-05
AVAZI,3,237,35.45,4.0,3.9666666666666663,50.0,8.000858826365159e-05
urophylla,3,237,,4.0,3.8666666666666667,104.0,8.000858826365159e-05
Lekaby,6,236,,4.449999999999999,4.5,26.5,7.967099928363619e-05
SHDKJXH,8,235,12.49,4.05,4.0375,21.5,7.933341030362077e-05
awatrue,5,235,15.49,5.0,4.82,1.0,7.933341030362077e-05
phonicgrid,4,235,49.99,4.699999999999999,4.625,28.5,7.933341030362077e-05
Tonatual,4,234,11.31,2.7,2.9749999999999996,21.5,7.899582132360537e-05
Onkyo,22,232,123.65,3.6,3.809090909090909,8.5,7.832064336357456e-05
Roollmantaker,6,231,21.2,4.3,4.25,25.5,7.798305438355914e-05
Reveal,7,229,,3.9,3.8285714285714287,17.0,7.730787642352833e-05
KENKUO,14,228,22.99,3.5,3.3714285714285714,14.0,7.697028744351292e-05
STAR WARS,14,227,21.49,3.8499999999999996,3.8000000000000003,14.0,7.663269846349751e-05
Thore,9,226,27.99,3.8,3.677777777777778,11.0,7.629510948348211e-05
Bowost,3,225,,4.1,4.033333333333333,18.0,7.595752050346671e-05
Memorex,32,224,12.49,3.75,3.728125,4.5,7.56199315234513e-05
HMDX,14,224,29.99,3.45,3.2642857142857147,1.5,7.56199315234513e-05
ANKIT,13,224,,3.5,3.3846153846153846,7.0,7.56199315234513e-05
EasySMX,10,223,29.99,4.15,4.16,8.0,7.528234254343589e-05
TOPEPOP,7,223,14.745,3.8,3.757142857142857,31.0,7.528234254343589e-05
AIAIAI,31,221,190.0,3.5,3.5,2.0,7.460716458340508e-05
Tok Tok Designs,15,221,,3.8,3.7866666666666666,8.0,7.460716458340508e-05
Samnyte,8,221,,3.8499999999999996,3.9,26.0,7.460716458340508e-05
ORANPID,3,220,18.445,4.2,3.7000000000000006,97.0,7.426957560338966e-05
Biensound,13,219,,3.3,3.3230769230769233,9.0,7.393198662337426e-05
JIAMQISHI,7,219,49.99,4.5,4.442857142857143,9.0,7.393198662337426e-05
Hamilton,32,217,21.265,3.8499999999999996,3.590625,3.0,7.325680866334345e-05
Satechi,4,217,,3.95,3.95,53.5,7.325680866334345e-05
ZVOX,4,217,57.989999999999995,4.2,3.825,22.0,7.325680866334345e-05
Duola,3,217,,3.7,3.6999999999999997,46.0,7.325680866334345e-05
SimpTronic Tech,45,216,39.88,3.3,3.48,3.0,7.291921968332803e-05
IKT,8,216,16.57,4.45,4.4375,24.0,7.291921968332803e-05
ROCUSO,6,216,21.99,3.35,3.4333333333333336,5.5,7.291921968332803e-05
elago,14,215,19.99,3.6500000000000004,3.6785714285714284,12.5,7.258163070331263e-05
blueear,9,215,14.489999999999998,4.0,3.988888888888889,8.0,7.258163070331263e-05
Essoy,12,214,,3.6500000000000004,3.8000000000000003,8.0,7.224404172329722e-05
Taoclear,12,214,12.99,4.3,4.233333333333333,13.0,7.224404172329722e-05
Cotogni,9,214,19.99,4.3,4.177777777777778,17.0,7.224404172329722e-05
NEEGO,9,214,134.99,4.2,4.166666666666667,25.0,7.224404172329722e-05
Mxstudio,8,214,,3.25,3.425,5.0,7.224404172329722e-05
Wensdo,10,213,25.99,3.95,3.9,22.5,7.190645274328181e-05
Jazwares,9,213,39.99,3.7,3.7666666666666666,10.0,7.190645274328181e-05
Lrecat,7,213,14.99,4.4,4.214285714285714,23.0,7.190645274328181e-05
ADVANCED SOUND GROUP,9,212,29.99,3.8,3.788888888888889,6.0,7.15688637632664e-05
OOX,6,212,,3.9,3.9,31.5,7.15688637632664e-05
G GravaStar,3,212,89.99,4.0,4.0,59.0,7.15688637632664e-05
Gear Beast,6,211,,3.25,3.233333333333333,31.5,7.1231274783251e-05
klangdorf,22,210,4.99,3.75,3.6727272727272724,5.0,7.089368580323558e-05
Gasy Bzhe,6,210,14.6,3.9,3.766666666666667,30.0,7.089368580323558e-05
Lavifree,4,210,24.99,4.3,4.3,51.0,7.089368580323558e-05
MAIRDI,14,209,79.99,3.6500000000000004,3.692857142857143,5.5,7.055609682322018e-05
Fleeken,5,209,,3.4,3.4,27.0,7.055609682322018e-05
ZZN,7,208,24.99,4.2,4.2,9.0,7.021850784320477e-05
Mood Pie,6,207,18.47,4.15,4.233333333333333,3.0,6.988091886318937e-05
Under Armour,5,207,204.495,4.3,4.2,11.0,6.988091886318937e-05
Verizon,20,206,15.489999999999998,3.6500000000000004,3.45,2.5,6.954332988317395e-05
SZJMSR,11,206,12.9,3.6,3.5454545454545454,3.0,6.954332988317395e-05
Direct Sound,9,206,157.55,3.4,3.2,5.0,6.954332988317395e-05
QHQO,3,206,10.99,4.0,4.0,40.0,6.954332988317395e-05
VCOM,20,205,,3.6500000000000004,3.6950000000000003,5.0,6.920574090315855e-05
Kindpack,7,205,,3.8,3.7857142857142856,5.0,6.920574090315855e-05
Bedphones,4,205,,2.95,3.025,49.0,6.920574090315855e-05
SoundSOUL,3,205,,3.6,3.6,54.0,6.920574090315855e-05
VOLT PLUS TECH,12,204,27.99,3.5,3.341666666666667,2.0,6.886815192314314e-05
HCMOBI,9,204,29.99,3.8,3.688888888888889,16.0,6.886815192314314e-05
RedSkyPower,9,204,12.43,3.9,3.811111111111111,19.0,6.886815192314314e-05
Woodees,5,204,51.87,3.3,3.0,27.0,6.886815192314314e-05
URIZONS,14,203,18.494999999999997,4.0,3.7285714285714286,6.5,6.853056294312774e-05
GIEEU,8,203,9.99,3.45,3.4375,4.5,6.853056294312774e-05
QIIZCP,6,203,24.99,3.75,3.8333333333333335,16.5,6.853056294312774e-05
Togetface,7,202,39.99,4.2,4.085714285714286,20.0,6.819297396311232e-05
PreSonus,5,202,64.99,4.2,4.0200000000000005,3.0,6.819297396311232e-05
NVOPERANG,9,201,26.99,3.8,3.822222222222222,16.0,6.785538498309692e-05
Wearhaus,9,200,40.94,3.6,3.644444444444444,7.0,6.751779600308151e-05
USBERG,4,200,,4.15,4.15,11.5,6.751779600308151e-05
blucoil,26,198,,4.199999999999999,4.188461538461539,5.0,6.684261804305069e-05
Cosmos,3,198,6.99,3.9,3.8333333333333335,85.0,6.684261804305069e-05
Yomuse,9,197,17.99,4.0,4.011111111111111,3.0,6.650502906303529e-05
Kingstar,10,195,28.99,3.7,3.66,6.0,6.582985110300448e-05
Merkury Innovations,36,194,,3.4,3.4527777777777775,2.0,6.549226212298906e-05
Oliomp,6,194,,3.4,3.4166666666666665,18.5,6.549226212298906e-05
Red Ant,6,194,,3.4000000000000004,3.3166666666666664,25.5,6.549226212298906e-05
Shopkins,6,194,29.99,3.65,3.766666666666667,16.5,6.549226212298906e-05
STACUL,5,194,,4.9,4.7,23.0,6.549226212298906e-05
ALOVA,3,194,,3.7,3.6333333333333333,49.0,6.549226212298906e-05
Coloud,39,193,99.99,3.7,3.646153846153846,3.0,6.515467314297366e-05
iSens,6,193,,3.45,3.85,7.0,6.515467314297366e-05
OLLIVAN,5,193,,4.3,4.0200000000000005,1.0,6.515467314297366e-05
AMZSMT,9,192,,4.9,4.7555555555555555,5.0,6.481708416295825e-05
Wekily,8,192,25.99,4.199999999999999,4.2,24.5,6.481708416295825e-05
iDARS,4,192,,4.05,4.074999999999999,26.5,6.481708416295825e-05
mojawa,4,192,129.99,4.1,4.225,40.0,6.481708416295825e-05
HGCXING,17,191,14.99,4.1,4.070588235294117,8.0,6.447949518294284e-05
IMMK,10,191,,3.55,3.7,2.0,6.447949518294284e-05
Tintec,5,191,,3.8,3.88,10.0,6.447949518294284e-05
Zelher,5,191,15.99,3.9,3.94,16.0,6.447949518294284e-05
Ikko,7,190,119.0,4.4,4.271428571428571,5.0,6.414190620292743e-05
meidong,7,190,49.99,3.5,3.642857142857143,7.0,6.414190620292743e-05
Boodlab,3,190,22.99,4.3,4.433333333333334,61.0,6.414190620292743e-05
AUVIO,31,188,,3.8,3.738709677419355,5.0,6.346672824289663e-05
ZealSound,4,188,,3.7,3.575,18.5,6.346672824289663e-05
Kuuhsaaez,16,187,23.56,2.8,2.925,9.5,6.312913926288121e-05
Creative Labs,12,187,,3.4,3.5,3.5,6.312913926288121e-05
Dreo,9,187,,3.4,3.688888888888889,25.0,6.312913926288121e-05
KOVON,6,187,,4.550000000000001,4.566666666666667,32.0,6.312913926288121e-05
BYZ,29,186,,3.4,3.5103448275862066,2.0,6.279155028286581e-05
Jayfi,14,186,14.49,3.7,3.7785714285714285,7.0,6.279155028286581e-05
SOWND,13,186,,3.7,3.4923076923076923,6.0,6.279155028286581e-05
Aluratek,12,185,30.71,3.75,3.516666666666667,12.5,6.24539613028504e-05
venstone,5,185,,3.3,3.3,36.0,6.24539613028504e-05
FFZ,3,185,22.49,4.5,4.433333333333334,19.0,6.24539613028504e-05
Walker's,3,185,104.595,3.7,3.466666666666667,9.0,6.24539613028504e-05
Hexdeer,10,184,,4.35,3.6700000000000004,1.0,6.2116372322835e-05
LIUHE,9,184,27.99,3.7,3.755555555555555,24.0,6.2116372322835e-05
Pobon,4,184,,3.8,3.8,22.0,6.2116372322835e-05
TIANCIA,3,184,64.99,3.4,3.466666666666667,37.0,6.2116372322835e-05
Billboard,20,183,17.89,3.4,3.4,6.0,6.177878334281958e-05
Kabray,8,183,,4.4,4.525,7.0,6.177878334281958e-05
Apulueo,5,183,,4.2,4.3,4.0,6.177878334281958e-05
CenGoes,3,183,10.99,4.4,4.3,59.0,6.177878334281958e-05
HELM,3,182,119.84,3.7,3.766666666666667,15.0,6.144119436280418e-05
YENIE,3,182,5.49,3.8,3.8333333333333335,27.0,6.144119436280418e-05
Venstone,4,181,,3.0,3.1,28.0,6.110360538278877e-05
FOSTO,3,181,17.99,3.6,3.733333333333333,12.0,6.110360538278877e-05
MIIKEY,16,180,,3.6,3.49375,7.5,6.076601640277336e-05
CHIFENCHY,6,180,29.98,4.25,4.133333333333334,10.5,6.076601640277336e-05
TONEMAC,5,180,26.99,4.1,4.16,3.0,6.076601640277336e-05
Earbay,3,180,39.9,3.9,3.8333333333333335,17.0,6.076601640277336e-05
VIZIO,5,179,,3.8,3.9799999999999995,41.0,6.042842742275795e-05
KORABA,13,178,19.99,4.3,4.3076923076923075,9.0,6.0090838442742544e-05
Mangotek,5,178,29.91,4.1,4.0,15.0,6.0090838442742544e-05
DLW,4,178,49.99,3.45,3.425,11.0,6.0090838442742544e-05
adidas,10,177,162.51,3.9,3.47,7.0,5.9753249462727136e-05
Nike,10,176,,3.45,3.5799999999999996,16.5,5.941566048271173e-05
Nothing,5,176,71.5,4.2,4.26,50.0,5.941566048271173e-05
Volkano,24,174,28.49,3.8,3.6041666666666665,3.0,5.874048252268091e-05
PUMA,22,174,,3.8,3.813636363636364,3.5,5.874048252268091e-05
EXECCZO,4,174,8.99,3.9,3.875,31.0,5.874048252268091e-05
COOCHEER,3,174,,3.3,3.3666666666666667,3.0,5.874048252268091e-05
Wraps,8,172,16.384999999999998,4.3,4.15,7.0,5.80653045626501e-05
Assistrust,6,171,39.99,4.550000000000001,4.333333333333333,15.5,5.772771558263469e-05
QAWESDX,6,171,11.435,4.1,4.1499999999999995,8.5,5.772771558263469e-05
Juboury,3,171,,3.8,3.6333333333333333,25.0,5.772771558263469e-05
Ertuly,11,170,25.99,3.4,3.372727272727273,5.0,5.739012660261928e-05
QWERDF,8,169,25.99,4.2,4.1375,23.0,5.705253762260388e-05
YMJ,8,169,17.59,3.75,3.6999999999999997,8.5,5.705253762260388e-05
Mediabridge,6,169,,3.45,3.483333333333333,17.5,5.705253762260388e-05
GCBIG,5,169,16.99,3.9,3.9199999999999995,20.0,5.705253762260388e-05
SENZER,4,169,,3.4,3.425,7.0,5.705253762260388e-05
SPECTRASHELL,3,169,,4.5,4.5,12.0,5.705253762260388e-05
HDE,4,168,,3.1,3.2,25.0,5.671494864258847e-05
ZKAPOR,15,167,,2.8,2.9133333333333336,5.0,5.6377359662573066e-05
DOSS,9,167,,3.8,3.677777777777778,2.0,5.6377359662573066e-05
FRESHeTECH,9,167,,3.2,3.088888888888889,6.0,5.6377359662573066e-05
NXG Technology,9,167,31.84,3.6,3.488888888888889,3.0,5.6377359662573066e-05
RIENOK,4,167,,4.5,4.4,9.0,5.6377359662573066e-05
Noot,3,167,,3.4,2.9,61.0,5.6377359662573066e-05
VIDONN,16,166,44.99,3.7,3.4250000000000003,5.0,5.603977068255766e-05
eleror,8,166,20.45,3.7,3.6125,9.5,5.603977068255766e-05
goargin,5,166,84.97,3.3,3.22,12.0,5.603977068255766e-05
DefenderShield,3,166,99.99,3.8,3.8333333333333335,12.0,5.603977068255766e-05
Tsauuc,3,166,,4.1,4.066666666666666,79.0,5.603977068255766e-05
SimpTronic,108,165,,5.0,4.901851851851852,1.0,5.570218170254225e-05
WeSC,54,165,10.99,3.45,3.3814814814814813,1.0,5.570218170254225e-05
KOSETON,8,165,19.99,3.3,3.45,8.5,5.570218170254225e-05
Meseto,5,165,43.89,3.9,3.78,41.0,5.570218170254225e-05
Newcos,17,164,,3.0,3.164705882352941,3.0,5.536459272252684e-05
InOpera,8,164,19.99,4.0,3.925,6.5,5.536459272252684e-05
NVX,6,164,14.99,3.9,3.9333333333333336,5.0,5.536459272252684e-05
XINGWAN,3,164,16.99,3.9,3.966666666666667,34.0,5.536459272252684e-05
HiFiGo,28,163,124.0,4.6,4.5,3.0,5.5027003742511435e-05
StageSound,5,163,25.99,4.1,4.04,16.0,5.5027003742511435e-05
Lift Audio,4,163,,3.35,3.35,15.5,5.5027003742511435e-05
Ydawing,4,163,,4.3,4.125,3.0,5.5027003742511435e-05
HORNORM,7,162,14.99,4.1,4.014285714285714,6.0,5.468941476249603e-05
LUXMO LUXURY MOBILE,6,162,36.99,3.9,3.4,7.0,5.468941476249603e-05
taopodo,3,162,,4.7,4.733333333333333,57.0,5.468941476249603e-05
jWIN,25,161,9.99,3.3,3.14,4.0,5.435182578248062e-05
ASKUBSKU,13,161,18.49,4.1,4.069230769230769,10.0,5.435182578248062e-05
Rhystereo,8,161,,4.4,4.35,6.0,5.435182578248062e-05
YUIN,7,161,,3.8,4.0,9.0,5.435182578248062e-05
ELIBOM,4,161,39.99,3.8,3.8,40.0,5.435182578248062e-05
Candy Bila,3,161,25.979999999999997,4.7,4.733333333333333,48.0,5.435182578248062e-05
EZ EAR,12,160,23.99,4.2,4.175,5.5,5.401423680246521e-05
bakibo,12,160,,4.45,4.441666666666666,3.0,5.401423680246521e-05
WeurGhy,4,160,,4.300000000000001,4.300000000000001,41.0,5.401423680246521e-05
GAOMU,8,159,,3.45,2.9,6.5,5.3676647822449804e-05
Tronsmart,5,159,19.99,4.0,3.9,17.0,5.3676647822449804e-05
ONN,15,158,10.355,3.9,3.9,4.0,5.3339058842434396e-05
Manhattan,9,158,13.49,3.4,3.522222222222222,8.0,5.3339058842434396e-05
Pasuwisma,5,158,,3.9,3.8600000000000003,6.0,5.3339058842434396e-05
EKF,17,157,14.99,3.7,3.5647058823529414,5.0,5.300146986241899e-05
VSONIC,14,157,,3.1,3.2714285714285714,8.0,5.300146986241899e-05
I-Kool,9,157,9.99,3.9,3.611111111111111,12.0,5.300146986241899e-05
Gemini,3,157,,4.2,4.133333333333334,29.0,5.300146986241899e-05
DACOM,17,156,36.945,3.8,3.4411764705882355,5.0,5.266388088240358e-05
C. Crane,8,156,19.99,3.75,3.875,10.5,5.266388088240358e-05
VJJB,8,156,45.99,4.1,4.1375,4.5,5.266388088240358e-05
Eoncore,6,156,,3.8,3.733333333333333,11.0,5.266388088240358e-05
Votlik,5,156,29.99,4.5,4.5600000000000005,19.0,5.266388088240358e-05
SUNNEST,3,156,,2.8,2.8000000000000003,4.0,5.266388088240358e-05
WRZ,14,155,,4.05,3.971428571428571,7.5,5.232629190238817e-05
Yealink,7,155,124.0,4.2,4.1,2.0,5.232629190238817e-05
BIGGERFIVE,5,155,32.99,4.4,4.38,7.0,5.232629190238817e-05
CyberTech,4,155,,3.75,3.75,11.0,5.232629190238817e-05
Audiofly,30,154,836.59,3.75,3.6333333333333333,2.0,5.1988702922372765e-05
EARB,10,154,13.99,4.0,3.81,17.0,5.1988702922372765e-05
ERATO,8,154,72.37,3.5,3.4125,15.0,5.1988702922372765e-05
Helm,3,154,,4.0,3.966666666666667,24.0,5.1988702922372765e-05
JAYS,14,153,39.99,3.6500000000000004,3.771428571428572,2.5,5.165111394235736e-05
Nasuque,10,152,11.49,4.3,4.13,5.5,5.131352496234195e-05
Cloudio,3,152,39.99,4.0,4.0,28.0,5.131352496234195e-05
INSERMORE,3,152,,3.6,3.6,11.0,5.131352496234195e-05
crazybaby,26,151,,3.1,2.965384615384615,4.0,5.097593598232654e-05
LonFine,18,151,,3.6500000000000004,3.6277777777777778,7.5,5.097593598232654e-05
NAGFAK,15,151,35.99,4.3,3.8333333333333335,7.0,5.097593598232654e-05
ZDAGO,4,151,9.99,4.2,4.15,35.0,5.097593598232654e-05
Onido,22,150,,3.9,3.6818181818181817,5.5,5.0638347002311134e-05
Humixx,6,150,,3.8499999999999996,3.7999999999999994,8.5,5.0638347002311134e-05
nura,6,150,199.99,3.8,3.766666666666667,15.5,5.0638347002311134e-05
Wantek,5,150,40.47,3.5,3.28,15.0,5.0638347002311134e-05
Dxnbikt,3,150,25.49,4.2,4.266666666666667,39.0,5.0638347002311134e-05
Zulu Audio,3,150,,3.8,3.7999999999999994,6.0,5.0638347002311134e-05
VEENAX,7,149,24.99,3.7,3.5714285714285716,11.0,5.0300758022295726e-05
WiFamTon,7,149,18.49,3.3,3.5428571428571423,20.0,5.0300758022295726e-05
SVYHUOK,8,148,19.99,4.35,4.3375,12.5,4.996316904228032e-05
YSKJ,7,148,39.99,3.9,4.214285714285714,16.0,4.996316904228032e-05
osdfono,3,148,17.99,4.1,4.066666666666666,28.0,4.996316904228032e-05
Tecno,8,147,34.99,3.9,3.9,21.0,4.962558006226491e-05
Hello Kitty,22,146,,3.6,3.6954545454545453,3.5,4.92879910822495e-05
ausounds,9,146,49.45,3.5,3.466666666666667,14.0,4.92879910822495e-05
IDEAPLAY,8,146,49.98,4.05,4.0375,15.0,4.92879910822495e-05
ANTOPOS,3,146,,3.6,3.4333333333333336,33.0,4.92879910822495e-05
Fixscad,6,145,,3.7,3.716666666666667,17.0,4.8950402102234095e-05
MAS CARNEY,10,144,6.99,3.9,3.79,5.0,4.861281312221869e-05
BCRKLO,3,144,7.99,3.9,3.8333333333333335,29.0,4.861281312221869e-05
FOU,10,143,,3.95,3.7600000000000002,10.5,4.827522414220328e-05
AKSONIC,6,143,29.99,4.15,4.216666666666667,4.5,4.827522414220328e-05
Bds,6,143,,3.05,3.1166666666666667,18.5,4.827522414220328e-05
Sainellor,6,143,32.99,3.75,3.683333333333333,18.0,4.827522414220328e-05
AKASO,3,143,,3.8,3.9,30.0,4.827522414220328e-05
Aresrora,6,142,19.99,4.25,4.216666666666667,3.0,4.793763516218787e-05
Riot Project,3,142,,3.5,3.6333333333333333,42.0,4.793763516218787e-05
1Mii,8,141,29.99,3.95,3.9,15.5,4.7600046182172464e-05
TZS,4,141,29.99,3.95,4.0249999999999995,18.5,4.7600046182172464e-05
COMSOON,3,141,,3.9,3.8333333333333335,46.0,4.7600046182172464e-05
Amberetech,6,140,,3.6500000000000004,3.65,11.5,4.726245720215706e-05
ECS,5,140,32.45,3.6,3.4800000000000004,9.0,4.726245720215706e-05
Jaras,5,140,,3.2,3.12,16.0,4.726245720215706e-05
Saimly,4,140,,3.1,3.175,7.0,4.726245720215706e-05
SoundBeast,4,140,19.95,3.8499999999999996,3.925,29.5,4.726245720215706e-05
VOFUOE,22,139,11.49,3.4,3.186363636363636,3.0,4.692486822214165e-05
eBerry,7,139,,3.6,3.414285714285714,11.0,4.692486822214165e-05
WixGear,5,139,23.99,4.1,4.220000000000001,20.0,4.692486822214165e-05
Importer520,86,138,,3.4,3.4,1.0,4.658727924212624e-05
Hoseili,35,137,46.535,3.5,3.525714285714286,4.0,4.6249690262110833e-05
Roland,10,137,134.2,4.45,4.48,2.5,4.6249690262110833e-05
Jabees,7,137,49.99,3.7,3.685714285714286,3.0,4.6249690262110833e-05
WOOZIK,31,136,19.99,3.4,3.5290322580645164,2.0,4.5912101282095426e-05
XZC,9,136,29.065,4.3,4.344444444444445,4.0,4.5912101282095426e-05
AudioVideo2go,7,136,35.0,4.3,4.3,5.0,4.5912101282095426e-05
Level Black,5,136,,3.8,3.5799999999999996,15.0,4.5912101282095426e-05
COSPOR,17,135,,3.5,3.3705882352941177,2.0,4.557451230208002e-05
BGJOY,13,135,17.99,3.9,4.076923076923077,2.0,4.557451230208002e-05
BestDealUSA,12,135,,3.1,3.016666666666667,4.0,4.557451230208002e-05
Crave,5,135,24.99,3.5,3.5799999999999996,20.0,4.557451230208002e-05
GIIKNEW,5,135,,3.9,3.8,7.0,4.557451230208002e-05
MR.ICE,5,135,,3.2,3.3200000000000003,7.0,4.557451230208002e-05
miccus,3,135,,4.0,3.8000000000000003,22.0,4.557451230208002e-05
Sharper Image,21,134,,2.7,2.5619047619047617,1.0,4.523692332206461e-05
SWMIUSK,9,134,13.49,3.8,3.5555555555555554,4.0,4.523692332206461e-05
leegoal,6,134,,3.25,3.3000000000000003,6.0,4.523692332206461e-05
Gumdrop Cases,4,134,14.95,4.15,4.15,29.0,4.523692332206461e-05
GUNING,3,134,51.49,4.3,4.3,31.0,4.523692332206461e-05
Vive Comb,3,134,,3.6,3.466666666666667,42.0,4.523692332206461e-05
iqua,13,133,,3.6,3.3846153846153846,3.0,4.48993343420492e-05
Prtukyt,10,133,,3.6500000000000004,3.8200000000000003,9.0,4.48993343420492e-05
CSOOPAR,6,133,,4.25,4.233333333333333,4.5,4.48993343420492e-05
HeadGear,5,133,7.99,3.1,3.4200000000000004,1.0,4.48993343420492e-05
Parasom,5,133,,3.8,3.7399999999999998,15.0,4.48993343420492e-05
Wasart,5,133,29.99,4.4,4.4399999999999995,25.0,4.48993343420492e-05
GTMax,22,132,,3.05,3.1,2.5,4.4561745362033795e-05
Stanton,9,132,52.489999999999995,3.7,3.6555555555555554,3.0,4.4561745362033795e-05
Turtle Beach,7,132,41.0,3.6,3.457142857142857,2.0,4.4561745362033795e-05
hadbleng,5,132,22.98,4.5,4.5,11.0,4.4561745362033795e-05
A-Audio,4,132,176.45,3.3,3.375,24.0,4.4561745362033795e-05
aelec,4,132,,3.8499999999999996,3.8499999999999996,33.5,4.4561745362033795e-05
ReeRay,3,132,39.3,3.8,3.766666666666667,52.0,4.4561745362033795e-05
ABLEGRID,9,131,,3.8,3.7777777777777777,17.0,4.4224156382018394e-05
Damipow,6,131,44.95,3.6500000000000004,3.716666666666667,13.5,4.4224156382018394e-05
LUX ACCESSORIES,4,131,14.95,3.8,3.725,24.5,4.4224156382018394e-05
Happy Plugs,48,130,79.99,3.8,3.702083333333333,2.0,4.3886567402002986e-05
ELOVEN,24,130,21.49,3.55,3.2083333333333335,2.0,4.3886567402002986e-05
SOMIC,16,130,,3.8,3.725,2.0,4.3886567402002986e-05
Diivoo,9,130,,3.5,3.755555555555555,6.0,4.3886567402002986e-05
ICESOMNUS,8,130,89.99,3.55,3.6375,4.5,4.3886567402002986e-05
wedoking,4,130,45.99,3.5,3.475,31.0,4.3886567402002986e-05
TOHUNZO,3,130,68.99,3.8,3.766666666666667,9.0,4.3886567402002986e-05
EFOSHM,4,129,,3.8,3.95,20.0,4.354897842198758e-05
ACCTREND,3,129,,3.1,3.1666666666666665,34.0,4.354897842198758e-05
SDFLAYER,36,128,,3.95,4.1194444444444445,1.5,4.321138944197217e-05
Deal Maniac,13,128,19.95,3.7,3.630769230769231,3.0,4.321138944197217e-05
Veho,11,128,29.95,3.7,3.3545454545454545,2.0,4.321138944197217e-05
WESADN,18,127,18.49,3.1500000000000004,3.2944444444444443,3.0,4.287380046195676e-05
SADES,13,127,,3.4,3.430769230769231,6.0,4.287380046195676e-05
TTPOD,10,127,,3.2,3.3,6.0,4.287380046195676e-05
Able Planet,7,127,,3.3,3.3428571428571425,17.0,4.287380046195676e-05
Joyphy,7,127,,3.5,3.3714285714285714,14.0,4.287380046195676e-05
YooZoo,4,127,,3.7,3.575,7.5,4.287380046195676e-05
xtremtec,4,127,24.49,4.0,3.9749999999999996,23.5,4.287380046195676e-05
Spider Man,3,127,16.21,3.9,3.8333333333333335,58.0,4.287380046195676e-05
KANEN,14,126,,4.0,3.892857142857143,1.5,4.2536211481941355e-05
itkidboy,5,126,,4.2,4.2,23.0,4.2536211481941355e-05
Gsebr,28,125,,3.75,3.9035714285714285,3.5,4.219862250192595e-05
RevoNext,26,125,14.99,4.1,4.084615384615384,3.0,4.219862250192595e-05
Section 8,25,125,31.3,3.9,3.728,5.0,4.219862250192595e-05
Sudio,16,124,89.0,3.8,3.68125,2.5,4.186103352191054e-05
iWorld,9,124,9.99,3.4,3.1444444444444444,4.0,4.186103352191054e-05
COUMI,5,124,,3.9,4.0,15.0,4.186103352191054e-05
ICONNTECHS IT,5,124,,3.6,3.4799999999999995,15.0,4.186103352191054e-05
ABSOKE,8,123,,4.5,4.4125,15.0,4.152344454189513e-05
BD&M,6,123,9.469999999999999,4.0,3.8833333333333333,19.5,4.152344454189513e-05
Snowwicase,6,123,,4.1,4.1,6.0,4.152344454189513e-05
BANIGIPA,5,123,24.99,4.2,4.0600000000000005,16.0,4.152344454189513e-05
ELEVOC,4,123,39.99,3.7,3.825,23.0,4.152344454189513e-05
pamu,13,122,59.99,3.5,3.5615384615384613,4.0,4.1185855561879724e-05
KEF,11,122,269.78000000000003,3.8,3.790909090909091,4.0,4.1185855561879724e-05
leqingchun,5,122,17.99,4.1,4.2,3.0,4.1185855561879724e-05
AXIL,3,122,249.1,3.8,4.0,3.0,4.1185855561879724e-05
Thermaltake,3,122,,3.5,3.466666666666667,28.0,4.1185855561879724e-05
AUOUA Life On Music,15,121,13.38,3.7,3.8266666666666667,6.0,4.0848266581864316e-05
Deuomerk,4,121,,4.7,4.75,1.5,4.0848266581864316e-05
Morpheus 360,13,120,49.99,3.8,3.6846153846153844,8.0,4.051067760184891e-05
AcousticSheep,11,120,,3.3,3.5545454545454547,6.0,4.051067760184891e-05
Rotibox,11,120,7.99,3.1,3.0,5.0,4.051067760184891e-05
iBasso,6,120,188.5,4.1,4.05,12.0,4.051067760184891e-05
EAVAN,4,120,15.989999999999998,3.95,4.025,23.0,4.051067760184891e-05
Viotek,8,119,14.99,3.65,3.5875,5.0,4.01730886218335e-05
JOYHOOSH,6,119,17.99,3.9,3.9,12.5,4.01730886218335e-05
ANRYZAN,4,119,9.99,4.1,4.074999999999999,9.5,4.01730886218335e-05
KURSO,22,118,,3.8499999999999996,4.072727272727272,1.0,3.983549964181809e-05
180s,11,118,16.99,3.5,3.309090909090909,5.0,3.983549964181809e-05
Wisezone,6,118,16.03,4.85,4.75,6.5,3.983549964181809e-05
miumiupop,5,118,10.99,4.3,4.12,2.0,3.983549964181809e-05
JekaDabe,4,118,,4.45,4.55,12.5,3.983549964181809e-05
NyPots,4,118,27.99,3.8,3.775,31.0,3.983549964181809e-05
Torteco,3,118,,4.1,3.8333333333333335,41.0,3.983549964181809e-05
Moear,21,117,,3.8,3.6523809523809527,2.0,3.9497910661802685e-05
iSound,16,117,22.85,3.6500000000000004,3.6125,4.5,3.9497910661802685e-05
Wackolee,6,117,,3.3,3.35,9.0,3.9497910661802685e-05
DaKuan,3,117,8.99,3.9,3.966666666666667,15.0,3.9497910661802685e-05
DUNU,14,116,,3.6500000000000004,3.557142857142857,1.5,3.916032168178728e-05
Altigo,12,116,11.995000000000001,3.3499999999999996,3.3166666666666664,8.0,3.916032168178728e-05
FIUPIA,7,116,16.99,4.6,4.5285714285714285,10.0,3.916032168178728e-05
LASMEX,7,116,,3.7,3.685714285714286,9.0,3.916032168178728e-05
SIHIVIVE,6,116,,3.8,3.85,14.5,3.916032168178728e-05
GOALSEN,4,116,26.99,3.8,3.775,15.0,3.916032168178728e-05
Jeecoo,4,116,,3.5,3.5,24.5,3.916032168178728e-05
Duracell,3,116,49.99,4.0,3.9,3.0,3.916032168178728e-05
Incase Designs,16,115,19.99,3.8499999999999996,3.9375,5.5,3.882273270177187e-05
Helix,14,115,14.09,3.4,3.1999999999999997,2.0,3.882273270177187e-05
LavaBeans,7,115,26.99,4.4,4.485714285714286,7.0,3.882273270177187e-05
Mad Catz,6,115,,3.8,3.8000000000000003,22.5,3.882273270177187e-05
super me,6,115,,4.1,4.1,11.5,3.882273270177187e-05
Nasudake,5,115,,4.1,3.4,10.0,3.882273270177187e-05
Moona,6,114,,3.8,3.75,18.0,3.848514372175646e-05
TunePhonik,4,114,,3.15,3.3,20.5,3.848514372175646e-05
USBNOVEL,4,114,,3.25,3.225,23.5,3.848514372175646e-05
Audiomate,14,113,20.99,3.5,3.5214285714285714,8.0,3.8147554741741054e-05
TIMMKOO,14,113,21.99,3.9,3.935714285714286,3.5,3.8147554741741054e-05
PopClik,13,113,12.99,3.5,3.4076923076923076,4.0,3.8147554741741054e-05
Motorheadphones,8,113,,3.3499999999999996,3.475,11.0,3.8147554741741054e-05
Digdiy,7,113,54.99,3.8,3.8857142857142857,6.0,3.8147554741741054e-05
ROCK,6,113,,3.8,3.9166666666666665,5.5,3.8147554741741054e-05
ALPHA BEATS,5,113,,3.5,3.5200000000000005,7.0,3.8147554741741054e-05
Usoun,3,113,,4.6,4.566666666666666,25.0,3.8147554741741054e-05
realme,15,112,43.19,4.1,4.006666666666667,3.0,3.780996576172565e-05
Asnrc,10,112,,3.7,3.59,5.5,3.780996576172565e-05
fujack,6,112,,3.6,3.5666666666666664,12.5,3.780996576172565e-05
Eumspo,4,112,19.99,4.2,4.3,23.5,3.780996576172565e-05
FICJEAD,16,111,9.99,3.9,3.95,2.0,3.747237678171024e-05
BEARTAIN,10,111,45.99,4.35,4.36,3.0,3.747237678171024e-05
SFABF,10,111,9.99,3.5,3.5799999999999996,5.0,3.747237678171024e-05
BlueLark,9,111,,4.1,4.055555555555555,8.0,3.747237678171024e-05
Nautica,9,111,,3.9,3.755555555555555,11.0,3.747237678171024e-05
Azeca,7,111,,3.1,3.3857142857142857,3.0,3.747237678171024e-05
HomeSpot,5,110,57.49,4.1,4.0200000000000005,25.0,3.713478780169483e-05
Aruind,4,110,35.99,4.0,4.0,28.0,3.713478780169483e-05
LOAKYO,4,110,16.98,4.35,4.35,11.5,3.713478780169483e-05
COOWIND,3,110,,3.9,3.8666666666666667,24.0,3.713478780169483e-05
FAAEAL,14,109,10.99,4.35,4.271428571428571,3.5,3.6797198821679423e-05
Crystal Case,12,109,,3.1,2.8666666666666667,7.5,3.6797198821679423e-05
Cellia,5,109,,3.4,3.6,29.0,3.6797198821679423e-05
MATEDSOUS,3,109,,3.9,3.8000000000000003,44.0,3.6797198821679423e-05
Vivitar,32,108,15.19,3.15,3.04375,1.5,3.6459609841664016e-05
Smoonigh,4,108,19.99,4.6,4.625,19.0,3.6459609841664016e-05
LINEARFLUX,3,108,89.0,3.8,3.9,51.0,3.6459609841664016e-05
AWEI,16,107,19.99,3.85,3.8875,3.0,3.612202086164861e-05
BACKWIN,15,107,16.54,4.0,3.9733333333333336,4.0,3.612202086164861e-05
KICKER,10,107,28.39,3.7,3.65,8.5,3.612202086164861e-05
yxiyxi,5,107,,3.6,3.5200000000000005,19.0,3.612202086164861e-05
Westinghouse,4,107,,3.5,3.55,21.5,3.612202086164861e-05
GGH,3,107,,3.6,3.6,25.0,3.612202086164861e-05
Sound-Squared,12,106,,3.4,3.533333333333333,2.5,3.57844318816332e-05
Race Day Electronics,5,106,57.489999999999995,3.8,3.88,13.0,3.57844318816332e-05
Voguish,5,106,,3.7,4.04,2.0,3.57844318816332e-05
Garrett,4,106,37.12,4.550000000000001,4.325,25.5,3.57844318816332e-05
IPXOZO,22,105,39.99,3.3499999999999996,3.7590909090909093,2.0,3.544684290161779e-05
HamiltonBuhl,15,105,21.475,4.0,3.52,3.0,3.544684290161779e-05
ELEVENSES,13,105,7.99,4.1,3.9384615384615382,1.0,3.544684290161779e-05
Sony Ericsson,13,105,24.220000000000002,3.5,3.4692307692307693,3.0,3.544684290161779e-05
Flashmen,3,105,28.99,3.9,4.066666666666666,48.0,3.544684290161779e-05
Joymiso,3,105,14.99,3.9,4.0,45.0,3.544684290161779e-05
Sonex,3,105,,4.2,4.233333333333333,48.0,3.544684290161779e-05
BIRUGEAR,21,104,,3.3,3.2571428571428576,2.0,3.5109253921602385e-05
LeeRay,16,104,,3.6,3.73125,1.5,3.5109253921602385e-05
WooAwesome,7,103,7.98,3.9,3.7285714285714286,3.0,3.477166494158698e-05
ACEFAST,5,103,59.99,4.3,4.24,6.0,3.477166494158698e-05
keephifi,23,102,25.99,4.2,4.078260869565217,2.0,3.443407596157157e-05
XNMOA,9,102,9.99,3.9,3.8777777777777778,9.0,3.443407596157157e-05
YUANBAI,4,102,14.99,4.05,4.05,25.5,3.443407596157157e-05
Vomach,3,102,,3.4,3.3333333333333335,15.0,3.443407596157157e-05
Mottenfalle,12,101,26.99,3.95,3.983333333333333,2.0,3.409648698155616e-05
Disney,8,101,15.99,3.8499999999999996,3.8,9.0,3.409648698155616e-05
Boltune,5,101,59.99,4.4,4.38,9.0,3.409648698155616e-05
gozanga,11,100,6.99,3.8,3.690909090909091,5.0,3.3758898001540754e-05
Redzeo,3,100,,4.2,4.233333333333333,29.0,3.3758898001540754e-05
AT&T,17,99,18.0,3.1,2.9058823529411764,2.0,3.3421309021525346e-05
The Macbeth Collection,6,99,,3.35,3.533333333333333,1.5,3.3421309021525346e-05
INSMY,3,99,24.99,3.6,3.6,21.0,3.3421309021525346e-05
Aerial7,24,98,19.99,3.4,3.4791666666666665,3.0,3.308372004150994e-05
LeBoomon,15,98,,3.1,3.08,5.0,3.308372004150994e-05
JL supply,4,98,,3.3499999999999996,3.35,21.0,3.308372004150994e-05
BCC & NM,49,97,,3.4,3.3040816326530615,1.0,3.274613106149453e-05
RUSAM,16,97,10.9,3.9,3.80625,3.5,3.274613106149453e-05
PWOW,7,97,,3.5,3.914285714285714,1.0,3.274613106149453e-05
Roman,5,97,,3.5,3.6399999999999997,18.0,3.274613106149453e-05
mimoday,4,97,,4.2,4.175,23.0,3.274613106149453e-05
Cystereo,3,97,49.035,4.0,3.8666666666666667,36.0,3.274613106149453e-05
Better,16,96,21.99,4.4,4.40625,2.0,3.240854208147912e-05
Artist Unknown,10,96,29.99,3.9,4.14,4.5,3.240854208147912e-05
TENNMAK,5,96,16.99,3.9,3.8,4.0,3.240854208147912e-05
LiMingGi,4,96,22.49,4.15,4.125,16.0,3.240854208147912e-05
ONITOON,4,96,13.989999999999998,3.8,3.95,14.0,3.240854208147912e-05
TXHUTSOG,4,96,14.489999999999998,3.7,3.875,5.5,3.240854208147912e-05
ROSKY,18,95,,4.35,4.061111111111111,2.5,3.2070953101463715e-05
Zeikos,13,95,76.54,3.6,3.353846153846154,3.0,3.2070953101463715e-05
Padmate,12,95,49.99,3.6500000000000004,3.3249999999999997,3.5,3.2070953101463715e-05
eBigValue,10,95,11.99,3.0,3.02,1.5,3.2070953101463715e-05
XKDUN,9,95,23.99,3.7,3.755555555555556,9.0,3.2070953101463715e-05
Criacr,5,95,,4.0,4.14,2.0,3.2070953101463715e-05
PineappleClothing,5,95,,2.9,2.8600000000000003,2.0,3.2070953101463715e-05
Emuael,4,95,28.990000000000002,4.35,4.45,25.0,3.2070953101463715e-05
DOTSOG,3,95,,3.6,3.466666666666667,3.0,3.2070953101463715e-05
duola,3,95,,3.8,3.733333333333333,24.0,3.2070953101463715e-05
Aircom,15,94,,3.5,3.4733333333333336,3.0,3.1733364121448314e-05
Spracht,10,94,53.0,3.6500000000000004,3.7299999999999995,5.0,3.1733364121448314e-05
GZCRDZ,5,94,28.99,3.1,3.02,11.0,3.1733364121448314e-05
Soundnetic,5,94,47.9,4.1,3.78,4.0,3.1733364121448314e-05
MTY,4,94,,3.45,3.475,11.0,3.1733364121448314e-05
YSSHUI,4,94,,3.9,3.7,25.0,3.1733364121448314e-05
Kargebay,3,94,20.99,3.7,3.5666666666666664,5.0,3.1733364121448314e-05
Motor Trend,8,93,,3.35,3.3875,6.0,3.1395775141432906e-05
Blue Microphones,5,93,169.99,3.6,3.46,17.0,3.1395775141432906e-05
SinFoxeon,5,93,12.79,4.1,4.1,7.0,3.1395775141432906e-05
Konnek Stein,4,93,13.739999999999998,4.2,4.125,21.0,3.1395775141432906e-05
AIRSEE,3,93,,3.6,3.5666666666666664,21.0,3.1395775141432906e-05
DNRPrime,39,92,14.99,3.3,3.423076923076923,1.0,3.10581861614175e-05
OYEALEX,12,92,30.490000000000002,4.0,3.8166666666666664,4.0,3.10581861614175e-05
Qisebin,8,92,40.22,4.05,3.675,14.5,3.10581861614175e-05
CAD Audio,6,92,89.95,3.25,3.266666666666667,4.5,3.10581861614175e-05
Gardway,4,92,25.99,3.6,3.55,15.0,3.10581861614175e-05
Modern-Life-Choice,4,92,,3.4,3.4,21.0,3.10581861614175e-05
APIE,3,92,,3.9,3.8666666666666667,6.0,3.10581861614175e-05
Zerone,19,91,19.18,3.4,3.1894736842105265,3.0,3.072059718140209e-05
VuyKoo,10,91,21.485,3.9,4.16,4.0,3.072059718140209e-05
BMTick,9,91,14.99,3.9,3.788888888888889,7.0,3.072059718140209e-05
Tapvos,7,91,64.99,4.3,4.128571428571428,9.0,3.072059718140209e-05
DAIXI,6,91,,3.55,3.5833333333333335,16.0,3.072059718140209e-05
EAORUL,6,91,38.49,4.25,4.216666666666666,14.0,3.072059718140209e-05
Jicjocy,6,91,32.99,4.55,4.45,20.5,3.072059718140209e-05
NIA,3,91,,3.6,3.733333333333333,22.0,3.072059718140209e-05
N\A,37,90,20.945,3.9,3.7432432432432434,1.0,3.038300820138668e-05
Megadream,9,90,,3.4,3.5444444444444443,6.0,3.038300820138668e-05
Lucid Audio,7,90,29.99,3.7,3.5285714285714285,8.0,3.038300820138668e-05
GM,4,90,74.99,3.95,3.9,5.5,3.038300820138668e-05
NUKied,4,90,77.98,4.3,4.15,24.0,3.038300820138668e-05
CANTENDO,3,90,10.99,2.9,2.9333333333333336,35.0,3.038300820138668e-05
Soniq USA,3,90,,3.5,3.4,20.0,3.038300820138668e-05
Kikkerland,24,89,8.16,3.0,3.4375,2.5,3.0045419221371272e-05
LowCostEarbuds.com,22,89,27.99,3.9,3.786363636363636,1.0,3.0045419221371272e-05
DAIRLE,11,89,,3.1,3.3454545454545452,6.0,3.0045419221371272e-05
OUCOMI,8,89,,3.2,3.375,4.5,3.0045419221371272e-05
SLuB,8,89,29.990000000000002,3.65,3.6375,8.0,3.0045419221371272e-05
NCREDIBLE,6,89,67.49,3.95,4.016666666666667,3.5,3.0045419221371272e-05
Diso,4,89,,4.05,4.05,12.0,3.0045419221371272e-05
taopod,4,89,19.99,4.35,4.35,19.0,3.0045419221371272e-05
I love e iFecco,6,88,34.99,4.15,4.1499999999999995,9.5,2.9707830241355864e-05
2CANZ,4,88,59.989999999999995,4.15,4.15,15.0,2.9707830241355864e-05
TANGMAI,4,88,25.494999999999997,3.9,3.85,10.5,2.9707830241355864e-05
AMIR,3,88,,3.6,3.766666666666667,42.0,2.9707830241355864e-05
ROVIIS,3,88,20.99,4.2,4.233333333333333,24.0,2.9707830241355864e-05
TONLOAD,3,87,,4.3,4.266666666666667,19.0,2.9370241261340457e-05
VOXOA,3,87,,3.2,3.6333333333333333,26.0,2.9370241261340457e-05
Arama,8,86,25.99,3.3,3.5375,13.0,2.903265228132505e-05
Glazata,8,86,,4.1,4.0125,3.0,2.903265228132505e-05
Werycall,6,86,,4.7,4.6000000000000005,4.0,2.903265228132505e-05
Ansee,4,86,,3.8499999999999996,3.875,22.5,2.903265228132505e-05
it.innovative technology,4,86,14.5,4.1,4.025,19.5,2.903265228132505e-05
selorr,4,86,,4.0,4.0,20.5,2.903265228132505e-05
AVWOO,3,86,,3.3,3.2999999999999994,28.0,2.903265228132505e-05
Hestom,3,86,,3.9,3.966666666666667,15.0,2.903265228132505e-05
LIERONT,3,86,,4.5,4.6000000000000005,5.0,2.903265228132505e-05
Audio Council,19,85,10.49,3.3,3.2526315789473683,2.0,2.869506330130964e-05
Craig,19,85,7.99,2.8,2.694736842105263,2.0,2.869506330130964e-05
Wireless Gear,11,85,29.990000000000002,3.2,3.1181818181818177,5.0,2.869506330130964e-05
Ammsia,7,85,,4.5,4.271428571428571,3.0,2.869506330130964e-05
AINOPE,5,85,,3.6,3.7399999999999998,3.0,2.869506330130964e-05
Tangostu,5,85,13.99,4.0,3.96,9.0,2.869506330130964e-05
Klacr,17,84,,3.4,3.4705882352941178,4.0,2.8357474321294237e-05
BearsFire,11,84,12.99,3.9,4.009090909090909,2.0,2.8357474321294237e-05
Dland,8,84,,3.3499999999999996,3.3875,9.0,2.8357474321294237e-05
Lavales,3,84,99.9,4.2,4.133333333333334,32.0,2.8357474321294237e-05
Origem,3,84,,3.8,3.8333333333333335,24.0,2.8357474321294237e-05
NM,68,83,,3.2,3.114705882352941,1.0,2.801988534127883e-05
Jensen,22,83,31.42,3.2,3.3636363636363638,2.0,2.801988534127883e-05
AILZPXX,17,83,13.49,4.1,4.088235294117647,3.0,2.801988534127883e-05
Ailsa Anne,7,83,,3.8,3.914285714285714,6.0,2.801988534127883e-05
aiskding,5,83,15.99,3.8,3.8600000000000003,14.0,2.801988534127883e-05
ToughTested,3,83,,3.8,3.8000000000000003,35.0,2.801988534127883e-05
Kraiovim,8,82,,3.9,3.975,8.5,2.768229636126342e-05
RadioShack,8,82,8.99,3.8,3.7,4.5,2.768229636126342e-05
ChenFec,7,82,21.48,4.3,4.171428571428572,4.0,2.768229636126342e-05
Futurebatt Inc,6,82,8.99,4.05,3.6666666666666665,11.5,2.768229636126342e-05
Agkey,5,82,19.99,3.7,3.72,11.0,2.768229636126342e-05
Reloop,14,81,144.48499999999999,3.8,3.857142857142857,2.5,2.7344707381248013e-05
Incipio,13,81,14.99,4.0,3.730769230769231,2.0,2.7344707381248013e-05
E ELESOUND,7,81,39.99,4.1,3.957142857142857,9.0,2.7344707381248013e-05
NVAHVA,5,81,14.989999999999998,3.8,3.84,18.0,2.7344707381248013e-05
Sonix,5,81,,3.7,3.78,7.0,2.7344707381248013e-05
homEdge,4,81,,4.05,3.9499999999999997,13.0,2.7344707381248013e-05
lionact,4,81,49.99,4.199999999999999,4.05,3.5,2.7344707381248013e-05
seenlast,4,81,,4.3,4.125,18.5,2.7344707381248013e-05
Nuheara,3,81,249.99,3.2,3.1,34.0,2.7344707381248013e-05
Zeadio,6,80,,3.25,3.25,1.5,2.7007118401232606e-05
EOZ AUDIO,5,80,,3.2,3.18,9.0,2.7007118401232606e-05
HECATE,4,80,104.99000000000001,2.95,3.1,16.0,2.7007118401232606e-05
Nixeus,4,80,,3.5,3.85,13.5,2.7007118401232606e-05
BRNEWO,3,80,24.99,3.7,3.8000000000000003,1.0,2.7007118401232606e-05
Hype,16,79,,3.2,3.2,2.0,2.6669529421217198e-05
Case Logic,14,79,9.0,2.9,2.6714285714285713,1.0,2.6669529421217198e-05
Dastone,12,79,,3.3499999999999996,3.3083333333333336,4.0,2.6669529421217198e-05
MCigmee,9,79,,3.1,3.1666666666666665,8.0,2.6669529421217198e-05
GE,8,79,25.189999999999998,3.3499999999999996,3.3375,5.0,2.6669529421217198e-05
IKG,6,79,19.99,4.25,4.283333333333333,13.5,2.6669529421217198e-05
Uber,6,79,17.19,3.95,4.083333333333333,2.0,2.6669529421217198e-05
HIFI WALKER,5,79,27.49,4.0,3.94,5.0,2.6669529421217198e-05
QIDAIZUOEN,4,79,19.99,4.05,4.025,22.0,2.6669529421217198e-05
GXNNDYMY,3,79,38.99,3.5,3.6666666666666665,26.0,2.6669529421217198e-05
autrebits,3,79,29.98,3.9,4.033333333333333,31.0,2.6669529421217198e-05
Body Glove,14,78,9.99,3.15,2.992857142857143,4.0,2.633194044120179e-05
DigiPower,11,78,29.99,3.5,3.290909090909091,3.0,2.633194044120179e-05
BYZ Direct,3,78,,3.5,3.5,35.0,2.633194044120179e-05
EastPin,3,78,,4.4,4.366666666666667,13.0,2.633194044120179e-05
KIROBO,3,78,,3.3,3.5,11.0,2.633194044120179e-05
ELZU.US,26,77,13.535,5.0,4.365384615384615,1.0,2.5994351461186382e-05
BGVP,16,77,,4.2,4.1125,2.0,2.5994351461186382e-05
Nillkin,8,77,39.99,4.1,4.025,3.5,2.5994351461186382e-05
Boost+,7,77,13.99,4.0,3.9857142857142853,10.0,2.5994351461186382e-05
Hmusic,6,77,13.99,4.05,4.116666666666666,15.5,2.5994351461186382e-05
DREAM SPORT,5,77,,3.8,3.6,17.0,2.5994351461186382e-05
KINWAL,4,77,,3.5,3.475,18.5,2.5994351461186382e-05
Marccch,4,77,,3.1500000000000004,3.275,16.0,2.5994351461186382e-05
Amazon,3,77,,3.5,3.9,31.0,2.5994351461186382e-05
SHARKK,3,77,,3.4,3.8000000000000003,24.0,2.5994351461186382e-05
Subjekt,16,76,,3.9,3.825,3.0,2.5656762481170975e-05
KIDdesigns,7,76,13.795000000000002,4.0,3.9857142857142853,11.0,2.5656762481170975e-05
JUSTRVN,4,76,14.89,4.05,4.05,11.5,2.5656762481170975e-05
Audimi,3,76,,4.0,4.033333333333334,5.0,2.5656762481170975e-05
DEEGO,3,76,17.89,4.4,4.4,8.0,2.5656762481170975e-05
DRIVE AUDIO,9,75,89.99,4.3,4.288888888888889,5.0,2.5319173501155567e-05
PXN,8,75,34.99,3.8,3.8375,4.5,2.5319173501155567e-05
Thohia,7,75,7.49,3.9,3.9857142857142853,11.0,2.5319173501155567e-05
SoundMounds,6,75,,3.2,3.1166666666666667,9.0,2.5319173501155567e-05
BNALU,5,75,,4.3,4.04,7.0,2.5319173501155567e-05
Audiovox Accessories Corporation,3,75,,3.5,3.6,3.0,2.5319173501155567e-05
Bingozones,3,75,33.99,4.1,3.966666666666667,24.0,2.5319173501155567e-05
Rokit Boost,3,75,,3.6,3.6,25.0,2.5319173501155567e-05
RLTEK,42,74,14.99,2.8499999999999996,2.7928571428571427,1.0,2.498158452114016e-05
ZOUKFOX,12,74,,3.5,3.4499999999999997,4.5,2.498158452114016e-05
PISEN,10,74,49.98,3.7,3.56,3.5,2.498158452114016e-05
DARK WOLF,6,74,9.99,3.8,3.733333333333333,11.0,2.498158452114016e-05
MKay,6,74,,4.5,4.483333333333333,1.5,2.498158452114016e-05
NIXIUKOL,3,74,27.99,4.5,4.333333333333333,6.0,2.498158452114016e-05
ZTOP,3,74,19.99,3.4,3.3333333333333335,22.0,2.498158452114016e-05
KidTones,18,73,,3.4,3.4722222222222223,1.0,2.464399554112475e-05
Spobri,13,73,31.57,3.3,3.3923076923076922,4.0,2.464399554112475e-05
Axess,12,73,14.82,3.4,3.4,2.0,2.464399554112475e-05
Handcandy,11,73,,3.5,3.6545454545454548,5.0,2.464399554112475e-05
KOKKIA,10,73,21.244999999999997,3.0,2.95,4.5,2.464399554112475e-05
GadgetCenter,9,73,,3.3,3.3555555555555556,4.0,2.464399554112475e-05
COJOYEE,8,73,,4.1,4.1,8.0,2.464399554112475e-05
Jiunai,7,73,20.99,4.0,4.057142857142857,11.0,2.464399554112475e-05
RoadKing,6,73,59.105000000000004,3.8,3.8666666666666667,10.5,2.464399554112475e-05
JBUNION,4,73,23.99,3.9000000000000004,3.925,6.5,2.464399554112475e-05
RIYO,3,73,12.99,4.6,4.566666666666666,25.0,2.464399554112475e-05
Burxoe,13,72,,3.1,3.069230769230769,3.0,2.4306406561109344e-05
Q-YEE,12,72,,3.0,2.783333333333333,2.5,2.4306406561109344e-05
QUIKCELL,9,72,30.725,3.9,3.7666666666666666,2.0,2.4306406561109344e-05
HAMGEEN,5,72,13.99,4.0,4.0200000000000005,1.0,2.4306406561109344e-05
Moiunbead,5,72,44.99,4.0,3.88,6.0,2.4306406561109344e-05
K KAIBOAUDIO,4,72,84.0,3.45,3.55,22.0,2.4306406561109344e-05
ADUZI,3,72,15.98,3.4,3.3666666666666667,11.0,2.4306406561109344e-05
Headset Buddy,3,72,19.99,2.9,2.533333333333333,8.0,2.4306406561109344e-05
MUSEZ,3,72,,4.0,4.0,18.0,2.4306406561109344e-05
NarMoo,3,72,,3.7,3.533333333333333,25.0,2.4306406561109344e-05
AOSMAN,5,71,,3.3,2.54,19.0,2.3968817581093936e-05
ThinkWrite Technologies,5,71,29.99,4.2,4.24,12.0,2.3968817581093936e-05
Ronymarx,4,71,,3.6999999999999997,3.5749999999999997,18.5,2.3968817581093936e-05
ACP,3,71,,3.2,3.4333333333333336,19.0,2.3968817581093936e-05
ALTENG,3,71,,3.9,3.9,15.0,2.3968817581093936e-05
RYOBI,3,71,57.48,3.1,3.1999999999999997,34.0,2.3968817581093936e-05
STOON,3,71,,3.6,3.4,9.0,2.3968817581093936e-05
p.song,3,71,17.49,4.2,4.066666666666666,15.0,2.3968817581093936e-05
targeal,3,71,34.99,4.1,4.2,21.0,2.3968817581093936e-05
Waytronic,7,70,49.0,3.2,3.1999999999999997,10.0,2.363122860107853e-05
LEVETT,5,70,,4.3,4.22,10.0,2.363122860107853e-05
ROCCAT,5,70,54.99,3.5,3.4,4.0,2.363122860107853e-05
Baymic,3,70,,4.5,4.2,4.0,2.363122860107853e-05
Grain Audio,3,70,,4.2,3.8333333333333335,9.0,2.363122860107853e-05
CHEERINGARY,20,69,,3.8499999999999996,3.5450000000000004,2.5,2.329363962106312e-05
Fuixiut,6,69,10.99,3.6,3.5500000000000003,7.5,2.329363962106312e-05
Adventure Time,3,69,27.98,3.9,3.9,13.0,2.329363962106312e-05
ZAMKOL,3,69,,4.3,4.3,9.0,2.329363962106312e-05
Corefyco,48,68,,5.0,4.922916666666667,1.0,2.2956050641047713e-05
Alltrum,15,68,,3.7,3.686666666666667,2.0,2.2956050641047713e-05
Optionz,10,68,,3.1,3.44,2.5,2.2956050641047713e-05
Rubussubg,8,68,,4.6,4.574999999999999,2.0,2.2956050641047713e-05
havit,6,68,,3.3,3.4,1.5,2.2956050641047713e-05
100SEASHELL,3,68,18.99,4.2,4.066666666666666,23.0,2.2956050641047713e-05
QIANXIANG,3,68,,3.3,3.233333333333333,26.0,2.2956050641047713e-05
GNB,13,67,,3.8,3.6923076923076925,4.0,2.2618461661032305e-05
Enhon,10,67,,3.8,3.8199999999999994,5.5,2.2618461661032305e-05
Urban Beatz,10,67,67.99,3.3499999999999996,3.2,3.0,2.2618461661032305e-05
Samzuy,3,67,29.99,3.9,3.9,17.0,2.2618461661032305e-05
BoomPods,19,66,19.99,3.6,3.5894736842105264,2.0,2.2280872681016897e-05
Kenwood,14,66,19.99,4.25,3.8214285714285716,1.0,2.2280872681016897e-05
Echobox,9,66,,3.5,3.2222222222222223,2.0,2.2280872681016897e-05
Nady,7,66,10.405000000000001,3.4,2.7285714285714286,6.0,2.2280872681016897e-05
GIEC,6,66,24.99,3.55,3.5666666666666664,10.0,2.2280872681016897e-05
SXGINBT,5,66,,3.7,3.72,8.0,2.2280872681016897e-05
Nintendo,3,66,21.99,3.7,3.8333333333333335,3.0,2.2280872681016897e-05
RBH,3,66,,3.4,3.3000000000000003,18.0,2.2280872681016897e-05
seenda,3,66,27.99,4.3,4.233333333333333,7.0,2.2280872681016897e-05
RunPhones,13,65,71.465,3.8,3.4923076923076923,5.0,2.1943283701001493e-05
EEAABBR,10,65,29.49,3.6,3.5700000000000003,5.0,2.1943283701001493e-05
Sunorm,9,65,,3.7,3.4555555555555557,5.0,2.1943283701001493e-05
ENYOUW,8,65,27.985,3.4000000000000004,3.3,4.5,2.1943283701001493e-05
zenalla,5,65,39.98,4.5,3.6799999999999997,8.0,2.1943283701001493e-05
Innovelis,4,65,,3.7,3.725,12.5,2.1943283701001493e-05
Mindorlen,4,65,,3.55,3.45,16.0,2.1943283701001493e-05
cozoo,3,65,19.99,3.9,3.766666666666667,25.0,2.1943283701001493e-05
topssale,20,64,,3.9,4.05,1.5,2.1605694720986085e-05
Happy-top,10,64,8.99,4.05,4.08,4.5,2.1605694720986085e-05
Beacon Pet,8,64,47.49,3.2,3.175,2.5,2.1605694720986085e-05
TELSOR,6,64,9.99,4.05,3.883333333333333,2.0,2.1605694720986085e-05
BUBEYYIE,4,64,16.95,3.8,3.7,6.5,2.1605694720986085e-05
MAYAMA,4,64,,3.7,3.625,12.5,2.1605694720986085e-05
Alto & Bass,3,64,9.99,4.0,3.8333333333333335,21.0,2.1605694720986085e-05
Censi,3,64,,3.8,3.6999999999999997,12.0,2.1605694720986085e-05
Smartera,3,64,17.99,3.4,3.4,18.0,2.1605694720986085e-05
bonabest,3,64,25.99,4.4,4.366666666666667,22.0,2.1605694720986085e-05
NOCS,15,63,24.95,3.1,3.2933333333333334,2.0,2.1268105740970678e-05
Mizco,9,63,23.87,3.2,3.3333333333333335,5.0,2.1268105740970678e-05
EBAKIN,4,63,17.99,3.8499999999999996,3.8,7.0,2.1268105740970678e-05
Gogoing,3,63,,4.0,3.9,25.0,2.1268105740970678e-05
KeaCtzp,3,63,12.58,3.1,3.266666666666667,27.0,2.1268105740970678e-05
SUMWE,3,63,,3.8,3.8333333333333335,18.0,2.1268105740970678e-05
TUNEAKE,17,62,11.99,4.5,4.535294117647059,2.0,2.093051676095527e-05
EAROND,6,62,34.5,3.9,3.9,3.0,2.093051676095527e-05
Tumwove,5,62,,4.0,3.94,10.0,2.093051676095527e-05
Liboer,4,62,,3.85,3.9250000000000003,12.5,2.093051676095527e-05
Wewow,3,62,,3.9,4.033333333333333,19.0,2.093051676095527e-05
Boompods,11,61,39.95,3.8,3.6090909090909093,5.0,2.0592927780939862e-05
AMENON,9,61,,3.8,3.6222222222222222,1.0,2.0592927780939862e-05
Power Acoustik,8,61,29.56,3.55,3.5875,2.5,2.0592927780939862e-05
OHEDMEH,6,61,11.99,3.7,3.866666666666667,6.5,2.0592927780939862e-05
Oceovc,5,61,10.940000000000001,4.8,4.720000000000001,4.0,2.0592927780939862e-05
Gadget Gear,4,61,11.99,4.9,4.85,15.0,2.0592927780939862e-05
HAWHAFF,4,61,16.99,4.0,4.225,14.0,2.0592927780939862e-05
Honstek,4,61,,4.0,4.0,12.0,2.0592927780939862e-05
USonline911,3,61,,3.8,3.8000000000000003,25.0,2.0592927780939862e-05
ESSONIO,34,60,151.16,3.2,3.135294117647059,1.0,2.0255338800924454e-05
ATWATEC,33,60,13.99,3.0,3.0787878787878786,1.0,2.0255338800924454e-05
HIDIZS,11,60,78.99,4.1,3.9545454545454546,4.0,2.0255338800924454e-05
Altatac,6,60,17.95,3.7,3.766666666666667,10.0,2.0255338800924454e-05
Suearpost,4,60,,4.0,4.025,8.5,2.0255338800924454e-05
TOBETB,4,60,,3.65,3.575,3.5,2.0255338800924454e-05
GANUO,3,60,,3.8,3.8000000000000003,18.0,2.0255338800924454e-05
GUANGPONE,3,60,29.99,4.2,4.2,13.0,2.0255338800924454e-05
Monsters U,3,60,,3.6,3.6666666666666665,20.0,2.0255338800924454e-05
Vofolen,19,59,8.99,3.5,3.3947368421052633,2.0,1.9917749820909047e-05
IHAO,8,59,39.9,3.3499999999999996,3.05,2.5,1.9917749820909047e-05
MODAL,7,59,,3.8,3.6571428571428575,1.0,1.9917749820909047e-05
Tonfarb,6,59,16.99,4.0,3.8000000000000003,9.0,1.9917749820909047e-05
HaRuion,5,59,,3.9,3.94,12.0,1.9917749820909047e-05
Décor Craft Inc.,4,59,,3.6500000000000004,3.475,5.0,1.9917749820909047e-05
SCDWireless,25,58,16.99,3.4,3.1639999999999997,1.0,1.958016084089364e-05
Supersonic,24,58,9.97,2.6500000000000004,2.65,2.0,1.958016084089364e-05
Farrinne,8,58,,3.1500000000000004,3.2125,6.5,1.958016084089364e-05
MGGZXR,8,58,22.93,3.95,3.875,6.5,1.958016084089364e-05
MobiFren,8,58,,3.3499999999999996,2.85,7.0,1.958016084089364e-05
muscleboon,8,58,,4.3,4.2625,5.0,1.958016084089364e-05
GPEESTRAC,4,58,,4.199999999999999,3.975,6.5,1.958016084089364e-05
ONVOCAL,4,58,,3.5,3.275,9.0,1.958016084089364e-05
Ortizan,4,58,29.99,4.1,4.175,6.5,1.958016084089364e-05
AutumnFall,3,58,,4.0,4.033333333333333,13.0,1.958016084089364e-05
SOUNDLOGIC,11,57,19.95,3.5,3.627272727272727,4.0,1.924257186087823e-05
Braven,7,57,16.95,3.7,3.6142857142857143,8.0,1.924257186087823e-05
AO,5,57,29.85,4.1,4.06,11.0,1.924257186087823e-05
LINHUIPAD,5,57,7.99,3.7,3.66,9.0,1.924257186087823e-05
MAVRS,5,57,,3.7,3.8,6.0,1.924257186087823e-05
AudioMX,4,57,,3.45,3.575,15.0,1.924257186087823e-05
Zalman,4,57,,3.1,3.0250000000000004,2.0,1.924257186087823e-05
CHNYBQT,3,57,25.99,3.6,3.5,20.0,1.924257186087823e-05
Funko,3,57,29.99,4.5,4.3,5.0,1.924257186087823e-05
Pokemon,3,57,,4.1,4.033333333333333,26.0,1.924257186087823e-05
SQRMINI,3,57,19.99,3.7,3.6666666666666665,16.0,1.924257186087823e-05
YOOKIE,17,56,,3.4,3.3941176470588235,2.0,1.8904982880862823e-05
COWON,11,56,51.5,3.9,3.7454545454545456,2.0,1.8904982880862823e-05
EINSKEY,11,56,199.0,3.4,3.3818181818181823,3.0,1.8904982880862823e-05
PHONIL,11,56,16.99,3.5,3.3272727272727276,1.0,1.8904982880862823e-05
EUKYMR,8,56,,3.15,3.2874999999999996,6.0,1.8904982880862823e-05
CioDat,6,56,22.8,3.8,3.733333333333333,2.0,1.8904982880862823e-05
EXMAX,6,56,12.99,4.0,4.116666666666666,6.0,1.8904982880862823e-05
Tonicstar,6,56,,4.0,3.733333333333333,7.0,1.8904982880862823e-05
Calhuber,4,56,19.65,4.4,4.35,14.5,1.8904982880862823e-05
Funsnow,4,56,,3.6,3.275,5.0,1.8904982880862823e-05
Klip xtreme,16,55,,4.05,3.875,2.0,1.8567393900847416e-05
LTXHorde,13,55,,3.9,3.838461538461538,2.0,1.8567393900847416e-05
Probass,10,55,,3.75,3.6,5.0,1.8567393900847416e-05
2BOOM,8,55,18.0,3.0,3.1875,5.0,1.8567393900847416e-05
Senlee,8,55,21.49,4.4,4.4,3.0,1.8567393900847416e-05
TOMANTEK,8,55,,3.25,3.25,4.0,1.8567393900847416e-05
JIES,7,55,,3.8,3.7142857142857144,7.0,1.8567393900847416e-05
Plugged,6,55,,3.8,3.4499999999999997,1.0,1.8567393900847416e-05
My Little Pony,5,55,,3.4,3.5799999999999996,11.0,1.8567393900847416e-05
Crislan,4,55,,3.4000000000000004,3.4,14.0,1.8567393900847416e-05
VZ SPORT MATE,4,55,19.99,3.7,3.675,13.0,1.8567393900847416e-05
Lalaloopsy,3,55,,4.2,4.2,16.0,1.8567393900847416e-05
Parkido,3,55,,3.4,3.4,22.0,1.8567393900847416e-05
SIMJAR,3,55,14.99,4.6,4.566666666666666,21.0,1.8567393900847416e-05
TECTOKA,3,55,,4.0,4.0,10.0,1.8567393900847416e-05
CVJ,24,54,20.99,4.05,3.9875000000000003,2.0,1.8229804920832008e-05
QFX,21,54,,2.7,2.7952380952380955,1.0,1.8229804920832008e-05
SteelSeries,9,54,91.37,3.6,3.388888888888889,3.0,1.8229804920832008e-05
COREMEE GIIK,7,54,13.99,3.6,3.585714285714286,4.0,1.8229804920832008e-05
DIZO,6,54,,4.0,3.966666666666667,7.5,1.8229804920832008e-05
IBLINK,6,54,,3.25,3.3166666666666664,9.5,1.8229804920832008e-05
Tech2Go,6,54,14.96,3.6500000000000004,3.6833333333333336,4.5,1.8229804920832008e-05
BBS,4,54,,3.45,3.45,10.0,1.8229804920832008e-05
Moxil,12,53,,3.4,3.466666666666667,3.0,1.78922159408166e-05
Aictoe,10,53,18.395,2.8,3.01,3.5,1.78922159408166e-05
Auria,10,53,,2.55,2.5300000000000002,3.0,1.78922159408166e-05
HP,10,53,49.99,3.85,3.7700000000000005,2.0,1.78922159408166e-05
Astrotec,8,53,230.64,3.75,3.95,2.5,1.78922159408166e-05
Gogailen,6,53,79.95,3.85,3.9000000000000004,5.5,1.78922159408166e-05
BNCHI,4,53,,4.1,4.1,14.0,1.78922159408166e-05
Rhapsody & Mogan,4,53,,3.05,3.05,12.5,1.78922159408166e-05
Sleek Audio,4,53,,3.2,3.35,11.5,1.78922159408166e-05
Blue,3,53,249.59,3.5,3.3666666666666667,3.0,1.78922159408166e-05
Little Helpers,3,53,17.99,4.5,4.3999999999999995,15.0,1.78922159408166e-05
TONCO,3,53,,3.5,3.6333333333333333,10.0,1.78922159408166e-05
Ayaeri,7,52,,4.0,3.8714285714285714,3.0,1.7554626960801192e-05
Lady house Kindpack,7,52,48.99,3.5,3.1999999999999997,7.0,1.7554626960801192e-05
DEVICEMATE,6,52,,3.1,3.216666666666667,3.5,1.7554626960801192e-05
VXi,6,52,14.99,3.6,3.6833333333333336,3.0,1.7554626960801192e-05
CCM,5,52,,3.4,3.38,5.0,1.7554626960801192e-05
Gihery,5,52,,3.9,3.88,9.0,1.7554626960801192e-05
Tribeca,5,52,,3.9,3.94,5.0,1.7554626960801192e-05
ZIDLI,5,52,,5.0,4.26,2.0,1.7554626960801192e-05
Link Dream,4,52,15.99,4.4,4.4750000000000005,10.5,1.7554626960801192e-05
OSTRY,4,52,99.99,3.4,3.675,9.5,1.7554626960801192e-05
ENJOY-UNIQUE,3,52,20.99,4.0,4.033333333333334,25.0,1.7554626960801192e-05
Earplus,3,52,,3.7,3.6,10.0,1.7554626960801192e-05
Fat Catalog,3,52,,3.1,3.0666666666666664,23.0,1.7554626960801192e-05
TechGarden,3,52,,3.9,3.8666666666666667,18.0,1.7554626960801192e-05
Tweedz Braided Headphones,3,52,,3.4,3.3666666666666667,18.0,1.7554626960801192e-05
uoeos,3,52,29.99,4.4,4.4,2.0,1.7554626960801192e-05
Besiva,9,51,,3.4,3.433333333333333,3.0,1.7217037980785785e-05
Oct17,8,51,,3.35,3.3625000000000003,5.0,1.7217037980785785e-05
EPOS,6,51,164.96,3.35,3.3000000000000003,7.5,1.7217037980785785e-05
APG,4,51,2.49,2.8,3.05,1.5,1.7217037980785785e-05
Beyn,4,51,,2.95,2.85,8.0,1.7217037980785785e-05
Lunjee,4,51,14.0,3.6,3.4000000000000004,13.5,1.7217037980785785e-05
OMNIGATES,4,51,,3.6500000000000004,3.75,9.5,1.7217037980785785e-05
ASUS,3,51,69.99,4.1,3.5666666666666664,12.0,1.7217037980785785e-05
AudioQuest,3,51,549.95,4.5,4.333333333333333,23.0,1.7217037980785785e-05
DyBaxa,3,51,17.49,4.4,4.466666666666667,8.0,1.7217037980785785e-05
Little Lucky,3,51,13.49,3.8,3.766666666666667,16.0,1.7217037980785785e-05
VITAVELAAA,3,51,7.99,3.4,3.3333333333333335,11.0,1.7217037980785785e-05
Wieppo,3,51,,3.8,3.8333333333333335,17.0,1.7217037980785785e-05
Ecko,16,50,9.99,4.0,3.5625,2.0,1.6879449000770377e-05
Hyyeosd,8,50,24.99,4.050000000000001,4.0125,3.0,1.6879449000770377e-05
Fender,7,50,124.99,3.9,3.814285714285714,7.0,1.6879449000770377e-05
Yurlgst,6,50,28.99,4.4,4.4,6.0,1.6879449000770377e-05
Conduction Labs,5,50,49.95,3.4,3.3600000000000003,10.0,1.6879449000770377e-05
FIRSTEC,5,50,,3.2,3.5,5.0,1.6879449000770377e-05
KKstorm,5,50,24.305,3.9,3.9200000000000004,7.0,1.6879449000770377e-05
GODCRYSTAL,4,50,9.49,3.85,3.425,8.0,1.6879449000770377e-05
Maverick,4,50,,3.45,3.3,8.0,1.6879449000770377e-05
ATAIRSOFT,3,50,38.98,4.0,3.9333333333333336,2.0,1.6879449000770377e-05
TomTom,3,50,19.99,4.1,4.1,8.0,1.6879449000770377e-05
2PO,9,49,,4.2,4.2555555555555555,6.0,1.654186002075497e-05
Vdreamp,7,49,,3.8,3.7857142857142856,3.0,1.654186002075497e-05
houshu,7,49,,3.3,3.357142857142857,7.0,1.654186002075497e-05
Mackie,6,49,126.0,4.5,4.466666666666667,9.0,1.654186002075497e-05
Tuisy,6,49,,3.3,3.35,6.0,1.654186002075497e-05
Acode,5,49,,3.1,3.0200000000000005,13.0,1.654186002075497e-05
JTD,5,49,12.99,3.3,3.28,3.0,1.654186002075497e-05
jntworld,5,49,,3.6,3.4200000000000004,7.0,1.654186002075497e-05
FAMETEK,3,49,,3.6,3.6666666666666665,19.0,1.654186002075497e-05
Tianeer,3,49,24.99,4.3,4.3999999999999995,13.0,1.654186002075497e-05
ULDUM,20,48,,3.95,3.7,2.0,1.620427104073956e-05
I LUV LTD,14,48,,3.6500000000000004,3.6285714285714286,3.0,1.620427104073956e-05
Genius,8,48,28.31,3.4000000000000004,3.4375,3.5,1.620427104073956e-05
YLFASHION,7,48,21.49,4.1,4.142857142857143,2.0,1.620427104073956e-05
Louise & Mann,4,48,28.99,4.4,4.375,8.0,1.620427104073956e-05
MonAdd,4,48,26.990000000000002,3.8499999999999996,4.05,6.5,1.620427104073956e-05
Philmore,4,48,6.225,3.8,3.4749999999999996,3.5,1.620427104073956e-05
WFOELVR,4,48,13.99,3.5,3.55,13.5,1.620427104073956e-05
ERNSITNG,3,48,25.99,4.3,4.266666666666667,21.0,1.620427104073956e-05
ZXQ,3,48,13.99,3.9,3.9333333333333336,6.0,1.620427104073956e-05
liuhong,3,48,,4.4,4.3999999999999995,18.0,1.620427104073956e-05
VoTusn,12,47,,2.0,2.2916666666666665,4.0,1.5866682060724157e-05
Wireless Solutions,12,47,8.49,3.0,2.7416666666666667,1.5,1.5866682060724157e-05
l'aise vie,12,47,,4.3,4.233333333333333,3.0,1.5866682060724157e-05
iQualTech,9,47,,3.3,3.088888888888889,5.0,1.5866682060724157e-05
JOYSILIN,7,47,27.43,4.1,3.7714285714285714,5.0,1.5866682060724157e-05
EGNARO SOUNDS,6,47,44.0,3.7,3.8000000000000003,7.5,1.5866682060724157e-05
Phonak,6,47,,3.2,3.4333333333333336,4.0,1.5866682060724157e-05
GIGAWARE,4,47,,3.05,3.1,9.0,1.5866682060724157e-05
EARTEANA,3,47,28.03,3.7,3.1999999999999997,1.0,1.5866682060724157e-05
Ephone,3,47,,3.2,3.2000000000000006,2.0,1.5866682060724157e-05
Everydaysource,3,47,,3.3,3.4,17.0,1.5866682060724157e-05
loiog,3,47,,3.4,3.1999999999999997,16.0,1.5866682060724157e-05
FLOKYU,10,46,23.49,4.4,4.37,3.5,1.552909308070875e-05
Konohan,9,46,40.49,4.2,4.144444444444444,4.0,1.552909308070875e-05
1 BY ONE,8,46,,3.05,2.4875,1.0,1.552909308070875e-05
AICase,7,46,18.99,3.5,3.6,5.0,1.552909308070875e-05
aceyoon,7,46,,4.1,3.8714285714285714,5.0,1.552909308070875e-05
A4tech,5,46,13.495000000000001,3.9,3.94,2.0,1.552909308070875e-05
Betreasure,5,46,19.49,3.0,2.7,1.0,1.552909308070875e-05
Karnotech,5,46,,3.2,3.4,10.0,1.552909308070875e-05
omthing,5,46,14.99,3.7,3.5799999999999996,5.0,1.552909308070875e-05
AKZ CN COM,4,46,15.989999999999998,4.05,4.05,8.0,1.552909308070875e-05
GLCON,4,46,,3.9,4.075,12.5,1.552909308070875e-05
NPET,4,46,,4.15,4.2,6.5,1.552909308070875e-05
LEWOER,3,46,,4.1,4.066666666666666,13.0,1.552909308070875e-05
URGE Basics,3,46,19.99,3.2,3.1666666666666665,17.0,1.552909308070875e-05
OrionGadgets,24,45,,2.9,2.6041666666666665,1.0,1.519150410069334e-05
Mekomy,16,45,,4.25,4.13125,2.0,1.519150410069334e-05
MOKI,15,45,28.705,2.9,3.06,2.0,1.519150410069334e-05
SGNics,10,45,23.95,4.05,4.04,3.0,1.519150410069334e-05
Spider,7,45,19.99,4.1,4.042857142857143,5.0,1.519150410069334e-05
DCMEKA,6,45,23.49,4.05,3.516666666666666,6.5,1.519150410069334e-05
Fanny Wang,6,45,,3.75,3.733333333333333,6.0,1.519150410069334e-05
Bulktech,4,45,9.49,3.7,3.725,11.0,1.519150410069334e-05
LINNER,4,45,,3.55,3.4,9.5,1.519150410069334e-05
CTA Digital,3,45,,3.3,3.3666666666666667,7.0,1.519150410069334e-05
Max Caser,3,45,,3.5,3.5,5.0,1.519150410069334e-05
THE FRAGRANT ZITHER,16,44,79.0,4.4,4.28125,2.0,1.4853915120677932e-05
ivoros,8,44,16.99,3.75,3.7875,4.0,1.4853915120677932e-05
Kygo Life,7,44,159.0,3.9,3.9857142857142853,6.0,1.4853915120677932e-05
Sleep Headphones,7,44,19.97,4.5,4.4714285714285715,4.0,1.4853915120677932e-05
Bass,5,44,,3.6,3.6,10.0,1.4853915120677932e-05
HokoAcc,5,44,,3.2,3.08,4.0,1.4853915120677932e-05
Senhomtog,4,44,,3.4000000000000004,3.4000000000000004,2.0,1.4853915120677932e-05
Sound ID,4,44,,2.95,3.125,8.5,1.4853915120677932e-05
ANDREA,3,44,29.99,3.7,4.133333333333334,17.0,1.4853915120677932e-05
EMPERSTAR,3,44,39.0,3.7,3.866666666666667,7.0,1.4853915120677932e-05
Eonfine,3,44,,3.2,3.0666666666666664,9.0,1.4853915120677932e-05
Fanxieast,3,44,,4.3,4.2,17.0,1.4853915120677932e-05
GEMAN,3,44,999.99,4.1,4.166666666666667,3.0,1.4853915120677932e-05
Audiology,23,43,10.75,3.0,2.856521739130435,1.0,1.4516326140662524e-05
T-Mobile,13,43,,4.0,3.853846153846154,3.0,1.4516326140662524e-05
BlueTrek,11,43,37.46,3.6,3.790909090909091,2.0,1.4516326140662524e-05
dreamGEAR,10,43,19.165,3.45,3.3800000000000003,2.0,1.4516326140662524e-05
Macally,8,43,9.99,3.1,3.0875,4.5,1.4516326140662524e-05
Dynex,7,43,0.01,3.6,3.442857142857143,2.0,1.4516326140662524e-05
Lymoc,6,43,26.99,3.5999999999999996,3.6666666666666665,4.5,1.4516326140662524e-05
Paradigm,6,43,9.99,3.7,3.75,5.0,1.4516326140662524e-05
SeedAudio,6,43,,3.4,3.516666666666667,3.0,1.4516326140662524e-05
Kuggini,5,43,49.99,3.4,3.7,4.0,1.4516326140662524e-05
Zoom,5,43,,4.1,4.279999999999999,6.0,1.4516326140662524e-05
Fellowes,4,43,,2.8,2.55,4.5,1.4516326140662524e-05
GEEKTOP,4,43,,4.4,4.225,11.5,1.4516326140662524e-05
Serene Innovations,4,43,23.950000000000003,4.300000000000001,4.375,7.0,1.4516326140662524e-05
Carego,3,43,21.485,4.3,4.333333333333333,11.0,1.4516326140662524e-05
SZBPHS,3,43,35.45,4.3,4.266666666666667,20.0,1.4516326140662524e-05
DURAGADGET,18,42,,4.0,4.055555555555555,1.0,1.4178737160647118e-05
Hiteblaz,10,42,16.99,3.65,3.65,3.0,1.4178737160647118e-05
Ceppekyy,9,42,,3.5,3.6333333333333337,4.0,1.4178737160647118e-05
JIATU,9,42,8.99,3.2,3.0999999999999996,3.0,1.4178737160647118e-05
USTEK,7,42,,3.1,3.242857142857143,2.0,1.4178737160647118e-05
okun,7,42,,3.7,3.9857142857142853,7.0,1.4178737160647118e-05
Hypercel,6,42,,2.25,2.433333333333333,2.5,1.4178737160647118e-05
Nickelodeon,6,42,,3.55,3.316666666666667,4.5,1.4178737160647118e-05
Teac,6,42,,3.8,3.8666666666666667,3.5,1.4178737160647118e-05
BassBuds,5,42,,3.3,3.2,8.0,1.4178737160647118e-05
Aquapac,4,42,49.99,3.0,3.0,3.0,1.4178737160647118e-05
KidMoments,4,42,,4.3,4.3,9.0,1.4178737160647118e-05
Ezona,3,42,22.99,4.4,4.3999999999999995,3.0,1.4178737160647118e-05
FOXIN,3,42,,3.2,3.3000000000000003,13.0,1.4178737160647118e-05
Soosooly,3,42,17.99,4.0,4.066666666666666,9.0,1.4178737160647118e-05
SNHDIGITAL,25,41,14.99,3.4,3.4760000000000004,1.0,1.384114818063171e-05
通用,12,41,39.49,3.85,3.85,3.0,1.384114818063171e-05
MySoftCover,8,41,,3.8,3.9375,3.5,1.384114818063171e-05
JAKPAK,7,41,13.99,3.6,3.7857142857142856,1.0,1.384114818063171e-05
STUDIO NOD,7,41,,3.7,3.942857142857143,4.0,1.384114818063171e-05
Wireless Express,6,41,14.95,3.85,3.8833333333333333,3.0,1.384114818063171e-05
Uensslin,5,41,,3.7,3.4799999999999995,3.0,1.384114818063171e-05
MONKPEAR,4,41,16.98,3.7,3.65,8.5,1.384114818063171e-05
findTop,4,41,10.99,4.05,4.025,7.0,1.384114818063171e-05
EHEK,3,41,,3.1,3.1999999999999997,14.0,1.384114818063171e-05
EarBombz,3,41,,3.0,2.966666666666667,16.0,1.384114818063171e-05
pottnar,14,40,,4.1,4.085714285714285,2.0,1.3503559200616303e-05
REPEDO,12,40,,3.4,3.4499999999999997,2.0,1.3503559200616303e-05
Technical Pro,12,40,14.97,3.65,3.516666666666667,2.5,1.3503559200616303e-05
Frends,8,40,,3.55,3.7125,3.5,1.3503559200616303e-05
Lobers,7,40,,3.2,3.3000000000000003,1.0,1.3503559200616303e-05
DREATI,6,40,12.99,4.4,4.166666666666667,4.5,1.3503559200616303e-05
JOWAY,6,40,,3.55,3.4,6.0,1.3503559200616303e-05
Comdio,5,40,,3.3,3.2600000000000002,2.0,1.3503559200616303e-05
FUNTTZ,4,40,,3.55,3.475,9.0,1.3503559200616303e-05
Letshock,4,40,,4.2,4.2,6.5,1.3503559200616303e-05
SZYCD,4,40,25.99,3.25,3.2,1.5,1.3503559200616303e-05
abingo,4,40,,4.1,3.9499999999999997,8.5,1.3503559200616303e-05
alla,4,40,,3.5,3.425,9.0,1.3503559200616303e-05
EVO6,3,40,,3.9,3.466666666666667,8.0,1.3503559200616303e-05
KINGWorld,3,40,,3.3,3.3333333333333335,3.0,1.3503559200616303e-05
Minyaya,3,40,26.99,3.7,3.6333333333333333,13.0,1.3503559200616303e-05
Qiwoo,3,40,,3.7,3.8333333333333335,12.0,1.3503559200616303e-05
Termichy,3,40,,3.9,3.9333333333333336,2.0,1.3503559200616303e-05
IDANCE,16,39,36.75,4.05,3.8375,1.5,1.3165970220600895e-05
Astell&Kern,15,39,598.5,4.1,4.073333333333333,2.0,1.3165970220600895e-05
Partron,11,39,,3.8,3.8909090909090907,3.0,1.3165970220600895e-05
Fostex,9,39,1249.99,3.8,3.855555555555556,4.0,1.3165970220600895e-05
Bioworld,6,39,7.99,4.0,4.183333333333334,6.0,1.3165970220600895e-05
LSTN Sound,6,39,,3.55,3.266666666666667,4.0,1.3165970220600895e-05
Fukvee,5,39,,3.7,3.6799999999999997,1.0,1.3165970220600895e-05
LOXZOCX,5,39,,3.3,3.18,9.0,1.3165970220600895e-05
BLACKZONE CONTROLLERS,4,39,,3.1,3.175,11.0,1.3165970220600895e-05
CordCruncher,4,39,,3.15,3.175,7.0,1.3165970220600895e-05
AMZLIFE,3,39,,3.7,3.9333333333333336,18.0,1.3165970220600895e-05
CLARITY,3,39,46.99,3.8,3.766666666666667,9.0,1.3165970220600895e-05
COMPLY,3,39,69.62,3.3,3.266666666666667,10.0,1.3165970220600895e-05
W-KING,3,39,,3.3,3.266666666666667,12.0,1.3165970220600895e-05
X-mini,8,38,,4.0,3.9875,1.0,1.2828381240585487e-05
NANKA,7,38,10.78,2.7,2.857142857142857,2.0,1.2828381240585487e-05
VESETA-QILI,7,38,,3.4,3.4714285714285715,4.0,1.2828381240585487e-05
NIAtech,6,38,19.99,4.2,4.166666666666667,7.0,1.2828381240585487e-05
CALIONLTD,5,38,13.99,3.9,3.94,1.0,1.2828381240585487e-05
Farstrider,5,38,,3.1,3.12,4.0,1.2828381240585487e-05
FOGUTUNE,4,38,8.86,3.9499999999999997,3.9749999999999996,3.0,1.2828381240585487e-05
GAMURRY,4,38,6.99,4.1,4.074999999999999,10.0,1.2828381240585487e-05
Jewel,4,38,,3.6,3.55,11.0,1.2828381240585487e-05
SOUNDPIE,9,37,,3.5,3.6999999999999997,2.0,1.249079226057008e-05
Campfire Audio,8,37,799.0,4.15,4.2,3.0,1.249079226057008e-05
Instiwitt,8,37,39.99,3.9,3.9875,1.5,1.249079226057008e-05
Ranger5,8,37,,4.1,4.137499999999999,2.5,1.249079226057008e-05
GAOAG,5,37,69.99,3.6,3.56,6.0,1.249079226057008e-05
ALPHA DELTA,3,37,62.45,3.8,3.633333333333333,6.0,1.249079226057008e-05
HUAYUANXIN,3,37,,3.2,3.1333333333333333,14.0,1.249079226057008e-05
Halo,3,37,,3.4,3.3666666666666667,7.0,1.249079226057008e-05
SailsON Electronics,3,37,,3.3,3.3000000000000003,4.0,1.249079226057008e-05
Travelon,3,37,,3.0,3.0666666666666664,1.0,1.249079226057008e-05
BBHCDB,15,36,,4.5,4.026666666666666,2.0,1.2153203280554672e-05
LoveAcc,10,36,,3.2,3.12,3.5,1.2153203280554672e-05
NUARL,7,36,135.5,3.8,3.8285714285714287,2.0,1.2153203280554672e-05
ROCK JAW,6,36,40.47,3.7,3.9333333333333336,3.5,1.2153203280554672e-05
RELAXYO,4,36,29.99,3.5,3.325,4.0,1.2153203280554672e-05
Hrbzo,3,36,18.99,3.8,3.9666666666666663,8.0,1.2153203280554672e-05
Eskuche,10,35,,3.55,3.6100000000000003,2.0,1.1815614300539264e-05
ART+SOUND,9,35,22.49,3.9,3.811111111111111,3.0,1.1815614300539264e-05
CG&RP,9,35,,3.0,2.977777777777778,1.0,1.1815614300539264e-05
Ematic,9,35,14.99,3.2,3.211111111111111,1.0,1.1815614300539264e-05
Joyshare,9,35,,3.3,3.1555555555555554,3.0,1.1815614300539264e-05
YZJSM,9,35,30.14,3.0,3.1888888888888887,3.0,1.1815614300539264e-05
Micool,8,35,39.99,3.5,3.4375,3.5,1.1815614300539264e-05
Onhear,6,35,,4.300000000000001,4.3,5.5,1.1815614300539264e-05
5-Star,5,35,,4.2,4.2,8.0,1.1815614300539264e-05
Aiptek,4,35,29.99,3.3499999999999996,3.275,7.5,1.1815614300539264e-05
CHENG FEI KE,4,35,26.99,3.5,3.475,5.0,1.1815614300539264e-05
Effie,4,35,,2.75,2.75,7.0,1.1815614300539264e-05
IFENC,4,35,59.94499999999999,4.2,4.15,6.0,1.1815614300539264e-05
Arrow Dancer,3,35,15.99,4.0,3.9,3.0,1.1815614300539264e-05
Blimp Lab,3,35,,3.6,3.733333333333333,11.0,1.1815614300539264e-05
Chof,3,35,,3.9,3.9,14.0,1.1815614300539264e-05
DICEKOO,3,35,,3.8,3.6666666666666665,8.0,1.1815614300539264e-05
Meyer,3,35,18.49,4.5,4.433333333333334,10.0,1.1815614300539264e-05
WISELION,3,35,29.99,4.1,4.133333333333333,13.0,1.1815614300539264e-05
Safe,13,34,,3.6,3.376923076923077,2.0,1.1478025320523856e-05
Beach Camera,8,34,,4.5,4.25,3.5,1.1478025320523856e-05
CWNOTBHY,8,34,9.945,4.4,4.0875,2.0,1.1478025320523856e-05
GN Netcom,8,34,39.99,3.1,3.0625,1.0,1.1478025320523856e-05
Massive Audio,8,34,,3.5,3.475,3.5,1.1478025320523856e-05
Pantech,8,34,13.99,3.8,3.4875,2.5,1.1478025320523856e-05
electromott,7,34,,3.5,3.457142857142857,5.0,1.1478025320523856e-05
OINMELY,6,34,9.99,3.95,3.8000000000000003,4.0,1.1478025320523856e-05
CHSMONB,5,34,,3.1,3.16,5.0,1.1478025320523856e-05
CelsusSound,5,34,27.49,3.6,3.7399999999999998,5.0,1.1478025320523856e-05
Kasonic,5,34,16.91,3.1,2.8,5.0,1.1478025320523856e-05
Zonsk,5,34,79.99,3.5,3.38,8.0,1.1478025320523856e-05
puersit,5,34,,4.0,4.08,4.0,1.1478025320523856e-05
AWESAFE,4,34,,3.4,3.35,8.0,1.1478025320523856e-05
Aqnmrnm,4,34,,3.2,3.225,7.5,1.1478025320523856e-05
Haoos,4,34,6.99,3.45,3.35,6.0,1.1478025320523856e-05
NUU,4,34,24.9,3.9499999999999997,3.3,8.0,1.1478025320523856e-05
WAVEFUN,4,34,20.99,3.8499999999999996,4.0,9.5,1.1478025320523856e-05
kolodosa,4,34,9.99,3.6,3.65,6.0,1.1478025320523856e-05
kuayang,4,34,39.0,3.95,3.95,8.0,1.1478025320523856e-05
FIRACORE,3,34,,4.9,4.766666666666667,5.0,1.1478025320523856e-05
Vaytong,3,34,9.68,3.8,3.9,8.0,1.1478025320523856e-05
YTYC,3,34,20.99,4.0,4.033333333333333,14.0,1.1478025320523856e-05
shsuert,3,34,,4.4,4.5,9.0,1.1478025320523856e-05
FEDAI,17,33,19.49,4.3,4.347058823529412,1.0,1.1140436340508449e-05
NIXON,17,33,19.99,3.3,3.570588235294118,1.0,1.1140436340508449e-05
ALTEAM,8,33,25.49,3.95,3.7125000000000004,1.0,1.1140436340508449e-05
Ferarri,7,33,,3.3,3.142857142857143,4.0,1.1140436340508449e-05
Dilvpoetry,6,33,134.55,4.3,4.166666666666667,3.0,1.1140436340508449e-05
Earjax,6,33,16.52,3.4,3.016666666666667,2.5,1.1140436340508449e-05
Onamicit,6,33,,3.3,3.466666666666667,2.0,1.1140436340508449e-05
LP,5,33,,3.2,3.3200000000000003,7.0,1.1140436340508449e-05
Malektronic,5,33,199.99,3.6,3.9200000000000004,4.0,1.1140436340508449e-05
nobranded,5,33,,4.4,4.0200000000000005,8.0,1.1140436340508449e-05
Pilot Electronics,4,33,,3.3,2.875,1.0,1.1140436340508449e-05
Hedocell,28,32,,4.0,3.642857142857143,1.0,1.0802847360493043e-05
Bounce Generation,20,32,,5.0,4.845000000000001,1.0,1.0802847360493043e-05
Reiko,13,32,7.890000000000001,3.1,2.8076923076923075,1.0,1.0802847360493043e-05
Bell'O,12,32,27.59,3.5,3.5416666666666665,2.0,1.0802847360493043e-05
Pavlysh,10,32,,3.9,3.95,2.0,1.0802847360493043e-05
SENGKOB,9,32,,5.0,4.466666666666667,1.0,1.0802847360493043e-05
Everdigi,8,32,,3.9,3.6999999999999997,4.0,1.0802847360493043e-05
Mudtun,8,32,21.99,3.4,3.375,3.0,1.0802847360493043e-05
GoodQbuy,6,32,15.99,3.1500000000000004,3.233333333333333,7.0,1.0802847360493043e-05
TUMI,6,32,,3.0,2.6999999999999997,3.0,1.0802847360493043e-05
MOHADU,5,32,6.98,4.3,4.24,4.0,1.0802847360493043e-05
ONXE,5,32,17.99,4.4,4.380000000000001,3.0,1.0802847360493043e-05
SUYUZREY,5,32,19.99,3.9,3.7399999999999998,6.0,1.0802847360493043e-05
dB Logic,5,32,,3.4,3.3200000000000003,7.0,1.0802847360493043e-05
ADiPROD,4,32,,3.4,3.4,8.0,1.0802847360493043e-05
ELLA'S EARS,4,32,97.49,3.9,4.05,6.0,1.0802847360493043e-05
RUJAPIS,4,32,19.99,4.1,4.125,7.5,1.0802847360493043e-05
AMMON,3,32,,3.6,3.6999999999999997,9.0,1.0802847360493043e-05
Anhendeler,3,32,,4.2,4.166666666666667,6.0,1.0802847360493043e-05
BAIBAO,3,32,,3.4,3.4,12.0,1.0802847360493043e-05
CARDAS AUDIO,3,32,,3.2,3.5666666666666664,13.0,1.0802847360493043e-05
FOLEY,3,32,33.99,3.6,3.6,11.0,1.0802847360493043e-05
FashionLive,3,32,,3.7,3.733333333333333,12.0,1.0802847360493043e-05
Garmin,3,32,399.99,4.1,4.0,8.0,1.0802847360493043e-05
Maleroads,3,32,,3.3,3.266666666666667,12.0,1.0802847360493043e-05
TS-MAYKA,3,32,13.99,3.8,3.733333333333333,5.0,1.0802847360493043e-05
Unitnen,3,32,,3.4,3.5666666666666664,9.0,1.0802847360493043e-05
Vonaural,3,32,,4.8,4.533333333333333,8.0,1.0802847360493043e-05
onn.,3,32,,3.7,3.6666666666666665,3.0,1.0802847360493043e-05
Mobile Spec,18,31,13.99,3.0,2.6888888888888887,1.5,1.0465258380477635e-05
General,9,31,429.0,3.8,3.755555555555555,2.0,1.0465258380477635e-05
RAVIAD,9,31,19.99,4.2,4.044444444444444,1.0,1.0465258380477635e-05
MOHIPI,7,31,39.99,3.3,3.0285714285714285,6.0,1.0465258380477635e-05
SP SOUNDPRETTY,7,31,23.02,3.3,2.9714285714285715,4.0,1.0465258380477635e-05
Gear4,6,31,23.71,4.05,3.9,2.0,1.0465258380477635e-05
ibrain,6,31,23.99,3.7,3.6666666666666665,5.0,1.0465258380477635e-05
Gigastone,5,31,27.490000000000002,3.5,3.56,2.0,1.0465258380477635e-05
Tamshun,5,31,,3.9,3.8200000000000003,3.0,1.0465258380477635e-05
AIKONSOUND,4,31,,3.8499999999999996,3.825,7.5,1.0465258380477635e-05
Eachbid,4,31,,3.5,3.4,9.0,1.0465258380477635e-05
VXWK,4,31,44.99,4.300000000000001,4.025,7.5,1.0465258380477635e-05
uxcell,4,31,11.99,2.8,2.8,6.5,1.0465258380477635e-05
CKLYYL,3,31,9.97,4.2,4.166666666666667,7.0,1.0465258380477635e-05
SAMERIVER,3,31,,2.4,2.533333333333333,6.0,1.0465258380477635e-05
TDA Trading,3,31,9.99,3.4,3.1666666666666665,3.0,1.0465258380477635e-05
i-Bud,3,31,5.5,3.6,3.6,11.0,1.0465258380477635e-05
Xenda,19,30,11.99,2.1,2.4894736842105263,1.0,1.0127669400462227e-05
Neva Wireless,15,30,14.99,2.8,2.8733333333333335,1.0,1.0127669400462227e-05
Gaweb,12,30,,3.4,3.525,1.0,1.0127669400462227e-05
ONXIGLI,9,30,,5.0,4.577777777777778,3.0,1.0127669400462227e-05
meidongg,9,30,119.99,3.5,3.111111111111111,1.0,1.0127669400462227e-05
VNMN,7,30,25.99,5.0,4.671428571428572,1.0,1.0127669400462227e-05
TrueAudio Technology,6,30,,3.7,3.65,2.5,1.0127669400462227e-05
Tuanzi,5,30,57.99,3.5,3.46,4.0,1.0127669400462227e-05
WSCSR,5,30,,3.3,3.22,3.0,1.0127669400462227e-05
Dekoni Audio,4,30,14.99,4.3,4.325,7.5,1.0127669400462227e-05
VM Audio,4,30,,3.25,3.1,5.5,1.0127669400462227e-05
VOJO,4,30,,3.35,3.55,5.0,1.0127669400462227e-05
SYNTRAVA,3,30,96.275,3.1,3.3666666666666667,13.0,1.0127669400462227e-05
Yeslike,3,30,,3.7,4.033333333333333,7.0,1.0127669400462227e-05
seaball,3,30,12.99,3.7,3.6333333333333333,2.0,1.0127669400462227e-05
LCYDZ,11,29,8.99,4.0,4.0,1.0,9.79008042044682e-06
NEMO DIGITAL,8,29,5.99,2.7,2.475,1.0,9.79008042044682e-06
humantoolz,8,29,,3.5999999999999996,3.7874999999999996,2.5,9.79008042044682e-06
SPRINT4DEALS,7,29,10.49,3.8,4.014285714285714,2.0,9.79008042044682e-06
Gaea,6,29,,3.45,3.533333333333333,2.0,9.79008042044682e-06
Marc Ecko,6,29,20.0,3.3,3.1333333333333333,2.0,9.79008042044682e-06
VOSON,6,29,10.36,3.9,4.033333333333333,4.0,9.79008042044682e-06
bonein,6,29,175.0,3.1,3.0666666666666664,3.0,9.79008042044682e-06
Muryobaoo,5,29,,3.2,3.5,5.0,9.79008042044682e-06
ertSafe,5,29,,3.7,3.7,3.0,9.79008042044682e-06
LHBHT,4,29,10.99,3.7,3.55,4.5,9.79008042044682e-06
SoSickWithIt,4,29,,3.5,3.475,8.0,9.79008042044682e-06
StitchGreen,4,29,24.99,3.6,3.6,2.0,9.79008042044682e-06
CableVantage,3,29,,3.2,3.033333333333333,9.0,9.79008042044682e-06
Despicable Me,3,29,19.99,3.8,4.033333333333333,2.0,9.79008042044682e-06
Invotis,3,29,,4.0,3.8000000000000003,14.0,9.79008042044682e-06
MTX,3,29,,3.9,2.966666666666667,8.0,9.79008042044682e-06
QYCHHJ,3,29,26.98,3.8,3.8666666666666667,11.0,9.79008042044682e-06
Wishion,3,29,,3.6,3.6333333333333333,9.0,9.79008042044682e-06
SJM-inems,19,28,50.0,2.6,2.636842105263158,1.0,9.452491440431412e-06
Selna,18,28,16.49,3.5,3.2055555555555557,1.0,9.452491440431412e-06
ChicBuds,12,28,4.99,3.6,3.4166666666666665,1.5,9.452491440431412e-06
Mental Beats,11,28,,3.0,3.1090909090909093,2.0,9.452491440431412e-06
Zhicity,11,28,,3.2,3.0727272727272723,1.0,9.452491440431412e-06
Ecko Unltd.,10,28,,3.1,3.12,1.5,9.452491440431412e-06
Tikgram,9,28,39.99,3.5,3.4444444444444446,2.0,9.452491440431412e-06
True Blue,7,28,,2.5,2.4285714285714284,2.0,9.452491440431412e-06
I-Mego,6,28,,3.1,3.5,2.0,9.452491440431412e-06
MALIHOO,6,28,29.99,3.95,3.9,3.0,9.452491440431412e-06
TOP,6,28,24.99,3.55,3.4499999999999997,1.5,9.452491440431412e-06
Cianyyee,5,28,9.99,3.7,3.88,3.0,9.452491440431412e-06
Pashion,5,28,,3.6,3.8,4.0,9.452491440431412e-06
ZNXZXP,5,28,28.99,4.0,4.04,4.0,9.452491440431412e-06
3EIGHTY5,4,28,19.95,2.9,3.15,7.0,9.452491440431412e-06
AIWOXING,4,28,,3.5,3.475,5.5,9.452491440431412e-06
CHOKMAX,4,28,,3.45,3.5,7.5,9.452491440431412e-06
Lisa Frank,4,28,,3.75,3.975,6.5,9.452491440431412e-06
AICHOC,3,28,,2.9,2.566666666666667,9.0,9.452491440431412e-06
CHARM&MAGIC,3,28,,3.1,3.1,7.0,9.452491440431412e-06
CHIMNE,3,28,16.99,3.8,3.6333333333333333,8.0,9.452491440431412e-06
Damson,3,28,,3.0,3.3000000000000003,13.0,9.452491440431412e-06
Golvery,3,28,28.99,4.4,4.266666666666667,2.0,9.452491440431412e-06
MOXYO,3,28,9.99,3.6,3.766666666666667,9.0,9.452491440431412e-06
NexGenGear,3,28,,3.2,3.4333333333333336,11.0,9.452491440431412e-06
SmartOmni,3,28,,2.9,2.9,9.0,9.452491440431412e-06
ZLBBM,3,28,,3.5,3.533333333333333,8.0,9.452491440431412e-06
ACSUN,20,27,,5.0,4.765,1.0,9.114902460416004e-06
Amokeoo,7,27,,3.5,3.414285714285714,3.0,9.114902460416004e-06
BOYA,7,27,30.0,4.4,3.8428571428571425,4.0,9.114902460416004e-06
BuyVaya,7,27,,3.7,3.6714285714285713,3.0,9.114902460416004e-06
ABKO,6,27,33.99,3.5,3.483333333333333,2.5,9.114902460416004e-06
JTCTC,6,27,,3.35,3.283333333333333,4.0,9.114902460416004e-06
Soundstream,6,27,34.95,3.8,3.8333333333333335,5.0,9.114902460416004e-06
AOKII,4,27,,3.55,3.5,5.0,9.114902460416004e-06
BigHubBub.com,4,27,,4.2,4.175,6.5,9.114902460416004e-06
Sicanal,4,27,14.85,4.55,4.55,6.5,9.114902460416004e-06
Easycat,3,27,28.99,3.3,3.233333333333333,2.0,9.114902460416004e-06
rock space,3,27,,3.4,3.233333333333333,9.0,9.114902460416004e-06
OZJONGK,17,26,16.35,4.5,4.041176470588235,1.0,8.777313480400596e-06
Claire's,16,26,,4.05,3.94375,1.0,8.777313480400596e-06
TEDATATA,16,26,50.4,2.2,2.075,1.0,8.777313480400596e-06
MOSAJIE,10,26,,3.1500000000000004,2.92,2.0,8.777313480400596e-06
ZTTW,9,26,19.99,3.6,3.5888888888888886,2.0,8.777313480400596e-06
FIDUE,8,26,499.99,3.1500000000000004,3.425,1.0,8.777313480400596e-06
LIIOGU,8,26,,1.5,1.55,2.5,8.777313480400596e-06
Urban Nirvana,7,26,39.415,2.4,2.0714285714285716,3.0,8.777313480400596e-06
lalacosy,6,26,11.99,4.25,4.216666666666667,1.5,8.777313480400596e-06
Alcatel,5,26,,3.3,3.16,7.0,8.777313480400596e-06
ECOAMICA,5,26,27.99,2.5,2.84,4.0,8.777313480400596e-06
Recoton,5,26,,3.5,3.8,3.0,8.777313480400596e-06
Audiobahn,4,26,,3.5999999999999996,3.825,5.5,8.777313480400596e-06
Bloody,3,26,54.99,4.5,4.366666666666666,6.0,8.777313480400596e-06
"GUANDA TECHNOLOGIES CO., LTD.",3,26,19.99,3.7,3.866666666666667,6.0,8.777313480400596e-06
KO-STAR,3,26,21.99,4.1,4.366666666666666,8.0,8.777313480400596e-06
Kofarrten,3,26,15.99,3.6,3.8333333333333335,9.0,8.777313480400596e-06
SDGHAW,3,26,,4.1,4.0,9.0,8.777313480400596e-06
SYB,3,26,48.0,3.5,3.5666666666666664,3.0,8.777313480400596e-06
Soundphonic,3,26,,3.7,3.8333333333333335,9.0,8.777313480400596e-06
VOTONES,3,26,,3.7,3.6333333333333333,6.0,8.777313480400596e-06
Westone Audio,3,26,449.99,4.0,3.1,3.0,8.777313480400596e-06
archgon,3,26,63.8,4.0,4.033333333333333,5.0,8.777313480400596e-06
RP&NM,21,25,,3.0,2.9952380952380953,1.0,8.439724500385188e-06
YouthCamp,15,25,,3.7,3.8400000000000003,1.0,8.439724500385188e-06
Spoontiques,9,25,9.98,4.2,4.2555555555555555,2.0,8.439724500385188e-06
Vibe Sound,8,25,,3.3,3.2,2.5,8.439724500385188e-06
FreSky,6,25,,3.4,3.3666666666666667,3.0,8.439724500385188e-06
Five Below,5,25,,3.2,3.22,2.0,8.439724500385188e-06
NFS,5,25,,3.9,4.12,2.0,8.439724500385188e-06
Alpine,4,25,,4.05,4.15,1.5,8.439724500385188e-06
Bchangss,4,25,,3.8,3.8,6.0,8.439724500385188e-06
DOBVDLA,4,25,68.99,3.35,3.625,4.5,8.439724500385188e-06
HUIZL,4,25,18.99,3.4,3.425,4.0,8.439724500385188e-06
Operatek,4,25,,4.0,3.95,6.0,8.439724500385188e-06
Slowbull,4,25,13.29,4.15,4.275,4.5,8.439724500385188e-06
VBASS,4,25,,3.35,3.65,7.5,8.439724500385188e-06
Audio Bone,3,25,,3.2,3.1666666666666665,8.0,8.439724500385188e-06
Funcl,3,25,,3.8,3.7999999999999994,3.0,8.439724500385188e-06
Junwolf,3,25,,4.0,3.7999999999999994,8.0,8.439724500385188e-06
Lenntek,3,25,,4.3,4.133333333333334,3.0,8.439724500385188e-06
OKINBCTR,3,25,,3.9,3.8000000000000003,6.0,8.439724500385188e-06
Parhatstor,3,25,,3.8,3.8333333333333335,6.0,8.439724500385188e-06
TELNP,3,25,69.99,4.8,4.8,10.0,8.439724500385188e-06
Unipows,3,25,9.99,4.0,3.8333333333333335,3.0,8.439724500385188e-06
Vitetaket,3,25,,4.6,4.566666666666666,8.0,8.439724500385188e-06
Warrior By Ihip,3,25,9.95,3.3,2.6,10.0,8.439724500385188e-06
misognare,3,25,,3.9,3.9333333333333336,7.0,8.439724500385188e-06
umi,3,25,,3.8,3.766666666666666,5.0,8.439724500385188e-06
Bytech,13,24,15.82,1.4,2.4153846153846152,1.0,8.10213552036978e-06
BUYIT,10,24,,3.6,3.6,1.5,8.10213552036978e-06
Kinera,8,24,559.0,4.699999999999999,4.525,1.0,8.10213552036978e-06
Bibuds,7,24,,3.3,3.542857142857143,2.0,8.10213552036978e-06
CellularFactory,7,24,,4.0,3.8714285714285714,3.0,8.10213552036978e-06
AMZ Original,6,24,,4.5,4.3999999999999995,3.0,8.10213552036978e-06
AVOVA,6,24,9.99,3.75,3.6999999999999997,3.5,8.10213552036978e-06
COBALTX,6,24,33.25,3.45,3.4333333333333336,3.0,8.10213552036978e-06
FALATEK,6,24,,4.0,3.9499999999999997,2.5,8.10213552036978e-06
Ivation,6,24,,3.8,3.8000000000000003,4.0,8.10213552036978e-06
Yooken,6,24,22.49,3.7,3.516666666666667,3.5,8.10213552036978e-06
Eranova,5,24,12.89,3.8,3.72,5.0,8.10213552036978e-06
HOTLIFE,5,24,,3.7,3.6,4.0,8.10213552036978e-06
Sainyer,5,24,,3.8,3.9,3.0,8.10213552036978e-06
Ubluker,5,24,,4.3,4.24,6.0,8.10213552036978e-06
VOWSVOWS,5,24,,3.6,3.08,6.0,8.10213552036978e-06
Feastind,4,24,11.99,3.9499999999999997,3.3,4.0,8.10213552036978e-06
Flutesan,4,24,39.99,4.25,4.325,5.5,8.10213552036978e-06
JYPS,4,24,,3.55,3.55,1.5,8.10213552036978e-06
LENNYONE,4,24,,3.25,3.4,1.5,8.10213552036978e-06
MAQRBAQR,4,24,9.99,3.45,3.4499999999999997,4.0,8.10213552036978e-06
QODISA,4,24,69.99,4.25,4.05,6.5,8.10213552036978e-06
Uniden,4,24,,2.5,2.275,1.5,8.10213552036978e-06
Arkimd,3,24,,3.7,3.7000000000000006,10.0,8.10213552036978e-06
LETTON,3,24,,3.4,3.3333333333333335,7.0,8.10213552036978e-06
NAD,3,24,,3.5,3.4333333333333336,9.0,8.10213552036978e-06
Ohio Audio,3,24,,3.8,3.9333333333333336,1.0,8.10213552036978e-06
Verbatim,3,24,4.88,3.8,3.6999999999999997,9.0,8.10213552036978e-06
EarHugz,18,23,10.32,3.8499999999999996,3.8388888888888886,1.0,7.764546540354375e-06
NISMobile,14,23,25.99,3.8499999999999996,3.65,1.0,7.764546540354375e-06
Yunsailing,10,23,45.49,3.5,3.5700000000000003,1.5,7.764546540354375e-06
Blue Fox,7,23,8.0,3.0,3.142857142857143,1.0,7.764546540354375e-06
Candy Comfort Earphones,6,23,,3.85,3.9333333333333336,3.5,7.764546540354375e-06
Ciglow,6,23,10.95,3.05,2.966666666666667,2.5,7.764546540354375e-06
Everlast,6,23,,3.05,2.5833333333333335,2.5,7.764546540354375e-06
Firzero,6,23,9.99,3.5,3.216666666666667,2.0,7.764546540354375e-06
DSI,4,23,179.0,4.0,4.15,4.5,7.764546540354375e-06
ENGWE,4,23,,3.7,3.7,6.0,7.764546540354375e-06
LPS USA,4,23,,3.45,3.375,6.5,7.764546540354375e-06
MYJK,4,23,,3.5,3.5,3.5,7.764546540354375e-06
SENTRY,4,23,26.75,3.2,3.3,3.5,7.764546540354375e-06
WATOTGAFER,4,23,9.99,4.25,4.25,5.5,7.764546540354375e-06
ieGeek,4,23,,3.1500000000000004,3.125,4.5,7.764546540354375e-06
Bukm,3,23,,2.9,3.0666666666666664,3.0,7.764546540354375e-06
GoldenPlayer,3,23,30.485,3.7,2.9,7.0,7.764546540354375e-06
Leadingstar,3,23,,2.8,2.7999999999999994,9.0,7.764546540354375e-06
MaxiAids,3,23,91.975,4.4,4.133333333333334,5.0,7.764546540354375e-06
OM Audio,3,23,,3.0,3.3666666666666667,9.0,7.764546540354375e-06
POSEAG,3,23,,3.7,3.733333333333333,4.0,7.764546540354375e-06
TRIPOWIN,3,23,,4.2,4.066666666666666,4.0,7.764546540354375e-06
Targus,3,23,,3.8,3.6999999999999997,4.0,7.764546540354375e-06
AccessoryChoice,18,22,11.99,2.95,2.588888888888889,1.0,7.426957560338966e-06
Chumia,11,22,51.815,4.1,4.054545454545455,1.0,7.426957560338966e-06
Life-Tech,10,22,4.99,3.25,3.0300000000000002,1.0,7.426957560338966e-06
NOCRLG,8,22,38.88,2.7,2.925,1.5,7.426957560338966e-06
Sentry,8,22,,2.85,2.5625,2.0,7.426957560338966e-06
bulk buys,6,22,,2.3,2.5666666666666664,2.0,7.426957560338966e-06
golden maple,6,22,19.99,3.55,3.1833333333333336,1.5,7.426957560338966e-06
Earto,5,22,,3.3,3.56,2.0,7.426957560338966e-06
Blackweb,4,22,,4.0,3.975,5.5,7.426957560338966e-06
Dell,4,22,150.0,4.3,4.25,6.0,7.426957560338966e-06
Fashionit,4,22,79.0,3.6500000000000004,3.5,5.5,7.426957560338966e-06
TJ,4,22,,3.5,3.5,4.5,7.426957560338966e-06
2X Mobile,3,22,8.99,3.8,3.533333333333333,6.0,7.426957560338966e-06
BébéSounds,3,22,,3.6,3.4,9.0,7.426957560338966e-06
DOVIICO,3,22,24.99,3.7,3.4,3.0,7.426957560338966e-06
GQY,3,22,,3.3,3.466666666666667,4.0,7.426957560338966e-06
GenXenon,3,22,35.99,3.7,3.5666666666666664,2.0,7.426957560338966e-06
Sllik,3,22,,3.3,3.5,7.0,7.426957560338966e-06
Traxx,3,22,13.49,3.6,3.6333333333333333,8.0,7.426957560338966e-06
XHT,3,22,,4.3,4.3999999999999995,5.0,7.426957560338966e-06
id America,3,22,9.28,2.5,2.6666666666666665,5.0,7.426957560338966e-06
YHhao,13,21,4.35,3.3,3.215384615384615,1.0,7.089368580323559e-06
REMAX,11,21,23.0,3.0,3.2636363636363637,2.0,7.089368580323559e-06
ZAMZAM,11,21,17.99,3.5,3.0454545454545454,2.0,7.089368580323559e-06
Live Love Music,8,21,,3.45,3.175,2.0,7.089368580323559e-06
Floyd Rose,7,21,79.0,4.0,3.7857142857142856,3.0,7.089368580323559e-06
Impecca,7,21,18.195,2.7,2.942857142857143,2.0,7.089368580323559e-06
Moki International,7,21,20.09,3.6,3.7285714285714286,2.0,7.089368580323559e-06
Greshare,6,21,31.490000000000002,4.05,4.016666666666667,2.0,7.089368580323559e-06
TAKSTAR,6,21,9.59,4.1,4.15,3.0,7.089368580323559e-06
Coolwin,5,21,19.99,3.6,3.4200000000000004,2.0,7.089368580323559e-06
Gsber,5,21,,3.4,3.04,4.0,7.089368580323559e-06
jechan,5,21,19.49,3.8,3.8200000000000003,4.0,7.089368580323559e-06
1 Voice,4,21,,2.35,2.175,2.5,7.089368580323559e-06
Aeiniwer,4,21,,4.550000000000001,4.275,5.5,7.089368580323559e-06
BGOVERSS,4,21,,4.4,4.4,3.0,7.089368580323559e-06
Cuzabe,4,21,24.99,3.4,3.45,2.5,7.089368580323559e-06
Ikey,4,21,,3.3499999999999996,3.3,5.0,7.089368580323559e-06
Spidoc,4,21,,5.0,4.725,2.5,7.089368580323559e-06
TZCER,4,21,,3.6,3.55,5.0,7.089368580323559e-06
CosyFame,3,21,8.99,3.5,3.3000000000000003,6.0,7.089368580323559e-06
Rock,3,21,,3.8,3.8333333333333335,5.0,7.089368580323559e-06
TCM,3,21,,3.4,3.3333333333333335,5.0,7.089368580323559e-06
Xcoser,3,21,35.69,3.0,3.3333333333333335,3.0,7.089368580323559e-06
BMIN,15,20,,5.0,4.8933333333333335,1.0,6.7517796003081514e-06
N\C,11,20,8.5,3.0,3.090909090909091,1.0,6.7517796003081514e-06
XGEN,10,20,,2.65,2.8,2.0,6.7517796003081514e-06
QT Shopping,9,20,34.99,3.2,3.2777777777777777,1.0,6.7517796003081514e-06
BoYaZ,7,20,,3.6,3.3428571428571425,3.0,6.7517796003081514e-06
ORIVETI,6,20,,4.0,4.216666666666667,2.0,6.7517796003081514e-06
"iGo - Mobility Electronics, Inc.",6,20,8.49,3.15,3.3833333333333333,3.0,6.7517796003081514e-06
K-Musculo,5,20,,3.3,3.2399999999999998,2.0,6.7517796003081514e-06
GEJIN,4,20,,4.65,4.7,2.0,6.7517796003081514e-06
Invisible Shield,4,20,,3.0,3.25,4.5,6.7517796003081514e-06
MelodicBoom,4,20,41.989999999999995,4.1,3.8,4.5,6.7517796003081514e-06
OUTOS,4,20,,3.7,3.5500000000000003,4.5,6.7517796003081514e-06
Spadger,4,20,7.62,4.2,4.325,2.5,6.7517796003081514e-06
Veev,4,20,,3.1,3.125,3.0,6.7517796003081514e-06
iKF,4,20,48.99,3.95,3.975,4.5,6.7517796003081514e-06
vost,4,20,,4.1,3.8,3.5,6.7517796003081514e-06
2E,3,20,,3.6,3.6,7.0,6.7517796003081514e-06
ATMPC,3,20,,3.4,3.466666666666667,7.0,6.7517796003081514e-06
CoverON,3,20,7.985,3.1,3.5,3.0,6.7517796003081514e-06
NEEWER,3,20,,4.0,4.033333333333333,5.0,6.7517796003081514e-06
PopKoko,3,20,,3.1,3.1666666666666665,8.0,6.7517796003081514e-06
Reshow,3,20,,3.0,3.033333333333333,8.0,6.7517796003081514e-06
Sharp,3,20,34.945,3.4,3.233333333333333,3.0,6.7517796003081514e-06
TANGDIAABBCC,3,20,,4.6,3.9333333333333336,5.0,6.7517796003081514e-06
XWQ,3,20,,3.7,3.6999999999999997,4.0,6.7517796003081514e-06
Solonic,18,19,,5.0,4.561111111111111,1.0,6.414190620292744e-06
ANSEWIRELESS,17,19,13.495000000000001,3.0,3.0588235294117645,1.0,6.414190620292744e-06
Xtreme Cables,10,19,2.7,2.95,2.96,1.0,6.414190620292744e-06
Antigravity Batteries,8,19,,3.8,3.6125,1.5,6.414190620292744e-06
IKHISHI,8,19,,4.4,3.7375,1.0,6.414190620292744e-06
Juckbo,8,19,,5.0,4.6625,1.5,6.414190620292744e-06
Sound Huggle,7,19,,4.4,4.385714285714286,2.0,6.414190620292744e-06
Tiamat+,7,19,,4.0,4.042857142857143,2.0,6.414190620292744e-06
K88 DESIGNED BY DELFINO,6,19,20.6,3.9499999999999997,3.9333333333333336,3.0,6.414190620292744e-06
Origaudio,6,19,12.26,3.3,3.3000000000000003,3.5,6.414190620292744e-06
Fukep,5,19,,3.5,3.46,3.0,6.414190620292744e-06
HoneyAKE,5,19,,3.7,3.4800000000000004,1.0,6.414190620292744e-06
Singsation,5,19,19.99,3.9,3.9,2.0,6.414190620292744e-06
ZAQE,5,19,12.89,3.6,3.78,4.0,6.414190620292744e-06
GEEKRIA,4,19,18.99,3.6,3.65,2.5,6.414190620292744e-06
NUATE,4,19,,4.1,4.1,3.0,6.414190620292744e-06
Tonstep,4,19,52.49,3.95,3.9000000000000004,4.0,6.414190620292744e-06
Animewild,3,19,,4.0,4.066666666666666,6.0,6.414190620292744e-06
CS-MaoYi,3,19,,4.0,3.8333333333333335,9.0,6.414190620292744e-06
Crosley,3,19,,3.5,3.766666666666667,1.0,6.414190620292744e-06
GRABBIT,3,19,,3.3,3.3000000000000003,3.0,6.414190620292744e-06
IMYMAX,3,19,,3.5,3.5,4.0,6.414190620292744e-06
Leonmoon,3,19,,3.0,3.033333333333333,4.0,6.414190620292744e-06
Plextone,3,19,,2.8,2.6999999999999997,5.0,6.414190620292744e-06
Rock It,3,19,,3.0,3.3333333333333335,1.0,6.414190620292744e-06
Svenmark,3,19,,3.7,3.5666666666666664,5.0,6.414190620292744e-06
TOZ,3,19,,3.3,3.5,4.0,6.414190620292744e-06
Vsonus,3,19,27.99,3.6,3.6,1.0,6.414190620292744e-06
RICOO,8,18,15.99,3.05,2.925,2.0,6.076601640277336e-06
Burlway,7,18,,4.3,4.185714285714286,2.0,6.076601640277336e-06
HOUMOSTO,6,18,,1.9,1.8333333333333333,3.0,6.076601640277336e-06
Racing Electronics,6,18,,5.0,4.633333333333334,1.0,6.076601640277336e-06
SGNICS,6,18,23.95,3.9,3.75,1.5,6.076601640277336e-06
FOSA,5,18,9.04,3.2,2.8200000000000003,4.0,6.076601640277336e-06
Genuine Picks,5,18,,3.8,3.84,2.0,6.076601640277336e-06
German Maestro,5,18,,4.5,4.36,4.0,6.076601640277336e-06
Mybat,5,18,,3.3,3.0799999999999996,4.0,6.076601640277336e-06
Zenex,5,18,,3.9,3.6799999999999997,1.0,6.076601640277336e-06
eVogue,5,18,9.99,2.8,2.34,2.0,6.076601640277336e-06
Barbie,4,18,,3.25,2.975,3.0,6.076601640277336e-06
CYBORIS,4,18,39.99,2.9,2.9,3.5,6.076601640277336e-06
FINGERTIME,4,18,13.99,3.9000000000000004,3.875,4.0,6.076601640277336e-06
Skque,4,18,,2.65,2.325,4.5,6.076601640277336e-06
Sundiko,4,18,,4.1,4.1,4.5,6.076601640277336e-06
Tekfusion,4,18,,3.05,2.875,3.0,6.076601640277336e-06
Visual Land,4,18,,3.4,3.3,2.5,6.076601640277336e-06
ASHATA,3,18,10.74,2.7,2.566666666666667,1.0,6.076601640277336e-06
Flavocal,3,18,,4.5,4.5,3.0,6.076601640277336e-06
Funwaretech,3,18,,3.8,3.8333333333333335,6.0,6.076601640277336e-06
IDMIX,3,18,,4.3,4.3,6.0,6.076601640277336e-06
NVRADCHUA,3,18,,4.2,4.2,4.0,6.076601640277336e-06
RLX,3,18,,3.2,2.6,6.0,6.076601640277336e-06
Sanfant,3,18,,3.8,3.6333333333333333,5.0,6.076601640277336e-06
Tenqa,3,18,,2.7,2.766666666666667,7.0,6.076601640277336e-06
Upmusic,3,18,,3.7,3.8000000000000003,5.0,6.076601640277336e-06
VAVA,3,18,,2.8,2.766666666666667,8.0,6.076601640277336e-06
WZS,3,18,,3.7,2.8333333333333335,6.0,6.076601640277336e-06
urBEATS 3,3,18,,4.5,4.5,7.0,6.076601640277336e-06
Carniway,11,17,,2.9,2.8636363636363638,1.0,5.739012660261928e-06
NA#,9,17,99.95,3.0,3.3444444444444446,2.0,5.739012660261928e-06
Fenzer,8,17,,3.05,2.8875,1.0,5.739012660261928e-06
CADBB,7,17,,2.9,3.185714285714286,3.0,5.739012660261928e-06
Hoostars,7,17,,3.2,3.1999999999999997,1.0,5.739012660261928e-06
Fast Trax,6,17,,3.45,3.4166666666666665,2.5,5.739012660261928e-06
Bestfy,5,17,,3.3,3.4799999999999995,2.0,5.739012660261928e-06
FLARE AUDIO,5,17,34.95,3.6,3.56,2.0,5.739012660261928e-06
Vktech,5,17,,3.7,3.22,1.0,5.739012660261928e-06
Xtreme,5,17,65.575,3.9,3.46,1.0,5.739012660261928e-06
Amazon Digital Services Inc.,4,17,7.99,3.7,3.675,2.5,5.739012660261928e-06
COVIXXIO,4,17,,3.8,3.8,4.0,5.739012660261928e-06
MarattLAN,4,17,,3.25,3.575,2.5,5.739012660261928e-06
QooWare,4,17,,4.2,4.175000000000001,4.5,5.739012660261928e-06
REECHO,4,17,,4.25,4.3,4.0,5.739012660261928e-06
THOMAS DIXON,4,17,,3.45,3.175,3.0,5.739012660261928e-06
WCI,4,17,,3.25,3.3,1.0,5.739012660261928e-06
badasheng,4,17,,3.2,3.25,4.5,5.739012660261928e-06
iTouch,4,17,24.99,4.1,3.75,4.0,5.739012660261928e-06
inDigi,4,17,,3.2,3.075,3.5,5.739012660261928e-06
BByogooz,3,17,7.48,4.1,4.033333333333333,6.0,5.739012660261928e-06
Bassacia,3,17,,3.9,4.033333333333333,4.0,5.739012660261928e-06
GoArgin,3,17,69.99,5.0,4.433333333333334,3.0,5.739012660261928e-06
Marantz,3,17,55.239999999999995,4.1,4.2,4.0,5.739012660261928e-06
ODIPO,3,17,,3.4,3.5666666666666664,5.0,5.739012660261928e-06
Powertag,3,17,,3.1,3.3333333333333335,6.0,5.739012660261928e-06
Skicuwim,3,17,34.99,3.5,3.4,1.0,5.739012660261928e-06
Stashcord,3,17,,3.7,3.8333333333333335,6.0,5.739012660261928e-06
TANCHJIM,3,17,,4.3,4.233333333333333,4.0,5.739012660261928e-06
TRINITY AUDIO ENGINEERING,3,17,,4.2,3.8000000000000003,6.0,5.739012660261928e-06
TUSAZU,3,17,,3.1,2.733333333333333,7.0,5.739012660261928e-06
TWAYRDIO,3,17,,3.1,3.3000000000000003,1.0,5.739012660261928e-06
TXCSLY,3,17,,4.4,4.433333333333334,4.0,5.739012660261928e-06
WWE,3,17,,3.8,3.5,2.0,5.739012660261928e-06
lunbowon,3,17,,3.4,3.6,6.0,5.739012660261928e-06
AudioSpice,12,16,30.0,4.0,4.008333333333334,1.0,5.401423680246521e-06
Aogsdklr,10,16,,4.5,4.18,1.0,5.401423680246521e-06
Marattt,8,16,,4.6,4.575,1.0,5.401423680246521e-06
KENMAX,7,16,24.49,3.0,2.5142857142857147,1.0,5.401423680246521e-06
XTREME DIGITAL LIFESTYLE ACCESSORIES,7,16,32.105,3.6,3.442857142857143,1.0,5.401423680246521e-06
ZTGD,7,16,9.99,3.1,3.0714285714285716,1.0,5.401423680246521e-06
Chicago Metallic,6,16,,3.2,3.2000000000000006,2.0,5.401423680246521e-06
DBSOARS,6,16,19.985,4.2,4.133333333333334,2.5,5.401423680246521e-06
Kicoeoy,6,16,,3.3,3.1,2.0,5.401423680246521e-06
Uotyon,6,16,,1.5,1.4000000000000001,2.0,5.401423680246521e-06
iEssentials,6,16,,3.8499999999999996,4.05,2.0,5.401423680246521e-06
Cresyn,5,16,,3.3,3.7,4.0,5.401423680246521e-06
FUELUS,5,16,,4.1,4.04,4.0,5.401423680246521e-06
SoundPretty,5,16,,3.6,3.6,3.0,5.401423680246521e-06
Squishmallow,5,16,26.705,4.2,4.279999999999999,1.0,5.401423680246521e-06
TEFNUT,5,16,,3.9,3.8200000000000003,1.0,5.401423680246521e-06
TNODI,5,16,12.99,3.1,3.2,3.0,5.401423680246521e-06
Compucessory,4,16,18.32,3.75,3.25,1.5,5.401423680246521e-06
Coolden,4,16,9.99,3.5,2.925,1.5,5.401423680246521e-06
FreeMaster,4,16,,3.4000000000000004,3.025,3.0,5.401423680246521e-06
Gear Head,4,16,,2.5,2.5,3.0,5.401423680246521e-06
Licoers Earphones,4,16,,3.9,3.825,1.0,5.401423680246521e-06
Momo Cellular,4,16,,3.1,2.925,1.5,5.401423680246521e-06
Nokere,4,16,,3.0,2.875,4.0,5.401423680246521e-06
Ondigo,4,16,19.98,4.25,4.4,4.0,5.401423680246521e-06
YSCENL,4,16,,3.8,4.0,3.0,5.401423680246521e-06
AMASKY,3,16,29.99,3.8,3.7999999999999994,1.0,5.401423680246521e-06
Balance Tech,3,16,,3.5,3.5,3.0,5.401423680246521e-06
Bluelans,3,16,,4.0,3.8666666666666667,3.0,5.401423680246521e-06
First Act,3,16,,2.9,2.9,5.0,5.401423680246521e-06
Global Marketing Partners,3,16,,2.0,2.1666666666666665,1.0,5.401423680246521e-06
HAOHIYO,3,16,,3.7,3.5,3.0,5.401423680246521e-06
Holkonbe,3,16,9.99,4.4,4.133333333333334,1.0,5.401423680246521e-06
Kwsdo,3,16,,3.7,3.966666666666667,3.0,5.401423680246521e-06
Spark Headphones,3,16,,3.3,3.3000000000000003,6.0,5.401423680246521e-06
YICFIS,3,16,17.94,3.9,3.933333333333333,4.0,5.401423680246521e-06
asodfsad,3,16,11.98,4.3,4.133333333333333,4.0,5.401423680246521e-06
iGo,3,16,8.49,3.0,3.3000000000000003,6.0,5.401423680246521e-06
CINBOS,11,15,24.95,5.0,4.672727272727273,1.0,5.0638347002311136e-06
SNLSY,11,15,,5.0,5.0,1.0,5.0638347002311136e-06
Docooler,8,15,16.49,3.6500000000000004,3.65,1.5,5.0638347002311136e-06
CSL-Computer,7,15,,2.5,2.457142857142857,2.0,5.0638347002311136e-06
Labtec,6,15,,3.9,3.6333333333333333,2.0,5.0638347002311136e-06
SAMONPOW,6,15,,3.5,3.533333333333333,2.0,5.0638347002311136e-06
Zibaar,6,15,18.5,4.2,4.233333333333333,2.0,5.0638347002311136e-06
AZER,5,15,,3.3,3.1599999999999997,2.0,5.0638347002311136e-06
Cosa Nova,5,15,8.95,3.8,3.84,3.0,5.0638347002311136e-06
Emerson Radio,5,15,9.99,2.4,2.38,4.0,5.0638347002311136e-06
Z&HY Store,5,15,,4.0,3.8,3.0,5.0638347002311136e-06
ASTSH,4,15,59.98,3.6,3.75,3.0,5.0638347002311136e-06
Austrian Audio,4,15,264.0,4.25,4.225,1.5,5.0638347002311136e-06
EUROB,4,15,16.99,4.7,4.55,4.5,5.0638347002311136e-06
EWWE,4,15,,3.55,3.55,3.5,5.0638347002311136e-06
Globular Cluster,4,15,46.49,3.6,3.7,2.0,5.0638347002311136e-06
K KASONIC,4,15,,3.5,3.725,4.0,5.0638347002311136e-06
KUKIUUBK,4,15,,4.1,4.075,2.5,5.0638347002311136e-06
SPEATE,4,15,,3.65,3.725,3.0,5.0638347002311136e-06
Avantone,3,15,349.0,4.3,4.2,5.0,5.0638347002311136e-06
ELFMIC,3,15,,3.9,3.6999999999999997,4.0,5.0638347002311136e-06
Liphontcta,3,15,,4.8,4.466666666666666,4.0,5.0638347002311136e-06
ShuQiaoSi,3,15,24.09,4.0,3.966666666666667,6.0,5.0638347002311136e-06
Sonitek,3,15,,3.2,3.6333333333333333,4.0,5.0638347002311136e-06
THE-SECURITY-STORE,3,15,,3.4,3.5,5.0,5.0638347002311136e-06
THUMBS UP,3,15,,4.2,4.3,5.0,5.0638347002311136e-06
WOW TECHNOLOGIES (SINGAPORE),3,15,,3.5,3.4333333333333336,5.0,5.0638347002311136e-06
XtremeMac,3,15,,3.1,3.3000000000000003,6.0,5.0638347002311136e-06
DAFO,9,14,12.99,3.5,3.5444444444444443,1.0,4.726245720215706e-06
BYZ1,8,14,,3.3,3.0375,1.0,4.726245720215706e-06
Celebrat,8,14,,3.2,2.925,1.0,4.726245720215706e-06
Rapoo,8,14,,4.05,3.825,1.5,4.726245720215706e-06
Vangoddy,8,14,9.99,3.6,3.375,1.5,4.726245720215706e-06
ELECOM,7,14,22.62,3.5,3.1571428571428575,1.0,4.726245720215706e-06
Amalen,6,14,,4.5,4.283333333333333,2.5,4.726245720215706e-06
BT21,6,14,,4.15,4.1000000000000005,2.0,4.726245720215706e-06
Daioolor,6,14,,3.65,3.783333333333333,1.5,4.726245720215706e-06
Fonerange,6,14,,3.3499999999999996,3.6166666666666667,2.0,4.726245720215706e-06
Heyday,5,14,60.0,3.6,3.22,2.0,4.726245720215706e-06
Happy Trails,4,14,,3.3,3.55,2.0,4.726245720215706e-06
Sunbeam,4,14,,3.2,3.225,2.5,4.726245720215706e-06
UPBRIGHT,4,14,7.49,4.75,4.75,1.5,4.726245720215706e-06
Ularmo,4,14,,3.6,3.85,4.0,4.726245720215706e-06
audbos,4,14,,4.0,3.825,3.5,4.726245720215706e-06
ownta,4,14,,3.4,3.525,2.0,4.726245720215706e-06
AREAJD,3,14,,2.9,2.766666666666667,2.0,4.726245720215706e-06
Advent,3,14,,3.8,3.8333333333333335,4.0,4.726245720215706e-06
Amphony,3,14,,3.3,3.6,4.0,4.726245720215706e-06
Caracole,3,14,26.99,4.3,4.3,5.0,4.726245720215706e-06
Codio,3,14,,3.5,3.966666666666667,5.0,4.726245720215706e-06
Holiper,3,14,17.99,3.8,3.9333333333333336,3.0,4.726245720215706e-06
IDOERLEETEK,3,14,22.87,4.1,4.1,4.0,4.726245720215706e-06
Letshuoer,3,14,129.0,4.5,4.566666666666666,6.0,4.726245720215706e-06
WaterDawg,3,14,,3.0,3.1666666666666665,5.0,4.726245720215706e-06
JKWHSBHKDQ,12,13,,5.0,5.0,1.0,4.388656740200298e-06
LUYANhapy9,10,13,0.5,3.35,3.1,1.0,4.388656740200298e-06
Aiyudun,9,13,,3.9,3.9111111111111114,1.0,4.388656740200298e-06
okcsc,9,13,20.99,4.2,4.1,1.0,4.388656740200298e-06
Aita,8,13,,3.2,3.125,1.5,4.388656740200298e-06
Lilly Pulitzer,7,13,,4.2,3.9857142857142853,2.0,4.388656740200298e-06
woitech,7,13,,3.5,3.957142857142857,1.0,4.388656740200298e-06
AUGLAMOUR,6,13,,4.1,4.116666666666666,1.0,4.388656740200298e-06
Avid,6,13,129.0,3.95,3.65,2.0,4.388656740200298e-06
Fuji Labs,6,13,,2.65,3.0500000000000003,1.0,4.388656740200298e-06
MOGCO,6,13,,3.9,3.6166666666666667,1.0,4.388656740200298e-06
Macarrie,6,13,18.49,3.35,3.4333333333333336,2.0,4.388656740200298e-06
TechComm,6,13,35.99,3.55,3.3333333333333335,1.5,4.388656740200298e-06
ZOUKAI,6,13,39.99,3.2,3.216666666666667,2.0,4.388656740200298e-06
AFGHOA,5,13,13.99,4.3,4.36,1.0,4.388656740200298e-06
Axilleo,5,13,,3.8,3.94,1.0,4.388656740200298e-06
YOUPECK,5,13,,4.0,4.12,2.0,4.388656740200298e-06
Fenpos,4,13,26.98,3.2,3.2,1.0,4.388656740200298e-06
Saramonic,4,13,,3.85,3.875,3.0,4.388656740200298e-06
XIAOYIXIAN,4,13,,2.65,2.475,2.0,4.388656740200298e-06
Bliiq,3,13,,3.6,3.5,4.0,4.388656740200298e-06
Bosweety,3,13,9.99,4.2,3.9333333333333336,5.0,4.388656740200298e-06
Fullgaden,3,13,19.59,3.6,3.6999999999999997,4.0,4.388656740200298e-06
Lamir,3,13,,3.5,3.3333333333333335,4.0,4.388656740200298e-06
Leadsound,3,13,,3.2,3.5,4.0,4.388656740200298e-06
LifePassion,3,13,,3.3,3.3333333333333335,3.0,4.388656740200298e-06
Power Rangers,3,13,,3.8,3.6999999999999997,2.0,4.388656740200298e-06
Tribeca Gear,3,13,,3.5,3.5,5.0,4.388656740200298e-06
VOXii,3,13,,3.7,3.533333333333333,1.0,4.388656740200298e-06
WONNIE,3,13,19.99,4.1,4.033333333333333,1.0,4.388656740200298e-06
XIAODU,3,13,,3.9,3.733333333333333,2.0,4.388656740200298e-06
ZHPTO,3,13,,4.5,4.666666666666667,4.0,4.388656740200298e-06
tapaxis,3,13,64.99,4.8,4.766666666666667,2.0,4.388656740200298e-06
tengfan,3,13,,3.5,3.4333333333333336,4.0,4.388656740200298e-06
LB1 High Performance,8,12,,3.2,3.575,1.0,4.05106776018489e-06
N\\A,8,12,21.99,3.5,3.4375,1.0,4.05106776018489e-06
TENLUBEN,8,12,13.98,3.45,3.725,1.0,4.05106776018489e-06
Atomic Floyd,7,12,,4.0,3.9857142857142853,1.0,4.05106776018489e-06
Trn,6,12,141.45,4.199999999999999,4.116666666666666,1.5,4.05106776018489e-06
Bass Jaxx,5,12,,3.3,3.4,2.0,4.05106776018489e-06
JAZZA,5,12,,3.7,3.5200000000000005,3.0,4.05106776018489e-06
Kazeuta,5,12,,3.2,3.2399999999999998,3.0,4.05106776018489e-06
One Direction,5,12,,3.8,3.94,3.0,4.05106776018489e-06
XuanGui,5,12,14.99,4.3,4.26,2.0,4.05106776018489e-06
Bloomley,4,12,,4.25,4.325,2.5,4.05106776018489e-06
Brooklyn Headphone Company,4,12,,2.8,2.9,3.0,4.05106776018489e-06
GEARONIC TM,4,12,,2.8,2.775,2.0,4.05106776018489e-06
Gourmandise,4,12,59.68,3.6,3.6750000000000003,1.0,4.05106776018489e-06
Hksany,4,12,,3.9,3.8,2.5,4.05106776018489e-06
Jasco,4,12,29.99,2.4,2.45,2.5,4.05106776018489e-06
Meizu,4,12,,3.35,3.4,2.5,4.05106776018489e-06
Peltor,4,12,104.99,4.25,4.125,2.0,4.05106776018489e-06
The Sharper Image,4,12,,2.45,2.3,3.0,4.05106776018489e-06
BLAUPUNKT,3,12,,3.2,3.2000000000000006,4.0,4.05106776018489e-06
Cubitt Tracking Technologies,3,12,34.95,3.9,4.133333333333333,3.0,4.05106776018489e-06
DFLAN,3,12,,3.7,3.6999999999999997,3.0,4.05106776018489e-06
EN SALES,3,12,,4.0,4.0,3.0,4.05106776018489e-06
G-CUBE,3,12,12.99,4.3,4.033333333333333,4.0,4.05106776018489e-06
Galaxy Audio,3,12,139.99,4.0,4.3,2.0,4.05106776018489e-06
JIKFEML,3,12,39.0,3.6,3.6333333333333333,4.0,4.05106776018489e-06
Minco,3,12,,3.5,2.8666666666666667,4.0,4.05106776018489e-06
Newtion,3,12,,3.8,3.7999999999999994,3.0,4.05106776018489e-06
SHOZY,3,12,,4.2,3.733333333333333,1.0,4.05106776018489e-06
Shenzhen Daono Digital Co. Ltd.,3,12,,2.5,2.8333333333333335,4.0,4.05106776018489e-06
Teenage Engineering,3,12,79.0,4.3,4.433333333333334,3.0,4.05106776018489e-06
Wjjitan,3,12,32.95,4.2,3.966666666666667,4.0,4.05106776018489e-06
hudiemm0B,3,12,0.99,3.4,3.6,3.0,4.05106776018489e-06
iHarmonix,3,12,,4.5,4.166666666666667,1.0,4.05106776018489e-06
schicj133mm,9,11,7.39,2.5,2.3555555555555556,1.0,3.713478780169483e-06
Heave,8,11,13.559999999999999,3.4,3.5125,1.0,3.713478780169483e-06
gourmandise,7,11,,4.2,4.1,1.0,3.713478780169483e-06
CVILUX,6,11,16.74,5.0,4.6000000000000005,1.0,3.713478780169483e-06
WEILIGU,6,11,,3.75,3.5,1.5,3.713478780169483e-06
CAIMOSHY,5,11,26.490000000000002,4.2,4.18,2.0,3.713478780169483e-06
General Motors,5,11,,3.3,3.5200000000000005,2.0,3.713478780169483e-06
IKXO,5,11,276.99,3.4,3.3600000000000003,1.0,3.713478780169483e-06
JussXper,5,11,,2.7,2.68,2.0,3.713478780169483e-06
Naenka,5,11,,3.8,3.7600000000000002,2.0,3.713478780169483e-06
BEEVO,4,11,,4.05,4.0,3.0,3.713478780169483e-06
BKHC,4,11,,3.3499999999999996,3.2249999999999996,3.0,3.713478780169483e-06
BQEYZ,4,11,149.0,4.45,4.25,2.5,3.713478780169483e-06
BSSJZP,4,11,,2.7,2.4,2.5,3.713478780169483e-06
Bellman & Symfon,4,11,23.045,4.35,4.3,2.0,3.713478780169483e-06
BiGR Audio,4,11,,3.7,3.725,3.0,3.713478780169483e-06
Dnifo,4,11,,4.15,4.075,2.5,3.713478780169483e-06
Freeboss,4,11,,4.45,3.9000000000000004,1.5,3.713478780169483e-06
Honsenn,4,11,,4.45,4.3,1.5,3.713478780169483e-06
Marvel,4,11,,3.55,3.025,2.0,3.713478780169483e-06
Musical Fidelity,4,11,,3.65,3.675,2.5,3.713478780169483e-06
THE Electronics,4,11,,3.1,3.1,2.5,3.713478780169483e-06
Upper Midland Products,4,11,64.985,3.85,4.0,1.0,3.713478780169483e-06
VTech,4,11,49.99,3.45,3.25,1.5,3.713478780169483e-06
ANYWY,3,11,,3.3,3.266666666666667,4.0,3.713478780169483e-06
BanDxin,3,11,,3.4,3.1999999999999997,3.0,3.713478780169483e-06
BearBizz,3,11,,3.7,4.0,2.0,3.713478780169483e-06
Boom Boom,3,11,14.870000000000001,3.6,3.533333333333333,3.0,3.713478780169483e-06
CNIOEPL,3,11,29.99,3.9,3.9,2.0,3.713478780169483e-06
Haier,3,11,9.99,2.9,3.1333333333333333,4.0,3.713478780169483e-06
Periodic Audio,3,11,199.99,4.1,3.9333333333333336,3.0,3.713478780169483e-06
YUSHENG,3,11,12.99,3.8,4.1000000000000005,4.0,3.713478780169483e-06
YouVogue,3,11,,3.3,2.8666666666666667,5.0,3.713478780169483e-06
artmu,3,11,,3.1,3.466666666666667,3.0,3.713478780169483e-06
ilikable,3,11,,3.1,3.1999999999999997,1.0,3.713478780169483e-06
scorking,3,11,13.98,3.9,3.8666666666666667,3.0,3.713478780169483e-06
Cagogo,7,10,62.195,1.9,2.5,1.0,3.3758898001540757e-06
Jays,7,10,,3.7,3.914285714285714,1.0,3.3758898001540757e-06
BWWNBY,6,10,19.99,3.9499999999999997,3.883333333333333,1.0,3.3758898001540757e-06
Jamsonic,6,10,,3.8,3.8666666666666667,2.0,3.3758898001540757e-06
NTSElectronics,6,10,,3.05,2.8333333333333335,1.5,3.3758898001540757e-06
Accutone,5,10,,2.4,2.3,2.0,3.3758898001540757e-06
Sujeetec,5,10,,3.5,3.04,2.0,3.3758898001540757e-06
hoomia,5,10,,3.6,3.38,1.0,3.3758898001540757e-06
melso,5,10,,4.2,4.2,1.0,3.3758898001540757e-06
AEC,4,10,,4.1,4.1,2.0,3.3758898001540757e-06
AFIREWOOD,4,10,,2.45,2.75,2.0,3.3758898001540757e-06
AVIWIS,4,10,,3.3499999999999996,3.675,2.0,3.3758898001540757e-06
Fasgear,4,10,11.99,3.9,3.875,1.5,3.3758898001540757e-06
Fisher,4,10,,3.5999999999999996,3.8,2.5,3.3758898001540757e-06
Kanex,4,10,,3.6500000000000004,3.6,2.0,3.3758898001540757e-06
MAGINOVO,4,10,,3.5,3.675,2.5,3.3758898001540757e-06
NEFF,4,10,,4.1,4.175,2.5,3.3758898001540757e-06
SPECTRA,4,10,,3.3,3.4,2.5,3.3758898001540757e-06
URBANZ,4,10,,3.5,3.55,1.5,3.3758898001540757e-06
Yesbond,4,10,,3.8,3.6750000000000003,2.5,3.3758898001540757e-06
ZXQZYM,4,10,20.97,3.75,3.7,2.0,3.3758898001540757e-06
iWave,4,10,,2.0,1.825,1.0,3.3758898001540757e-06
Fischer Audio,3,10,,3.3,3.3333333333333335,2.0,3.3758898001540757e-06
Foxnovo,3,10,,3.2,2.766666666666667,3.0,3.3758898001540757e-06
HAYI,3,10,,3.2,2.566666666666667,4.0,3.3758898001540757e-06
HOPENE,3,10,,2.9,3.0666666666666664,3.0,3.3758898001540757e-06
HoneyGrand,3,10,,4.1,3.9666666666666663,3.0,3.3758898001540757e-06
Keklle2,3,10,13.88,4.2,3.9,3.0,3.3758898001540757e-06
Kyocera,3,10,,4.5,4.166666666666667,2.0,3.3758898001540757e-06
Newmodeus,3,10,11.995000000000001,3.5,3.4333333333333336,3.0,3.3758898001540757e-06
Snyank,3,10,,3.8,2.9,3.0,3.3758898001540757e-06
VEGO,3,10,,3.5,3.466666666666667,4.0,3.3758898001540757e-06
VUKU,3,10,14.98,3.5,3.4333333333333336,3.0,3.3758898001540757e-06
W-Dragon,3,10,,3.6,3.8666666666666667,2.0,3.3758898001540757e-06
WOOZZONG,3,10,39.95,4.5,4.2,4.0,3.3758898001540757e-06
Woitech,3,10,,4.2,4.333333333333333,1.0,3.3758898001540757e-06
ZIVA,3,10,,5.0,4.566666666666666,2.0,3.3758898001540757e-06
MarattLLANGKY,8,9,36.94,5.0,4.4,1.0,3.038300820138668e-06
ECY Mobile,7,9,25.0,2.5,2.6571428571428575,1.0,3.038300820138668e-06
WishLotus,7,9,,4.1,4.1,1.0,3.038300820138668e-06
Zumreed,7,9,40.0,3.9,3.6999999999999997,1.0,3.038300820138668e-06
i-tec,7,9,,3.0,3.042857142857143,1.0,3.038300820138668e-06
KIMCADE,6,9,,1.0,1.7166666666666668,1.5,3.038300820138668e-06
MINGYI,6,9,,3.55,3.6999999999999997,1.5,3.038300820138668e-06
V-8,6,9,9.99,3.9,3.966666666666667,1.0,3.038300820138668e-06
AfterRuenz,5,9,,3.5,3.06,2.0,3.038300820138668e-06
BWSHB,5,9,47.49,5.0,4.04,1.0,3.038300820138668e-06
Bluetooth Headset,5,9,3.98,3.0,3.5200000000000005,1.0,3.038300820138668e-06
ComfyBuds,5,9,,2.5,2.5,2.0,3.038300820138668e-06
EORGO,5,9,,3.1,3.1,2.0,3.038300820138668e-06
Ebest,5,9,,4.0,3.7,1.0,3.038300820138668e-06
Elnicec,5,9,99.99,3.5,3.34,2.0,3.038300820138668e-06
FIFADE,5,9,,5.0,5.0,2.0,3.038300820138668e-06
LEXiBOOK,5,9,21.915,3.9,3.9200000000000004,1.0,3.038300820138668e-06
Repokevin,5,9,,3.7,3.9200000000000004,1.0,3.038300820138668e-06
SOAR,5,9,,2.9,3.2600000000000002,2.0,3.038300820138668e-06
YY KATTY,5,9,,3.1,2.7600000000000002,2.0,3.038300820138668e-06
COQOOL,4,9,,4.95,4.875,2.0,3.038300820138668e-06
Dish,4,9,,3.3,3.325,1.0,3.038300820138668e-06
Microlab,4,9,34.95,3.9,4.0,2.0,3.038300820138668e-06
SMARTED,4,9,,3.6,3.6,1.5,3.038300820138668e-06
TOMPOL,4,9,,3.2,3.15,2.0,3.038300820138668e-06
TYLT,4,9,,3.65,3.65,1.0,3.038300820138668e-06
Tt eSPORTS,4,9,39.99,3.0999999999999996,3.025,1.5,3.038300820138668e-06
Vbestlife,4,9,15.28,3.8000000000000003,3.9250000000000003,1.5,3.038300820138668e-06
na1,4,9,17.99,4.35,4.175,2.0,3.038300820138668e-06
BaubleBar,3,9,20.26,3.2,3.4,3.0,3.038300820138668e-06
Fruzelg,3,9,,2.9,2.966666666666667,1.0,3.038300820138668e-06
HOTWAV,3,9,,3.4,3.5,3.0,3.038300820138668e-06
Kinyo,3,9,,3.5,3.466666666666667,3.0,3.038300820138668e-06
Langkou,3,9,,3.6,3.4333333333333336,4.0,3.038300820138668e-06
Milian Acoustics,3,9,,4.0,4.033333333333333,2.0,3.038300820138668e-06
Radio Shack,3,9,,4.3,4.266666666666667,4.0,3.038300820138668e-06
Rhythmz,3,9,,3.2,3.4333333333333336,3.0,3.038300820138668e-06
SONEN,3,9,,3.3,3.1999999999999997,3.0,3.038300820138668e-06
SingDeRing,3,9,,3.4,3.6999999999999997,3.0,3.038300820138668e-06
SmackTom,3,9,,3.9,3.9,2.0,3.038300820138668e-06
fellee,3,9,,4.5,3.766666666666667,4.0,3.038300820138668e-06
Kimanli,8,8,,3.0,2.875,1.0,2.7007118401232607e-06
SANKER,7,8,,3.6,3.3285714285714287,1.0,2.7007118401232607e-06
newshijieCOb,7,8,,3.5,3.1714285714285713,1.0,2.7007118401232607e-06
MICOKON,6,8,39.99,4.35,4.283333333333333,1.0,2.7007118401232607e-06
Technocel,6,8,,4.0,3.75,1.0,2.7007118401232607e-06
QUEN,5,8,44.99,4.2,4.36,1.0,2.7007118401232607e-06
Tarzoro,5,8,14.99,4.1,4.04,2.0,2.7007118401232607e-06
BTTB,4,8,,4.05,3.975,1.5,2.7007118401232607e-06
Baost,4,8,5.09,3.05,3.025,2.0,2.7007118401232607e-06
Cogear,4,8,21.99,3.05,3.375,2.0,2.7007118401232607e-06
Dreams,4,8,,3.25,3.35,1.5,2.7007118401232607e-06
Flotera,4,8,,3.3,2.9,1.5,2.7007118401232607e-06
HYSHIKRA,4,8,,2.0,1.85,1.0,2.7007118401232607e-06
MADAGI,4,8,0.01,3.75,3.625,1.0,2.7007118401232607e-06
Mozano,4,8,,4.5,4.3,1.0,2.7007118401232607e-06
ORICO,4,8,,3.65,3.625,2.0,2.7007118401232607e-06
XTRONS,4,8,34.89,3.7,3.775,2.0,2.7007118401232607e-06
YIRSUR,4,8,,1.45,2.05,2.0,2.7007118401232607e-06
Zizo,4,8,24.99,4.1,3.475,1.0,2.7007118401232607e-06
A,3,8,,3.0,3.3000000000000003,3.0,2.7007118401232607e-06
AERIAL7,3,8,,4.0,4.3,1.0,2.7007118401232607e-06
Banxy,3,8,,3.0,3.0666666666666664,3.0,2.7007118401232607e-06
Bewinner,3,8,16.634999999999998,3.4,3.4333333333333336,2.0,2.7007118401232607e-06
CarThree,3,8,49.89,4.7,4.533333333333333,1.0,2.7007118401232607e-06
FORE,3,8,,2.8,2.9,2.0,2.7007118401232607e-06
Flyingstore,3,8,,3.1,2.566666666666667,2.0,2.7007118401232607e-06
HOFFCO DISTRUBUTION,3,8,,3.5,3.5,1.0,2.7007118401232607e-06
Hiarkio,3,8,9.99,5.0,4.733333333333333,2.0,2.7007118401232607e-06
Homradise,3,8,,4.0,3.733333333333333,1.0,2.7007118401232607e-06
Meki,3,8,,3.9,3.9,3.0,2.7007118401232607e-06
Omnitech,3,8,,3.0,3.033333333333333,1.0,2.7007118401232607e-06
ROCK®,3,8,,3.2,3.266666666666667,3.0,2.7007118401232607e-06
TOYOTA,3,8,,4.8,4.7,2.0,2.7007118401232607e-06
TT&Louis,3,8,,3.0,2.533333333333333,2.0,2.7007118401232607e-06
Wk Wirkonnen,3,8,21.0,3.0,3.266666666666667,3.0,2.7007118401232607e-06
Yiter,3,8,,3.7,3.4333333333333336,1.0,2.7007118401232607e-06
langder,3,8,,3.2,3.2000000000000006,2.0,2.7007118401232607e-06
show wish,3,8,,3.5,3.5,1.0,2.7007118401232607e-06
ASDLLL,7,7,,5.0,4.828571428571428,1.0,2.363122860107853e-06
Aimo,7,7,,3.5,2.9285714285714284,1.0,2.363122860107853e-06
ATIVA,6,7,16.89,4.15,4.383333333333334,1.0,2.363122860107853e-06
Mosonnytee,6,7,156.96,2.2,2.4333333333333336,1.0,2.363122860107853e-06
Pauneture,6,7,,4.3,3.8333333333333335,1.0,2.363122860107853e-06
NICEHCK,5,7,,5.0,4.76,1.0,2.363122860107853e-06
Tiesto,5,7,,3.3,2.52,1.0,2.363122860107853e-06
21C,4,7,,2.25,2.25,1.5,2.363122860107853e-06
ASTRUM,4,7,,3.6,3.475,2.0,2.363122860107853e-06
Auction4tech,4,7,,1.85,2.025,1.5,2.363122860107853e-06
Bluelark,4,7,,3.4,3.6,1.5,2.363122860107853e-06
Chord and Major,4,7,,5.0,4.925,1.5,2.363122860107853e-06
DZAT,4,7,,4.199999999999999,4.175,1.0,2.363122860107853e-06
EPOMAKER,4,7,,3.8,3.8,1.5,2.363122860107853e-06
Grabbit,4,7,,2.8499999999999996,2.85,1.5,2.363122860107853e-06
OSSZIT,4,7,15.469999999999999,4.199999999999999,4.125,2.0,2.363122860107853e-06
Panos,4,7,,4.55,4.35,1.5,2.363122860107853e-06
XINWU,4,7,,3.8499999999999996,4.075,2.0,2.363122860107853e-06
i.VALUX,4,7,,4.25,4.15,2.0,2.363122860107853e-06
iVibe,4,7,,3.2,3.075,1.5,2.363122860107853e-06
unbrand,4,7,,3.25,3.2,2.0,2.363122860107853e-06
- XMGHTU -,3,7,,3.4,3.533333333333333,2.0,2.363122860107853e-06
ALFUEL,3,7,14.99,3.8,4.033333333333333,2.0,2.363122860107853e-06
Atomic,3,7,,3.0,3.6666666666666665,1.0,2.363122860107853e-06
Belog,3,7,,4.4,4.133333333333334,3.0,2.363122860107853e-06
CYLO,3,7,,3.4,2.766666666666667,1.0,2.363122860107853e-06
DBSound,3,7,,3.4,2.8333333333333335,2.0,2.363122860107853e-06
Ear Hugger,3,7,,2.5,2.433333333333333,2.0,2.363122860107853e-06
GEORDONG,3,7,99.98,3.1,3.6666666666666665,2.0,2.363122860107853e-06
Jungle by Nenos,3,7,,3.4,3.4,2.0,2.363122860107853e-06
K-MusculoAABBCC,3,7,,2.4,2.1333333333333333,2.0,2.363122860107853e-06
KONG-X,3,7,24.9,3.7,3.9333333333333336,1.0,2.363122860107853e-06
LOTUS LEAF,3,7,,2.2,2.733333333333333,1.0,2.363122860107853e-06
Liladuo,3,7,14.99,3.4,3.3000000000000003,3.0,2.363122860107853e-06
MINITURTLE,3,7,,5.0,5.0,2.0,2.363122860107853e-06
OPN SOUND,3,7,78.95,3.8,3.8000000000000003,2.0,2.363122860107853e-06
OperaFactory,3,7,,4.0,4.033333333333333,2.0,2.363122860107853e-06
Prestige,3,7,,3.9,3.6333333333333333,3.0,2.363122860107853e-06
Realtone,3,7,29.99,3.8,3.8000000000000003,1.0,2.363122860107853e-06
SOUNDWARRIOR,3,7,148.89,4.5,4.3,2.0,2.363122860107853e-06
SUNG-LL,3,7,,3.5,3.6666666666666665,1.0,2.363122860107853e-06
"Smart&Safe, Radiation free air tube headsets and solutions",3,7,,3.5,3.4,2.0,2.363122860107853e-06
Sudroid,3,7,45.99,3.3,3.3000000000000003,1.0,2.363122860107853e-06
TOLUOHU,3,7,8.99,4.4,4.3,3.0,2.363122860107853e-06
Tunewear,3,7,,4.0,4.066666666666666,1.0,2.363122860107853e-06
XAX,3,7,,2.0,2.6999999999999997,2.0,2.363122860107853e-06
Fiudx,7,6,229.99,1.8,2.6571428571428575,1.0,2.025533880092445e-06
MUMICO,6,6,15.39,2.2,2.4,1.0,2.025533880092445e-06
Qetesh,6,6,,3.75,3.6333333333333333,1.0,2.025533880092445e-06
SANRIO,6,6,,3.0,3.0666666666666664,1.0,2.025533880092445e-06
Sincerely Ltd,6,6,,4.5,3.6666666666666665,1.0,2.025533880092445e-06
CAISEDO,5,6,,3.7,3.9200000000000004,1.0,2.025533880092445e-06
DreamWireless,5,6,,2.8,2.68,1.0,2.025533880092445e-06
Lauyocren,5,6,,3.5,3.5799999999999996,1.0,2.025533880092445e-06
Meters,5,6,214.88,4.1,3.8,1.0,2.025533880092445e-06
OPPONG,5,6,,1.0,2.0,1.0,2.025533880092445e-06
PugHoon,5,6,,3.9,3.2,1.0,2.025533880092445e-06
TLANDMING,5,6,,3.0,3.2,1.0,2.025533880092445e-06
Vantage Decor,5,6,,3.8,3.56,1.0,2.025533880092445e-06
Zomo,5,6,,3.3,3.4799999999999995,1.0,2.025533880092445e-06
Cygnett,4,6,,3.05,3.15,1.5,2.025533880092445e-06
FK Trading,4,6,17.95,3.65,3.125,1.5,2.025533880092445e-06
GVKAR(TM),4,6,,3.85,3.85,1.5,2.025533880092445e-06
Jackymax,4,6,,4.2,4.075,1.5,2.025533880092445e-06
KOTION EACH,4,6,,4.4,4.175,1.0,2.025533880092445e-06
Kudear,4,6,,2.9000000000000004,2.825,1.0,2.025533880092445e-06
LADIGASU,4,6,,2.0,2.5,1.5,2.025533880092445e-06
LILAJO,4,6,9.99,2.05,2.0,1.5,2.025533880092445e-06
LOFS,4,6,,3.9,3.2249999999999996,1.0,2.025533880092445e-06
NDDSW,4,6,,1.35,1.5,1.5,2.025533880092445e-06
Sanpanpai,4,6,27.490000000000002,2.7,2.475,1.5,2.025533880092445e-06
YTCYKJ,4,6,19.09,2.8,2.8,1.0,2.025533880092445e-06
ciciglow,4,6,15.07,2.5999999999999996,2.425,1.0,2.025533880092445e-06
ASKAWTE,3,6,,3.8,4.2,1.0,2.025533880092445e-06
Adhope,3,6,,5.0,4.8999999999999995,1.0,2.025533880092445e-06
FLY WAY,3,6,10.99,2.2,2.6,2.0,2.025533880092445e-06
GEDDES,3,6,,4.3,4.333333333333333,1.0,2.025533880092445e-06
GranVela,3,6,,3.0,2.8666666666666667,2.0,2.025533880092445e-06
K Z,3,6,,4.7,4.666666666666667,2.0,2.025533880092445e-06
MENEEA,3,6,99.99,3.7,4.1000000000000005,2.0,2.025533880092445e-06
NANA_Z,3,6,,3.2,3.6666666666666665,2.0,2.025533880092445e-06
PSJT,3,6,,4.0,3.8666666666666667,2.0,2.025533880092445e-06
Premier Accessory Group,3,6,,3.9,4.066666666666666,2.0,2.025533880092445e-06
SEWOBYE,3,6,21.95,3.4,3.3333333333333335,2.0,2.025533880092445e-06
Works for Galaxy A32 5G,3,6,,4.0,3.766666666666667,2.0,2.025533880092445e-06
YHENCY,3,6,11.99,4.2,4.133333333333334,1.0,2.025533880092445e-06
inShareplus,3,6,,4.0,3.8000000000000003,2.0,2.025533880092445e-06
leiqin,3,6,,3.5,3.266666666666667,2.0,2.025533880092445e-06
qukam,3,6,,3.0,3.233333333333333,2.0,2.025533880092445e-06
Crazypig,5,5,,1.0,2.2,1.0,1.6879449000770379e-06
Detectorcatty,5,5,,3.1,3.2399999999999998,1.0,1.6879449000770379e-06
Fone-Case,5,5,,4.0,3.5799999999999996,1.0,1.6879449000770379e-06
HUMI,5,5,,5.0,4.2,1.0,1.6879449000770379e-06
KAIXIANG,5,5,,2.3,2.38,1.0,1.6879449000770379e-06
MIANHT,5,5,18.49,2.0,2.8,1.0,1.6879449000770379e-06
N\B,5,5,,3.8,3.72,1.0,1.6879449000770379e-06
Skunk Juice,5,5,,4.5,3.78,1.0,1.6879449000770379e-06
Sosoon,5,5,,3.4,3.4799999999999995,1.0,1.6879449000770379e-06
TENQ,5,5,12.99,3.0,2.7,1.0,1.6879449000770379e-06
Telex,5,5,13.2,5.0,4.5600000000000005,1.0,1.6879449000770379e-06
pstuiky,5,5,,1.0,1.5,1.0,1.6879449000770379e-06
/N,4,5,8.99,4.1,4.15,1.0,1.6879449000770379e-06
Axtel,4,5,69.95,4.75,4.625,1.0,1.6879449000770379e-06
BOXWAVE CORPORATION,4,5,22.95,2.4,2.45,1.0,1.6879449000770379e-06
EKDJKK,4,5,,3.45,3.475,1.0,1.6879449000770379e-06
Iuhan,4,5,14.99,2.0,2.2,1.0,1.6879449000770379e-06
JMB,4,5,,2.5,2.3,1.0,1.6879449000770379e-06
Kmonabie,4,5,,4.0,3.75,1.0,1.6879449000770379e-06
Kokopa,4,5,,3.2,2.7,1.0,1.6879449000770379e-06
Kosiant,4,5,,3.95,4.0,1.0,1.6879449000770379e-06
Lanhui,4,5,99.99,2.15,2.575,1.0,1.6879449000770379e-06
MIS1950s,4,5,,1.0,1.0,1.0,1.6879449000770379e-06
Smart Massimo,4,5,,4.05,4.0,1.0,1.6879449000770379e-06
WskLinft,4,5,2.73,3.5,3.25,1.0,1.6879449000770379e-06
AMAOZNBSTEER,3,5,,3.3,3.3000000000000003,2.0,1.6879449000770379e-06
Aipower,3,5,19.99,3.1,2.8666666666666667,2.0,1.6879449000770379e-06
Andoer,3,5,,3.7,3.5666666666666664,2.0,1.6879449000770379e-06
Arrela,3,5,,3.5,4.0,2.0,1.6879449000770379e-06
Audiofit,3,5,,3.3,3.1666666666666665,1.0,1.6879449000770379e-06
BITFENIX,3,5,,4.0,4.0,1.0,1.6879449000770379e-06
CREVIEW,3,5,19.85,3.7,3.733333333333333,2.0,1.6879449000770379e-06
CYBERDRIVE,3,5,,2.5,2.1666666666666665,1.0,1.6879449000770379e-06
Cellphone Accents,3,5,,3.0,3.3000000000000003,1.0,1.6879449000770379e-06
DXDSD,3,5,10.99,2.9,2.966666666666667,2.0,1.6879449000770379e-06
FXWWNH,3,5,,4.3,4.466666666666666,1.0,1.6879449000770379e-06
Headphones,3,5,13.99,3.2,3.0666666666666664,2.0,1.6879449000770379e-06
HokoAcccc,3,5,,3.4,3.466666666666667,2.0,1.6879449000770379e-06
I A S U S,3,5,,2.7,3.0666666666666664,2.0,1.6879449000770379e-06
Just E Joy,3,5,,4.4,4.3999999999999995,2.0,1.6879449000770379e-06
LAVANY,3,5,,4.0,3.6999999999999997,1.0,1.6879449000770379e-06
LSD,3,5,12.49,3.6,4.0,2.0,1.6879449000770379e-06
LightingCool,3,5,,3.5,3.4333333333333336,1.0,1.6879449000770379e-06
Lightingcool,3,5,,2.5,2.6,2.0,1.6879449000770379e-06
Lsgoodcare,3,5,46.99,2.1,2.4,2.0,1.6879449000770379e-06
Maserus,3,5,,5.0,4.666666666666667,2.0,1.6879449000770379e-06
Middox,3,5,6.99,3.7,3.766666666666667,1.0,1.6879449000770379e-06
Mymanu,3,5,129.17,3.1,2.966666666666667,1.0,1.6879449000770379e-06
OpeCking,3,5,,5.0,3.6666666666666665,1.0,1.6879449000770379e-06
Optima,3,5,,3.7,3.766666666666667,2.0,1.6879449000770379e-06
Overboard,3,5,,3.1,3.233333333333333,2.0,1.6879449000770379e-06
S&S SKY SINCERITY,3,5,,3.5,3.5666666666666664,2.0,1.6879449000770379e-06
SATUOSI,3,5,,4.0,3.533333333333333,1.0,1.6879449000770379e-06
SNUGGBUDS HEADSETS,3,5,,3.6,3.3333333333333335,2.0,1.6879449000770379e-06
SUPERKKY,3,5,,5.0,4.3999999999999995,1.0,1.6879449000770379e-06
SYCOOVEN,3,5,,4.0,4.033333333333333,2.0,1.6879449000770379e-06
Sanfire,3,5,,3.0,2.6333333333333333,2.0,1.6879449000770379e-06
Sky High Logic,3,5,,4.2,4.133333333333334,1.0,1.6879449000770379e-06
TEGAX,3,5,89.99,3.0,2.6999999999999997,2.0,1.6879449000770379e-06
TOMENGBEI,3,5,,3.7,3.8666666666666667,1.0,1.6879449000770379e-06
WOREMOR,3,5,,3.6,3.5,2.0,1.6879449000770379e-06
Woohubs,3,5,,4.5,4.266666666666667,2.0,1.6879449000770379e-06
ZARSSON,3,5,,4.0,4.0,1.0,1.6879449000770379e-06
i-Ecko,3,5,,3.6,3.033333333333333,1.0,1.6879449000770379e-06
izeko,3,5,,4.0,3.5,1.0,1.6879449000770379e-06
kuixi,3,5,,2.6,2.9333333333333336,2.0,1.6879449000770379e-06
Aolcev,4,4,7.99,3.95,3.85,1.0,1.3503559200616303e-06
Blast Off,4,4,85.55,2.5,2.3,1.0,1.3503559200616303e-06
CuteeCase,4,4,,5.0,5.0,1.0,1.3503559200616303e-06
DGL Group,4,4,13.6,4.75,4.55,1.0,1.3503559200616303e-06
Gilroy,4,4,3.3200000000000003,4.1,4.225,1.0,1.3503559200616303e-06
KENTKING,4,4,,2.75,2.5,1.0,1.3503559200616303e-06
Nicole Miller,4,4,,3.4,3.2,1.0,1.3503559200616303e-06
OwnHealer,4,4,,5.0,4.7,1.0,1.3503559200616303e-06
Phoenix Powell88,4,4,,2.35,2.35,1.0,1.3503559200616303e-06
eDealz,4,4,15.989999999999998,3.2,3.325,1.0,1.3503559200616303e-06
fosa1,4,4,14.065,3.6,3.75,1.0,1.3503559200616303e-06
4XEM,3,4,14.575,1.0,1.0,1.0,1.3503559200616303e-06
Acellories,3,4,5.0,5.0,4.533333333333333,1.0,1.3503559200616303e-06
Allocacoc,3,4,,5.0,4.5,1.0,1.3503559200616303e-06
Alpha Digital,3,4,39.99,4.3,4.3999999999999995,1.0,1.3503559200616303e-06
Broadfashion,3,4,,3.1,3.1,1.0,1.3503559200616303e-06
CrazyOnDigital,3,4,,3.5,2.8333333333333335,1.0,1.3503559200616303e-06
Deos,3,4,,2.6,3.1999999999999997,1.0,1.3503559200616303e-06
FoneGear,3,4,,3.0,3.1999999999999997,1.0,1.3503559200616303e-06
Go,3,4,,1.0,1.6666666666666667,1.0,1.3503559200616303e-06
Graphics and More,3,4,,2.5,3.1666666666666665,1.0,1.3503559200616303e-06
Gspmoly,3,4,,2.6,2.533333333333333,1.0,1.3503559200616303e-06
Hi-Fun,3,4,,4.2,3.8333333333333335,1.0,1.3503559200616303e-06
HiBy,3,4,69.0,4.0,3.9666666666666663,1.0,1.3503559200616303e-06
Jili Online,3,4,,2.4,2.6999999999999997,1.0,1.3503559200616303e-06
Kitsound,3,4,,2.9,2.8000000000000003,1.0,1.3503559200616303e-06
Luhuanx,3,4,41.48,3.2,3.466666666666667,1.0,1.3503559200616303e-06
Mix'd,3,4,,5.0,4.5,1.0,1.3503559200616303e-06
Molami,3,4,,3.9,3.5666666666666664,1.0,1.3503559200616303e-06
OCUhome,3,4,6.2,4.2,4.033333333333333,1.0,1.3503559200616303e-06
PEYOU,3,4,,4.0,3.3666666666666667,1.0,1.3503559200616303e-06
Reddie,3,4,,5.0,4.666666666666667,1.0,1.3503559200616303e-06
SIEGE AUDIO,3,4,,2.5,2.1666666666666665,1.0,1.3503559200616303e-06
Samsung Electronics,3,4,,3.0,3.0,1.0,1.3503559200616303e-06
Sweda,3,4,14.99,3.5,3.1999999999999997,1.0,1.3503559200616303e-06
TKO,3,4,,2.5,2.533333333333333,1.0,1.3503559200616303e-06
Tefnut,3,4,,2.7,2.7000000000000006,1.0,1.3503559200616303e-06
Timegevity,3,4,,5.0,4.0,1.0,1.3503559200616303e-06
XDY,3,4,,3.9,3.9333333333333336,1.0,1.3503559200616303e-06
Xit,3,4,,4.5,4.533333333333333,1.0,1.3503559200616303e-06
Yishen,3,4,,3.3,3.466666666666667,1.0,1.3503559200616303e-06
iBoost,3,4,18.35,3.3,3.4333333333333336,1.0,1.3503559200616303e-06
AMLINK,3,3,,4.2,4.0,1.0,1.0127669400462226e-06
Anyhike,3,3,,5.0,5.0,1.0,1.0127669400462226e-06
Aurisonics,3,3,,4.0,4.333333333333333,1.0,1.0127669400462226e-06
Bargaincell,3,3,,3.0,2.3333333333333335,1.0,1.0127669400462226e-06
Bell'O Digital,3,3,,4.0,3.3333333333333335,1.0,1.0127669400462226e-06
Bem,3,3,,5.0,4.333333333333333,1.0,1.0127669400462226e-06
E2B,3,3,,5.0,4.566666666666666,1.0,1.0127669400462226e-06
EarSonics,3,3,,5.0,5.0,1.0,1.0127669400462226e-06
FMOON,3,3,,5.0,4.133333333333334,1.0,1.0127669400462226e-06
GOKOCO,3,3,,2.9,2.9,1.0,1.0127669400462226e-06
Ganfancp,3,3,11.99,1.0,2.3333333333333335,1.0,1.0127669400462226e-06
Great4deals,3,3,,3.1,3.1,1.0,1.0127669400462226e-06
HYS,3,3,,3.5,3.5,1.0,1.0127669400462226e-06
KWorld,3,3,,3.8,3.7999999999999994,1.0,1.0127669400462226e-06
Kytree,3,3,13.989999999999998,3.4,3.533333333333333,1.0,1.0127669400462226e-06
L&M Goods,3,3,,1.9,1.8999999999999997,1.0,1.0127669400462226e-06
LINE FRIENDS,3,3,,5.0,4.8,1.0,1.0127669400462226e-06
Link Depot,3,3,9.95,2.5,2.4,1.0,1.0127669400462226e-06
MOHALIKO,3,3,,3.9,3.6333333333333333,1.0,1.0127669400462226e-06
Macbeth Collection,3,3,,4.0,3.9333333333333336,1.0,1.0127669400462226e-06
MagicQ,3,3,,4.2,4.066666666666666,1.0,1.0127669400462226e-06
NisaTechWorld,3,3,,3.0,3.0,1.0,1.0127669400462226e-06
Nsxcdh,3,3,164.99,4.0,3.0,1.0,1.0127669400462226e-06
Qiopertar,3,3,9.99,2.0,2.6666666666666665,1.0,1.0127669400462226e-06
Qonioi,3,3,,2.8,2.5,1.0,1.0127669400462226e-06
SHANLING,3,3,749.99,5.0,4.666666666666667,1.0,1.0127669400462226e-06
SIYECAO,3,3,3.99,3.0,3.1,1.0,1.0127669400462226e-06
Sandistore Sport,3,3,,2.6,2.3666666666666667,1.0,1.0127669400462226e-06
TOLUON,3,3,3.19,2.6,2.4,1.0,1.0127669400462226e-06
TOP PLUS,3,3,,3.3,3.6999999999999997,1.0,1.0127669400462226e-06
UIHY,3,3,,2.6,2.2333333333333334,1.0,1.0127669400462226e-06
XIAOWU,3,3,,5.0,4.3,1.0,1.0127669400462226e-06
Xuujovr,3,3,,2.6,2.6,1.0,1.0127669400462226e-06
ZZKHGo,3,3,,1.0,1.1666666666666667,1.0,1.0127669400462226e-06
xGen,3,3,,1.0,1.7666666666666666,1.0,1.0127669400462226e-06
