product_id,gold_label,gold_form_factor,pred_label_oof,device_probability_oof,decision_confidence_oof,reason,title,leaf_categories,rating_number,title_valid,device_term_count,strong_accessory,accessory_precedes_device,accessory_context_count,device_bundle_context,taxonomy_accessory,taxonomy_device,taxonomy_generic,taxonomy_anomaly,validation_scope
B0B76KXDS2,DEVICE,EARBUD_INEAR,DEVICE,0.992896,0.992896,model_device_above_threshold_with_device_subject,"Bone Conduction Headphones,Bluetooth 5.1 Open-Ear Wireless Headphones,Ear Hook Earphone Sports Stereo Earphones,Open Ear Wireless Headset,Waterproof/Sweatproof",Earbud Headphones,56,1,3,0,0,0,0,0,1,0,0,internal_oof
B01EHCE4VM,ACCESSORY,NOT_APPLICABLE,ACCESSORY,0.00423,0.99577,model_accessory_below_threshold_with_accessory_context,"Timibis Headphone Replacement Headband Cover for Bose, AKG, Sennheiser, Sony, Beats, Audio-Technica Comfort Cushion/Top Pad Protector (Black)",Earpads,78,1,1,1,0,0,0,1,0,0,0,internal_oof
B07D3B272F,ACCESSORY,NOT_APPLICABLE,ACCESSORY,0.001397,0.998603,model_accessory_below_threshold_with_accessory_context,"For Apple AirPods Case(The Top Cover Fits Well),Silicone Shock Proof Protective AirPods Cover, One comes with Keychain AirPods Case for AirPods Accessories.Black",Cases,37,1,1,1,0,0,0,1,0,0,0,internal_oof
B07T9J8SZW,ACCESSORY,NOT_APPLICABLE,ACCESSORY,0.003357,0.996643,model_accessory_below_threshold_with_accessory_context,"CTYBB for Airpod Case,Silicone Airpods Case Cover with Fur Ball Keychain Compatible with Apple Airpods 2/1 (Front LED Visible) Light Purple",Cases,24855,1,1,1,0,0,0,1,0,0,0,internal_oof
B084TJCVJD,ACCESSORY,NOT_APPLICABLE,ACCESSORY,0.029348,0.970652,model_accessory_below_threshold_with_accessory_context,Adhiper Replacement Top Headband Repair Parts Compatible for Dr. Dre Studio 1.0 Studio (1st Gen) Wired Wireless Over-Ear Headphones (White),Earpads,30,1,1,0,0,0,0,1,0,0,0,internal_oof
B08D68XHDV,DEVICE,EARBUD_INEAR,DEVICE,0.998456,0.998456,model_device_above_threshold_with_device_subject,LINPA World Wireless Earbuds Sports Bluetooth 5.0 Headphones True Wireless Stereo Deep Bass Built in Mic IPX7 Waterproof Earphones in Ear with Charging Case 54 Hours Playtime for Workout Running,Earbud Headphones,19,1,3,0,0,1,1,0,1,0,0,internal_oof
B07YDM371X,DEVICE,EARBUD_INEAR,DEVICE,0.997266,0.997266,model_device_above_threshold_with_device_subject,"Wireless Earbuds, NYZ [2022 Upgraded] True Wireless Bluetooth Headphones in-Ear Earphones HiFi Stereo Cordless Earbuds with Microphone for iPhone,Android,Windows (Space C1)",Earbud Headphones,12014,1,3,0,0,0,0,0,1,0,0,internal_oof
B0007CGOZQ,ACCESSORY,NOT_APPLICABLE,ACCESSORY,0.010412,0.989588,accessory_taxonomy_and_context,35534 3.5mm Stereo Jack Female to 2.5mm Stereo Jack Male Audio Adapter,Adapters,6,1,0,0,0,1,0,1,0,0,0,internal_oof
B002ZXCHNS,DEVICE,ON_EAR,DEVICE,0.962648,0.962648,model_device_above_threshold_with_device_subject,"NIXON Whip Headphones Black, One Size",Headphones & Earbuds,2,1,1,0,0,0,0,0,0,1,0,internal_oof
B09JSLH3H1,DEVICE,EARBUD_INEAR,DEVICE,0.922066,0.922066,model_device_above_threshold_with_device_subject,"JLab Go Air Pop True Wireless Bluetooth Earbuds + Charging Case | Rose Red | Dual Connect | IPX4 Sweat Resistance | Bluetooth 5.1 Connection | 3 EQ Sound Settings Signature, Balanced, Bass Boost",Earbud Headphones,25574,1,1,0,0,1,1,0,1,0,0,internal_oof
B00O7UJY10,DEVICE,EARBUD_INEAR,DEVICE,0.994307,0.994307,model_device_above_threshold_with_device_subject,Bluetooth Wireless Audio Headphones with Built in Mic for Phone Calls and Web Chats.,Earbud Headphones,77,1,1,0,0,0,0,0,1,0,0,internal_oof
B088M68HFK,DEVICE,EARBUD_INEAR,DEVICE,0.999349,0.999349,model_device_above_threshold_with_device_subject,"Wireless Earbuds, HSPRO Bluetooth Earbuds Touch Control in-Ear True Wireless Bluetooth Headphones, 20 Hrs Playtime with Charging Case, Hi-Fi Stereo Earbuds with Built-in Mic for Sports Work, White",Earbud Headphones,14443,1,2,0,0,1,1,0,1,0,0,internal_oof
B072WT838T,ACCESSORY,NOT_APPLICABLE,ACCESSORY,0.036903,0.99,strong_accessory_relation,"Samsung Galaxy S8 Case 5.8 inch Dual Layer Hard Armor Cases, Card Slot Holder Wallet Case with Kickstand, Blue",Headphones & Earbuds,11,1,0,1,1,1,0,0,0,1,0,internal_oof
B0BNL5VP5F,ACCESSORY,NOT_APPLICABLE,ACCESSORY,0.003394,0.996606,model_accessory_below_threshold_with_accessory_context,"Aulumu A19 for AirPods Pro Case [2nd/1st Generation] with Lock, Full-Body Protective Tough Cover with Keychain Compatible with Apple Airpods Pro(2022/2019) Case for Men Women, Cool Design",Cases,42,1,1,1,0,0,0,1,0,0,0,internal_oof
B0BVZLQ7QW,AMBIGUOUS,NOT_APPLICABLE,AMBIGUOUS,0.99959,0.0,invalid_or_empty_title,-,Earbud Headphones,46,0,0,0,0,0,0,0,1,0,0,internal_oof
B0105VDCZ8,DEVICE,OVER_EAR,DEVICE,0.881727,0.881727,model_device_above_threshold_with_device_subject,Bose QuietComfort 25 Acoustic Noise Cancelling Headphones for Apple devices - White (Wired 3.5mm),Over-Ear Headphones,13731,1,1,0,0,0,0,0,1,0,0,internal_oof
B0B6F19V87,DEVICE,OVER_EAR,DEVICE,0.65619,0.65619,model_device_above_threshold_with_device_subject,SplashNColor Cat Ear Headphone Super Cute Add Ons Attachment | Cat Ears Headphone Accessories for Gaming or Wireless Bluetooth Headset | Adjustable Straps - Universal Fit,Headphones & Earbuds,144,1,2,0,0,0,0,0,0,1,0,internal_oof
B08W24RM1S,ACCESSORY,NOT_APPLICABLE,ACCESSORY,0.196137,0.803863,accessory_taxonomy_and_context,"Pizen BT35 Wireless Bluetooth Cable,Support aptX-HD/aptX/AAC,Silver Plated MMCX Cable Type C for Charging, 22H Playtime, with Mic,Special for HiFi/Audiophiles/Musicians",Extension Cords,1,1,0,0,0,1,0,1,0,0,0,internal_oof
B082SY2YV7,ACCESSORY,NOT_APPLICABLE,ACCESSORY,0.006198,0.993802,model_accessory_below_threshold_with_accessory_context,"HALLEAST for Galaxy Buds Case Cover, Galaxy Buds+ Plus Carrying Case TPU Full Protective Skin with Keychain for Galaxy Buds Wireless 2019 2020 Earbuds Accessories, Black",Cases,15776,1,2,1,0,2,0,1,0,0,0,internal_oof
B071HW5X3C,DEVICE,EARBUD_INEAR,DEVICE,0.967591,0.967591,model_device_above_threshold_with_device_subject,QearFun Stereo 3.5mm in Ear Cat Earphones Earbuds with Microphone with Earphone Storage Case for Smartphone MP3 iPod PC Music (Blue),Earbud Headphones,2911,1,2,1,0,1,0,0,1,0,0,internal_oof
B09NQJB586,ACCESSORY,NOT_APPLICABLE,ACCESSORY,0.161116,0.838884,model_accessory_below_threshold_with_accessory_context,"HUTNUOY 2Pcs Bluetooth Earbuds Cleaning Pen, Cleaner Kit for Airpods Pro 3 in 1 Multi-fuction Earphone Brush for Charging Case Mobile Phone Camera",Cases,86,1,3,0,0,1,0,1,0,0,0,internal_oof
B07KM2BW2P,ACCESSORY,NOT_APPLICABLE,ACCESSORY,0.003806,0.996194,model_accessory_below_threshold_with_accessory_context,"Airpods Case, Music tracker Protective Thicken Airpods Cover Soft Silicone Chargeable Headphone Case with Anti-Lost Carabiner for Apple Airpods 1&2 Charging Case (Black)",Cases,20858,1,2,1,0,1,0,1,0,0,0,internal_oof
B000NHZOZG,DEVICE,EARBUD_INEAR,DEVICE,0.961886,0.961886,model_device_above_threshold_with_device_subject,Nokia BH-301-LT Bluetooth Headset,Headphones & Earbuds,2,1,1,0,0,0,0,0,0,1,0,internal_oof
B09576KDFW,DEVICE,EARBUD_INEAR,DEVICE,0.989502,0.989502,model_device_above_threshold_with_device_subject,"SGNics Wireless Earbuds for LG Stylo 6, Touch Control with Charging Case IPX5 Sweat-Proof TWS Stereo Earphones Hi-Fi Deep Bass Noise Cancellation Outdoor Indoor Sport-White",Earbud Headphones,43,1,2,0,0,1,1,0,1,0,0,internal_oof
B087XVF858,ACCESSORY,NOT_APPLICABLE,ACCESSORY,0.365463,0.99,strong_accessory_relation,Skinit Decal Audio Skin Compatible with Bose Noise Cancelling Headphones 700 - Skinit Originally Designed White Carbon Fiber Design,Earbud Headphones,2,1,1,1,1,2,0,0,1,0,0,internal_oof
B07Y545SQ9,ACCESSORY,NOT_APPLICABLE,ACCESSORY,0.011145,0.988855,model_accessory_below_threshold_with_accessory_context,"UGREEN Headphone Splitter 3.5mm Audio Stereo Y Splitter Extension Cable Male to Female Dual Headphone Jack Adapter for Earphone Headset Compatible with iPhone Samsung Tablet Laptop, White",Adapters,22376,1,3,1,0,2,0,1,0,0,0,internal_oof
B004R90HS0,AMBIGUOUS,NOT_APPLICABLE,AMBIGUOUS,0.291159,0.0,no_headphone_subject_in_title,STRING SWING CRADLE FOR VIOLIN CC04V,Headphones & Earbuds,1,1,0,0,0,0,0,0,0,1,0,internal_oof
B0872WMQW3,ACCESSORY,NOT_APPLICABLE,ACCESSORY,0.001618,0.998382,model_accessory_below_threshold_with_accessory_context,"AirPods Pro Case, KMMIN Protective Silicone Case Cover for AirPods 3rd Gen Shockproof Scratch-Resistant Unique Twill Texture AirPods Pro Accessories with Hook Anti-Lost Grips Lanyard Storage Case",Cases,526,1,1,1,0,1,0,1,0,0,0,internal_oof
B0BNZZ3PYK,DEVICE,EARBUD_INEAR,DEVICE,0.924995,0.924995,model_device_above_threshold_with_device_subject,"Wireless Osteoconductive Bluetooth Headphones - Ear Hook Earbuds with Waterproof Sweat Proof/Co-nduction Open Timbre/Noise Reduction/Split Key & Non Ear Design, Suitable for Sports Business",Earbud Headphones,2,1,2,0,0,0,0,0,1,0,0,internal_oof
B0C4T871PL,ACCESSORY,NOT_APPLICABLE,ACCESSORY,0.022907,0.977093,model_accessory_below_threshold_with_accessory_context,"SOULWIT Professional Earpads Cushions Replacement for Sony WH-1000XM3 (WH1000XM3) Over-Ear Headphones, Ear Pads with Softer Protein Leather, Noise Isolation Memory Foam, Added Thickness (Gold)",Earpads,298,1,1,0,0,2,0,1,0,0,0,internal_oof
B07S3ZY1HG,DEVICE,EARBUD_INEAR,DEVICE,0.9852,0.9852,model_device_above_threshold_with_device_subject,"Purity True Wireless Earbuds with Immersive Sound, Bluetooth 5.0 Earphones in-Ear with Charging Case Easy-Pairing Stereo Calls/Built-in Microphones/IPX5 Sweatproof/Pumping Bass for Sports,Workout,Gym",Earbud Headphones,32537,1,2,0,0,1,1,0,1,0,0,internal_oof
B0BFJYCF5Q,DEVICE,EARBUD_INEAR,DEVICE,0.975719,0.975719,model_device_above_threshold_with_device_subject,Hoseili?2022new editionBluetooth Headphones?.Bluetooth 5.0 Earphones in-Ear Stereo Sound Microphone Mini Wireless Earbuds with Portable Charging Case for iOS Android PC. XGB17,Earbud Headphones,14,1,3,1,0,1,0,0,1,0,0,internal_oof
B09LQGKZP8,ACCESSORY,NOT_APPLICABLE,ACCESSORY,0.012544,0.99,strong_accessory_relation,"GVOEARS Replacement Ear Pads for Corsair HS70 Pro HS60 HS50, Durable Knitted Gaming Headset Noise Isolation Cushions (Grey)",Earpads,95,1,1,1,1,1,0,1,0,0,0,internal_oof
B00PB6PHT2,AMBIGUOUS,NOT_APPLICABLE,AMBIGUOUS,0.807201,0.0,no_headphone_subject_in_title,"Parrot Minikit Neo 2 HD - Voice controlled portable Bluetooth hands-free kit with HD Voice, Green",Headphones & Earbuds,7,1,0,0,0,0,0,0,0,1,0,internal_oof
B093T1SFC5,DEVICE,EARBUD_INEAR,DEVICE,0.979945,0.979945,model_device_above_threshold_with_device_subject,"PHILIPS T3215 Wireless in-Ear Earbuds, TWS Bluetooth 5.1 Stereo Headphones, IPX4, Up to 24 (6+18) hrs of Playtime with USB-C Charging case - White (TAT3215WT)",Earbud Headphones,187,1,2,0,0,1,0,0,1,0,0,internal_oof
B006Y3RMOE,DEVICE,EARBUD_INEAR,DEVICE,0.98421,0.98421,model_device_above_threshold_with_device_subject,Enhanced Bass Hi-Fi Noise Isolating Earphones,Headphones & Earbuds,5,1,1,0,0,0,0,0,0,1,0,internal_oof
B012VIWG28,ACCESSORY,NOT_APPLICABLE,ACCESSORY,0.011465,0.99,strong_accessory_relation,"BRAINWAVZ Hengja - The Desk Headphone Stand Hanger Mount, All Metal, Rotatable Mount, PC & Gaming Headset Holder",Adapters,4203,1,2,1,1,3,0,1,0,0,0,internal_oof
B08S3H7Z72,ACCESSORY,NOT_APPLICABLE,ACCESSORY,0.006883,0.993117,model_accessory_below_threshold_with_accessory_context,Ear Pads Compatible with Corsair Virtuoso RGB Wireless SE Gaming Headset-Memory Foam Earcups Cushions Replacement (Black),Earpads,117,1,1,0,0,1,0,1,0,0,0,internal_oof
B01LN2W9E8,AMBIGUOUS,NOT_APPLICABLE,AMBIGUOUS,0.790558,0.0,no_headphone_subject_in_title,Elrene Patriotic Fireworks Red White and Blue Printed Polyester Fabric Tablecloth (52 x 70 Rectangle/Oblong),Headphones & Earbuds,1,1,0,0,0,0,0,0,0,1,0,internal_oof
B00IZT3GRW,DEVICE,EARBUD_INEAR,DEVICE,0.97735,0.97735,model_device_above_threshold_with_device_subject,RockIt Sounds R-50M in-Ear Monitor Balanced Armature Earphones Earbuds with Microphone,Headphones & Earbuds,1,1,3,0,0,0,0,0,0,1,0,internal_oof
B09YH38TX2,DEVICE,EARBUD_INEAR,DEVICE,0.994196,0.994196,model_device_above_threshold_with_device_subject,Eumspo Wireless Earbuds Bluetoth V5.1 Headphones 35H Playtime Stereo Sound in-Ear Bluetoth Earbuds IPX7 Waterproof Touch Control Wireless Headphones with Charging Case for Sports Workout Running,Earbud Headphones,88,1,2,1,0,1,1,0,1,0,0,internal_oof
B088GQM6XV,DEVICE,EARBUD_INEAR,DEVICE,0.997348,0.997348,model_device_above_threshold_with_device_subject,"AMORNO Wireless Earbuds Bluetooth 5.0, in-Ear Deep Bass Headphones,Volume Control,IPX7 SweatProof,CVC6.0 Noise Cancelling Earphones Dual Mic with Metallic Charging Case for Workout Sports",Earbud Headphones,1047,1,3,1,0,1,0,0,1,0,0,internal_oof
B00ZK3WC62,ACCESSORY,NOT_APPLICABLE,ACCESSORY,0.054129,0.99,strong_accessory_relation,SHD 3.5mm Cable Aux Cable Right Angle 1/8 Stereo Audio Cable Auxiliary Cord for Car for Phone Gold Plated Step Down Design -1.5Feet 2Pack White,"Headphones, Earbuds & Accessories",214,1,0,1,1,2,0,0,0,1,0,internal_oof
B07FNL4STM,DEVICE,OVER_EAR,DEVICE,0.873333,0.873333,model_device_above_threshold_with_device_subject,"Audio-Technica ATH-M40x Professional Studio Monitor Headphone, Black, with Cutting Edge Engineering, 90 Degree Swiveling Earcups, Pro-grade Earpads/Headband, Detachable Cables Included",Over-Ear Headphones,14651,1,1,0,0,3,0,0,1,0,0,internal_oof
B000KU7YBI,ACCESSORY,NOT_APPLICABLE,ACCESSORY,0.049098,0.950902,model_accessory_below_threshold_with_accessory_context,JOVERS (2-Pack) 3.5mm Headphone Jack Adapter Cable Adapter Xs Adapter XR Headphone Jack and More (iOS 10 / iOS 12)(White) Accessories,Headphones & Earbuds,8,1,1,0,0,2,0,0,0,1,0,internal_oof
B09Q57DW44,DEVICE,EARBUD_INEAR,DEVICE,0.991042,0.991042,model_device_above_threshold_with_device_subject,"Wireless Earbud, Bluetoth 5.2 Headphones 2022 Bluetoth Earbud with HD Mic, Wireless Earphones in Ear Ear Buds with USB-C Charging Case, IP7 Waterproof Deep Bass, Dual LED, 40H Mini Headset for Sport",Earbud Headphones,547,1,5,0,0,1,0,0,1,0,0,internal_oof
B07R5HS314,ACCESSORY,NOT_APPLICABLE,ACCESSORY,0.004038,0.995962,model_accessory_below_threshold_with_accessory_context,Coffea AirPods Case Cover with Keychain Compatible with Apple AirPods 2 for Man Wonen Girls White,Cases,3898,1,1,1,0,0,0,1,0,0,0,internal_oof
B01CHS5O94,DEVICE,EARBUD_INEAR,DEVICE,0.749296,0.749296,model_device_above_threshold_with_device_subject,Honor Engine Earphone for Honor 5X and Smart Phones- Pink,Headphones & Earbuds,38,1,1,0,0,0,0,0,0,1,0,internal_oof
B001FF944W,DEVICE,OVER_EAR,DEVICE,0.928698,0.928698,model_device_above_threshold_with_device_subject,Motorola 89237N Motorola H620 - Headset ( over-the-ear ) - wireless - Bluetooth 2.0 - black - 1 Pack - Case - Carrier Packaging - Neutral,Headphones & Earbuds,62,1,1,0,0,0,0,0,0,1,0,internal_oof
B00UKEMG44,DEVICE,EARBUD_INEAR,DEVICE,0.969869,0.969869,model_device_above_threshold_with_device_subject,"Hello Kitty 32109-BL-TRU Bling Headphone with Mic, Cheetah Print",Earbud Headphones,1,1,1,0,0,0,0,0,1,0,0,internal_oof
B08XJZ1F9C,DEVICE,EARBUD_INEAR,DEVICE,0.996932,0.996932,model_device_above_threshold_with_device_subject,AMZANE Wireless Earbuds Bluetooth Headphones with Wireless Charging Case and LED Digital Display Bluetooth 5.1 HD Bass Sound Earphones Touch Control Built-in Mic Headsets 35Hrs Playtime for Sport Work,Earbud Headphones,33,1,4,0,0,1,1,0,1,0,0,internal_oof
B002UI2DSW,DEVICE,EARBUD_INEAR,DEVICE,0.958544,0.958544,model_device_above_threshold_with_device_subject,BlackBerry Noise Isolating Handsfree Stereo Headset Earphones for Alltel BlackBerry Tour 9630,Headphones & Earbuds,2,1,2,0,0,0,0,0,0,1,0,internal_oof
B082261JRD,ACCESSORY,NOT_APPLICABLE,ACCESSORY,0.349396,0.99,strong_accessory_relation,"MightySkins Carbon Fiber Skin for Apple Airpods Pro - Black Diamond Plate | Textured Carbon Fiber Finish | Easy to Apply, Remove, and Change Styles | Made in The USA (CF-APAIPOPR-Black Diamond Plate)",Earbud Headphones,12,1,1,1,1,1,0,0,1,0,0,internal_oof
B07T9JL5Y1,ACCESSORY,NOT_APPLICABLE,ACCESSORY,0.002095,0.997905,model_accessory_below_threshold_with_accessory_context,"CTYBB for Airpod Case,Silicone Airpods Case Cover with Fur Ball Keychain Compatible with Apple Airpods 2/1 (Front LED Visible) Red",Cases,24856,1,1,1,0,0,0,1,0,0,0,internal_oof
B0BWRQZKDZ,ACCESSORY,NOT_APPLICABLE,ACCESSORY,0.002898,0.997102,model_accessory_below_threshold_with_accessory_context,"Compatible for AirPods Pro Charging Case Replacement, Compatible for Wireless AirPods Pro Charger Case with Bluetooth Pairing Sync Button",Cases,35,1,1,1,0,1,0,1,0,0,0,internal_oof
B0C23S2B6P,DEVICE,EARBUD_INEAR,DEVICE,0.996188,0.996188,model_device_above_threshold_with_device_subject,Bluetooth Headphones Wireless Earbuds 4 Mics Clear Call with Wireless Charging Case LED Power Display Lightweight Stereo Earphones in Ear Buds 32H Playtime for iPhone Android iOS Cell Phones TV Sport,Earbud Headphones,27,1,4,0,0,1,1,0,1,0,0,internal_oof
B004QIWY60,DEVICE,EARBUD_INEAR,DEVICE,0.913321,0.913321,model_device_above_threshold_with_device_subject,Aliph Jawbone ICON the ACE Series Bluetooth Headset [Bulk Packaged],Headphones & Earbuds,22,1,1,0,0,0,0,0,0,1,0,internal_oof
B07MC75BD4,ACCESSORY,NOT_APPLICABLE,ACCESSORY,0.004113,0.995887,model_accessory_below_threshold_with_accessory_context,"Airpods Case, Music tracker Protective Thicken Airpods Cover Soft Silicone Chargeable Headphone Case with Anti-Lost Carabiner for Apple Airpods 1&2 Charging Case (Khaki)",Cases,20856,1,2,1,0,1,0,1,0,0,0,internal_oof
B001CR82LO,DEVICE,EARBUD_INEAR,DEVICE,0.987255,0.987255,model_device_above_threshold_with_device_subject,Jabra BT4010 Bluetooth Headset,Earbud Headphones,8,1,1,0,0,0,0,0,1,0,0,internal_oof
B07JFW2X3W,ACCESSORY,NOT_APPLICABLE,ACCESSORY,0.028661,0.971339,model_accessory_below_threshold_with_accessory_context,Solo2 Headband Replacement Top Headband Repair Parts Compatible for Beats Solo 3.0 Wireless Solo 2.0 Wireless Over-Ear Headphones (Black),Earpads,5,1,1,0,0,0,0,1,0,0,0,internal_oof
B08BY81C41,ACCESSORY,NOT_APPLICABLE,ACCESSORY,0.006217,0.993783,model_accessory_below_threshold_with_accessory_context,"AirPods Pro Case, Full-Body Rugged Protective Cover, Resilient Shock Absorption Design, Durable Smooth Skin Case with Keychain for AirPod Pro 2019 - Military Green",Cases,15660,1,1,1,0,1,0,1,0,0,0,internal_oof
B08Y8XQK3B,ACCESSORY,NOT_APPLICABLE,ACCESSORY,0.001437,0.998563,strong_accessory_relation,Kourpar Headband Canopy Cover for AirPods Max Top Pad Sleeve Ear Cushion Protective Cover Compatible with Apple Over-Ear Headphone Earpads Accessory Protector Frame Wrapped Skin Soft Silicone Green,Earpads,2,1,2,1,1,4,0,1,0,0,0,internal_oof
B01L72MR3M,ACCESSORY,NOT_APPLICABLE,AMBIGUOUS,0.009268,0.0,no_headphone_subject_in_title,Ownsig Silicone Cosmetic Bag Jelly Color Can Used For Cellphone Coin Purses Bag Small Size Have Cute Shape Pink,Adapters,4,1,0,0,0,0,0,1,0,0,0,internal_oof
B077HZQKLJ,DEVICE,OVER_EAR,DEVICE,0.978021,0.978021,model_device_above_threshold_with_device_subject,SteeNF Wired Stereo Deep Bass Wired Headphones Fashion for Kids or Adults (Black),Over-Ear Headphones,5,1,1,0,0,0,0,0,1,0,0,internal_oof
B00ERLB5Z2,ACCESSORY,NOT_APPLICABLE,ACCESSORY,0.006772,0.993228,model_accessory_below_threshold_with_accessory_context,Goodies Replacement Grey rubber cushion pad parts for Dr. Dre Solo HD Headphones,Earpads,11,1,1,0,0,0,0,1,0,0,0,internal_oof
B0BQ36R2BG,ACCESSORY,NOT_APPLICABLE,ACCESSORY,0.002636,0.997364,model_accessory_below_threshold_with_accessory_context,"Valkit Compatible Airpods Pro 2 Case Clear with Lock, Shockproof AirPods Pro 2nd/1st Generation Case Soft Transparent Protective Cover with Lanyard iPods Pro 2 Skin for Airpods Pro 2nd/1st Gen",Cases,2,1,1,1,0,1,0,1,0,0,0,internal_oof
B00L1SC9XQ,ACCESSORY,NOT_APPLICABLE,DEVICE,0.436453,0.436453,model_device_above_threshold_with_device_subject,"Decibullz - Custom Molded Earphone Adapters (100-PNK, Pink)",Headphones & Earbuds,385,1,1,0,0,1,0,0,0,1,0,internal_oof
B07TZHNN92,DEVICE,EARBUD_INEAR,DEVICE,0.948428,0.948428,model_device_above_threshold_with_device_subject,"Xiaomi TWSEJ04LS Redmi Airdots Earphones, Bluetooth, Sweatproof, True Wireless Earbuds, Global Version - Black, Small",Earbud Headphones,16203,1,2,0,0,0,0,0,1,0,0,internal_oof
B08QTLXPQN,DEVICE,EARBUD_INEAR,DEVICE,0.995726,0.995726,model_device_above_threshold_with_device_subject,Meizu POP 2S True Wireless Earbuds Bluetooth 5.0 in-Ear Sports Earphone Headphones Touch Control with Wireless Charging Case,Earbud Headphones,35,1,3,0,0,1,1,0,1,0,0,internal_oof
B07GJBF112,ACCESSORY,NOT_APPLICABLE,ACCESSORY,0.009335,0.990665,model_accessory_below_threshold_with_accessory_context,"iPhone X 8 7 Headphones Jack Adapter, Jiaygan 2-1 Audio and Charger Headphone Jack Aux Adapter Connector Support iOS 11 iOS12",Adapters,1,1,1,0,0,1,0,1,0,0,0,internal_oof
B09Z9HKKVG,DEVICE,EARBUD_INEAR,DEVICE,0.998731,0.998731,model_device_above_threshold_with_device_subject,"Wireless Earbuds, Mini Bluetooth 5.0 Earphones with Charging Case,IPX5 Waterproof, in-Ear Built-in Mic Headset Deep Bass Stereo for Sport Running 30",Earbud Headphones,2,1,3,0,0,1,1,0,1,0,0,internal_oof
B004PLVROS,ACCESSORY,NOT_APPLICABLE,ACCESSORY,0.009825,0.990175,model_accessory_below_threshold_with_accessory_context,"Deerma Headphone Jack Adapter, 3.5 Mm dongle Earphone",Adapters,25,1,2,0,0,1,0,1,0,0,0,internal_oof
B00MSSDV5I,ACCESSORY,NOT_APPLICABLE,ACCESSORY,0.040236,0.99,strong_accessory_relation,6.35/3.5mm to 22.5mm Replacement Cable for B&W Bowers & Wilkins P3 Headphones 1.5m,"Headphones, Earbuds & Accessories",17,1,1,1,1,1,0,0,0,1,0,internal_oof
B07Y8QNV3Z,DEVICE,EARBUD_INEAR,DEVICE,0.96448,0.96448,model_device_above_threshold_with_device_subject,"Wireless Headset Sports Compatible with Motorola Moto Z4, Earphones Hands-Free Mic Neckband Headphones Earbuds Hi-Fi Sound for Moto Z4 Phone Model",Earbud Headphones,5,1,4,0,0,0,0,0,1,0,0,internal_oof
B08GPKN6VD,ACCESSORY,NOT_APPLICABLE,ACCESSORY,0.192421,0.99,strong_accessory_relation,Sonim - Klein 3.5mm Adapter for XP5s and XP8 (Packaged),Headphones & Earbuds,18,1,0,1,1,1,0,0,0,1,0,internal_oof
B094QWP6LD,DEVICE,EARBUD_INEAR,DEVICE,0.995522,0.995522,model_device_above_threshold_with_device_subject,"OKYUK IP68 Waterproof Earbuds for Swimming Shower Bath Driving Sauna, Bluetooth 5.0 Wireless Earbuds with Wireless Charging Case, Premium Deep Bass Earphones in Ear Headset Built-in Mic for Sport/Gym",Earbud Headphones,70,1,3,0,0,1,1,0,1,0,0,internal_oof
B008B9901W,DEVICE,EARBUD_INEAR,DEVICE,0.938824,0.938824,model_device_above_threshold_with_device_subject,Hype Comfort Plus Earbud Stereo Headphones w/3.5mm Jack (Green),Headphones & Earbuds,7,1,2,0,0,0,0,0,0,1,0,internal_oof
B08YY63JS1,DEVICE,EARBUD_INEAR,DEVICE,0.984683,0.984683,model_device_above_threshold_with_device_subject,"COWON Gala - Hybrid Active Noise Cancelling Bluetooth 5.2, True Wireless Earbuds with Wireless Charging Case, IPX4, One-Touch Change Mode, Built in 3 Microphones, Auto Pairing (Red Black)",Earbud Headphones,18,1,1,0,0,1,1,0,1,0,0,internal_oof
B09Q3D2WS2,DEVICE,EARBUD_INEAR,DEVICE,0.998629,0.998629,model_device_above_threshold_with_device_subject,"QCY T17 Ear Buds Wireless Bluetooth Earbuds with Charging Case Waterproof Stereo Headphones in Ear Built in Mic Headset Touch Control Premium Sound for iPhone Android, Black",Earbud Headphones,1996,1,4,0,0,1,1,0,1,0,0,internal_oof
B07N653J42,DEVICE,EARBUD_INEAR,DEVICE,0.967046,0.967046,model_device_above_threshold_with_device_subject,RevoNext Ear Monitors Musicians Colourful Noise Cancelling Earbuds RX8S IEM Earphones Dynamic Triple Driver with a Silicone Storage Case Sport Earphones Running Earbuds,Earbud Headphones,43,1,3,0,0,1,0,0,1,0,0,internal_oof
B0BSGWJ6MX,DEVICE,EARBUD_INEAR,DEVICE,0.961658,0.961658,model_device_above_threshold_with_device_subject,"Wireless Ear Clip Bone Conduction Headphones, 2023 Upgrade Open Ear Headphones Wireless Bluetooth, Bone Conduction Headphones Bluetooth Earphones for Running, Sports, Cycling (Khaki power display)",Earbud Headphones,374,1,2,0,0,0,0,0,1,0,0,internal_oof
B0B6Z5LXT4,ACCESSORY,NOT_APPLICABLE,ACCESSORY,0.019629,0.99,strong_accessory_relation,"Memory Foam Replacement Premium Ear Tips for Apple Airpods Pro Wireless Earbuds, Ultra-Comfort, Noise Reduction, Anti-Slip Eartips, Fit in The Charging Case, Easy Install, 3-Paris Mixed Sizes",Earpads,835,1,2,1,1,3,0,1,0,0,0,internal_oof
B0BTVNDPQ2,DEVICE,EARBUD_INEAR,DEVICE,0.994624,0.994624,model_device_above_threshold_with_device_subject,"Purada Waterproof Bluetooth 5.3 True Wireless Earbuds, Touch Control,30H Cyclic Playtime TWS Headphones with Charging Case and mic, in-Ear Stereo",Earbud Headphones,193,1,2,0,0,1,1,0,1,0,0,internal_oof
B07N4LZVMB,DEVICE,EARBUD_INEAR,DEVICE,0.718624,0.718624,model_device_above_threshold_with_device_subject,AMORNO Wireless Earbuds Replacement Charging case (Gold),Earbud Headphones,34,1,1,1,0,1,0,0,1,0,0,internal_oof
B004M8SAJ4,DEVICE,EARBUD_INEAR,DEVICE,0.9488,0.9488,model_device_above_threshold_with_device_subject,"JVC HAFX1X Headphone Xtreme-Xplosivs, Black, Red",Earbud Headphones,11910,1,1,0,0,0,0,0,1,0,0,internal_oof
B095J3HLGN,DEVICE,ON_EAR,DEVICE,0.978735,0.978735,model_device_above_threshold_with_device_subject,JBL Tune 510BT: Wireless On-Ear Headphones with Purebass Sound - Black,On-Ear Headphones,32038,1,1,0,0,0,0,0,1,0,0,internal_oof
B01GDVT3BG,DEVICE,EARBUD_INEAR,DEVICE,0.961537,0.961537,model_device_above_threshold_with_device_subject,Stereo Music Headphones Ear Clip For LG G3 D858 H778 AKA G Flex 2 with Mic & Remote Control Microphone Wired Earpods Ear Hooks,Headphones & Earbuds,2,1,2,0,0,0,0,0,0,1,0,internal_oof
B0B17CZHN4,DEVICE,EARBUD_INEAR,DEVICE,0.984182,0.984182,model_device_above_threshold_with_device_subject,Wired Earbuds Noise Isolating In-Ear Headphones Earphones with Mic Volume Control 3.5mm Plug for Sports Workout Compatible with Cell Phones Android Samsung Galaxy Moto Tablets Laptops Computer (White),Earbud Headphones,209,1,3,0,0,0,0,0,1,0,0,internal_oof
B009IKCHYU,DEVICE,EARBUD_INEAR,DEVICE,0.989695,0.989695,model_device_above_threshold_with_device_subject,JBL J22i High-Performance In-Ear Headphones with Microphone - White,Earbud Headphones,147,1,1,0,0,0,0,0,1,0,0,internal_oof
B07MWHVRGY,ACCESSORY,NOT_APPLICABLE,ACCESSORY,0.042144,0.957856,model_accessory_below_threshold_with_accessory_context,"Hide & Drink, Leather Owl Earphone Wrap/Cord Organizer/Holder/Earbud/Cord Keeper, Handmade :: Bourbon Brown",Cases,9,1,2,0,0,2,0,1,0,0,0,internal_oof
B0CCRFYPDW,DEVICE,EARBUD_INEAR,DEVICE,0.988128,0.988128,model_device_above_threshold_with_device_subject,Xyxxmfxl Wireless Earbuds Bluetooth 5.3 Immersive Stereo Long Playtime with Charging Case IPX7 Waterproof Ergonomic Design with Mic Noise Reduction for iPhone/Android,Earbud Headphones,2,1,1,0,0,1,1,0,1,0,0,internal_oof
B07BQVGQFH,DEVICE,EARBUD_INEAR,DEVICE,0.876208,0.876208,model_device_above_threshold_with_device_subject,"elago® E502M Control Talk in-Ear Earphones-Carrying Case Included (Compatible with iPhone 6/6+,5/5S,4/4S,Galaxy. Control-Talk with Built in Microphone)-[Dark Grey/Jean Indigo]",Earbud Headphones,14,1,1,0,0,1,1,0,1,0,0,internal_oof
B08DBDSVBC,DEVICE,OVER_EAR,DEVICE,0.962927,0.962927,model_device_above_threshold_with_device_subject,"Sony WH-1000XM4 Wireless Premium Noise Canceling Overhead Headphones with Mic for Phone-Call and Alexa Voice Control, Midnight Blue WH1000XM4",Over-Ear Headphones,49487,1,1,0,0,0,0,0,1,0,0,internal_oof
B005T8JMFC,DEVICE,ON_EAR,DEVICE,0.952717,0.952717,model_device_above_threshold_with_device_subject,iFrogz Frequency Headphones,On-Ear Headphones,2,1,1,0,0,0,0,0,1,0,0,internal_oof
B00U7W2HCK,ACCESSORY,NOT_APPLICABLE,ACCESSORY,0.007486,0.992514,strong_accessory_relation,Sound World Solutions CS10CS50 Replacement Ear Tips Medium,Earpads,3,1,0,1,1,1,0,1,0,0,0,internal_oof
B0190ILXOE,AMBIGUOUS,NOT_APPLICABLE,AMBIGUOUS,0.891886,0.0,no_headphone_subject_in_title,Cassette Player 888,Headphones & Earbuds,71,1,0,0,0,0,0,0,0,1,0,internal_oof
B0012C65FE,DEVICE,EARBUD_INEAR,DEVICE,0.997097,0.997097,model_device_above_threshold_with_device_subject,Iqua Bluetooth Headset - White,Earbud Headphones,1,1,1,0,0,0,0,0,1,0,0,internal_oof
B003Y7OJJO,DEVICE,EARBUD_INEAR,DEVICE,0.947764,0.947764,model_device_above_threshold_with_device_subject,OEM RIM Blackberry Curve 8520 STEREO Handsfree Headset w/Microphone + On/Off Switch,Headphones & Earbuds,5,1,1,0,0,0,0,0,0,1,0,internal_oof
B097QV3VN9,ACCESSORY,NOT_APPLICABLE,ACCESSORY,0.001727,0.998273,model_accessory_below_threshold_with_accessory_context,"Maxjoy Compatible AirPods Case Cover, Red Cloud Cool Air Pod 2 Cute Case Hard Shell with Keychain Protective Shockproof Cover Compatible with Apple AirPods Charging Case 2&1, Red + Black",Cases,11674,1,1,1,0,1,0,1,0,0,0,internal_oof
B075K7Z2QK,DEVICE,EARBUD_INEAR,DEVICE,0.987678,0.987678,model_device_above_threshold_with_device_subject,"TUSAZU Headphones In-Ear Earbuds Earphones, 3.5mm Metal Housing Best Wired Bass Stereo Headset Built-in Mic/Hands-free/Volume Control+Carrying Case (Rose gold)",Earbud Headphones,11,1,4,0,0,1,0,0,1,0,0,internal_oof
B010U25HA0,DEVICE,OVER_EAR,DEVICE,0.628006,0.628006,model_device_above_threshold_with_device_subject,"Sony MDR1ADAC/B Premium Hi-Res DAC/Amplifier-Integrated Headphones, Black","Headphones, Earbuds & Accessories",36,1,1,0,0,0,0,0,0,1,0,internal_oof
B00Y86P1KQ,DEVICE,EARBUD_INEAR,DEVICE,0.653264,0.653264,model_device_above_threshold_with_device_subject,"eBerry Latest Braided Fabric Wrapped Cords In-ear Earphones Headphones Headset with Inline Microphone + Headphone Carrying Case for for iPhone 6 Plus 6 5S 5C 5 4S Samsung S6 S6 edge S5 S4 Note 4 3 2, iPad, iPod, LG, HTC, Blackberry, Android Tablet and More",Earbud Headphones,69,1,3,1,0,2,1,0,1,0,0,internal_oof
B09KH3BHD7,ACCESSORY,NOT_APPLICABLE,ACCESSORY,0.003312,0.996688,model_accessory_below_threshold_with_accessory_context,"Valkit for Airpods Pro Case Cover for Men with Lock, Military Armor Series Full-Body AirPod Pro Case with Keychain Cool Air Pod Pro Shockproof Protective Case for AirPods Pro 2019, Black",Cases,11944,1,1,1,0,1,0,1,0,0,0,internal_oof
B0BXT863XV,DEVICE,EARBUD_INEAR,DEVICE,0.95937,0.95937,model_device_above_threshold_with_device_subject,Betron BS10 Earphones Wired in Ear Earbud Headphones Strong Bass Noise Isolating Ear Buds 3.5mm Jack Tangle-Free Cord Compatible with Tablet Laptop iPhone iPad Smartphones (Gold),Earbud Headphones,11512,1,4,0,0,1,0,0,1,0,0,internal_oof
B08XNCHTCY,DEVICE,EARBUD_INEAR,DEVICE,0.998126,0.998126,model_device_above_threshold_with_device_subject,TOZO T6 True Wireless Earbuds Bluetooth 5.3 Headphones Touch Control with Wireless Charging Case IPX8 Waterproof Stereo Earphones in-Ear Built-in Mic Headset Premium Deep Bass White (2022 Upgraded),Earbud Headphones,249207,1,4,0,0,1,1,0,1,0,0,internal_oof
B00CBG89C2,ACCESSORY,NOT_APPLICABLE,ACCESSORY,0.041293,0.99,strong_accessory_relation,"Dragonpad 3.5mm Right Angle 800 AUX Replacement Headphone Cable for Dr. Dre Headphones Monster Solo Beats Studio, 1.2m","Headphones, Earbuds & Accessories",24,1,1,1,1,1,0,0,0,1,0,internal_oof
B004WLAJM2,DEVICE,OVER_EAR,DEVICE,0.671727,0.671727,model_device_above_threshold_with_device_subject,Califone HIR-HP1 Computer Listening Center Wireless Infrared Stereo/Mono Headphones,"Headphones, Earbuds & Accessories",1,1,1,0,0,0,0,0,0,1,0,internal_oof
B0BHSVGLM5,ACCESSORY,NOT_APPLICABLE,ACCESSORY,0.27695,0.99,strong_accessory_relation,"Funly mee Headphone Stand Holder, Headset Stand,Earphone Stand with Aluminum Supporting Bar and Base for All Headphone Sizes - Sliver",Over-Ear Headphones,33,1,3,1,1,2,0,0,1,0,0,internal_oof
B07S9ZJ58P,ACCESSORY,NOT_APPLICABLE,AMBIGUOUS,0.535252,0.0,taxonomy_device_but_title_has_no_device_subject,"Soopii Quick Charge 60W/12A 6-Port USB Charging Station for Multiple Devices, 6 Charging Cables Included, I Watch Holder,for Phones,Tablets, Other Electronics,White",Earbud Headphones,38,1,0,0,0,2,0,0,1,0,1,internal_oof
B00198UATS,DEVICE,EARBUD_INEAR,DEVICE,0.959515,0.959515,model_device_above_threshold_with_device_subject,"Audio-Technica ATH-WM5 Dynamic Headphones with 1.0 m Retractable Cord, 30 mm Driver Diameter, Color: Black",Earbud Headphones,1,1,1,0,0,1,0,0,1,0,0,internal_oof
B00LN5HYFK,AMBIGUOUS,NOT_APPLICABLE,AMBIGUOUS,0.528422,0.0,no_headphone_subject_in_title,Sexy Rosy Lace Flower Stretchy Sheer Panties Hipster G-String Thong Lingerie M,Headphones & Earbuds,1,1,0,0,0,0,0,0,0,1,0,internal_oof
B094Y8K2N6,ACCESSORY,NOT_APPLICABLE,ACCESSORY,0.00263,0.99737,model_accessory_below_threshold_with_accessory_context,"Polentacial Anime Series AirPods Pro Protective case Cover Accessories TPU Material, Full Protection Shock-Proof Cover with Keychain is Compatible with Apple AirPods 3 (Ita-chi 5)",Cases,13,1,1,1,0,1,0,1,0,0,0,internal_oof
B08MQH3DK5,ACCESSORY,NOT_APPLICABLE,ACCESSORY,0.011196,0.988804,model_accessory_below_threshold_with_accessory_context,Bad Bunny 50 Pcs Stickers 2 Button Pins Face Mouth Covers Necklace Compatible with Airpods Pro/3,Cases,109,1,1,0,0,0,0,1,0,0,0,internal_oof
B07R5B8V1H,DEVICE,EARBUD_INEAR,DEVICE,0.995893,0.995893,model_device_above_threshold_with_device_subject,"Wireless Earbuds, Bluetooth Earbuds 5.0 with Mic, True Wireless Bluetooth Earphones Stereo with 2200mAh Charging Case for Running Mini Earbuds Bass In-Ear Earbuds Compatible IOS Android Cell Phone",Earbud Headphones,303,1,2,1,0,1,0,0,1,0,0,internal_oof
B07TG76W95,DEVICE,EARBUD_INEAR,DEVICE,0.99499,0.99499,model_device_above_threshold_with_device_subject,ZEAKOC True Wireless Earbuds TWS Stereo Bluetooth 5.0 Headphones with Professional Audio Chipset CVC8.0 Noise Cancelling in-Ear Earphone IPX5 Waterproof 40H Playtime Sports Earpiece with Charging Case,Earbud Headphones,536,1,4,0,0,1,1,0,1,0,0,internal_oof
B0169ZPIWO,ACCESSORY,NOT_APPLICABLE,ACCESSORY,0.073473,0.99,strong_accessory_relation,Blue OFC New Audio Replacement Cable for Sol Republic Master Tracks HD V8 V10 V12 X3 Headphone Earphone Headset,"Headphones, Earbuds & Accessories",76,1,3,1,1,1,0,0,0,1,0,internal_oof
B07DR9PDK3,DEVICE,EARBUD_INEAR,DEVICE,0.973775,0.973775,model_device_above_threshold_with_device_subject,ELFINEAR Wood Earphones in-Ear Earbuds Hi-Fi Stereo Headphones for iPhone iPad iPod Samsung Galaxy and More Android Smartphones Compatible with 3.5 mm Headphone Earpods Black,Earbud Headphones,15,1,4,0,0,0,0,0,1,0,0,internal_oof
B01CFKYXM8,DEVICE,OVER_EAR,DEVICE,0.986295,0.986295,model_device_above_threshold_with_device_subject,"EINSKEY Kids Headphones with Microphone, Volume Limited Hearing Protection & Foldable Lightweight Design",Over-Ear Headphones,13,1,1,0,0,0,0,0,1,0,0,internal_oof
B0BH29Q9CX,DEVICE,OVER_EAR,DEVICE,0.95116,0.95116,model_device_above_threshold_with_device_subject,"LIGHTIMETUNNEL Sleep Headphones, 3D Bluetooth Sleep Mask, Washable Sleeping Headphones with Ultra Thin Stereo Speakers Microphone Hands Free for Insomnia Travel",Over-Ear Headphones,18194,1,1,0,0,0,0,0,1,0,0,internal_oof
B09QG4QCT7,DEVICE,EARBUD_INEAR,DEVICE,0.992068,0.992068,model_device_above_threshold_with_device_subject,"COMFOM Bluetooth Headphones V5.1 True Wireless Earbuds 4-Mics for Clear Call & 30Hrs Playback with Wireless Charging Case, in-Ear Stereo Earphones IPX5 Waterproof Headset for iPhone/Android/Windows",Earbud Headphones,99,1,4,0,0,1,1,0,1,0,0,internal_oof
B01N7MMXEW,ACCESSORY,NOT_APPLICABLE,AMBIGUOUS,0.053822,0.0,no_headphone_subject_in_title,"Adorable, Soft, Durable and Easy to Maintain Better Homes and Gardens Kids Pom Pom Comforter Set, (Aqua/Blue, Twin)",Adapters,6,1,0,0,0,0,0,1,0,0,0,internal_oof
B0013JT3XC,DEVICE,EARBUD_INEAR,DEVICE,0.85496,0.85496,model_device_above_threshold_with_device_subject,Shure SE210 Sound Isolating Earphone - Black,Headphones & Earbuds,142,1,1,0,0,0,0,0,0,1,0,internal_oof
B07K69419V,ACCESSORY,NOT_APPLICABLE,ACCESSORY,0.140388,0.99,strong_accessory_relation,"YOCOWOCO Upgraded aptX Wireless Bluetooth Adapter for Bose QuietComfort QC 25 Headphones with Mic/Volume Control, Black",Adapters,750,1,1,1,1,1,0,1,0,0,0,internal_oof
B0B69CYGRN,DEVICE,OVER_EAR,DEVICE,0.94082,0.94082,model_device_above_threshold_with_device_subject,"eKids Cocomelon Bluetooth Headphones for Kids, Wireless Headphones with Rechargeable Battery and USB-C Charging Cable Included",Over-Ear Headphones,67,1,1,0,0,1,0,0,1,0,0,internal_oof
B07ZX23DHL,ACCESSORY,NOT_APPLICABLE,ACCESSORY,0.025919,0.99,strong_accessory_relation,Ultra Thick Soft Silicone Lemon Tea Case with Hook for Apple Airpods 1 2 Air Pods Wireless Earbuds Protective 3D Fresh Fun Kids Teens Girls Boys,Cases,3,1,2,1,1,0,0,1,0,0,0,internal_oof
B0BR5548TM,DEVICE,EARBUD_INEAR,DEVICE,0.985458,0.985458,model_device_above_threshold_with_device_subject,LADIGASU Wireless Earbuds Bluetooth in Ear Sports Earbuds Light-Weight Headphones Built-in Microphone Immersive Premium Sound with Charging Case,Earbud Headphones,1,1,2,0,0,1,1,0,1,0,0,internal_oof
B0B456YFGK,ACCESSORY,NOT_APPLICABLE,AMBIGUOUS,0.38098,0.0,probability_or_semantics_not_decisive,"Nejioon Wireless Earbuds, 15W Fast Mag-Safe Charger Stand, Magnetic Foldable Charging Station, Compatible with iPhone 13/12/SE/11/XS/8,Samsung Galaxy,AirPods Pro,iWatch(Adapter Included)",Earbud Headphones,22,1,2,0,0,2,0,0,1,0,0,internal_oof
B07X8RKVLV,ACCESSORY,NOT_APPLICABLE,ACCESSORY,0.002218,0.997782,model_accessory_below_threshold_with_accessory_context,"Airpods Case, Airpods Protective Hard Case Cover with Keychain Compatible with AirPods 2/1 Eco-Friendly Cute Girls Men Durable Shockproof Drop Proof Case for AirPods Charging Case, White Watercolor",Cases,7,1,1,1,0,1,0,1,0,0,0,internal_oof
B0C5B8LFSM,DEVICE,EARBUD_INEAR,DEVICE,0.9939,0.9939,model_device_above_threshold_with_device_subject,"Skullcandy Jib True Wireless Earbud with Microphone / 22 Hour Battery Life / Use with iPhone and Android / Best for Gym, and Gaming / Bluetooth Earbud Headphones - Black",Earbud Headphones,16071,1,2,0,0,0,0,0,1,0,0,internal_oof
B08C783FKF,ACCESSORY,NOT_APPLICABLE,DEVICE,0.467104,0.467104,model_device_above_threshold_with_device_subject,My Hero Academia Case Personalize USB C Charger Cable Compatible Ear Buds Wireless Earbuds Bluetooth Headphones with Microphone 40 Hours Playtime Stereo (Blue),Cases,182,1,3,0,0,1,0,1,0,0,0,internal_oof
B083246VR6,DEVICE,ON_EAR,DEVICE,0.986209,0.986209,model_device_above_threshold_with_device_subject,"Sony MDR-ZX110NC Extra Bass Noise-Cancelling Headphones with Neodymium Magnets & 30mm Drivers, Black (Renewed)",On-Ear Headphones,699,1,1,0,0,0,0,0,1,0,0,internal_oof
B0BFF4NMRH,DEVICE,EARBUD_INEAR,DEVICE,0.997976,0.997976,model_device_above_threshold_with_device_subject,"Wireless Headphones for Graduation Gifts,Noise Cancelling Bluetooth Earbuds with Wireless Touch Control and Charging Case,IPX5 Waterproof EarBuds 40H with ENC HD in-Ear Built-in Mic Headset Deep Bass",Earbud Headphones,9,1,3,0,0,1,0,0,1,0,0,internal_oof
B00AL04LDQ,DEVICE,EARBUD_INEAR,DEVICE,0.994344,0.994344,model_device_above_threshold_with_device_subject,Koss Ktxpro1 Stereo Headphone,Earbud Headphones,1,1,1,0,0,0,0,0,1,0,0,internal_oof
B01I56YM36,DEVICE,EARBUD_INEAR,DEVICE,0.979574,0.979574,model_device_above_threshold_with_device_subject,Red Ant Headphones R480 Noise Isolating Earphones Headsets with Microphone for Smartphones (White),Headphones & Earbuds,160,1,3,0,0,0,0,0,0,1,0,internal_oof
B001JT7E7S,ACCESSORY,NOT_APPLICABLE,AMBIGUOUS,0.243735,0.0,no_headphone_subject_in_title,Sentry 219 Audio Pro Audio Plug Kit with Case,"Headphones, Earbuds & Accessories",3,1,0,0,0,0,0,0,0,1,0,internal_oof
B00AEYA2AK,ACCESSORY,NOT_APPLICABLE,ACCESSORY,0.154664,0.99,strong_accessory_relation,Clear TPU Case Skin Cover for New iPod Touch 5th Generation 5g 5,Earbud Headphones,194,1,0,1,1,1,0,0,1,0,1,internal_oof
B007Y0EGI6,DEVICE,EARBUD_INEAR,DEVICE,0.996988,0.996988,model_device_above_threshold_with_device_subject,"Bell'O Digital BDH220BK In-Ear Headphones with Dynamic Bass, Black",Earbud Headphones,5,1,1,0,0,0,0,0,1,0,0,internal_oof
B0BF9LKVNH,ACCESSORY,NOT_APPLICABLE,ACCESSORY,0.004384,0.995616,model_accessory_below_threshold_with_accessory_context,DUKABEL TopSeries Long 6.35mm (1/4 inch) to 3.5mm (1/8 inch) Headphone Jack Adapter -8ft (2.4m) 1/8 Female to 1/4 Male Extension Cable 3.5 to 6.35 for Mixer Guitar Piano Amplifier Speaker and More,Adapters,1900,1,1,0,0,2,0,1,0,0,0,internal_oof
B017QKFOBQ,DEVICE,EARBUD_INEAR,DEVICE,0.913164,0.913164,model_device_above_threshold_with_device_subject,"BuyVaya 100x Wholesale/Bulk Disposable Stereo Headphones for iPhone, Andriod Phones, Ear Buds,Tablets, Any 3.5mm Port (100 Pack) (Blue)",Earbud Headphones,8,1,2,0,0,0,0,0,1,0,0,internal_oof
B005K520MQ,DEVICE,EARBUD_INEAR,DEVICE,0.959714,0.959714,model_device_above_threshold_with_device_subject,Genius HS-905BT Bluetooth Stereo Headset for Music and Call answering,Headphones & Earbuds,26,1,1,0,0,0,0,0,0,1,0,internal_oof
B07V838V7S,ACCESSORY,NOT_APPLICABLE,ACCESSORY,0.006287,0.993713,strong_accessory_relation,Headphone Adapter for iPhone X Earphone Dongle 3.5mm Jack AUX Cable Audio Adaptor Splitter for iPhone 7/7Plus/8/8Plus/XR/XS max Music & Charge Headset Cable Convertor Accessories Support iOS 12-Black,Adapters,3,1,3,1,1,2,0,1,0,0,0,internal_oof
B0B9N49HLM,DEVICE,EARBUD_INEAR,DEVICE,0.938712,0.938712,model_device_above_threshold_with_device_subject,"MAIRDI Bone Conduction Headphone Wireless with Mic, Open-Ear Bluetooth Headphone Titanium, with USB Bluetooth Adapter for PC, Sweat Resistant Sport Earphone for Running Workout Driving Bicycling",Earbud Headphones,126,1,2,1,0,1,0,0,1,0,0,internal_oof
B092JRYP5J,DEVICE,EARBUD_INEAR,DEVICE,0.914586,0.914586,model_device_above_threshold_with_device_subject,"Klipsch T5 II True Wireless Bluetooth 5.0 Earphones in Gunmetal with Transparency Mode, Beamforming Mics, Best Fitting Ear Tips, and 32 Hours of Battery Life in a Slim Charging Case",Earbud Headphones,1838,1,1,0,0,2,0,0,1,0,0,internal_oof
B005M08M2Q,DEVICE,EARBUD_INEAR,DEVICE,0.986125,0.986125,model_device_above_threshold_with_device_subject,Sony MDRE9LP/BLK Ear Buds,Earbud Headphones,14018,1,1,0,0,0,0,0,1,0,0,internal_oof
B00NH8OWH4,DEVICE,EARBUD_INEAR,DEVICE,0.972655,0.972655,model_device_above_threshold_with_device_subject,"Califone 2810-BE Listening First Stereo Headphone, Bear Motif - Pack of 6",Earbud Headphones,2,1,1,0,0,0,0,0,1,0,0,internal_oof
B00DE01NZ4,ACCESSORY,NOT_APPLICABLE,AMBIGUOUS,0.021159,0.0,no_headphone_subject_in_title,Mermaid Hunt Poster by Tom Wood 13 x 19in with Poster Hanger,Adapters,3,1,0,0,0,0,0,1,0,0,0,internal_oof
B07ZJC3BHS,ACCESSORY,NOT_APPLICABLE,ACCESSORY,0.004438,0.995562,strong_accessory_relation,Leather + TPU Headphone Case Keychain,Cases,41,1,1,1,1,0,0,1,0,0,0,internal_oof
B07KM2M8MD,ACCESSORY,NOT_APPLICABLE,ACCESSORY,0.004308,0.995692,model_accessory_below_threshold_with_accessory_context,"Airpods Case, Music tracker Protective Thicken Airpods Cover Soft Silicone Chargeable Headphone Case with Anti-Lost Carabiner for Apple Airpods 1&2 Charging Case (Red)",Cases,20811,1,2,1,0,1,0,1,0,0,0,internal_oof
B07M8FXGS3,ACCESSORY,NOT_APPLICABLE,ACCESSORY,0.00107,0.99893,model_accessory_below_threshold_with_accessory_context,"AirPods Case Cover Cute with Keychain, Enhenstre Airpods Case for Girls,Silicone Skin Cover for AirPods Case with More Extra Accessories (AirPods Case Kits, Yellow)",Cases,55,1,1,1,0,1,0,1,0,0,0,internal_oof
B000Z750QW,DEVICE,EARBUD_INEAR,DEVICE,0.880721,0.880721,model_device_above_threshold_with_device_subject,"Palm Bluetooth Headset for Treo 650, 680, 750, and Centro Smartphones",Headphones & Earbuds,6,1,1,0,0,0,0,0,0,1,0,internal_oof
B00I0TU9GI,DEVICE,EARBUD_INEAR,DEVICE,0.999418,0.999418,model_device_above_threshold_with_device_subject,"Wireless Earbuds, Bluetooth Headphones Bluetooth 5.0 with Charging Case Wireless Earphones Waterproof in-Ear Built-in Mic Headset Premium Stereo Hi-Fi Sound with Deep Bass(Black) X1",Earbud Headphones,12,1,4,0,0,1,1,0,1,0,0,internal_oof
B07H7QLNZD,AMBIGUOUS,NOT_APPLICABLE,AMBIGUOUS,0.714675,0.0,no_headphone_subject_in_title,19 Piece Pottery Tools Sculpting Carving Tool Set,Headphones & Earbuds,3,1,0,0,0,0,0,0,0,1,0,internal_oof
B001S4G2Q8,ACCESSORY,NOT_APPLICABLE,AMBIGUOUS,0.742301,0.0,no_headphone_subject_in_title,CS50 Earloops,Headphones & Earbuds,21,1,0,0,0,0,0,0,0,1,0,internal_oof
B07YYDMB1Q,DEVICE,EARBUD_INEAR,DEVICE,0.993518,0.993518,model_device_above_threshold_with_device_subject,"GOSCIEN Wireless Earbuds, Headphones Wireless Immersive Bass Sound Bluetooth 5.1 Headphones with Noise Cancellation Mic, IPX7 Waterproof Bluetooth Earphone with Charging Case for iPhone/Android",Earbud Headphones,4485,1,3,1,0,1,1,0,1,0,0,internal_oof
B0B3HP358X,ACCESSORY,NOT_APPLICABLE,ACCESSORY,0.012653,0.99,strong_accessory_relation,Solo2.0 Professional Soft Ear Pads Cushions Replacement Earpads Compatible with Beats Solo 2 SOLO2.0 Wired On-Ear Headphones(Pink),Earpads,42,1,1,1,1,2,0,1,0,0,0,internal_oof
B0836TZGQ7,ACCESSORY,NOT_APPLICABLE,ACCESSORY,0.009684,0.990316,model_accessory_below_threshold_with_accessory_context,"Shark Teeth Camo Softshell Silicone AirPods IMD Case for Apple AirPods 2 & 1, Wireless Charging Case Protective Cover and Skin Supreme Girls Boys Women Kids Teens Airpods (Silver)",Cases,11914,1,1,1,0,2,0,1,0,0,0,internal_oof
B0BPB2SD9Z,ACCESSORY,NOT_APPLICABLE,ACCESSORY,0.03249,0.99,strong_accessory_relation,iphone Adapter for Headphone Jack and Charger Dual Lightning 3.5 Headphone Audio & Lightning Charger Splitter for Calling+Music+Charge+Mic+Control Apple Earphones Converter for iPhone 14/13/12/11/ipad,Adapters,4,1,2,1,1,1,0,1,0,0,0,internal_oof
B07H57N74R,DEVICE,EARBUD_INEAR,DEVICE,0.959598,0.959598,model_device_above_threshold_with_device_subject,iFrogz Sound Hub Tone Earbuds - Black/Grey,Earbud Headphones,32,1,1,0,0,0,0,0,1,0,0,internal_oof
B07S2KP554,ACCESSORY,NOT_APPLICABLE,AMBIGUOUS,0.516423,0.0,taxonomy_device_but_title_has_no_device_subject,"Duyoku Yoelrsa Velvet Jewelry Box with 3 Acrylic Drawers & Lipstick Cosmetic Brush Top Display Holder,Earring, Rings Storage Container, Makeup Organizer for Bathroom, Dresser, 2 Pieces Set (Grey)",On-Ear Headphones,14,1,0,0,0,1,0,0,1,0,1,internal_oof
B01MTQMRIL,DEVICE,EARBUD_INEAR,DEVICE,0.993712,0.993712,model_device_above_threshold_with_device_subject,QKZ DM9 Zinc Alloy HiFi Metal Earphone With Mic,Earbud Headphones,3,1,1,0,0,0,0,0,1,0,0,internal_oof
B00CLZ1DDU,ACCESSORY,NOT_APPLICABLE,DEVICE,0.478585,0.478585,model_device_above_threshold_with_device_subject,"5 Assorted Earbuds Eartips Compatible with Jabra BT2090, BT2080, BT2070, BT2050, BT2040, BT2010, EasyCall and EasyGo Wireless Headset Devices",Headphones & Earbuds,1,1,2,0,0,2,0,0,0,1,0,internal_oof
B00D3F8T5M,ACCESSORY,NOT_APPLICABLE,AMBIGUOUS,0.002215,0.0,no_headphone_subject_in_title,A5 Tempered Glass Screen Protector,Adapters,8,1,0,0,0,0,0,1,0,0,0,internal_oof
B09B3VZ1GL,ACCESSORY,NOT_APPLICABLE,ACCESSORY,0.007249,0.992751,model_accessory_below_threshold_with_accessory_context,"9 Pairs Replacement Earbud Tips,Silicone Earpads Ear Tips，Compatible with Senso,Zeus,Otium,Hussar,Mpow（Inner Hole 3.8-5.1mm） in-Ear Headphones S,M,L",Earpads,407,1,2,0,0,3,0,1,0,0,0,internal_oof
B0098EYEO2,DEVICE,EARBUD_INEAR,DEVICE,0.952754,0.952754,model_device_above_threshold_with_device_subject,JVC HAFX1X Headphone Xtreme-Xplosivs,Earbud Headphones,11940,1,1,0,0,0,0,0,1,0,0,internal_oof
B08HJSFD53,DEVICE,EARBUD_INEAR,DEVICE,0.986907,0.986907,model_device_above_threshold_with_device_subject,"BoomPods Sportpods TWS in-Ear Bluetooth Sport Headphones with True Wireless Stereo Connection & Finger Touch Control, Powerful Bass, Sweatproof - Ergonomic Ear Tip Workout Earbuds (Black)",Earbud Headphones,71,1,2,0,0,1,0,0,1,0,0,internal_oof
B0BSFHNT2J,DEVICE,EARBUD_INEAR,DEVICE,0.999354,0.999354,model_device_above_threshold_with_device_subject,Headphones Earphone Earbuds Wired Headset with Microphone and Volume Control,Earbud Headphones,23,1,4,0,0,0,0,0,1,0,0,internal_oof
B002DWNDF2,AMBIGUOUS,NOT_APPLICABLE,AMBIGUOUS,0.947043,0.0,no_headphone_subject_in_title,EP-220 (Black),Headphones & Earbuds,5,1,0,0,0,0,0,0,0,1,0,internal_oof
B01GZZ3ZTQ,DEVICE,EARBUD_INEAR,AMBIGUOUS,0.947962,0.0,taxonomy_device_but_title_has_no_device_subject,H2O Audio Swim Solution Interval (INT4-BK-SG8),Earbud Headphones,19,1,0,0,0,0,0,0,1,0,1,internal_oof
B0BHS9XH9K,ACCESSORY,NOT_APPLICABLE,ACCESSORY,0.024328,0.975672,model_accessory_below_threshold_with_accessory_context,"FBLFOBELI Headphone Cases EVA Hard Storage Case for JBL Tune 500BT/510BT/T450BT/710BT/JBL Live 650 BT NC On-Ear Wireless Bluetooth Headphone, Travel Protective Bag (Black)",Cases,41,1,1,1,0,1,0,1,0,0,0,internal_oof
B083436BY9,ACCESSORY,NOT_APPLICABLE,ACCESSORY,0.003275,0.996725,model_accessory_below_threshold_with_accessory_context,"Laffav AirPods Case Cover Silicone Protective Case Skin for Apple AirPods 2 & 1 (Front LED Visible), 2 Pack, Black, Mint Green",Cases,12166,1,1,1,0,2,0,1,0,0,0,internal_oof
B00WAA3A14,ACCESSORY,NOT_APPLICABLE,AMBIGUOUS,0.210782,0.0,probability_or_semantics_not_decisive,3pcs Small White Replacement Ear Gels Ear Buds Compatible with Motorola Elite Sliver II 2nd Gen Version Wireless Headset,Headphones & Earbuds,2,1,2,0,0,0,0,0,0,1,0,internal_oof
B0BMWXW2G4,ACCESSORY,NOT_APPLICABLE,ACCESSORY,0.006427,0.993573,model_accessory_below_threshold_with_accessory_context,AIIKO Compatible Galaxy Buds 2 Pro Case 2022/Galaxy Buds 2/Pro Case 2021 /Galaxy Buds Live Case 2020 Clear Soft TPU Shockproof Case Protective Cover for Samsung Earbuds with Keychain - Clear,Cases,2112,1,2,1,0,0,0,1,0,0,0,internal_oof
B096MG8Q1Z,DEVICE,EARBUD_INEAR,DEVICE,0.994721,0.994721,model_device_above_threshold_with_device_subject,"PRTUKYT Wireless Earbuds, Bluetooth 5 Headphones Noise-Canceling Ear Buds with Premium Deep Bass, Built-in Mic Earphones Ipx7 Waterproof 600H Standby Time with Charging Case for Sports Running(Black)",Earbud Headphones,89,1,4,1,0,1,1,0,1,0,0,internal_oof
B081VBGTC7,ACCESSORY,NOT_APPLICABLE,ACCESSORY,0.004338,0.995662,model_accessory_below_threshold_with_accessory_context,"Geekria Shield Headphones Case Compatible with Echo Buds Wireless Bluetooth Earbuds Case, Replacement Hard Shell Travel Carrying Bag with Cable Storage (Grey)",Cases,295,1,2,1,0,1,0,1,0,0,0,internal_oof
B071XTPNB3,DEVICE,EARBUD_INEAR,DEVICE,0.984309,0.984309,model_device_above_threshold_with_device_subject,"TREBLAB X11, Truly Wireless Bluetooth Earbuds, Best Sports Headphones Made for Running, Workout and Travel. True HD Sound, Secure-Fit, IPX4 Sweat-Proof, Noise Cancelling Headset w/Mic (White)",Earbud Headphones,92,1,3,0,0,0,0,0,1,0,0,internal_oof
B000NK7ELA,DEVICE,EARBUD_INEAR,DEVICE,0.978275,0.978275,model_device_above_threshold_with_device_subject,Motorola H550 Bluetooth Headset (Black),Headphones & Earbuds,22,1,1,0,0,0,0,0,0,1,0,internal_oof
B0932V48F9,ACCESSORY,NOT_APPLICABLE,ACCESSORY,0.015104,0.984896,model_accessory_below_threshold_with_accessory_context,Earpads Compatible with Virtuoso RGB Wireless SE Gaming Headset - Memory Foam Earcups - PU Ear Cushions (White),Earpads,249,1,1,0,0,3,0,1,0,0,0,internal_oof
B09XRCVYGC,DEVICE,EARBUD_INEAR,DEVICE,0.985962,0.985962,model_device_above_threshold_with_device_subject,"OnePlus Bullets Wireless Z2 Bluetooth 5.0 in Ear Earphones, Bombastic Bass – 12.4 mm Drivers, 30 Hrs Battery Life (Magico Black)",Earbud Headphones,121313,1,1,0,0,0,0,0,1,0,0,internal_oof
B09ZDP5MS9,ACCESSORY,NOT_APPLICABLE,ACCESSORY,0.004189,0.995811,model_accessory_below_threshold_with_accessory_context,"CULIPPA AirPods Pro Case Cover, Full-Body Hard Shell Luxury Leather Scratch Resistant Drop Proof Protective Cover for Women Girl Earphones Charging Case [Front LED Visible] - Black",Cases,16,1,2,1,0,1,0,1,0,0,0,internal_oof
B08BHQF638,ACCESSORY,NOT_APPLICABLE,ACCESSORY,0.0022,0.9978,model_accessory_below_threshold_with_accessory_context,"Laffav AirPods 2 & 1 Case for Women Men (Front LED Visible) Soft Silicone Protective Cover Skin with Keychain kit Set Compatible with Apple AirPods 2 and 1, 2 Pack, Teal and Lilac",Cases,12138,1,1,1,0,1,0,1,0,0,0,internal_oof
B0C4GCK1B2,DEVICE,EARBUD_INEAR,DEVICE,0.997253,0.997253,model_device_above_threshold_with_device_subject,"Wireless Earbuds Bluetooth 5.3, Noise Cancelling Earbuds Bluetooth Headphones, LED Power Display with Mic in-Ear Ear Buds with Charging Case Wireless Earbuds for iPhone/Samsung/Android Phone Earpods",Earbud Headphones,13,1,4,0,0,1,1,0,1,0,0,internal_oof
B07R3HZ5BV,DEVICE,OVER_EAR,DEVICE,0.905953,0.905953,model_device_above_threshold_with_device_subject,"Avantree 2 Pack Bluetooth 5.0 Over Ear Headphones with Metal Dual Headphone Stand for Watching TV, aptX Low Latency, Wireless Headset with Mic for Home Office PC Computer Phones Calls - AS9PA Set",Over-Ear Headphones,105,1,2,1,0,1,0,0,1,0,0,internal_oof
B018T98L90,DEVICE,EARBUD_INEAR,DEVICE,0.858457,0.858457,model_device_above_threshold_with_device_subject,iJoy LGO-NCB-TRE Logo Premium Wireless Active Bluetooth Neck Band Headset Retail Packaging – Tree Green,Headphones & Earbuds,13,1,1,0,0,0,0,0,0,1,0,internal_oof
B0BY8GR9H8,DEVICE,OVER_EAR,DEVICE,0.994993,0.994993,model_device_above_threshold_with_device_subject,"Intoberp Wireless Bluetooth Headphones Over Ear, 40 Hours Playtime Wireless Headphones with Microphone,Foldable Light Weight Headset with HiFi Stereo Sound for Travel Work (Beige)",Over-Ear Headphones,28,1,2,0,0,0,0,0,1,0,0,internal_oof
B00A6DK39Y,DEVICE,EARBUD_INEAR,DEVICE,0.954289,0.954289,model_device_above_threshold_with_device_subject,JLab JBuds J6M High Fidelity Metal Ergonomic Earbuds Style Headphones (Passionfruit Pink / Black),Earbud Headphones,20,1,2,0,0,0,0,0,1,0,0,internal_oof
B07L1RFVJ4,ACCESSORY,NOT_APPLICABLE,ACCESSORY,0.011022,0.99,strong_accessory_relation,"CBoner 2 in 1 Lightning Adapter for iPhone 7 [2-Pack], iPhone Splitter,2-Port Lightning Headphone Audio and Charger Adapter for iPhone 7/7 Plus/8/8 Plus/X/XS/XR",Adapters,16,1,1,1,1,1,0,1,0,0,0,internal_oof
B00PPBNZFQ,DEVICE,EARBUD_INEAR,DEVICE,0.754065,0.754065,model_device_above_threshold_with_device_subject,Tenq® Universal 3.5mm Plug Throat Mic Air Tube Covert Earpiece Headset for iPhone 5 4s 4g 3gs 3g Samsung Galaxy Note 2 Ii S3 Siii S2 SII N7100 I9300 Etc Black,Headphones & Earbuds,2,1,2,0,0,0,0,0,0,1,0,internal_oof
B0925RKCRN,ACCESSORY,NOT_APPLICABLE,ACCESSORY,0.001781,0.998219,model_accessory_below_threshold_with_accessory_context,"NAMEILIAN Compatible with AirPods Shell, Hard Silicone Shockproof Shell, Protective Cover with a Keychain, Suitable for AirPods 2/1 and AirPods pro Charging Shell",Cases,15,1,1,1,0,0,0,1,0,0,0,internal_oof
B07TCVKTWS,AMBIGUOUS,NOT_APPLICABLE,AMBIGUOUS,0.309619,0.0,no_headphone_subject_in_title,"Tophappy 1.6 x 9 Inches Auger Drill Bit, Garden Plant Flower Bulb Rapid Planter for Planting Bulb Seedlings & Bedding for 3/8"" Hex Drive Drill Earth Auger Drill Fence Post Umbrella Hole Digger",Headphones & Earbuds,2,1,0,0,0,0,0,0,0,1,0,internal_oof
1426320965,ACCESSORY,NOT_APPLICABLE,AMBIGUOUS,0.035543,0.0,no_headphone_subject_in_title,"National Geographic Kids Why?: Over 1,111 Answers to Everything",Adapters,13513,1,0,0,0,0,0,1,0,0,0,internal_oof
B08DR2NXYD,ACCESSORY,NOT_APPLICABLE,ACCESSORY,0.005173,0.994827,strong_accessory_relation,kwmobile Case Compatible with Razer Hammerhead True Wireless Case - Silicone Cover Holder for Earbuds - Black,Cases,80,1,1,1,1,1,0,1,0,0,0,internal_oof
B08H7XT421,ACCESSORY,NOT_APPLICABLE,ACCESSORY,0.001843,0.998157,model_accessory_below_threshold_with_accessory_context,"Airpods Case, BELONGME Airpods Silicone Case Cover with Keychain, 360°Protective AirPods Accessories Kits Shockproof Airpods Case Compatible with Apple Airpods 2 &1 (Front LED Visible) Alaskan Blue",Cases,2929,1,1,1,0,0,0,1,0,0,0,internal_oof
B079JX8SYH,ACCESSORY,NOT_APPLICABLE,ACCESSORY,0.088321,0.911679,model_accessory_below_threshold_with_accessory_context,"NAHAI Compatible AirPods Accessories Strap, Adjustable Ear Hooks Holders for AirPods Wireless Headset White","Headphones, Earbuds & Accessories",14,1,2,0,0,1,0,0,0,1,0,internal_oof
B001HVWUDG,DEVICE,EARBUD_INEAR,DEVICE,0.820302,0.820302,model_device_above_threshold_with_device_subject,Plantronics PL-VOYAGER-835 Plantronics Voyager 835 Bluetooth Headset [CD] [Wireless Phone Accessory] - 1 Pack - Case - Carrier Packaging - Neutral (Discontinued by Manufacturer),Headphones & Earbuds,52,1,1,0,0,0,0,0,0,1,0,internal_oof
B09J4RW8PP,DEVICE,EARBUD_INEAR,DEVICE,0.997832,0.997832,model_device_above_threshold_with_device_subject,BLX Earbuds - Wireless Bluetooth 5.1 Earbuds with Charging Case | TWS Dual Stereo Bluetooth Headphones | Bluetooth Earphones with 4.5 Hours Battery | in-Ear Headphones for Android and iPhone,Earbud Headphones,2352,1,3,0,0,1,1,0,1,0,0,internal_oof
B00XRP8VDI,DEVICE,EARBUD_INEAR,DEVICE,0.97943,0.97943,model_device_above_threshold_with_device_subject,LG G Stylo Blue High Fidelity Stereo Headphones With Hands Free Microphone And Send/Answer/End Button,Headphones & Earbuds,1,1,1,0,0,0,0,0,0,1,0,internal_oof
B07FYXS7JX,ACCESSORY,NOT_APPLICABLE,AMBIGUOUS,0.185814,0.0,no_headphone_subject_in_title,"InstallerParts 3.5mm Male to Male Auxiliary Cable (1Ft) - Compatible with iPhone, Android, Mac, PC, iPad, and More","Headphones, Earbuds & Accessories",46,1,0,0,0,1,0,0,0,1,0,internal_oof
B001EJOY9E,DEVICE,EARBUD_INEAR,DEVICE,0.968247,0.968247,model_device_above_threshold_with_device_subject,Motorola CHYN4516 One Touch Stereo Headset HS120,Headphones & Earbuds,4,1,1,0,0,0,0,0,0,1,0,internal_oof
B0B37TV4WJ,DEVICE,OVER_EAR,DEVICE,0.893748,0.893748,model_device_above_threshold_with_device_subject,"Skullcandy Hesh 2 Wireless Over-Ear Headphone - Black with Line Round Charging Cable, USB-C to USB-C - Dark Blue/Green, 4ft",Over-Ear Headphones,11690,1,1,0,0,1,0,0,1,0,0,internal_oof
B002XDOULC,DEVICE,EARBUD_INEAR,DEVICE,0.986059,0.986059,model_device_above_threshold_with_device_subject,LG HBM-520 Bluetooth Headset (Black) - New OEM in Bulk,Headphones & Earbuds,11,1,1,0,0,0,0,0,0,1,0,internal_oof
B01881R24O,DEVICE,EARBUD_INEAR,DEVICE,0.835389,0.835389,model_device_above_threshold_with_device_subject,Samsung Galaxy EO-EG920LW Universal 3.5mm Jack Stereo Headset -in OEM Samsung Protective Case & YoYo Headset USB Winder - Made in Vietnam,Earbud Headphones,120,1,1,0,0,1,0,0,1,0,0,internal_oof
B00076FUUC,DEVICE,OVER_EAR,DEVICE,0.922314,0.922314,model_device_above_threshold_with_device_subject,Telex EH-1 Explorer Headphone with (300305100),Headphones & Earbuds,1,1,1,0,0,0,0,0,0,1,0,internal_oof
B09WMMFZG4,ACCESSORY,NOT_APPLICABLE,ACCESSORY,0.02569,0.97431,accessory_taxonomy_and_context,"RAVIAD Multi Charging Cable 4FT, 3 in 1 Charging Cable Nylon Braided Multi Charger Cable Fast Charging Cord with IP Type-C Micro USB Connectors Compatible with Most Phones, Tablets and More - Black",Cases,928,1,0,0,0,2,0,1,0,0,0,internal_oof
B00GJ1ED9I,AMBIGUOUS,NOT_APPLICABLE,AMBIGUOUS,0.664305,0.0,no_headphone_subject_in_title,"Graphics and More Geometric Orange Fox Home Button Stickers Fits Apple iPhone 4/4S/5/5C/5S, iPad, iPod Touch - Non-Retail Packaging - Clear",Headphones & Earbuds,2,1,0,0,0,0,0,0,0,1,0,internal_oof
B09GLTP53G,DEVICE,EARBUD_INEAR,DEVICE,0.9807,0.9807,model_device_above_threshold_with_device_subject,"Aipower K01 True Wireless Earbuds Bluetooth 5.0 with 30H Playtime, IPX5 Waterproof, Volume Control, Hands-Free Wireless Headphones Single/Twin Mode",Earbud Headphones,6,1,2,0,0,0,0,0,1,0,0,internal_oof
B0BHQYMT5Q,DEVICE,EARBUD_INEAR,DEVICE,0.694069,0.694069,model_device_above_threshold_with_device_subject,HAYLOU PurFree Bone Conduction Headphones Magnetic Charging Cable,Earbud Headphones,4,1,1,0,0,1,0,0,1,0,0,internal_oof
B0115N6PWM,ACCESSORY,NOT_APPLICABLE,ACCESSORY,0.301815,0.99,strong_accessory_relation,Premium Earphone Cable for Shure SE215 SE315 SE425 SE535 SE846 Ultimate Ears UE900 (Black),"Headphones, Earbuds & Accessories",66,1,1,1,1,1,0,0,0,1,0,internal_oof
B086WL5VJ9,DEVICE,EARBUD_INEAR,DEVICE,0.995952,0.995952,model_device_above_threshold_with_device_subject,TREBLAB True Wireless Earbuds X5 Bluetooth 5.0 with Microphone 35H Playtime Noise Cancelling Headphones TWS Cordless Earphones w/Deep Bass for Sports/Running/Workout w/Charging Case Black,Earbud Headphones,686,1,3,0,0,1,0,0,1,0,0,internal_oof
B073CCYWT4,DEVICE,EARBUD_INEAR,DEVICE,0.978506,0.978506,model_device_above_threshold_with_device_subject,Billboard Bluetooth Wireless Over the Ear Earbuds With Controls and Microphone - White,Headphones & Earbuds,2,1,1,0,0,0,0,0,0,1,0,internal_oof
B077VN1WZ5,DEVICE,EARBUD_INEAR,DEVICE,0.99954,0.99954,model_device_above_threshold_with_device_subject,"Ectreme Wired Metal in Ear Headphones, Noise Isolating Stereo Bass Earphones with Mic (Gray)",Earbud Headphones,23,1,2,0,0,0,0,0,1,0,0,internal_oof
B003Y59IBA,DEVICE,ON_EAR,DEVICE,0.930939,0.930939,model_device_above_threshold_with_device_subject,Creative HQ-1450 Headphones (Black),Headphones & Earbuds,3,1,1,0,0,0,0,0,0,1,0,internal_oof
B008DDBHJE,ACCESSORY,NOT_APPLICABLE,ACCESSORY,0.203344,0.99,strong_accessory_relation,Ampridge IJ-302 iJAM Headphone Cable,"Headphones, Earbuds & Accessories",1,1,1,1,1,1,0,0,0,1,0,internal_oof
B01APMJQ98,ACCESSORY,NOT_APPLICABLE,ACCESSORY,0.539008,0.99,strong_accessory_relation,Super Power Supply 6FT AC Cord for Sansui HDLCD185W HD LCD185W HDLCD19WB HD LCD19WB HDLCDVD195D HD LCDVD195D HDLCDVD19D HD LCDVD19D,Earbud Headphones,1,1,0,1,1,1,0,0,1,0,1,internal_oof
B0017OM8ZI,DEVICE,EARBUD_INEAR,DEVICE,0.837267,0.837267,model_device_above_threshold_with_device_subject,Plantronics Pink Crystallized MiX M60 Mobile Headset,Headphones & Earbuds,3,1,1,0,0,0,0,0,0,1,0,internal_oof
B00XX60YCC,DEVICE,EARBUD_INEAR,DEVICE,0.925047,0.925047,model_device_above_threshold_with_device_subject,"Headphone+Portable Mini Round Hard Storage Case Bag,Asscom® MTL Dual Driver Heavy Bass Premium In-ear Noise-isolating Headphones((3.5mm plug) with Mic,Comaptible for iPhones, iPods and iPads, Android Devices, mp3 players, CD players and more.",Earbud Headphones,13,1,1,0,0,1,0,0,1,0,0,internal_oof
B00YC9N4VW,DEVICE,OVER_EAR,DEVICE,0.825107,0.825107,model_device_above_threshold_with_device_subject,"CAD Audio Studio Headphones, White (MH210W)",Headphones & Earbuds,6,1,1,0,0,0,0,0,0,1,0,internal_oof
B09SM1YWX5,ACCESSORY,NOT_APPLICABLE,ACCESSORY,0.003583,0.996417,strong_accessory_relation,"[4 Packs] AirTag Case Accessories Set Kit Hard PC Cover Holder for Apple Air Tag with Keychain,Protective Secure Airtags Loop Tracker Accessory with AirTag Holder Keyring for New",Cases,23,1,0,1,1,1,0,1,0,0,0,internal_oof
B00CQBLTZQ,ACCESSORY,NOT_APPLICABLE,ACCESSORY,0.384533,0.99,strong_accessory_relation,SumacLife Waterproof Dry Bag Sleeve Cover for Samsung Galaxy Tab S2 8.0 inch Tablets,Headphones & Earbuds,2,1,0,1,1,0,0,0,0,1,0,internal_oof
B004QWOSLK,DEVICE,EARBUD_INEAR,DEVICE,0.932174,0.932174,model_device_above_threshold_with_device_subject,Motorola S10-HD Bluetooth Stereo Headphones - Retail Packaging,Headphones & Earbuds,4246,1,1,0,0,0,0,0,0,1,0,internal_oof
B07F6B77WQ,DEVICE,EARBUD_INEAR,DEVICE,0.956198,0.956198,model_device_above_threshold_with_device_subject,KZ ZS10 Headphones Earphones HiFi Wired Earphone in Ear Monitor Earbuds 5 Hybrid Drivers 3.5mm Detachable Cable for Sports(Red with Mic),Earbud Headphones,1,1,4,1,0,1,0,0,1,0,0,internal_oof
B07439THSL,ACCESSORY,NOT_APPLICABLE,ACCESSORY,0.031524,0.99,strong_accessory_relation,"iPhone 7 iPhone 8 Cases,GAOAG Wallet Case with ID/Credit Card Holders,Premium Leather Magnetic Clasp Heavy Duty Protective Cover for iPhone 7 iPhone 8(yellow3)",Earbud Headphones,13,1,0,1,1,1,0,0,1,0,1,internal_oof
B005L96E4G,DEVICE,EARBUD_INEAR,DEVICE,0.982324,0.982324,model_device_above_threshold_with_device_subject,PureGear PureBeats Premium In-Ear 3.5mm Headset With Mic (Bulk Packaging),Headphones & Earbuds,333,1,1,0,0,0,0,0,0,1,0,internal_oof
B07W6J55MR,ACCESSORY,NOT_APPLICABLE,ACCESSORY,0.957943,0.99,strong_accessory_relation,Kaladior Hard Carrying Case for SoundPEATS True Wireless Bluetooth Earbuds in-Ear Stereo Bluetooth Headphones Wireless Earphones,Earbud Headphones,6,1,3,1,1,1,0,0,1,0,0,internal_oof
B078RGL8SB,DEVICE,ON_EAR,DEVICE,0.925154,0.925154,model_device_above_threshold_with_device_subject,ELECDER i37 Kids Headphones Children Girls Boys Teens Foldable Adjustable On Ear Headphones 3.5mm Jack Compatible Cellphones Computer MP3/4 Kindle School Tablet Rose/Pink,On-Ear Headphones,26206,1,1,0,0,0,0,0,1,0,0,internal_oof
B08KFK2VSX,DEVICE,EARBUD_INEAR,DEVICE,0.996028,0.996028,model_device_above_threshold_with_device_subject,"Bluedio Bluetooth Mini Wireless Earbuds, Ei Wireless Headphones in-Ear Earphones with Charging Case, 40Hrs Playtime, Car Headset Built-in Mic Support Wireless Charging for Cell Phone, Sport, White",Earbud Headphones,857,1,4,0,0,1,1,0,1,0,0,internal_oof
B0011X5SY8,DEVICE,EARBUD_INEAR,DEVICE,0.981855,0.981855,model_device_above_threshold_with_device_subject,Motorola H371 Bluetooth v2.0 Headset (Black),Headphones & Earbuds,29,1,1,0,0,0,0,0,0,1,0,internal_oof
B07VVB347J,ACCESSORY,NOT_APPLICABLE,ACCESSORY,0.002021,0.997979,model_accessory_below_threshold_with_accessory_context,"CTYBB for Airpod Case,Silicone Airpods Case Cover with Fur Ball Keychain Compatible with Apple Airpods 2/1 (Front LED Visible)",Cases,24855,1,1,1,0,0,0,1,0,0,0,internal_oof
B00FQM03KY,DEVICE,NEEDS_REVIEW,DEVICE,0.97969,0.97969,model_device_above_threshold_with_device_subject,SoundLogic Superior Bass Stereo Headphone With Microphone,Headphones & Earbuds,2,1,1,0,0,0,0,0,0,1,0,internal_oof
B0B6Z9R55G,ACCESSORY,NOT_APPLICABLE,ACCESSORY,0.0094,0.9906,strong_accessory_relation,"Apple MFi Certified 2 Pack Headphone Adapter for iPhone,Lightning to 3.5 mm Headphone Jack Adapter Audio Aux Cord Dongle, Compatible with iPhone 13/12/11/XS/XR/X 8/, Support Call+Music Control",Adapters,145,1,1,1,1,2,0,1,0,0,0,internal_oof
B0C88N44MS,DEVICE,EARBUD_INEAR,DEVICE,0.994265,0.994265,model_device_above_threshold_with_device_subject,"Wireless Earbuds, 30Hrs Playtime Bluetooth Earbuds Built in Noise Cancellation Mic with Charging Case, Headphones with Stereo Sound, IP67 Waterproof Ear Buds Touch Control Smart Pop-up Auto Pairing",Earbud Headphones,27,1,3,0,0,1,1,0,1,0,0,internal_oof
B08D8DYYR3,ACCESSORY,NOT_APPLICABLE,ACCESSORY,0.000628,0.999372,model_accessory_below_threshold_with_accessory_context,"KUXEEN Compatible with Airpods Case, 3 in 1 Cute Hard Airpods Accessories Protective Case Cover Portable & Shockproof Cover Case Portable for Airpods 2 & 1 Charging Case (American Flag and Eagle)",Cases,23,1,1,0,0,2,0,1,0,0,0,internal_oof
B09L3XQY2W,DEVICE,EARBUD_INEAR,DEVICE,0.965732,0.965732,model_device_above_threshold_with_device_subject,"COBY True Wireless Sport Earbuds 15 Hours, Charging Case, Playback Controls, Siri and Google Assistant, Auto Bluetooth 5.0 Pairing, for Gym, Running, Workout - Works with iPhone, Android, iPad (Black)",Earbud Headphones,15,1,1,0,0,1,0,0,1,0,0,internal_oof
B0751LL633,DEVICE,EARBUD_INEAR,DEVICE,0.953188,0.953188,model_device_above_threshold_with_device_subject,"Floyd Rose Audio Headphones, Black, 1 (FR360WH)",Earbud Headphones,8,1,1,0,0,0,0,0,1,0,0,internal_oof
B075MB1QQY,ACCESSORY,NOT_APPLICABLE,ACCESSORY,0.06284,0.99,strong_accessory_relation,"Lightning to 3.5mm Headphone Adapter, Lightning to 3.5mm Aux Headphone Jack Audio & Charger for iPhone 7 / 7 plus (Black)",Headphones & Earbuds,72,1,1,1,1,1,0,0,0,1,0,internal_oof
B082NN2VZ2,DEVICE,EARBUD_INEAR,DEVICE,0.996734,0.996734,model_device_above_threshold_with_device_subject,dyplay True Wireless Earbuds Ultra Wide Band Active Noise Cancellation Bluetooth V5.0 in-Ear Stereo Wireless Headphones 45Hrs Playtime ANC TWS Earbuds Touch Control with Mic & Wireless Charging Case,Earbud Headphones,23,1,2,0,0,1,0,0,1,0,0,internal_oof
B00WSM6W8W,DEVICE,ON_EAR,DEVICE,0.924417,0.924417,model_device_above_threshold_with_device_subject,"Koss KSC75 Portable Stereophone Headphones, Single, Standard Packaging White/Gray",On-Ear Headphones,7558,1,1,0,0,0,0,0,1,0,0,internal_oof
B0844Z17H1,DEVICE,EARBUD_INEAR,DEVICE,0.95319,0.95319,model_device_above_threshold_with_device_subject,"JLab JBuds Air Sport True Wireless Bluetooth Earbuds + Charging Case - White - IP66 Sweat Resistance - Class 1 Bluetooth 5.0 Connection - 3 EQ Sound Settings Signature, Balanced, Bass Boost",Earbud Headphones,11557,1,1,0,0,1,1,0,1,0,0,internal_oof
B004GADH2S,ACCESSORY,NOT_APPLICABLE,ACCESSORY,0.089939,0.99,strong_accessory_relation,AIAIAI: TMA-1 Replacement Headphone Cord - Coiled,"Headphones, Earbuds & Accessories",2,1,1,1,1,1,0,0,0,1,0,internal_oof
B0048072Z4,DEVICE,OVER_EAR,DEVICE,0.894429,0.894429,model_device_above_threshold_with_device_subject,"Skullcandy Aviator 3.5 mm Binaural Head-Band Black Headset - Auriculares con micrófono (PC/Gaming, 0-40 °C, -20-45 °C, Binaural, Head-Band, Black)",Headphones & Earbuds,50,1,1,0,0,0,0,0,0,1,0,internal_oof
B07VC3SV8J,DEVICE,OVER_EAR,DEVICE,0.849767,0.849767,model_device_above_threshold_with_device_subject,Sony WH-XB900N Extra BASS Wireless Noise Cancelling Headphones (Black) with Hardshell Headphone case and Aluminum Headphone Stand Bundle,Over-Ear Headphones,133,1,1,1,0,1,0,0,1,0,0,internal_oof
B08HDJR1KV,DEVICE,OVER_EAR,AMBIGUOUS,0.887286,0.0,taxonomy_device_but_title_has_no_device_subject,"HoomBand Wireless | Bluetooth Innovative Headband for Sleep, Travel, Meditation | Charging Cable Included & Free Access to Hypnotic Stories Created by Sleep Experts (Size M/L)",Over-Ear Headphones,960,1,0,0,0,1,0,0,1,0,1,internal_oof
B07X9H5MJL,ACCESSORY,NOT_APPLICABLE,ACCESSORY,0.000665,0.999335,model_accessory_below_threshold_with_accessory_context,"Don't Touch My POD Airpods Case,Compatible AirPods Case Cover Smooth Hard PC Protective Skin for Apple Airpod Case 1st / 2nd Charging Case",Cases,149,1,1,1,0,2,0,1,0,0,0,internal_oof
B0BSNW6G7D,DEVICE,EARBUD_INEAR,DEVICE,0.991334,0.991334,model_device_above_threshold_with_device_subject,"iWorld Elevate True Wireless Earbuds with Charging Case, Bluetooth in-Ear Headphones with Built-in Microphone and Touch Control, Universally Compatible Headset for Android, iPhone and PC (Rose Gold)",Earbud Headphones,247,1,3,0,0,1,1,0,1,0,0,internal_oof
B08F9HNZN4,ACCESSORY,NOT_APPLICABLE,ACCESSORY,0.002083,0.997917,strong_accessory_relation,Replacement Parts 10x Ear Cover Foam Pads earpads for Sony Walkman SRF-HM55 SRF HM 55 Headphones,Earpads,1,1,1,1,1,2,0,1,0,0,0,internal_oof
B077PTJFNH,DEVICE,EARBUD_INEAR,DEVICE,0.97295,0.97295,model_device_above_threshold_with_device_subject,"Headphone in Ear Earbuds, Magnetic Stereo Bass Earphone with Mic/Volume Control, Waterproof and Sweat + Charm Earphone Case for Easy Carry (Black)",Earbud Headphones,2,1,3,1,0,0,1,0,1,0,0,internal_oof
B08PVX92V6,ACCESSORY,NOT_APPLICABLE,ACCESSORY,0.00283,0.99717,model_accessory_below_threshold_with_accessory_context,Glacier White Replacement Bose Sport Earbud eartips Compatible for Bose Sport Earbud New (Glacier White),Earpads,12,1,1,0,0,2,0,1,0,0,0,internal_oof
B00XI8RNOM,ACCESSORY,NOT_APPLICABLE,AMBIGUOUS,0.041248,0.0,probability_or_semantics_not_decisive,4pcs New Clear Earhooks Compatible with Plantronics Voyager Edge Wireless Headsets Ear Hooks Loops Clips Stabilizers Earloops Earclips Replacement Parts,Headphones & Earbuds,24,1,1,0,0,0,0,0,0,1,0,internal_oof
B09NKWLJ7Y,DEVICE,OVER_EAR,DEVICE,0.99894,0.99894,model_device_above_threshold_with_device_subject,"TUINYO Wireless Headphones Over Ear, Bluetooth Headphones with Microphone, Foldable Stereo Wireless Headset-Light Blue",Over-Ear Headphones,18045,1,2,0,0,0,0,0,1,0,0,internal_oof
B008631LXI,DEVICE,EARBUD_INEAR,DEVICE,0.900731,0.900731,model_device_above_threshold_with_device_subject,"iKross 3.5mm Stereo Earbuds with Microphone + Green Headset Case for Acer Aspire Switch 11 10, ICONIA TAB 10/ Tab 8/ ONE 7/ TAB 7/ B1-720/ A1-830/ A3-A10, Aspire P3 Ultrabook",Earbud Headphones,2,1,2,1,0,0,1,0,1,0,0,internal_oof
B01MS078TG,DEVICE,EARBUD_INEAR,DEVICE,0.896708,0.896708,model_device_above_threshold_with_device_subject,"Hitek Running Sports Headphones with Illuminating Cable for Enhanced Night Visibility During Outdoor Exercise, Jogging, Walking, Microphone and Answer Button for Hands Free Phone Calls, in Ear",Earbud Headphones,2,1,1,1,0,1,0,0,1,0,0,internal_oof
B07TVPZK4M,DEVICE,ON_EAR,DEVICE,0.994752,0.994752,model_device_above_threshold_with_device_subject,Magnavox MHP5031-WH Foldable Stereo Headphones with Extreme Bass in White,On-Ear Headphones,41,1,1,0,0,0,0,0,1,0,0,internal_oof
B07XPCFVT5,DEVICE,EARBUD_INEAR,DEVICE,0.993234,0.993234,model_device_above_threshold_with_device_subject,Upgraded Bluetooth 5.0 Headphones Wireless Earbuds Mini Earphones in-Ear Stereo Sound Noise Cancelling 2 Built-in Mic Charging Case Compatible Headsets Device Sport Ear Buds for Smartphones,Earbud Headphones,839,1,5,0,0,1,0,0,1,0,0,internal_oof
B077T39TSY,ACCESSORY,NOT_APPLICABLE,ACCESSORY,0.447826,0.99,strong_accessory_relation,myCharge PowerGear Tunes Protective Charging Case for Earbuds Headphones (1000 mAh / 1A Output),Earbud Headphones,68,1,2,1,1,1,0,0,1,0,0,internal_oof
B0CGNXTCSC,DEVICE,EARBUD_INEAR,ACCESSORY,0.308878,0.691122,model_accessory_below_threshold_with_accessory_context,"Headphones for iPhone with Microphone, Volume Control and Noise Isolation - Compatible with iPhone 14/13/12/11/7/8/8plus X/Xs/XR/Xs max/pro/se - Supports All iOS Systems（Black）!",Adapters,103,1,1,0,0,0,0,1,0,0,0,internal_oof
B00A9YTND2,ACCESSORY,NOT_APPLICABLE,DEVICE,0.598524,0.598524,model_device_above_threshold_with_device_subject,"Charging Cradle For Motorola H12, H680, H681, H685, H690, H695 Bluetooth Headset",Headphones & Earbuds,7,1,1,0,0,0,0,0,0,1,0,internal_oof
B00P3T6XI6,ACCESSORY,NOT_APPLICABLE,ACCESSORY,0.003595,0.996405,strong_accessory_relation,Bastex Replacement Ear Pad Cushions for Logitech H800 Headphones,Earpads,189,1,1,1,1,1,0,1,0,0,0,internal_oof
B0BH4VZKQ5,DEVICE,EARBUD_INEAR,DEVICE,0.976609,0.976609,model_device_above_threshold_with_device_subject,"ZTOZ Wireless Earbuds Bluetooth 5.0 Headphones with Immersive Bass Sound, Mini Charging Case, Waterproof Earphones for Sport/Work, Headsets Compatible with iPhone/Android/PC, (White)",Earbud Headphones,133,1,4,0,0,1,0,0,1,0,0,internal_oof
B00VM5I2I4,DEVICE,EARBUD_INEAR,DEVICE,0.899758,0.899758,model_device_above_threshold_with_device_subject,"House of Marley, Little Bird Wired In-Ear Headphones - Noise Isolating, 9.2mm Driver, Two Ear Tip Sizes, Sustainably Crafted, Affordable Lifestyle, EM-JE060-RA Rasta",Earbud Headphones,54,1,1,0,0,1,0,0,1,0,0,internal_oof
B0B37TT7JB,DEVICE,OVER_EAR,DEVICE,0.98129,0.98129,model_device_above_threshold_with_device_subject,"Skullcandy Crusher Wireless Over-Ear Bluetooth Headphones for iPhone and Android with Microphone / 40 Hours Battery Life / Extra Bass Tech / Great for Music, School, Workouts, and Gaming - Grey/Tan",Over-Ear Headphones,21600,1,1,0,0,0,0,0,1,0,0,internal_oof
B07YR475PS,DEVICE,OVER_EAR,DEVICE,0.961998,0.961998,model_device_above_threshold_with_device_subject,Kids Headphones Bluetooth Wireless 85db/110db Volume Limit Headset Fit for Aged 3-21 Over-Ear and Build-in Mic Wired & SD Card Mode Headphones for Boys Girls Travel School Phone Pad Tablet PC White,On-Ear Headphones,12079,1,2,0,0,0,0,0,1,0,0,internal_oof
B00PPBWSTK,AMBIGUOUS,NOT_APPLICABLE,AMBIGUOUS,0.814272,0.0,no_headphone_subject_in_title,Lego Model Team 5580 Highway Rig,Headphones & Earbuds,2,1,0,0,0,0,0,0,0,1,0,internal_oof
B06XYSYHQ9,DEVICE,ON_EAR,DEVICE,0.902342,0.902342,model_device_above_threshold_with_device_subject,SmithOutlet 10 Pack Low Cost Headphones for School/Library/Classrooms,On-Ear Headphones,34,1,1,0,0,0,0,0,1,0,0,internal_oof
B00WU13KV8,DEVICE,OVER_EAR,DEVICE,0.862846,0.862846,model_device_above_threshold_with_device_subject,Audio Technica Audiophile ATH-A1000X Closed-Back Dynamic Headphones,Headphones & Earbuds,1,1,1,0,0,0,0,0,0,1,0,internal_oof
B0972KXXL5,DEVICE,EARBUD_INEAR,DEVICE,0.966713,0.966713,model_device_above_threshold_with_device_subject,"2 in 1 MP3 Player Combo Bluetooth Wireless Earbuds,TWS Bluetooth Earphones with TF Card Slot,30H Playtime with Charging Case Built-in Touch Control LED Screen for Sports Workout Hiking(Pink)",Earbud Headphones,1,1,2,0,0,1,1,0,1,0,0,internal_oof
B004ECPAHS,DEVICE,OVER_EAR,DEVICE,0.961116,0.961116,model_device_above_threshold_with_device_subject,Marshall Major Headphones - Black,Over-Ear Headphones,279,1,1,0,0,0,0,0,1,0,0,internal_oof
B09R8PRCDR,DEVICE,EARBUD_INEAR,AMBIGUOUS,0.983247,0.0,taxonomy_device_but_title_has_no_device_subject,DeWalt JOBSITE PRO-X1 True Wireless EARBUS with Charging CASE,Earbud Headphones,4,1,0,0,0,1,0,0,1,0,1,internal_oof
B00BN5DD3C,DEVICE,ON_EAR,DEVICE,0.890788,0.890788,model_device_above_threshold_with_device_subject,"House of Marley Buffalo Soldier Song On-Ear Headphones , EM-JH033-MI",Headphones & Earbuds,9,1,1,0,0,0,0,0,0,1,0,internal_oof
B00WUG9CKG,DEVICE,EARBUD_INEAR,DEVICE,0.95655,0.95655,model_device_above_threshold_with_device_subject,Memorex CB-25 Stereo Earbuds works with your Ipod and MP3 player Blue (Discontinued by Manufacturer),Headphones & Earbuds,19,1,1,0,0,0,0,0,0,1,0,internal_oof
B082TT6KB5,ACCESSORY,NOT_APPLICABLE,ACCESSORY,0.000977,0.999023,model_accessory_below_threshold_with_accessory_context,"for Airpod Case, MARGE PLUS Silicone Airpods Case Cover (Front LED Visible) Compatible for Apple Airpods 2&1 Charging Case",Cases,220,1,1,0,0,1,0,1,0,0,0,internal_oof
B0B12PBYCV,DEVICE,EARBUD_INEAR,DEVICE,0.997981,0.997981,model_device_above_threshold_with_device_subject,Wireless Earbuds with Wireless Charging Case 60H Play Back Power Display Bluetooth Headphones Waterproof Touch Control Stereo Earphones with Microphone in-Ear Earbuds for Android iOS Laptop Sports,Earbud Headphones,286,1,3,0,0,1,1,0,1,0,0,internal_oof
B089F7422S,ACCESSORY,NOT_APPLICABLE,ACCESSORY,0.0113,0.9887,model_accessory_below_threshold_with_accessory_context,"CCLOT Galaxy Buds Case/Galaxy Buds + Plus Case, Carrying Cover Skin Silicone Replacement White Wireless Cute with Keychain Music Bud Pods Airbuds Earbuds",Cases,24,1,2,0,0,1,0,1,0,0,0,internal_oof
B001G7F6YQ,AMBIGUOUS,NOT_APPLICABLE,AMBIGUOUS,0.60688,0.0,no_headphone_subject_in_title,Cordoba Dolce 7/8 Size Acoustic Nylon String Classical Guitar,Headphones & Earbuds,8,1,0,0,0,0,0,0,0,1,0,internal_oof
B010BZ4TGO,AMBIGUOUS,NOT_APPLICABLE,AMBIGUOUS,0.853854,0.0,taxonomy_device_but_title_has_no_device_subject,CollegeFanGear Seton Hall Black T Shirt 'Official Logo' - XXX-Large,Earbud Headphones,1,1,0,0,0,0,0,0,1,0,1,internal_oof
B00MR9T4EK,DEVICE,EARBUD_INEAR,DEVICE,0.86902,0.86902,model_device_above_threshold_with_device_subject,"Super Bass 3.5mm Stereo Earbuds for HTC One (M8)/ One M9, Samsung Galaxy S6 Edge/ S6/ S5/ Note 4/ Note 3, Sony Xperia Z3+/ Z2, LG G4/ G3, Google Nexus 6/ 5, Amazon Kindle Fire HD 7/ Fire HD 6/ Fire HD 7/ Fire HDX 8.9/ Fire Phone (Orange) - with Microphone & Volume Control + MYNETDEALS Stylus",Headphones & Earbuds,4,1,1,0,0,0,0,0,0,1,0,internal_oof
B00GH569F2,DEVICE,EARBUD_INEAR,DEVICE,0.982151,0.982151,model_device_above_threshold_with_device_subject,Earphone 3.5mm Stereo Headset with Mic for Samsung Galaxy S3 SIII White,Headphones & Earbuds,2,1,2,0,0,0,0,0,0,1,0,internal_oof
B07Z2XJN38,DEVICE,EARBUD_INEAR,DEVICE,0.95112,0.95112,model_device_above_threshold_with_device_subject,"Aux Headphones/Earphones/Earbuds, (2 Pack) Sobrilli 3.5mm Wired in-Ear Headphones with Mic and Remote Control Compatible with Galaxy S9 S8 S7 S6 S5 S4 Edge + Note 4 5 6 7 8 9 and More Android Devices",Earbud Headphones,126,1,3,0,0,0,0,0,1,0,0,internal_oof
B0B64W96HW,DEVICE,EARBUD_INEAR,DEVICE,0.957049,0.957049,model_device_above_threshold_with_device_subject,"Skullcandy Dime True Wireless In-Ear Bluetooth Earbuds Compatible with iPhone and Android / Charging Case and Microphone / Great for Gym, Sports, and Gaming, IPX4 Water Dust Resistant - Grey/Blue",Earbud Headphones,48723,1,1,0,0,1,0,0,1,0,0,internal_oof
B09GJLT2HF,ACCESSORY,NOT_APPLICABLE,ACCESSORY,0.016455,0.99,strong_accessory_relation,"Learsoon Replacement Cord Compatible with Sol Republic Master Tracks HD HD2 Sol Republic V8 V10 V12 X3 Headphones (Red), 120cm/3.9ft",Extension Cords,8,1,1,1,1,1,0,1,0,0,0,internal_oof
B07RS2H5PR,DEVICE,EARBUD_INEAR,DEVICE,0.993095,0.993095,model_device_above_threshold_with_device_subject,"GOOJODOQ Bluetooth Sleep Headphones CSR Bluetooth 5.0 Soft in-Ear Sleeping Earbuds,15 Hours Music time,Wireless Sleep Headsets with Built-in Mic for Insomnia, Side Sleeper, Gym, Relaxation and Sports",Earbud Headphones,1914,1,3,0,0,0,0,0,1,0,0,internal_oof
B0C6KW5G3N,DEVICE,EARBUD_INEAR,DEVICE,0.955733,0.955733,model_device_above_threshold_with_device_subject,Sleep Headphones Bluetooth Sleeping Headband - Comfy Sleeping Headphones for Side Sleeper Elastic Music Sleep Band Earbuds Cozy ASMR Wireless Eye Mask Cool Gadgets Electronic Tech Gifts for Men Women,Over-Ear Headphones,12670,1,2,0,0,0,0,0,1,0,0,internal_oof
B0B9FKKTX6,DEVICE,EARBUD_INEAR,DEVICE,0.996498,0.996498,model_device_above_threshold_with_device_subject,"Wireless Earbud, Bluetooth 5.3 Headphones with ENC HD Mic, Bluetooth Earphones with Deep Bass, Bluetooth Earbud in Ear Noise Cancelling, 40H Wireless Headphones IP7 Waterproof Ear Buds[2022 Upgrade]",Earbud Headphones,11391,1,4,0,0,0,0,0,1,0,0,internal_oof
B013SPVG9C,DEVICE,EARBUD_INEAR,DEVICE,0.991078,0.991078,model_device_above_threshold_with_device_subject,"Dastone 3.5mm Noise Isolating Bass in-Ear Stereo Earphones Earbuds Headset,Headphones with Remote Control & Microphone for Smartphones Tablets Laptops Earphone Andriod iOS (Blue)",Earbud Headphones,26,1,4,0,0,0,0,0,1,0,0,internal_oof
B000AM505I,AMBIGUOUS,NOT_APPLICABLE,AMBIGUOUS,0.586449,0.0,no_headphone_subject_in_title,Quickliner for Lips 02 taupe 0.3 gr,Headphones & Earbuds,4,1,0,0,0,0,0,0,0,1,0,internal_oof
B01FETSARG,AMBIGUOUS,NOT_APPLICABLE,AMBIGUOUS,0.789238,0.0,taxonomy_device_but_title_has_no_device_subject,"Vegetable Steamer Basket Complete Bundle by YGDZ - 100% Premium Stainless Steel - Bonus 2 in 1 Ultra Sharp Julienne Veggie Peeler Gadget, Hook Utensil and Food Recipe eBook.With Cleaner.",Earbud Headphones,2,1,0,0,0,0,0,0,1,0,1,internal_oof
B07MFTB8MZ,ACCESSORY,NOT_APPLICABLE,ACCESSORY,0.001395,0.998605,model_accessory_below_threshold_with_accessory_context,"Airpods Case, Music tracker Protective Thicken Airpods Cover Soft Silicone Chargeable Headphone Case with Anti-Lost Carabiner for Apple Airpods 1&2 Charging Case (Greyish Green)",Cases,20858,1,2,1,0,1,0,1,0,0,0,internal_oof
B00GAHDKNG,DEVICE,OVER_EAR,DEVICE,0.943734,0.943734,model_device_above_threshold_with_device_subject,Polk Audio Buckle Headphones - Black/Silver - with 3 button control and microphone,Headphones & Earbuds,296,1,1,0,0,0,0,0,0,1,0,internal_oof
B00BQ2GNO8,ACCESSORY,NOT_APPLICABLE,DEVICE,0.423261,0.423261,model_device_above_threshold_with_device_subject,"2 Unbreakable Large L XL Earhooks Earloops Compatible with Jawbone ERA Shadowbox, Smokescreen, Midnight, and Silver Lining Headsets",Headphones & Earbuds,3,1,1,0,0,0,0,0,0,1,0,internal_oof
B083G6SQ5V,DEVICE,ON_EAR,ACCESSORY,0.020138,0.979862,model_accessory_below_threshold_with_accessory_context,Beats by Dr. Dre Solo3 Wireless Bluetooth Headphones - Mickey's 90th Anniversary Edition - Kit with USB Adapter Cube,Adapters,862,1,1,0,0,1,0,1,0,0,0,internal_oof
B096PB8Y2S,DEVICE,EARBUD_INEAR,DEVICE,0.998847,0.998847,model_device_above_threshold_with_device_subject,Gaea Y30 Bluetooth 5.0 Wireless Earbuds Touch Control with Charging Case IPX5 Waterproof TWS Stereo Headphones in Ear Built in Mic Headset Premium Sound with Deep Bass for Sport Black,Earbud Headphones,9,1,3,0,0,1,1,0,1,0,0,internal_oof
B083RSRQ6H,ACCESSORY,NOT_APPLICABLE,ACCESSORY,0.002933,0.997067,strong_accessory_relation,"Backpack Protective Case for Airpods 2&1, CILIFYKE Cute 3D Cartoon Character Earpods Case for Kids Girls Women,Stylish & Luxury Silicone Backpack Case Compatible with Airpod Cases Cover,Pink",Cases,72,1,2,1,1,1,0,1,0,0,0,internal_oof
B01N0K8SVI,ACCESSORY,NOT_APPLICABLE,ACCESSORY,0.124131,0.99,strong_accessory_relation,[Negative Version] IKOCO Universal 12W 3V 4.5V 5V 6V 7.5V 9V 12V 1A 1000mA Regulated Multi Voltage Switching Replacement Power Adapter for Household Electronics Routers Speakers LCD CCTV Cameras,Earbud Headphones,4,1,0,1,1,1,0,0,1,0,1,internal_oof
B0C3H2SV75,DEVICE,EARBUD_INEAR,DEVICE,0.997915,0.997915,model_device_above_threshold_with_device_subject,"Wireless Earbud, Bluetooth 5.3 Headphones Deep Bass Bluetooth Earbud with 4 Mics, Bluetooth Earphones in Ear Noise Cancelling Wireless Headphones, IP7 Waterproof 42H Ear Buds, LED Display Pink - 2023",Earbud Headphones,13775,1,4,0,0,0,0,0,1,0,0,internal_oof
B07YBQ3SQ4,ACCESSORY,NOT_APPLICABLE,AMBIGUOUS,0.510511,0.0,taxonomy_device_but_title_has_no_device_subject,"WWT Replacement Head & Ear Pad Cushion for Blue Microphones Mo-Fi,Sadie,Ella,Lola",On-Ear Headphones,15,1,0,0,0,1,0,0,1,0,1,internal_oof
B0B572P5SF,DEVICE,EARBUD_INEAR,DEVICE,0.996041,0.996041,model_device_above_threshold_with_device_subject,"Ear Buds Wireless Earbuds, Bluetooth Earphones Clear Call with Charging Case, Bluetooth 5.3 Earbuds Deep Bass Built-in Mic, IPX5 Waterproof Headphones, 30 Hrs Compatible with iPhone & Android Black",Earbud Headphones,86,1,4,0,0,1,1,0,1,0,0,internal_oof
B002W8S2TY,DEVICE,ON_EAR,DEVICE,0.541814,0.541814,model_device_above_threshold_with_device_subject,"Califone CA2-30 Individual Storage Headphones, 30 Pack Quantity, Convenient Resistant Storage Case, 6 Foot Straight Cord with 3.5mm Jack Plug, Flexible and Adjustable Headband, Beige",Headphones & Earbuds,1,1,1,0,0,2,0,0,0,1,0,internal_oof
B082MXJVH3,DEVICE,OVER_EAR,DEVICE,0.932344,0.932344,model_device_above_threshold_with_device_subject,"OneOdio A70 Bluetooth Over Ear Headphones, Wireless Headphones w/ 72H Playtime, Hi-Res, 3.5mm/6.35mm Wired Audio Jack for Studio Monitor & Mixing DJ E-Guitar AMP, Computer Laptop PC Tablet - Silver",Over-Ear Headphones,11727,1,1,0,0,0,0,0,1,0,0,internal_oof
B0B5CKKKHK,DEVICE,EARBUD_INEAR,DEVICE,0.994337,0.994337,model_device_above_threshold_with_device_subject,"NANKA Bone Conduction Headphones with Mic, Bluetooth 5.3 Open Ear Headphone with Noise-Canceling Boom Mic, Waterproof Wireless Headset with Mic for Office",Earbud Headphones,12,1,2,0,0,0,0,0,1,0,0,internal_oof
B01K5XFK3I,ACCESSORY,NOT_APPLICABLE,AMBIGUOUS,0.30998,0.0,no_headphone_subject_in_title,"abhandicrafts - Shabby Chick Laptop Stand Vertical Dock, Computer Mounts for MacBook Air or Pro and Hp Dell Acer Toshiba Lenovo Sony Asus Laptop (Rose Wood)",Headphones & Earbuds,7,1,0,0,0,2,0,0,0,1,0,internal_oof
B013JDQFDU,DEVICE,OVER_EAR,DEVICE,0.942381,0.942381,model_device_above_threshold_with_device_subject,Roberts Fojjers Special Foldable Over The Head Stereo Dj Headphone 3.5 Mm for Pc Tablet Music Video & All Other Music Players. (Like Really Black),Over-Ear Headphones,192,1,1,0,0,0,0,0,1,0,0,internal_oof
B0BWH9Y3JS,DEVICE,EARBUD_INEAR,DEVICE,0.997082,0.997082,model_device_above_threshold_with_device_subject,Eumspo Wireless Earbuds Bluetooth V5.1 Earbuds 35H Playtime Stereo Sound in-Ear Bluetooth Headphones Waterproof Touch Control Wireless Headphones with LED Charging Case for Sports Running Workout,Earbud Headphones,97,1,2,1,0,1,0,0,1,0,0,internal_oof
B0719WTQVP,ACCESSORY,NOT_APPLICABLE,ACCESSORY,0.013494,0.99,strong_accessory_relation,Poyatu Ear Pads for Logitech G35 G430 G930 F450 Headphones Replacement Ear Cushion Earpads Earbuds Black,Earpads,67,1,2,1,1,3,0,1,0,0,0,internal_oof
B073S1LVG4,ACCESSORY,NOT_APPLICABLE,ACCESSORY,0.00344,0.99656,strong_accessory_relation,"Geekria Hardshell Case for Bose QuietComfort QC35, QC25, Bluetooth Wireless, Noise Cancelling Headphones Hard Carrying Case/Travel Bag with Space for Cable, Parts and Accessories",Cases,5,1,1,1,1,2,0,1,0,0,0,internal_oof
B000QVDB2W,DEVICE,EARBUD_INEAR,DEVICE,0.998554,0.998554,model_device_above_threshold_with_device_subject,"Wireless Earbuds Bluetooth Headphones IPX8 Waterproof Stereo Earbuds with Microphone, LED Battery Display 23H Playtime, Noise-Cancelling Headset with Charging Case (A115)",Earbud Headphones,10,1,3,0,0,1,1,0,1,0,0,internal_oof
B00WUEOCNU,DEVICE,OVER_EAR,AMBIGUOUS,0.913805,0.0,taxonomy_device_but_title_has_no_device_subject,"Koss RUK 50B Full-Sized Stereophone with Leatherette Cushions for Enhanced Sound, Blue (Discontinued by Manufacturer)",On-Ear Headphones,10,1,0,0,0,0,0,0,1,0,1,internal_oof
B00JML5NH8,DEVICE,ON_EAR,DEVICE,0.543009,0.543009,model_device_above_threshold_with_device_subject,Williams Sound Pocketalker PRO with folding headphone PKT PRO1-3,"Headphones, Earbuds & Accessories",1,1,1,0,0,0,0,0,0,1,0,internal_oof
B07MVS6VV9,DEVICE,EARBUD_INEAR,DEVICE,0.991143,0.991143,model_device_above_threshold_with_device_subject,"Sabbat E12 3D Clear Sound True Wireless Earbuds Blutooth 5.0 TWS Stereo Earphones A week's Endurance with Built-in Mic and Charging Case for iPhone, Samsung, iPad, Android(RED)",On-Ear Headphones,11,1,2,1,0,1,0,0,1,0,0,internal_oof
B07CHTNRGL,DEVICE,EARBUD_INEAR,DEVICE,0.90681,0.90681,model_device_above_threshold_with_device_subject,Echobox Nomad N1i Titanium in-Ear Monitor with Tangle-Free Cable for Apple iPhone,Earbud Headphones,7,1,1,1,0,1,0,0,1,0,0,internal_oof
B004GSFI18,DEVICE,EARBUD_INEAR,DEVICE,0.988498,0.988498,model_device_above_threshold_with_device_subject,Nokia BH-214 Bluetooth Stereo Headset with Detachable Headphones (Black),Headphones & Earbuds,1,1,2,0,0,0,0,0,0,1,0,internal_oof
B0161VXB48,AMBIGUOUS,NOT_APPLICABLE,AMBIGUOUS,0.868447,0.0,no_headphone_subject_in_title,"LG Lancet Wi-Fi 4G LTE 4.5"" Black, Verizon",Headphones & Earbuds,14,1,0,0,0,0,0,0,0,1,0,internal_oof
B07K7SRQ85,DEVICE,OVER_EAR,DEVICE,0.809818,0.809818,model_device_above_threshold_with_device_subject,Mackie MC-150 Closed-Back Over-Ear Studio Headphones with Headphone Holder & 25' Stereo Extension Cable Bundle,Over-Ear Headphones,2,1,1,1,0,2,0,0,1,0,0,internal_oof
B08S3KP5KS,ACCESSORY,NOT_APPLICABLE,ACCESSORY,0.043036,0.956964,model_accessory_below_threshold_with_accessory_context,Sixsop Virtuoso Earpads Compatible with Virtuoso RGB Wireless SE Gaming Headset - Integrated Plastic Buckle/Ear Cushion/Ear Cups (Brown),Earpads,12,1,1,0,0,3,0,1,0,0,0,internal_oof
B07ZVS853D,ACCESSORY,NOT_APPLICABLE,ACCESSORY,0.009122,0.990878,strong_accessory_relation,HATALKIN Case Compatible with Case Premium Silicone Case Protective Cover (Front LED Visible) (Won't Affect Wireless Charging) (Green),Cases,54,1,0,1,1,0,0,1,0,0,0,internal_oof
B07ZPMCP36,ACCESSORY,NOT_APPLICABLE,ACCESSORY,0.059107,0.99,strong_accessory_relation,Ultra Thick Soft Silicone Donald Duck Case with Hook for Apple Airpods 1 2 1st 2nd Generation Wireless Earbuds 3D Sailor Navy Blue White Sailor Nautical Cute Lovely Kids Teens Girls Daughter,Cases,55,1,2,1,1,0,0,1,0,0,0,internal_oof
B01H45PT4K,DEVICE,EARBUD_INEAR,DEVICE,0.958455,0.958455,model_device_above_threshold_with_device_subject,Plantronics Moisture-Resistant Earphones - Wireless - Bluetooth with Charging Case Cobalt Black (204352-01),Earbud Headphones,114,1,1,0,0,1,1,0,1,0,0,internal_oof
B0847K4W4H,ACCESSORY,NOT_APPLICABLE,ACCESSORY,0.010762,0.989238,model_accessory_below_threshold_with_accessory_context,"Geekria Shield Headphones Case for Large-Sized Over-Ear Headphones, Replacement Hard Shell Travel Carrying Bag with Cable Storage, Compatible with Audio-Technica ATH-M70X Headsets (Black)",Cases,9,1,2,1,0,1,0,1,0,0,0,internal_oof
B08CGQX4G9,DEVICE,EARBUD_INEAR,DEVICE,0.929704,0.929704,model_device_above_threshold_with_device_subject,"JBL Tune 225TWS True Wireless Earbud Headphones - Pure Bass Sound, Bluetooth, 25H Battery, Dual Connect, Native Voice Assistant (Black)",Earbud Headphones,23293,1,2,0,0,0,0,0,1,0,0,internal_oof
B093S6SSSY,ACCESSORY,NOT_APPLICABLE,ACCESSORY,0.011084,0.99,strong_accessory_relation,"2 PCS Raiiniesttar Upgrade Transparent AirTag Keychain, AirTags Case for Apple AirTags 2021, Completely Wrapped on AirTags Keychain, Anti-Scratch Protective Case for Airtag, (Blue+Pink)",Cases,1,1,0,1,1,1,0,1,0,0,0,internal_oof
B07LCJTT95,DEVICE,OVER_EAR,DEVICE,0.958898,0.958898,model_device_above_threshold_with_device_subject,"Headphones for Girls，Wired Over Ear Headsets for Listen Music with Plush,Kids Headphone Lightweight,Adjusted,Fits All 3.5mm Interface Device",Over-Ear Headphones,4,1,2,0,0,0,0,0,1,0,0,internal_oof
B07TMLDVSX,ACCESSORY,NOT_APPLICABLE,ACCESSORY,0.010867,0.989133,model_accessory_below_threshold_with_accessory_context,"EARSUN Upgrade Beats Solo 2/3 Earpad Replacement Compatible with Beats Solo 2.0/3.0 Wireless Ear Pads Cushion Muffs (On Ear Headphones), White",Earpads,74,1,1,0,0,2,0,1,0,0,0,internal_oof
B008F4NU1Y,ACCESSORY,NOT_APPLICABLE,AMBIGUOUS,0.266012,0.0,no_headphone_subject_in_title,Xtreme 99646 Retro Style Audio Handset - Retail Packaging - Black,Headphones & Earbuds,5,1,0,0,0,0,0,0,0,1,0,internal_oof
B001Z0OFBO,DEVICE,OVER_EAR,DEVICE,0.988549,0.988549,model_device_above_threshold_with_device_subject,Royal WES 50 900 MHz Wireless Stereo Headphones (Discontinued by Manufacturer),Over-Ear Headphones,146,1,1,0,0,0,0,0,1,0,0,internal_oof
B001AKV86O,DEVICE,EARBUD_INEAR,DEVICE,0.972678,0.972678,model_device_above_threshold_with_device_subject,Motorola H550 Bluetooth Wireless Headset (Cannon Grey),Headphones & Earbuds,5,1,1,0,0,0,0,0,0,1,0,internal_oof
B07NTJZ615,ACCESSORY,NOT_APPLICABLE,ACCESSORY,0.002861,0.997139,strong_accessory_relation,YDYBZB Ear Pads Replacement Earpads Ear Cushions Compatible with Urbanears Plattan On-Ear Headphones Protein Leather,Earpads,4,1,1,1,1,3,0,1,0,0,0,internal_oof
B00STAHE02,DEVICE,EARBUD_INEAR,DEVICE,0.976554,0.976554,model_device_above_threshold_with_device_subject,"Granvela POD-747 in Ear Headphones, Wired, Noise Isolating, Ergonomic Comfort-Fit Earphones, No Mic Earbuds for iPhone, iPad, iPod, Samsung, 3.5mm Drive etc -Green",Earbud Headphones,13,1,3,0,0,0,0,0,1,0,0,internal_oof
B00I32IAZE,DEVICE,OVER_EAR,DEVICE,0.920152,0.920152,model_device_above_threshold_with_device_subject,Gearonic Adjustable Foldable Triangle Over-Ear Earphone Headphones for iPod/iPad/iPhone/Android/MP3/MP4/PC Music - Non-Retail Packaging - Blue,Over-Ear Headphones,2,1,2,0,0,0,0,0,1,0,0,internal_oof
B01D82XXGO,ACCESSORY,NOT_APPLICABLE,ACCESSORY,0.02246,0.99,strong_accessory_relation,"UGREEN 6.35mm 1/4 Male to 3.5mm 1/8 Female Stereo Headphone Adapter Audio Jack Plug Gold Plated for Speaker Headphone Guitar Digital Piano Amp, 2 Pack",Adapters,14767,1,1,1,1,1,0,1,0,0,0,internal_oof
B06XKD1C3V,ACCESSORY,NOT_APPLICABLE,ACCESSORY,0.203889,0.99,strong_accessory_relation,Personalized Custom Floral Case for Samsung Galaxy Mega 2 / Pink Rose Bouquet Design / Initial/Name/Text DIY Cover,Earbud Headphones,1,1,0,1,1,0,0,0,1,0,1,internal_oof
B08BWKCZBL,ACCESSORY,NOT_APPLICABLE,ACCESSORY,0.026709,0.99,strong_accessory_relation,Zaracle Portable Protective Pouch Sleeve Silicone Cover Carring case for JBL Tune 220TWS Wireless in-Ear Headphone Charging Case (Gray),Cases,8,1,1,1,1,1,0,1,0,0,0,internal_oof
B015E3YC42,ACCESSORY,NOT_APPLICABLE,ACCESSORY,0.040019,0.99,strong_accessory_relation,"Core Prime Case, LK Ultra [Slim Thin] Scratch Resistant TPU Rubber Soft Skin Silicone Protective Case Cover for Samsung Galaxy Core Prime, Mint",Earbud Headphones,58,1,0,1,1,2,0,0,1,0,1,internal_oof
B00008Z1PL,DEVICE,EARBUD_INEAR,AMBIGUOUS,0.88762,0.0,taxonomy_device_but_title_has_no_device_subject,Coby CVE40 Super Bass Digital Stereo EP w/ Carrying Case (Discontinued by Manufacturer),Earbud Headphones,2,1,0,0,0,1,0,0,1,0,1,internal_oof
B09G5YKHY5,ACCESSORY,NOT_APPLICABLE,ACCESSORY,0.00813,0.99187,model_accessory_below_threshold_with_accessory_context,"Replacement Powerbeats Pro Earbuds Ear Tips Silicone Eartips Compatible with Powerbeats Pro Beats Wireless Earphone (Black, 4 Pair)",Earpads,17,1,2,0,0,2,0,1,0,0,0,internal_oof
B005FUDNBI,DEVICE,EARBUD_INEAR,DEVICE,0.981057,0.981057,model_device_above_threshold_with_device_subject,TDK BA100 In Ear Balancing Headphones (Discontinued by Manufacturer),Earbud Headphones,10,1,1,0,0,0,0,0,1,0,0,internal_oof
B08B3QSV16,DEVICE,EARBUD_INEAR,DEVICE,0.997629,0.997629,model_device_above_threshold_with_device_subject,"Tiksounds Wireless Earbuds, Bluetooth 5.1 Headphones with Microphone, 150H Playtime with Charging Case, IPX7 Waterproof, HI-FI Stereo Earphones, LED Display for Work Sport Game",Earbud Headphones,23486,1,3,0,0,1,1,0,1,0,0,internal_oof
B07WV7LKNQ,ACCESSORY,NOT_APPLICABLE,ACCESSORY,0.002977,0.997023,strong_accessory_relation,"GMYLE Protective Case for Airpods, Silicone Wireless Charging Earbuds Cover with Keychain Accessories kit Set Compatible with Apple AirPods 2 & 1 – True Red",Cases,37547,1,2,1,1,1,0,1,0,0,0,internal_oof
B09MTTDDPB,ACCESSORY,NOT_APPLICABLE,ACCESSORY,0.009005,0.990995,model_accessory_below_threshold_with_accessory_context,"Nereides Compatible with AirPods 3 Case, Protective Leather Cover with Keychain, High-end Fashion Design Skin with Bling Rivets for Women, Supports Wireless Charging, Black",Cases,52,1,1,1,0,1,0,1,0,0,0,internal_oof
B01DEVII5A,AMBIGUOUS,NOT_APPLICABLE,AMBIGUOUS,0.790633,0.0,no_headphone_subject_in_title,YiZYiF Toddler Girl Polka Dots Swimsuit 3 Pieces Bathing Costume with Hat,Headphones & Earbuds,4,1,0,0,0,0,0,0,0,1,0,internal_oof
B00M9CJIAA,DEVICE,EARBUD_INEAR,DEVICE,0.928204,0.928204,model_device_above_threshold_with_device_subject,New Hi-Fi Stereo Bluetooth Headphone Headset with NFC Function Work for Samsung Android Smart Cell Phone Apple Phone and Almost All Tablet PC - NFC Function - Over The Head (White),Earbud Headphones,50,1,2,0,0,0,0,0,1,0,0,internal_oof
B00PKTX5QC,DEVICE,OVER_EAR,DEVICE,0.971503,0.971503,model_device_above_threshold_with_device_subject,LG Electronics Gruve Bluetooth Stereo Headphone - Retail Packaging - White,Over-Ear Headphones,7,1,1,0,0,0,0,0,1,0,0,internal_oof
B009NE5YAU,DEVICE,ON_EAR,DEVICE,0.851288,0.851288,model_device_above_threshold_with_device_subject,"iLuv ReF, Deep Bass On-Ear Headphones with Canvas Fabric Exterior for Apple - Compatible with iPhone 6, iPhone 5, 5S, 5C, iPad & iPod - White",Headphones & Earbuds,10,1,1,0,0,0,0,0,0,1,0,internal_oof
B0031I0L2A,DEVICE,EARBUD_INEAR,DEVICE,0.937825,0.937825,model_device_above_threshold_with_device_subject,"BIRUGEAR Blue 3.5mm Metal Stereo Headset Handsfree Soft Gel Earbud with Microphone for Samsung Galaxy S5; LG G Vista, G3, Optimus F3Q, G Flex, G2 and More",Headphones & Earbuds,12,1,2,0,0,0,0,0,0,1,0,internal_oof
B074QQLSQR,DEVICE,EARBUD_INEAR,DEVICE,0.970217,0.970217,model_device_above_threshold_with_device_subject,Corded Perfume Earphones High-Fidelity Audio Heavy Bass Stereo Sport Earbuds Headphones with Remote Control/Noise Isolating/Crystal Sound/Long Cord for iPhone Apple PC Computer Android Phones (Gold),Earbud Headphones,38,1,3,1,0,1,0,0,1,0,0,internal_oof
B08BHVY73T,ACCESSORY,NOT_APPLICABLE,ACCESSORY,0.001389,0.998611,model_accessory_below_threshold_with_accessory_context,"Laffav AirPods Case Cover Silicone Protective Case Skin Compatible for Apple AirPods 2 & 1 (Front LED Visible), 2 Pack, Turquoise and Mintgreen",Cases,12138,1,1,1,0,2,0,1,0,0,0,internal_oof
B07XGJVTRV,ACCESSORY,NOT_APPLICABLE,ACCESSORY,0.002422,0.997578,model_accessory_below_threshold_with_accessory_context,"Airpods Case,Airpods 2 Case,iFunny Cute 3D Cartoon Cool Funny Pig Duck Case for Airpods Case,Kids Gilrs Teens Shockproof Protective Soft Silicone Case for Airpods 1 & 2 Charging Case (Pig Duck)",Cases,16,1,1,1,0,1,0,1,0,0,0,internal_oof
B00S2P0M1C,DEVICE,EARBUD_INEAR,DEVICE,0.977592,0.977592,model_device_above_threshold_with_device_subject,Betron YSM1000 Earphones in Ear Headphones Wired 3.5mm Jack Tangle-Free Cable Case and Noise Isolating Earbuds,Earbud Headphones,15398,1,3,0,0,1,0,0,1,0,0,internal_oof
B000S6JSN6,DEVICE,EARBUD_INEAR,DEVICE,0.957648,0.957648,model_device_above_threshold_with_device_subject,MOTOROLA HS820 HEADSET EARPIECE BLUE TOOTH HS 820 OEM,Headphones & Earbuds,2,1,2,0,0,0,0,0,0,1,0,internal_oof
B09MF44HCB,DEVICE,EARBUD_INEAR,DEVICE,0.982225,0.982225,model_device_above_threshold_with_device_subject,"Black Shark JoyBuds Wireless Earbuds Bluetooth 5.2, 30ms Low Latency Gaming Mode, 14.2mm Driver Music Mode with Dual Mic ENC, 1.5h Fast Charge Ipx4 Waterproof Headphones in Ear Headset",Earbud Headphones,111,1,3,0,0,0,0,0,1,0,0,internal_oof
B001CN1MAG,DEVICE,EARBUD_INEAR,DEVICE,0.919405,0.919405,model_device_above_threshold_with_device_subject,Blackberry HDW-14322-002 Bluetooth Stereo Headset 3.5mm - Non-Retail Packaging - White,Headphones & Earbuds,7,1,1,0,0,0,0,0,0,1,0,internal_oof
B00PKTU83U,DEVICE,ON_EAR,DEVICE,0.986643,0.986643,model_device_above_threshold_with_device_subject,"Sony ZX Series Wired On-Ear Headphones with Mic, White MDR-ZX110AP",On-Ear Headphones,104579,1,1,0,0,0,0,0,1,0,0,internal_oof
B00DN2R0BE,DEVICE,EARBUD_INEAR,DEVICE,0.834117,0.834117,model_device_above_threshold_with_device_subject,3.5mm Universal Earphone Headset with Remote Mic For iPhone 4 4S 5 Galaxy S3 S4,Headphones & Earbuds,4,1,2,0,0,0,0,0,0,1,0,internal_oof
B012FS11AC,ACCESSORY,NOT_APPLICABLE,ACCESSORY,0.013288,0.986712,model_accessory_below_threshold_with_accessory_context,HIeGI Quality Replacement Foam Pad Earbud Earpad 12 Pack Sponge Cushion Covers for iPod and Stereo Headsets - Black,Earpads,240,1,2,0,0,2,0,1,0,0,0,internal_oof
B0012J0O8G,ACCESSORY,NOT_APPLICABLE,DEVICE,0.902084,0.902084,model_device_above_threshold_with_device_subject,Plantronics 74404-01 Headset Charging Cradle for Voyager 510 Bluetooth Headset,Headphones & Earbuds,144,1,1,0,0,0,0,0,0,1,0,internal_oof
B079K52HVM,DEVICE,EARBUD_INEAR,DEVICE,0.994064,0.994064,model_device_above_threshold_with_device_subject,Raycon E30 True Wireless Earbuds Noise Cancelling in-Ear Bluetooth Headphones with Charging Case - Blue,Earbud Headphones,8,1,2,0,0,1,1,0,1,0,0,internal_oof
B071RHNDZW,ACCESSORY,NOT_APPLICABLE,ACCESSORY,0.401986,0.99,strong_accessory_relation,"Samsung Galaxy S8 Plus Case, SwiftBox Clear Case with Design for Samsung Galaxy S8 Plus (Grey Tiger)",Headphones & Earbuds,2,1,0,1,1,0,0,0,0,1,0,internal_oof
B071S6KS1F,ACCESSORY,NOT_APPLICABLE,ACCESSORY,0.040814,0.959186,model_accessory_below_threshold_with_accessory_context,"NewFantasia Cable Boom Microphone Universal Volume Compatible with Gaming PS4 Xbox One PC Laptop Phone, Compatible with Sennheiser Momentum, Momentum 2.0, Sennheiser HD1 Headphones 4.9ft",Extension Cords,2,1,1,0,0,1,0,1,0,0,0,internal_oof
B00I3LUWQA,DEVICE,ON_EAR,AMBIGUOUS,0.963723,0.0,taxonomy_device_but_title_has_no_device_subject,Sony MDR-ZX310,Over-Ear Headphones,12914,1,0,0,0,0,0,0,1,0,1,internal_oof
B004HQQV4W,ACCESSORY,NOT_APPLICABLE,ACCESSORY,0.008849,0.991151,accessory_taxonomy_and_context,Innovelis CordFits - Cord Management (Frosted Clear),Earpads,7,1,0,0,0,1,0,1,0,0,0,internal_oof
B07KF31HHG,ACCESSORY,NOT_APPLICABLE,ACCESSORY,0.00181,0.99819,model_accessory_below_threshold_with_accessory_context,Wireless Charging Case Cover Compatible AirPods - Qi Standard Wireless Charging Receiver Protective Case for Apple AirPods Compatible with Any Qi Wireless Charger,Cases,10,1,1,1,0,2,0,1,0,0,0,internal_oof
B00AHAPWME,AMBIGUOUS,NOT_APPLICABLE,AMBIGUOUS,0.816839,0.0,no_headphone_subject_in_title,Dust brush,Headphones & Earbuds,4,1,0,0,0,0,0,0,0,1,0,internal_oof
B08R58XF8Z,ACCESSORY,NOT_APPLICABLE,ACCESSORY,0.008234,0.991766,model_accessory_below_threshold_with_accessory_context,"Headphones EarPads Cushions Replacement for Bose QuietComfort 35 I/II, QuietComfort 25/15/ 2; AE2/ AE2W Over Ear Headphones Replacement Pads (Sliver)",Earpads,21,1,1,0,0,2,0,1,0,0,0,internal_oof
B0725BV2WR,ACCESSORY,NOT_APPLICABLE,AMBIGUOUS,0.2839,0.0,probability_or_semantics_not_decisive,"ALXCD Ear Gel for iPhone Earpods, Ear Buds Tips, 4 Pair Anti-Slip Soft Silicone Replacement Earbud Tips for Earphone of iPhone7 SE 6s iPhone 6s Plus 5s [Sport](Pink/Purple/Green/Blue)",Earbud Headphones,9,1,4,0,0,0,0,0,1,0,0,internal_oof
B0C2TY1YY7,ACCESSORY,NOT_APPLICABLE,ACCESSORY,0.072406,0.927594,model_accessory_below_threshold_with_accessory_context,"Aproca Grey Hard Storage Travel Case, Fit for Soundcore Anker Life Q20 Hybrid Active Noise Cancelling Headphones",Cases,74,1,1,0,0,0,0,1,0,0,0,internal_oof
B0BF145LHJ,ACCESSORY,NOT_APPLICABLE,ACCESSORY,0.003081,0.996919,strong_accessory_relation,Luckvan Foam Ear Tips for Galaxy Buds2 Pro Earbuds Tips Replacement Samsung Galaxy Buds2 Pro Memory Foam Tips fit Charging Case Purple LMS 3 Pairs,Earpads,15,1,1,1,1,2,0,1,0,0,0,internal_oof
B01DXUTOXW,AMBIGUOUS,NOT_APPLICABLE,AMBIGUOUS,0.767708,0.0,no_headphone_subject_in_title,Outfit Peanuts vs Bella Shirts Topper Snowy,Headphones & Earbuds,16,1,0,0,0,0,0,0,0,1,0,internal_oof
B0BXLYHF9P,DEVICE,EARBUD_INEAR,DEVICE,0.953117,0.953117,model_device_above_threshold_with_device_subject,"Skullcandy Indy Evo True Wireless In-Ear Bluetooth Earbuds, Compatible with iPhone and Android / Charging Case and Microphone / Great for Gym, Sports, and Gaming, IP55 Water Dust Resistant - 92 Blue",Earbud Headphones,31354,1,1,0,0,1,0,0,1,0,0,internal_oof
B07KM3TKKZ,ACCESSORY,NOT_APPLICABLE,ACCESSORY,0.002889,0.997111,model_accessory_below_threshold_with_accessory_context,"Airpods Case, Music tracker Protective Thicken Airpods Cover Soft Silicone Chargeable Headphone Case with Anti-Lost Carabiner for Apple Airpods 1&2 Charging Case (Navy)",Cases,20859,1,2,1,0,1,0,1,0,0,0,internal_oof
B08HJ7YPRT,ACCESSORY,NOT_APPLICABLE,ACCESSORY,0.296718,0.99,strong_accessory_relation,Magnetic Charging Cable for AfterShokz OpenRun & Aeropex & OpenComm & OpenRun Pro Bone Conduction Wireless Bluetooth Headphones,Extension Cords,21,1,1,1,1,1,0,1,0,0,0,internal_oof
B0023RRNRQ,DEVICE,EARBUD_INEAR,DEVICE,0.953306,0.953306,model_device_above_threshold_with_device_subject,"Skullcandy S4CHBZ-BP Chops Earbuds, (Black/Pink) (Discontinued by Manufacturer)",Headphones & Earbuds,86,1,1,0,0,0,0,0,0,1,0,internal_oof
B0BK5CHQ6C,DEVICE,EARBUD_INEAR,ACCESSORY,0.54941,0.99,strong_accessory_relation,"Earbud Cleaning Kit, Cleaner Kit for Airpods Multi-Function Airpods Cleaning Pen with Soft Brush Flocking Sponge Cleaning Tools for Bluetooth Earbud Case Headphones Camera Phone White",Earbud Headphones,27,1,3,1,1,0,0,0,1,0,0,internal_oof
B07H7Z38Y1,ACCESSORY,NOT_APPLICABLE,AMBIGUOUS,0.223554,0.0,no_headphone_subject_in_title,"Fishing Rod Sleeve Socks, Casting Rod Sleeve, 5.6ft Length, 1.1 inches Wide, Fishing Rod Cover Expand 150%, Rod Sleeves Cover Pole Tip, UV Fishing Rod Socks for 6.6ft - 7.6ft Poles, Fly Rod Sock 1 Pr",Headphones & Earbuds,3,1,0,0,0,0,0,0,0,1,0,internal_oof
B00LEVRT0S,ACCESSORY,NOT_APPLICABLE,ACCESSORY,0.043408,0.956592,accessory_taxonomy_and_context,"myLife Cherry Blossom Pink with Gold Zipper {Glamorous Design} Faux Leather (Card, Cash and ID Holder + Magnetic Closing + Hand Strap) Slim Wallet for the iPhone 5C Smartphone by Apple (External Textured Synthetic Leather with Magnetic Clip + Internal Secure Snap In Hard Rubberized Bumper Holder) ""MORE INFO: This lightweight iPhone 5C wallet is made of durable and high quality synthetic leather and is designed to fit the iPhone 5C only. The leather itself is textured to prevent the wallet from s",Adapters,1,1,0,0,0,1,0,1,0,0,0,internal_oof
B001P5I4XY,DEVICE,EARBUD_INEAR,DEVICE,0.942384,0.942384,model_device_above_threshold_with_device_subject,KICKER (09EB141R) Advanced In-Ear Monitors (Red) (Discontinued by Manufacturer),Headphones & Earbuds,3,1,1,0,0,0,0,0,0,1,0,internal_oof
B08ZYHF7DX,ACCESSORY,NOT_APPLICABLE,ACCESSORY,0.007047,0.992953,strong_accessory_relation,Solo 3 Earpads Replacement Ear Pads Protein PU Leather Ear Cushion Compatible with Beats by Dr. Dre Solo 2.0 Solo3 Wireless On-Ear Headphones (Aqua Blue),Earpads,85,1,1,1,1,3,0,1,0,0,0,internal_oof
B08ZFYF8Z9,ACCESSORY,NOT_APPLICABLE,ACCESSORY,0.009813,0.990187,model_accessory_below_threshold_with_accessory_context,"AirPods Protective case, 3D Cute and Stylish Goldfish Biscuit Candy Bag AirPods case, Soft Silicone Wireless Earphone Accessories and Apple Airpods 1&2 Shell with Keychain (Small Fish) (Orange White)",Cases,58,1,2,0,0,1,0,1,0,0,0,internal_oof
B004DKUEJK,DEVICE,EARBUD_INEAR,DEVICE,0.584395,0.584395,model_device_above_threshold_with_device_subject,Smart wrap Electronics / Cell Phone Earphone Headset Cord Wrap Manager - Fishbone White Black Blue 3 Colors 3-Pack,Headphones & Earbuds,2,1,2,0,0,1,0,0,0,1,0,internal_oof
B0C8NFRLTV,ACCESSORY,NOT_APPLICABLE,ACCESSORY,0.013359,0.99,strong_accessory_relation,"Headphone Adapter for iPhone, 2 in 1 Lightning to 3.5mm Jack Adapter Aux Audio Dongle Earphone Converter Compatible with iPhone 14/13/12/11/XR/XS/Max/X/8/7 [Apple MFi Certified]",Adapters,11481,1,2,1,1,1,0,1,0,0,0,internal_oof
B00MW67LQ6,ACCESSORY,NOT_APPLICABLE,ACCESSORY,0.199214,0.99,strong_accessory_relation,"Galaxy Note 3 Case, Style4U Studded Rhinestone Crystal Bling Hybrid Armor Case Cover for Samsung Galaxy Note 3 N9000 N7200 with 1 HD Screen Protector and 1 Stylus [Hot Pink/Hot Pink]",Earbud Headphones,260,1,0,1,1,0,0,0,1,0,1,internal_oof
B08CR752SC,ACCESSORY,NOT_APPLICABLE,ACCESSORY,0.003264,0.996736,model_accessory_below_threshold_with_accessory_context,"CTYBB for Airpod Case,Silicone Airpods Case Cover with Fur Ball Keychain Compatible with Apple Airpods 2/1 (Front LED Visible) Barbie Pink",Cases,24985,1,1,1,0,0,0,1,0,0,0,internal_oof
B08WJFN2B6,DEVICE,OVER_EAR,DEVICE,0.922428,0.922428,model_device_above_threshold_with_device_subject,"AKG Pro Audio K371 Over-Ear, Closed-Back, Foldable Studio Headphones Bundle with Knox Gear Professional Headphone Case for Inward-Folding Headphones (2 Items)",Over-Ear Headphones,9,1,1,1,0,0,1,0,1,0,0,internal_oof
B00OKO6DQC,ACCESSORY,NOT_APPLICABLE,AMBIGUOUS,0.393602,0.0,probability_or_semantics_not_decisive,6pcs: 3 Pairs S/M/L Left and Right Side Ear Stabilizers Helper Eartips Compatible with Jaybird Bluebuds X in Ear Earphones Headphones,Earbud Headphones,20,1,2,0,0,2,0,0,1,0,0,internal_oof
B085XS1PXW,ACCESSORY,NOT_APPLICABLE,ACCESSORY,0.003484,0.996516,strong_accessory_relation,Link Dream 12 Pieces Replacement Ear Tips for AirPods Pro/AirPods Pro 2 Silicon Ear Buds Tips with Portable Storage Box (S/M/L) (6 Pairs),Earpads,11358,1,2,1,1,1,0,1,0,0,0,internal_oof
B08C7LSX72,ACCESSORY,NOT_APPLICABLE,ACCESSORY,0.205978,0.99,strong_accessory_relation,U-S Acrylic Headphone Stand Display Headphone Holder Headphone Hanger Acrylic Desktop Game Earphone Stand Acrylic Earphone Stand is Suitable of Headphones,Over-Ear Headphones,23,1,2,1,1,2,0,0,1,0,0,internal_oof
B0BJDY85PH,ACCESSORY,NOT_APPLICABLE,ACCESSORY,0.011988,0.988012,model_accessory_below_threshold_with_accessory_context,"Gaming Headset Headphone Hook Holder Hanger Mount, Headphones Stand with Adjustable & Rotating Arm Clamp, Headphone Stand Holder Under Desk, Black",Cases,7,1,2,1,0,3,0,1,0,0,0,internal_oof
B000CMTV3I,DEVICE,ON_EAR,DEVICE,0.826393,0.826393,model_device_above_threshold_with_device_subject,Audio-Technica ATH-EW9 Lightweight Wood Clip-on Headphones (Discontinued by Manufacturer),"Headphones, Earbuds & Accessories",57,1,1,0,0,0,0,0,0,1,0,internal_oof
B07Y1Q5XQ6,ACCESSORY,NOT_APPLICABLE,ACCESSORY,0.002221,0.997779,model_accessory_below_threshold_with_accessory_context,"CTYBB for Airpod Case,Silicone Airpods Case Cover with Fur Ball Keychain Compatible with Apple Airpods 2/1 (Z-Pink/Limegreen)",Cases,24993,1,1,1,0,0,0,1,0,0,0,internal_oof
B008OONZXS,AMBIGUOUS,NOT_APPLICABLE,AMBIGUOUS,0.538786,0.0,taxonomy_device_but_title_has_no_device_subject,A Pair of Car Headrest Pillow/Pad/Cushion for Toyota (Model: Kk000201) (Black),Earbud Headphones,2,1,0,0,0,0,0,0,1,0,1,internal_oof
B09XB83NJ3,DEVICE,EARBUD_INEAR,DEVICE,0.983135,0.983135,model_device_above_threshold_with_device_subject,"Marnana Bluetooth Headset with 18 Hours Playtime, Ultralight Earbud w/Noise Cancelling Mic, Carrying Case, Wireless Earpiece Hands-Free Call for iPhone Android Mobile Phone Tablet Office Truck Driver",Earbud Headphones,3207,1,3,0,0,1,0,0,1,0,0,internal_oof
B087X4GGJX,DEVICE,EARBUD_INEAR,DEVICE,0.922345,0.922345,model_device_above_threshold_with_device_subject,"APETOO USB C Headphones, HiFi Stereo Type C Earbuds USB C Earphones with Mic & Volume Control Compatible with Samsung Note 10 Plus, Galaxy S20 Ultra S20+, Google Pixel 4 3 2 XL, OnePlus 7t Pro",Earbud Headphones,179,1,3,0,0,0,0,0,1,0,0,internal_oof
B07W8MB9KM,ACCESSORY,NOT_APPLICABLE,ACCESSORY,0.01907,0.99,strong_accessory_relation,"Silicone Cover Case for Sony WF-1000XM3 Wireless Earbud, Protective Skin Cover with Keychain for Truly Wireless Noise Canceling Earphone, Anti-Lost & Shockproof (Red)",Cases,22,1,2,1,1,1,0,1,0,0,0,internal_oof
B0BCVYJ66T,DEVICE,EARBUD_INEAR,DEVICE,0.996354,0.996354,model_device_above_threshold_with_device_subject,"Cotogni Wireless Bluetooth 5.3 Earbuds, P5 Wireless Earbuds with Charging Case Wireless Bluetooth Earphones 40H Playtime Waterproof Wireless Earbuds for iPhone, Android (Red)",Earbud Headphones,40,1,2,0,0,1,1,0,1,0,0,internal_oof
B08379NV5L,DEVICE,EARBUD_INEAR,DEVICE,0.980251,0.980251,model_device_above_threshold_with_device_subject,"Xiaomi TWSEJ04LS Redmi Airdot Wireless Earphone Bluetooth 5.0 Stereo Earbuds Charging Case Mini Headphones Sweatproof Sport in-Ear Earphones Black, Small",Earbud Headphones,1269,1,3,0,0,1,0,0,1,0,0,internal_oof
B08YS8T1PV,ACCESSORY,NOT_APPLICABLE,ACCESSORY,0.251167,0.99,strong_accessory_relation,Skinit Decal Audio Skin Compatible with Samsung Galaxy Buds Pro - Officially Licensed Warner Bros Batman Official Logo Design,Earbud Headphones,3,1,1,1,1,2,0,0,1,0,0,internal_oof
B081BHBHP5,ACCESSORY,NOT_APPLICABLE,ACCESSORY,0.058057,0.941943,model_accessory_below_threshold_with_accessory_context,"UGREEN Headphone Extension Cable 3.5mm Extension Gold Plated Aux Extension Cable Audio Stereo Jack Male to Female TRS Cord Extender Compatible with iPhone iPad Phones Tablets Media Players, 10FT",Extension Cords,17800,1,1,0,0,2,0,1,0,0,0,internal_oof
B09LHJRPVL,DEVICE,OVER_EAR,DEVICE,0.992755,0.992755,model_device_above_threshold_with_device_subject,"KVIDIO [Updated Bluetooth Headphones Over Ear, 65 Hours Playtime Wireless Headphones with Microphone,Foldable Lightweight Headset with Deep Bass,HiFi Stereo Sound for Travel Work Laptop PC Cellphone",Over-Ear Headphones,12566,1,2,0,0,0,0,0,1,0,0,internal_oof
B07G97631K,DEVICE,EARBUD_INEAR,DEVICE,0.913115,0.913115,model_device_above_threshold_with_device_subject,LINSOUL BGVP DMG 2DD+4BA Hi-Res Hybrid Drivers High Fidelity HiFi in-Ear Metal Earphones with Detachable MMCX Audio Cable for Musicians Audiophile (Blue),Earbud Headphones,64,1,1,1,0,1,0,0,1,0,0,internal_oof
B016RDOX1A,DEVICE,EARBUD_INEAR,DEVICE,0.958558,0.958558,model_device_above_threshold_with_device_subject,In-ear noise canceling headphones / Headphone for in ear usage / Cheap Price with Durable and long lasting feel / Works well with Computer / iPhone / iPad / Laptops / mp3 player / android / kindle / and much more!,Earbud Headphones,7,1,1,0,0,0,0,0,1,0,0,internal_oof
B09F2YQQ1B,DEVICE,EARBUD_INEAR,DEVICE,0.974554,0.974554,model_device_above_threshold_with_device_subject,"SHOKZ OpenRun (AfterShokz Aeropex) - Open-Ear Bluetooth Bone Conduction Sport Headphones - Sweat Resistant Wireless Earphones for Workouts and Running - Built-in Mic, with Headband",Earbud Headphones,14822,1,2,0,0,0,0,0,1,0,0,internal_oof
B0C2Q17PND,DEVICE,EARBUD_INEAR,DEVICE,0.996724,0.996724,model_device_above_threshold_with_device_subject,bmanl Wireless Earbuds Bluetooth Headphones 48hrs Play Back Sport Earphones with LED Display Over-Ear Buds with Earhooks Built-in Mic Headset for Workout Purple BMANI-VEAT00L,Earbud Headphones,19635,1,5,0,0,0,0,0,1,0,0,internal_oof
B00362CQYC,DEVICE,EARBUD_INEAR,AMBIGUOUS,0.962288,0.0,taxonomy_device_but_title_has_no_device_subject,ZAGG ZAGGBUDBLK Buds for iPhones (Black No Mic),Earbud Headphones,1,1,0,0,0,0,0,0,1,0,1,internal_oof
B07H4PQM56,ACCESSORY,NOT_APPLICABLE,ACCESSORY,0.011191,0.988809,model_accessory_below_threshold_with_accessory_context,"Move Ear Pads - Replacement 25h Ear Cushion Pillow Parts Cover Seals Foam Compatible with Jabra Move / 25h Wireless/Plantronics BackBeat FIT 505 500 On-Ear Bluetooth Headphones, Softer Leather",Earpads,244,1,1,0,0,2,0,1,0,0,0,internal_oof
B09F66RRYN,DEVICE,EARBUD_INEAR,DEVICE,0.990266,0.990266,model_device_above_threshold_with_device_subject,"Soundpeats True Wireless Earbuds Bluetooth 5.0 Earphones with Built in Mic in-Ear Stereo Headphones for Sport, Deep Bass, Binaural Calls, One-Step Pairing, 35 Hours of Playtime, Upgraded TrueFree Plus",Earbud Headphones,21646,1,3,0,0,0,0,0,1,0,0,internal_oof
B07KKMP7GR,DEVICE,OVER_EAR,DEVICE,0.860191,0.860191,model_device_above_threshold_with_device_subject,"Thore Bluetooth Headphones with Lightning Connector for iPhone - Over Ear Wireless Earphones with Microphone/Volume Remote (Apple MFI Certified) Cord for Apple iPhone 7,8 Plus, XR, XS Max, 11 Pro",Over-Ear Headphones,111,1,2,1,0,1,0,0,1,0,0,internal_oof
B00X0077HQ,DEVICE,ON_EAR,DEVICE,0.874511,0.874511,model_device_above_threshold_with_device_subject,"Marshall Major II On-Ear Headphones, Brown (4091112)",On-Ear Headphones,821,1,1,0,0,0,0,0,1,0,0,internal_oof
B00FAJP42U,DEVICE,EARBUD_INEAR,DEVICE,0.98581,0.98581,model_device_above_threshold_with_device_subject,"IHOME IB11WUXC Sport Ear Hook Earbuds with Microphone, Purple",Earbud Headphones,8,1,1,0,0,0,0,0,1,0,0,internal_oof
B08GLYGD7H,DEVICE,EARBUD_INEAR,DEVICE,0.970662,0.970662,model_device_above_threshold_with_device_subject,Galaxy Buds Live Mystic Red | True Wireless Earbuds w/Active Noise Cancelling | Wireless Charging Case Included | Korean Version,Earbud Headphones,41,1,2,0,0,1,0,0,1,0,0,internal_oof
B08ZSJ6D7B,ACCESSORY,NOT_APPLICABLE,ACCESSORY,0.006477,0.993523,model_accessory_below_threshold_with_accessory_context,"Hanayo Villains Potluck Dabi Toga Compatible with Airpods Case Cover 2 & 1 Shockproof Protective Soft TPU Full Printed Headphone Cases for Girls Boys Women Men with Keychain,black,One Size",Cases,1,1,2,0,0,0,0,1,0,0,0,internal_oof
B08NPMNFFC,DEVICE,EARBUD_INEAR,DEVICE,0.966859,0.966859,model_device_above_threshold_with_device_subject,"DTTO J-10 Active Noise Cancelling Earbuds with 60ms Low-Latency Game Mode, Wireless Charging Case Bluetooth 5.2 Auto-Pairing Touch-Enabled Voice-Assistant, Immersive Sound Deep Bass IPX8 Sweatproof",Earbud Headphones,110,1,1,0,0,1,0,0,1,0,0,internal_oof
B08344BK28,ACCESSORY,NOT_APPLICABLE,ACCESSORY,0.003231,0.996769,model_accessory_below_threshold_with_accessory_context,"Laffav AirPods Case Silicone Protective Cover (Front LED Visible) for Women Men Compatible with Apple AirPods 2 & 1 , 2 Pack, Black, Red",Cases,12174,1,1,0,0,0,0,1,0,0,0,internal_oof
B0C492N85L,DEVICE,EARBUD_INEAR,DEVICE,0.995412,0.995412,model_device_above_threshold_with_device_subject,"Wireless Earbuds, Bluetooth 5.3 Headphones, 48h Playtime LED Power Display Wireless Charging Case, HiFi Stereo Deep Base Earphones IPX7 Waterproof Ear Buds with Built-in Mic for Workout/Home/Office",Earbud Headphones,288,1,4,0,0,1,0,0,1,0,0,internal_oof
B084SV9PGK,ACCESSORY,NOT_APPLICABLE,DEVICE,0.935203,0.935203,model_device_above_threshold_with_device_subject,"Shure RMCE-TW1 True Wireless Adapter for Sound Isolating Earphones, Secure Over-Ear Fit, Bluetooth 5 Wireless Technology, Long Battery Life with Charging Case, Fingertip Controls [New Update]",Earbud Headphones,575,1,1,1,1,2,1,0,1,0,0,internal_oof
B0C5QFWNFC,ACCESSORY,NOT_APPLICABLE,ACCESSORY,0.046277,0.953723,model_accessory_below_threshold_with_accessory_context,"AGVEE S21 S20 Dual USB-C Headphones & Charging Adapter, Duo Type-C Audio Earbuds & PD Charger Splitter, USBC Earphone Jack Dongle for Samsung S21 S20, Note 20 10, iPad Pro, Pixel 2 3 4 5 XL, Gray",Adapters,29,1,3,0,0,1,0,1,0,0,0,internal_oof
B07STZWQCS,ACCESSORY,NOT_APPLICABLE,ACCESSORY,0.016031,0.983969,accessory_taxonomy_and_context,"6 Pack 1/4 Stereo to 3.5 mm Stereo Adapter, Gold Plated 6.35 mm TS Male Plug to 1/8 Inch TRS Female Audio Connector (Red, Blue)",Adapters,8,1,0,0,0,1,0,1,0,0,0,internal_oof
B09Y4HCRLM,DEVICE,EARBUD_INEAR,DEVICE,0.952229,0.952229,model_device_above_threshold_with_device_subject,MUSICOZY Sleep Headphones Bluetooth Sleep Mask 3D Wireless Music Sleeping Headphones Headband Eye Mask Sleep Earbuds for Side Sleepers Mom Men Women with Speakers Cool Tech Gadgets,Over-Ear Headphones,17348,1,2,0,0,0,0,0,1,0,0,internal_oof
B0C6Q4N2W2,DEVICE,EARBUD_INEAR,DEVICE,0.986154,0.986154,model_device_above_threshold_with_device_subject,"Open Ear Headphones, Air Conduction Headphones Lightweight Bluetooth 5.3 Wireless Sports Headset with Mic for Jogging Running Driving Cycling Hiking Yoga Indoor and Outdoor Use",Earbud Headphones,117,1,2,0,0,0,0,0,1,0,0,internal_oof
B093K2D32X,DEVICE,OVER_EAR,DEVICE,0.590854,0.590854,model_device_above_threshold_with_device_subject,"Avantree HF049 - Wired Over Ear Headphones with 50mm Drivers High-Precision Sound, 16ft / 5M Extra-Long Cord, in-Line Volume Control & Mic, and 3.5mm AUX Cable with 6.35mm Adapter for TV and PC",Over-Ear Headphones,298,1,1,1,0,3,0,0,1,0,0,internal_oof
B09Q2ZCHVB,ACCESSORY,NOT_APPLICABLE,ACCESSORY,0.0044,0.9956,model_accessory_below_threshold_with_accessory_context,DamonLight 3 Pairs AirPods Pro Ear Hooks [Added Storage Pouch] Anti-Slip Ear Covers Accessories Compatible with Apple AirPod Pro[Not Fit in Charging Case] - AirPods Pro(2019 Released),Earpads,32,1,1,0,0,1,0,1,0,0,0,internal_oof
B09X9T723D,DEVICE,EARBUD_INEAR,DEVICE,0.997134,0.997134,model_device_above_threshold_with_device_subject,"Wireless Earbud, 5.1 Bluetooth Earbud in-Ear Stereo Mini Headphone, Bluetooth Headphones with Mic for Clear Calls, 6H Single Play Time, IP7 Waterproof Wireless Earphones with USB-C Charging Case, Grey",Earbud Headphones,95,1,3,0,0,1,0,0,1,0,0,internal_oof
B09KV93W1D,ACCESSORY,NOT_APPLICABLE,ACCESSORY,0.0063,0.9937,strong_accessory_relation,"Replacement Ear Pads for SteelSeries Arctis 1, Arctis 3, Arctis 5, Arctis 7, Arctis 9X, Arctis Pro & Arctis Prime Headset Headphone Earpads, Memory Foam & PU Leather (Black)",Earpads,101,1,2,1,1,2,0,1,0,0,0,internal_oof
B007Z86PJU,ACCESSORY,NOT_APPLICABLE,AMBIGUOUS,0.958603,0.0,no_headphone_subject_in_title,RadioShack Cardioid Dynamic Microphone,Headphones & Earbuds,7,1,0,0,0,0,0,0,0,1,0,internal_oof
B07N14H2JV,ACCESSORY,NOT_APPLICABLE,ACCESSORY,0.009927,0.990073,model_accessory_below_threshold_with_accessory_context,"Splitter Compatible with iPhone 7, 7 Plus, 8, 8 Plus, X, Xs, Xr, iPad,iPad Pro, 2 in 1 Dual Headphone Jack Audio + Charge Cable Adapter,Work with iOS 12 or Later, Sync,Music Control",Adapters,12,1,1,0,0,2,1,1,0,0,0,internal_oof
B08NV3HTC3,ACCESSORY,NOT_APPLICABLE,ACCESSORY,0.006817,0.993183,strong_accessory_relation,"Wireless Charging Case Compatible with pods 1 2nd Generation, Pod 1/2 Charger Case Replacement with Bluetooth Button for Pairing (Case Only)",Cases,49,1,0,1,1,1,0,1,0,0,0,internal_oof
B09RZPQQJ3,DEVICE,EARBUD_INEAR,DEVICE,0.99693,0.99693,model_device_above_threshold_with_device_subject,"XIAODU Wireless Bluetooth Earbuds, with Voice Record Noise Cancel IPX4 Waterproof Headphones, Built-in HD Microphone in-Ear Stereo Headphones, 30H Playtime Wireless Charging Case for Sport White",Earbud Headphones,2,1,2,1,0,1,0,0,1,0,0,internal_oof
B08F16TWMT,ACCESSORY,NOT_APPLICABLE,ACCESSORY,0.005904,0.994096,model_accessory_below_threshold_with_accessory_context,"Ear Hooks Earbuds Spare Fit Kit Replacement for Plantronics M165 Marque 2 Bluetooth Headset, 2 Hooks, Silicone Covers Ear-Gels S/M/L",Earpads,18,1,2,0,0,0,0,1,0,0,0,internal_oof
B00I2HXZ6O,DEVICE,ON_EAR,DEVICE,0.911992,0.911992,model_device_above_threshold_with_device_subject,"Altec Lansing Over the Head Foldable Headphone with Mic, Black - MZX652",Headphones & Earbuds,37,1,1,0,0,0,0,0,0,1,0,internal_oof
B005EIVKGQ,DEVICE,EARBUD_INEAR,DEVICE,0.966978,0.966978,model_device_above_threshold_with_device_subject,Sennheiser MX 365 Earphones - Red,Earbud Headphones,526,1,1,0,0,0,0,0,1,0,0,internal_oof
B077PVPL6V,AMBIGUOUS,NOT_APPLICABLE,AMBIGUOUS,0.65944,0.0,no_headphone_subject_in_title,Phifertex Plus Woven Vinyl Mesh Sling Chair Outdoor Fabric in Metallic Lagoon,Headphones & Earbuds,5,1,0,0,0,0,0,0,0,1,0,internal_oof
B08KTK8Y95,ACCESSORY,NOT_APPLICABLE,ACCESSORY,0.009424,0.990576,strong_accessory_relation,"esbeecables [Apple MFi Certified] 2 Pack Headphone Adapter for iPhone, 2 in 1 Lightning to 3.5mm AUX Audio + Charger Splitter Compatible with iPhone 14/13/12/11/XS/XR/iPad, Support Call+Music Control",Adapters,11071,1,1,1,1,1,0,1,0,0,0,internal_oof
B09XF33344,ACCESSORY,NOT_APPLICABLE,ACCESSORY,0.002838,0.997162,model_accessory_below_threshold_with_accessory_context,Learsoon Solo PRO Earpads Replacement Solo Pro Ear Cushions Covers Compatible with Beats Solo Pro Headphones(Black),Earpads,2,1,1,0,0,3,0,1,0,0,0,internal_oof
B09ZDYDBT2,ACCESSORY,NOT_APPLICABLE,ACCESSORY,0.003688,0.996312,model_accessory_below_threshold_with_accessory_context,"AirPods Pro Case Cover with Keychain, Luxury Design Fashion Premium Leather Airpods Pro Protective Cover Case for Airpods Pro Earphones Charging Case, Front LED Visible-Pine Green",Cases,49,1,2,1,0,1,0,1,0,0,0,internal_oof
B07CXY7JX3,DEVICE,EARBUD_INEAR,DEVICE,0.850293,0.850293,model_device_above_threshold_with_device_subject,"[2021 Updated] Extra Long Earbuds for TV & PC, with 12FT Spring Coiled Extension Cable, Volume Control & Mic, in-Ear Wired Headphones for 3.5mm Audio Output Devices, ChanGeek CGS06",Earbud Headphones,1793,1,2,0,0,1,0,0,1,0,0,internal_oof
B087P52PZT,DEVICE,EARBUD_INEAR,DEVICE,0.996369,0.996369,model_device_above_threshold_with_device_subject,"Bluetooth Headphones Retractable Earbuds Wireless Headset Neckband Sports Noise Cancelling Stereo Earphones with Mic by HaoHiyo (15 Hrs Playtime, 2020 Upgraded, Blue)",Earbud Headphones,33,1,4,0,0,0,0,0,1,0,0,internal_oof
B0BZ49NHW2,DEVICE,EARBUD_INEAR,DEVICE,0.994599,0.994599,model_device_above_threshold_with_device_subject,"LUDOS Clamor Wired Earbuds in Ear, Noise Isolating Headphones with Microphone, 3.5mm Jack Plug, Mic and Volume Control, Memory Foam, Deep Bass, Tangle-Free Cord - Purple",Earbud Headphones,37573,1,2,0,0,1,0,0,1,0,0,internal_oof
B0C53M6MKK,DEVICE,EARBUD_INEAR,DEVICE,0.996216,0.996216,model_device_above_threshold_with_device_subject,"Lanteso Wireless Earbuds, Bluetooth Earbuds 50H Playtime Deep Bass Loud Sound Earphones with 4 Microphones Clear Call Light-Weight Waterproof in-Ear Headphones",Earbud Headphones,58,1,3,0,0,0,0,0,1,0,0,internal_oof
B07T9H2Y3K,ACCESSORY,NOT_APPLICABLE,ACCESSORY,0.00254,0.99746,model_accessory_below_threshold_with_accessory_context,"CTYBB for Airpod Case,Silicone Airpods Case Cover with Fur Ball Keychain Compatible with Apple Airpods 2/1 (Front LED Visible) Deep Blue",Cases,24993,1,1,1,0,0,0,1,0,0,0,internal_oof
B0BRSN1LDC,DEVICE,EARBUD_INEAR,DEVICE,0.994901,0.994901,model_device_above_threshold_with_device_subject,TOZO T9 True Wireless Earbuds Environmental Noise Cancellation 4 Mic Call Noise Cancelling Headphones Deep Bass Bluetooth 5.3 Light Wireless Charging Case IPX7 Waterproof Headset Black (Renewed),Earbud Headphones,23,1,3,0,0,1,0,0,1,0,0,internal_oof
B0721MP41Q,DEVICE,EARBUD_INEAR,DEVICE,0.950271,0.950271,model_device_above_threshold_with_device_subject,"[Upgraded] Anker SoundBuds Curve Wireless Headphones, 18H Battery, IPX7 Waterproof Bluetooth Headphones, Bluetooth 5.0, Built in Mic and Carry Pouch, SweatGuard Technology for Workout, Gym, Running",Earbud Headphones,15217,1,1,0,0,0,0,0,1,0,0,internal_oof
B00JFC98UW,AMBIGUOUS,NOT_APPLICABLE,DEVICE,0.771583,0.771583,model_device_above_threshold_with_device_subject,Lighter - U2 Tr-1 Dragon Lady Plane with Headphones on Reverse (Engraved by Hip Flask Plus) - Star Int. Inc Brand,Headphones & Earbuds,1,1,1,0,0,0,0,0,0,1,0,internal_oof
B086JP6P53,ACCESSORY,NOT_APPLICABLE,ACCESSORY,0.008167,0.991833,strong_accessory_relation,"Fitlink Case for AirPods 2&1, Anti-Scratch Shock-Absorption Soft TPU Crystal Clear Case Cover for Apple AirPods 2&1 in Charging Case with Carabiner (AirPods with Wired Charging Case, Red)",Cases,382,1,1,1,1,1,0,1,0,0,0,internal_oof
B01N6DC2ZE,DEVICE,EARBUD_INEAR,DEVICE,0.98818,0.98818,model_device_above_threshold_with_device_subject,"Bluetooth Headphones, Anker SoundBuds Slim Wireless Headphones, IPX7 Waterproof, 10H Playtime, Bluetooth 5.0, Magnetic Wireless Earbuds, Bluetooth Earbuds for Workout , Sports, Running, Gym",Earbud Headphones,28754,1,2,0,0,0,0,0,1,0,0,internal_oof
B00GJ1GH9W,AMBIGUOUS,NOT_APPLICABLE,AMBIGUOUS,0.682094,0.0,no_headphone_subject_in_title,"Graphics and More African Grey - Bird Parrot Pet Home Button Stickers Fits Apple iPhone 4/4S/5/5C/5S, iPad, iPod Touch - Non-Retail Packaging - Clear",Headphones & Earbuds,1,1,0,0,0,0,0,0,0,1,0,internal_oof
B07YN5T8ZB,ACCESSORY,NOT_APPLICABLE,ACCESSORY,0.003182,0.996818,model_accessory_below_threshold_with_accessory_context,"BT21 RJ Character Plush Keychain Case Cover, Compatible with Airpod, Grey",Cases,46,1,1,0,0,0,0,1,0,0,0,internal_oof
B01BD5TX2G,ACCESSORY,NOT_APPLICABLE,ACCESSORY,0.059117,0.99,strong_accessory_relation,"[EOL] Universal Rectangle Shaped Portable Protection Hard Case for Wired, Wireless, Bluetooth Earbuds Headsets, with Inner Mesh Pocket, Strong Zipper, by Brainwavz [EOL]",Cases,104,1,2,1,1,0,0,1,0,0,0,internal_oof
B008YAX870,AMBIGUOUS,NOT_APPLICABLE,AMBIGUOUS,0.749731,0.0,no_headphone_subject_in_title,arduino bluetooth shield Arduino Bluetooth Expansion Board Green,Headphones & Earbuds,1,1,0,0,0,0,0,0,0,1,0,internal_oof
B00U60RKXE,DEVICE,EARBUD_INEAR,DEVICE,0.983006,0.983006,model_device_above_threshold_with_device_subject,"Musician's in-Ear Monitor,GranVela X6 PRO Noise-Isolating Earpbuds with Mic and Detachable Cable for DJ, Running and Sports (Red)",Earbud Headphones,40,1,1,1,0,1,0,0,1,0,0,internal_oof
B09MJDC6WS,ACCESSORY,NOT_APPLICABLE,ACCESSORY,0.025514,0.974486,model_accessory_below_threshold_with_accessory_context,"MillSO Headphone Mic Splitter, 3.5mm Headset Adapter (Microphone + Audio) 2 TRS Female to TRRS Male CTIA Stereo Jack Y Cable Compatible for Dual-Plug Gaming Headset to Xbox, PS4, Phone, Laptop, PC",Adapters,4017,1,2,0,0,2,1,1,0,0,0,internal_oof
B07G7VT8KQ,DEVICE,OVER_EAR,DEVICE,0.98656,0.98656,model_device_above_threshold_with_device_subject,"Sony WH1000XM3 Noise Cancelling Headphones, Wireless Bluetooth Over the Ear Headset – Black (2018 Version)",Over-Ear Headphones,21645,1,2,0,0,0,0,0,1,0,0,internal_oof
B00004RDAF,AMBIGUOUS,NOT_APPLICABLE,AMBIGUOUS,0.304588,0.0,no_headphone_subject_in_title,Farberware Millennium Stainless-Steel 12-Inch Nonstick Skillet,Headphones & Earbuds,3,1,0,0,0,0,0,0,0,1,0,internal_oof
B086LL8V2G,DEVICE,EARBUD_INEAR,DEVICE,0.947896,0.947896,model_device_above_threshold_with_device_subject,"JLab Go Air True Wireless Bluetooth Earbuds + Charging Case | Black | Dual Connect | IP44 Sweat Resistance | Bluetooth 5.0 Connection | 3 EQ Sound Settings Signature, Balanced, Bass Boost",Earbud Headphones,32335,1,1,0,0,1,1,0,1,0,0,internal_oof
B09XBJVB9X,DEVICE,EARBUD_INEAR,DEVICE,0.989523,0.989523,model_device_above_threshold_with_device_subject,"dbcollections Open-Ear Bluetooth Bone Conduction Sport Headphones - Sweat Resistant Wireless Earphones for Workouts and Running - Built-in Mic, with Hair Ban",Open-Ear Headphones,20,1,2,0,0,0,0,0,1,0,0,internal_oof
B073Q387S1,ACCESSORY,NOT_APPLICABLE,ACCESSORY,0.088367,0.911633,model_accessory_below_threshold_with_accessory_context,"G&V 2.5mm 4-Pole Balanced Cable, 0.78mm Custom IEM 2 Pin Connector, 1.2m, 2PIN-2BA-SL-L","Headphones, Earbuds & Accessories",4,1,1,0,0,1,0,0,0,1,0,internal_oof
B08FX6FB1S,DEVICE,EARBUD_INEAR,DEVICE,0.999576,0.999576,model_device_above_threshold_with_device_subject,APEKX Bluetooth Headphones True Wireless Earbuds with Charging Case IPX7 Waterproof Stereo Sound Earphones Built-in Mic in-Ear Headsets Deep Bass for Sport Running Black,Earbud Headphones,28108,1,4,0,0,1,1,0,1,0,0,internal_oof
B09RQLF2JY,ACCESSORY,NOT_APPLICABLE,ACCESSORY,0.005996,0.994004,model_accessory_below_threshold_with_accessory_context,"6 Pairs Memory Foam Compatible with Beats Fit Pro Ear Tips Buds, S/M/L 3 Size Replacement Cancel Noise Anti-Slip Fit in Case Comfortable No Silicone Pain Earbuds for Beat Fit Pro - Black",Earpads,237,1,1,0,0,1,0,1,0,0,0,internal_oof
B0B8YQCD8N,ACCESSORY,NOT_APPLICABLE,ACCESSORY,0.004874,0.995126,strong_accessory_relation,"Ear pads for Logitech G Pro, Comfortable & Easy to Install G Pro X Earpads Replacement Parts Compatible with Logitech G Pro/Logitech G Pro X Gaming Headset, Made of Protein Leather Memory Foam (Black)",Earpads,4,1,1,1,1,2,0,1,0,0,0,internal_oof
B08PF94LK5,ACCESSORY,NOT_APPLICABLE,ACCESSORY,0.012311,0.99,strong_accessory_relation,"for wf-1000xm3 Case, Personalized wf-1000xm3 Leather case with Carabiner, Genuine Leather Protective Case Cover Shockproof for Sony WF-1000xm3 Case Wireless Charging Case (Blank, Brown)",Cases,120,1,0,1,1,2,0,1,0,0,0,internal_oof
B004Q11VGQ,DEVICE,EARBUD_INEAR,DEVICE,0.930804,0.930804,model_device_above_threshold_with_device_subject,Digital Silence DS101A-White Analog Active Noise Cancelling Ear Buds,Headphones & Earbuds,3,1,1,0,0,0,0,0,0,1,0,internal_oof
B00ODDNPNO,DEVICE,EARBUD_INEAR,DEVICE,0.947501,0.947501,model_device_above_threshold_with_device_subject,Samsung Bluetooth Headset for Android Smartphones - Retail Packaging - Black,Headphones & Earbuds,1340,1,1,0,0,0,0,0,0,1,0,internal_oof
B01AIEFWRS,ACCESSORY,NOT_APPLICABLE,ACCESSORY,0.003474,0.996526,strong_accessory_relation,[REYTID] Hard Carry Case for Bowers & Wilkins P5 & P7 Headphones - B&W - Replacement Portable Protective Cover Pouch Bag - Headphones / Earphones,"Headphones, Earbuds & Accessories",3,1,2,1,1,0,0,0,0,1,0,internal_oof
B07D4HCTBQ,DEVICE,EARBUD_INEAR,DEVICE,0.978577,0.978577,model_device_above_threshold_with_device_subject,[True Wireless] Bakeey T12 TWS Double Bluetooth Earphones Stereo Headphone with Charging Box,Earbud Headphones,2,1,2,0,0,0,0,0,1,0,0,internal_oof
B018WD760S,AMBIGUOUS,NOT_APPLICABLE,AMBIGUOUS,0.884462,0.0,taxonomy_device_but_title_has_no_device_subject,Myerchin Knife A100 Pro White G10 Handles Offshore System Knife & Spike,Earbud Headphones,3,1,0,0,0,0,0,0,1,0,1,internal_oof
B00Y1Q5D4M,DEVICE,EARBUD_INEAR,DEVICE,0.99912,0.99912,model_device_above_threshold_with_device_subject,"Wireless Earbuds, Bluetooth Earbuds with Microphone, True Wireless Headphones, 3D Stereo Sound Headsets, Sweatproof in-Ear Sport Earphones with Portable Charging Case",Earbud Headphones,16,1,4,0,0,1,0,0,1,0,0,internal_oof
B004YKDA2C,AMBIGUOUS,NOT_APPLICABLE,AMBIGUOUS,0.886636,0.0,no_headphone_subject_in_title,"Delta 75481SN In2ition Two-in-One Shower, Satin Nickel",Headphones & Earbuds,9,1,0,0,0,0,0,0,0,1,0,internal_oof
B07R4BXXRY,DEVICE,OVER_EAR,DEVICE,0.852323,0.852323,model_device_above_threshold_with_device_subject,Sentry Bluetooth® PRO Audio Headphones,Over-Ear Headphones,9,1,1,0,0,0,0,0,1,0,0,internal_oof
B0B3HBNR2N,DEVICE,EARBUD_INEAR,DEVICE,0.990838,0.990838,model_device_above_threshold_with_device_subject,"Bluetooth Earbuds, 99H Playtime Wireless Earbuds with Mics and Charging Case for iPhone Android, Waterproof Running Headphones for Gym Yoga Workout, Hi-Fi Sound Over Ear Buds with Earhooks",Earbud Headphones,52,1,3,1,0,1,0,0,1,0,0,internal_oof
B00WUF7VUA,DEVICE,EARBUD_INEAR,DEVICE,0.978846,0.978846,model_device_above_threshold_with_device_subject,Lift Audio Micro Series Miniature Noise-Isolating In-Ear Headphones (Pink),Earbud Headphones,17,1,1,0,0,0,0,0,1,0,0,internal_oof
B00IX307N6,ACCESSORY,NOT_APPLICABLE,AMBIGUOUS,0.389079,0.0,no_headphone_subject_in_title,"Apple Certified 4 Foot 30 pin Sync and Data Cable - Compatible with iPhone 4, iPad, iPod - MFi Certified - 10 Year Warranty",Headphones & Earbuds,68,1,0,0,0,1,0,0,0,1,0,internal_oof
B01KFTE4KM,ACCESSORY,NOT_APPLICABLE,ACCESSORY,0.01297,0.99,strong_accessory_relation,M.Way 1.2M Stylish Multifunctional Replacement Upgrade Audio Cable For Sol Republic Master Tracks HD V8 V10 12 X3 Headphone red,"Headphones, Earbuds & Accessories",12,1,1,1,1,1,0,0,0,1,0,internal_oof
B07RXFSZKR,DEVICE,EARBUD_INEAR,DEVICE,0.937763,0.937763,model_device_above_threshold_with_device_subject,urBeats3 Headphones with Lightning Connector - Satin Silver - MU9A2LL/A (Renewed),Earbud Headphones,431,1,1,0,0,0,0,0,1,0,0,internal_oof
B001EZYMF4,DEVICE,EARBUD_INEAR,DEVICE,0.962283,0.962283,model_device_above_threshold_with_device_subject,"Sennheiser CX300 II CX 300 II Precision Enhanced Bass Earbuds, Black (Discontinued by Manufacturer)",Earbud Headphones,12775,1,1,0,0,0,0,0,1,0,0,internal_oof
B07GQ6JKZ4,ACCESSORY,NOT_APPLICABLE,ACCESSORY,0.172067,0.827933,model_accessory_below_threshold_with_accessory_context,"Rose Gold Cord organizer, best for In-Ear Headphones, Earbuds, Cord, Wire, Automatic Cord Manager combination, Multifunctional Organizer for protection & carry (Rose Gold)",Cases,12,1,2,0,0,1,0,1,0,0,0,internal_oof
B00EQCVTYE,AMBIGUOUS,NOT_APPLICABLE,AMBIGUOUS,0.957687,0.0,taxonomy_device_but_title_has_no_device_subject,Collegiate Cotton Broadcloth Texas A&M Fabric,Earbud Headphones,3,1,0,0,0,0,0,0,1,0,1,internal_oof
B0861D7Z1P,DEVICE,EARBUD_INEAR,DEVICE,0.991701,0.991701,model_device_above_threshold_with_device_subject,"Sony WF-XB700 EXTRA BASS True Wireless Earbuds Headset/Headphones with Mic for Phone Call Bluetooth Technology, Black",Earbud Headphones,19715,1,3,0,0,0,0,0,1,0,0,internal_oof
B0B313HBKW,DEVICE,EARBUD_INEAR,DEVICE,0.991971,0.991971,model_device_above_threshold_with_device_subject,Aictoe Wireless Earbuds Bluetooth 5.0 Headphones with 30H Cycle Playtime Built-in Mic IPX6 Waterproof Headsets with Charging Case for in-Ear Buds (Black),Earbud Headphones,38,1,4,1,0,1,1,0,1,0,0,internal_oof
B0CH1BSVDY,DEVICE,EARBUD_INEAR,DEVICE,0.992164,0.992164,model_device_above_threshold_with_device_subject,"Wireless Bluetooth Earbuds 120H Playtime Bluetooth 5.3 Ear Buds for Sports, Hi-fi Stereo Earphones with LED Display Charging Case, Headphones for Running/Workout Audifonos Bluetooth inalambricos",Earbud Headphones,576,1,4,0,0,1,0,0,1,0,0,internal_oof
B000GQ0TBS,ACCESSORY,NOT_APPLICABLE,AMBIGUOUS,0.559344,0.0,no_headphone_subject_in_title,Novophone Retro Cell Phone Handset,Headphones & Earbuds,23,1,0,0,0,0,0,0,0,1,0,internal_oof
B0087TX7HE,DEVICE,EARBUD_INEAR,DEVICE,0.93711,0.93711,model_device_above_threshold_with_device_subject,eBigValue: BLACK Sound Soft Earbud Lightweight Headphones (3.5mm Jack) and Includes an eBigValue Determination Hand Strap,Earbud Headphones,2,1,2,0,0,0,0,0,1,0,0,internal_oof
B09W42HJKL,DEVICE,OVER_EAR,DEVICE,0.993698,0.993698,model_device_above_threshold_with_device_subject,"TUINYO Bluetooth Headphones, Over Ear Stereo Wireless Headset 40H Playtime with Deep Bass,Soft Memory-Protein Earmuffs,Built-in Mic Wired Mode PC/Cell Phones-Black red",Over-Ear Headphones,18371,1,2,0,0,0,0,0,1,0,0,internal_oof
B088KNRJ8L,ACCESSORY,NOT_APPLICABLE,ACCESSORY,0.007689,0.992311,model_accessory_below_threshold_with_accessory_context,"Belkin F8V234 Speaker and Headphone 3.5 mm AUX Audio Cable Splitter,Black",Adapters,12061,1,1,0,0,1,0,1,0,0,0,internal_oof
B002W8JYW8,DEVICE,OVER_EAR,DEVICE,0.573384,0.573384,model_device_above_threshold_with_device_subject,"Califone KIDSPACK Kids Computer Peripheral Package; Includes KB1 Kids Keyboard, 2800-RD Listening First Headphone and KM100 Mouse","Headphones, Earbuds & Accessories",9,1,1,0,0,0,0,0,0,1,0,internal_oof
B0BNX56J8M,DEVICE,EARBUD_INEAR,DEVICE,0.988594,0.988594,model_device_above_threshold_with_device_subject,"Wireless Earbuds,Bluetooth 5.3 Headphones 50H Playtime LED Power Display Earphone Stereo Sound Deep Bass Crystal-Clear Calls Headset with Charging Case for Workout/Home/Office/Gym,Asnrc Ear Buds,Black",Earbud Headphones,26,1,5,1,0,1,1,0,1,0,0,internal_oof
B08G8DT219,DEVICE,EARBUD_INEAR,DEVICE,0.99693,0.99693,model_device_above_threshold_with_device_subject,"CCA CX10 True Wireless Earbuds Bluetooth,TWS 1DD+4BA Headphones Touch Control with Charging Case in Ear Headsets IPX7 Waterproof TWS Stereo Earphones, HiFi Stereo Sound for Sports (Black) …",Earbud Headphones,26,1,4,0,0,1,1,0,1,0,0,internal_oof
B08R3C97CZ,ACCESSORY,NOT_APPLICABLE,ACCESSORY,0.009177,0.990823,model_accessory_below_threshold_with_accessory_context,"USB C to 3.5mm Headphone Jack Adapter,USB Type C to 3.5mm Aux Audio Dongle Cable,Built-in DAC Chip,Compatible with Google,Samsung, Pro Huawei One Plus (Red)",Adapters,758,1,1,0,0,2,0,1,0,0,0,internal_oof
B081KZYD7L,ACCESSORY,NOT_APPLICABLE,ACCESSORY,0.001175,0.998825,model_accessory_below_threshold_with_accessory_context,Kekilo AirPods Pro Case Full Protective Silicone Cover Accessories with Keychain Compatible for Apple AirPods Pro Wirless Charing Case-Olive Green,Cases,27,1,1,0,0,0,0,1,0,0,0,internal_oof
B07DJ3FGZ1,DEVICE,EARBUD_INEAR,DEVICE,0.935192,0.935192,model_device_above_threshold_with_device_subject,2-Pack Premium Earphones/Earbuds/Headphones with Stereo Mic&Remote Control for Galaxy S7/S7 Edge and More Android Smartphones Compatible with 3.5 mm Headphone White,Earbud Headphones,97,1,3,0,0,0,0,0,1,0,0,internal_oof
B0C9HMD91B,DEVICE,EARBUD_INEAR,DEVICE,0.997666,0.997666,model_device_above_threshold_with_device_subject,"Open Ear Headphones Bluetooth 5.3 Wireless Earbuds with 800mAh Charging Case, Superior Stereo Sound Ear Buds with HD Mic for iPhone & Android, IPX6 Waterproof Open Wearable Stereo Earphones for Sports",Earbud Headphones,31,1,4,0,0,1,0,0,1,0,0,internal_oof
B08K2S5B88,DEVICE,OVER_EAR,DEVICE,0.937026,0.937026,model_device_above_threshold_with_device_subject,"ZIHNIC Bluetooth Headphones Over-Ear, Foldable Wireless and Wired Stereo Headset Micro SD/TF, FM for Cell Phone,PC,Soft Earmuffs &Light Weight for Prolonged Wearing(Black/Green)",Over-Ear Headphones,73753,1,2,0,0,0,0,0,1,0,0,internal_oof
B08PJT2GY2,DEVICE,EARBUD_INEAR,DEVICE,0.947727,0.947727,model_device_above_threshold_with_device_subject,"SAMSUNG Galaxy Watch Active 2 (40mm, GPS, Bluetooth), Aqua Black (US Version) with Galaxy Buds True Wireless Earbuds (Wireless Charging Case Included), Black – US Version",Earbud Headphones,50,1,2,0,0,1,0,0,1,0,0,internal_oof
B07CGN7B87,AMBIGUOUS,NOT_APPLICABLE,AMBIGUOUS,0.850617,0.0,taxonomy_device_but_title_has_no_device_subject,CityDreamShop Souvenir Lapel Pin for Various Occasion (Chicago),On-Ear Headphones,3,1,0,0,0,0,0,0,1,0,1,internal_oof
B003ZZITPK,DEVICE,EARBUD_INEAR,DEVICE,0.999244,0.999244,model_device_above_threshold_with_device_subject,"Wireless Earbuds, Bluetooth Earbuds with Microphone, True Wireless Headphones, 3D Stereo Sound Headsets, Sweatproof in-Ear Sport Earphones with Portable Charging Case",Earbud Headphones,16,1,4,0,0,1,0,0,1,0,0,internal_oof
B005433INO,DEVICE,ON_EAR,AMBIGUOUS,0.966172,0.0,taxonomy_device_but_title_has_no_device_subject,Skullcandy Uprock (Blue) (Discontinued by Manufacturer),On-Ear Headphones,535,1,0,0,0,0,0,0,1,0,1,internal_oof
B0B8Y6PCHV,ACCESSORY,NOT_APPLICABLE,ACCESSORY,0.009057,0.990943,strong_accessory_relation,"Zotech Replacement Earpads for Sony MDR 7506 Earpads Cushions, Noise Isolation Over Ear Headphone Pads Fit for Sony MDR V6/ MDR V7/ MDR-CD900ST Protein Leather & Memory Foam",Earpads,1,1,1,1,1,2,0,1,0,0,0,internal_oof
B08HSYXLQN,ACCESSORY,NOT_APPLICABLE,ACCESSORY,0.001128,0.998872,strong_accessory_relation,"Simple Plus+ Case for AirPods, Protective Dustproof Soft TPU AirPods Case Cover, Shockproof and Waterproof Case Cover with Keychain, Compatible with Apple AirPod 2 and 1, Front LED Visible（Sunflower）",Cases,114,1,1,1,1,0,0,1,0,0,0,internal_oof
B0C85M22Z6,DEVICE,EARBUD_INEAR,DEVICE,0.998204,0.998204,model_device_above_threshold_with_device_subject,"Wireless Earbuds, Bluetooth 5.3 Headphones in Ear with Noise Cancelling Mic, Bluetooth Earbuds Stereo Bass, IP7 Waterproof Sports Earphones, 32H Playtime USB C Charging Ear Buds Purple for Android iOS",Earbud Headphones,17072,1,4,0,0,0,0,0,1,0,0,internal_oof
B07PN138G1,DEVICE,EARBUD_INEAR,DEVICE,0.971364,0.971364,model_device_above_threshold_with_device_subject,"Bluetooth Earbud,ownta Wireless Headphones with Light Charging Case Headset Single Earbud Compatible Smartphone/iPhone 6 7 8 Plus X/iPad Samsung Android B015",Earbud Headphones,43,1,3,1,0,1,0,0,1,0,0,internal_oof
B08GKR1TKZ,DEVICE,EARBUD_INEAR,DEVICE,0.981008,0.981008,model_device_above_threshold_with_device_subject,"Twixitech G9 PRO True Wireless Earbuds, 5.0 Bluetooth Headphones with Dual Microphone-Charging Case Long Lasting 8-Hour Play, CVC8.0 Noise Reduction, IPX7 Waterproof, Powerful Bass-USB-C Fast Charging",Earbud Headphones,42,1,2,0,0,1,0,0,1,0,0,internal_oof
B07P9TGYWJ,DEVICE,EARBUD_INEAR,DEVICE,0.948142,0.948142,model_device_above_threshold_with_device_subject,"AfterShokz Trekz Titanium Open Ear Wireless Bone Conduction Headphones, Slate Grey, (AS600SG) (Renewed)",Open-Ear Headphones,24,1,1,0,0,0,0,0,1,0,0,internal_oof
B087Z9K2B4,ACCESSORY,NOT_APPLICABLE,ACCESSORY,0.058269,0.99,strong_accessory_relation,Funny Soft Case for AirPod Pro with for Charging Wireless Bluetooth Headphones (White),Cases,11,1,2,1,1,0,0,1,0,0,0,internal_oof
B0B6PH767S,DEVICE,EARBUD_INEAR,DEVICE,0.994831,0.994831,model_device_above_threshold_with_device_subject,"CCA LYRA Extra Bass Dynamic Diver HiFi in-Ear Headphones/Earphones/Earbuds, Detachable Wired in-Ear Monitor Headset for Audiphile Music/Game (with Mic, Transparent)",Earbud Headphones,2,1,5,0,0,0,0,0,1,0,0,internal_oof
B0811TSQ2W,ACCESSORY,NOT_APPLICABLE,ACCESSORY,0.000559,0.999441,model_accessory_below_threshold_with_accessory_context,"LOZA for AirPods Pro Case Protective Cover,Full Protective Anti- Scratch Headphone Case for AirPods Pro 2019,Soft Silicone Visible Front LED Skin Cover Case Compatible for Apple AirPods Pro (Gray)",Cases,51,1,2,1,0,1,0,1,0,0,0,internal_oof
B0BXM18YDP,DEVICE,EARBUD_INEAR,DEVICE,0.95655,0.95655,model_device_above_threshold_with_device_subject,"Skullcandy Sesh Evo True Wireless In-Ear Bluetooth Earbuds Compatible with iPhone and Android / Charging Case and Microphone / Great for Gym, Sports, and Gaming IP55 Water Dust Resistant - Black",Earbud Headphones,51135,1,1,0,0,1,0,0,1,0,0,internal_oof
B08TTRQTKN,DEVICE,EARBUD_INEAR,DEVICE,0.518942,0.518942,model_device_above_threshold_with_device_subject,"Earbuds Replacement for Kindle Fire,Earphone Replacement for Kindle eReaders,Fire HD 8 HD 10,Compatible with Kindle Voyage Oasis Earbuds,Compatible with Xperia in Ear Headset Android Cell Phones Wired",Earbud Headphones,239,1,3,0,0,0,0,0,1,0,0,internal_oof
B0B6W264NB,DEVICE,EARBUD_INEAR,DEVICE,0.983502,0.983502,model_device_above_threshold_with_device_subject,"Bone Conduction Headphones, Wireless Headphones Open-Ear Headphones Bluetooth 5.1 Headphones for Music&Travel&Sports",Open-Ear Headphones,2,1,1,0,0,0,0,0,1,0,0,internal_oof
B08BHPX5BR,ACCESSORY,NOT_APPLICABLE,ACCESSORY,0.004383,0.995617,model_accessory_below_threshold_with_accessory_context,"Laffav AirPods Case Silicone Protective Cover (Front LED Visible) for Women Men Compatible with Apple AirPods 2 & 1 , 2 Pack, Blue Gray and Navy Blue",Cases,12137,1,1,0,0,0,0,1,0,0,0,internal_oof
B0081YNICO,DEVICE,EARBUD_INEAR,DEVICE,0.940704,0.940704,model_device_above_threshold_with_device_subject,JVC HAFX1X Headphone Xtreme-Xplosivs,Earbud Headphones,11939,1,1,0,0,0,0,0,1,0,0,internal_oof
B074ZYJWPV,ACCESSORY,NOT_APPLICABLE,ACCESSORY,0.049507,0.950493,model_accessory_below_threshold_with_accessory_context,"20 Piece (10 Pairs) Ear Hooks Silicone Tips Covers Accessories Compatible With Apple Airpods & Earpods Headphones Earphone Earbuds, One Size Fits All (White)",Earpads,79,1,5,0,0,0,0,1,0,0,0,internal_oof
B00Q2FTQJI,DEVICE,EARBUD_INEAR,DEVICE,0.98779,0.98779,model_device_above_threshold_with_device_subject,Pink Color 3.5mm Audio Earphone Headphones Headset Earbuds Volume Control With Microphone Hands Free For LG G3 Vigor,Earbud Headphones,4,1,4,0,0,0,0,0,1,0,0,internal_oof
B09TFM1SFQ,DEVICE,EARBUD_INEAR,DEVICE,0.999263,0.999263,model_device_above_threshold_with_device_subject,"pamu Wireless Earbuds Active Noise Cancelling Earbuds Bluetooth Headphones 5.2 with Charging case, ANC Earphones with Built-in Mic,ENC Call Noise Reduction Headset,Smart Touch,Deep Bass TWS Black",Earbud Headphones,115,1,4,0,0,1,1,0,1,0,0,internal_oof
B09MNG5JKY,DEVICE,EARBUD_INEAR,DEVICE,0.997656,0.997656,model_device_above_threshold_with_device_subject,Glumes 3.5mm In-Ear Wired Earphones Super Bass Wired Earbuds with Microphone Headphones HiFi Stereo Noise Isolating Ergonomic Sport Earphones Compatible with Smartphones (Black),Earbud Headphones,1,1,3,0,0,0,0,0,1,0,0,internal_oof
B097T9KD78,DEVICE,EARBUD_INEAR,DEVICE,0.998787,0.998787,model_device_above_threshold_with_device_subject,"Wireless Earbuds,TWS Bluetooth Headphones Stereo Sound Earphones Wireless Earbuds with Charging Case Noise Cancelling IPX6 Waterproof Bluetooth Earphones with Mic Touch Control LED Display (White)",Earbud Headphones,190,1,3,0,0,1,1,0,1,0,0,internal_oof
B0814LJYJ2,ACCESSORY,NOT_APPLICABLE,ACCESSORY,0.001044,0.998956,strong_accessory_relation,"Miracase Upgrade Cover for Airpods Pro Case, Triple Layer Protective Liquid Silicone Case for AirPods Pro Charging Case, 2019 Release LED Visible Shockproof Soft Skin Friendly Silicone Case (Green)",Cases,14515,1,1,1,1,2,0,1,0,0,0,internal_oof
B01N2HTY98,ACCESSORY,NOT_APPLICABLE,AMBIGUOUS,0.008049,0.0,no_headphone_subject_in_title,"Perfect Bar - Maple Almond - 2.3 oz, Case of 8",Adapters,9,1,0,0,0,0,0,1,0,0,0,internal_oof
B07QBP3MDP,DEVICE,EARBUD_INEAR,DEVICE,0.994645,0.994645,model_device_above_threshold_with_device_subject,Xawy Earbuds 3.5MM Metal in-Ear Wired Headphones Noise Cancelling Earbuds for Phone/Galaxy S9/S8/Note8/Android with Mic Hands-Free Earphones,Earbud Headphones,12,1,3,0,0,0,0,0,1,0,0,internal_oof
B09BVMCP8G,ACCESSORY,NOT_APPLICABLE,ACCESSORY,0.008297,0.991703,model_accessory_below_threshold_with_accessory_context,"KAKUYI (Luminous Skull) for Airpods 1/2 Case Cover Soft Silicone, 3D Cute Cartoon Animal Character Kawaii Fashion Cover Funny Protective Case, Anime Design with Keychain for Kids Teens Boys Girls",Cases,220,1,1,0,0,1,0,1,0,0,0,internal_oof
B09K386DJ9,DEVICE,EARBUD_INEAR,DEVICE,0.996226,0.996226,model_device_above_threshold_with_device_subject,"VOSON True Wireless Stereo Earbuds for Sport, Bluetooth in-Ear Running Headphone Deep Bass with Charging Case Type-C Port Built-in Microphone IPX5 Waterproof 36H Playback for Workout Exercise",Earbud Headphones,34,1,2,0,0,1,1,0,1,0,0,internal_oof
B08KDDPK6Q,DEVICE,EARBUD_INEAR,DEVICE,0.998586,0.998586,model_device_above_threshold_with_device_subject,"HEYKING Wireless Earbuds, Bluetooth 5.0 in Ear Headphones Wireless Charging Case TWS Earphones with Mic, Deep Bass/IPX4 Waterproof/42H Playtime/Touch Control,Black",Earbud Headphones,7,1,3,0,0,1,0,0,1,0,0,internal_oof
B09VGSF859,ACCESSORY,NOT_APPLICABLE,ACCESSORY,0.009715,0.990285,strong_accessory_relation,"JARMOR Replacement Memory Foam & Protein Leather Ear Cushion Pads Cover for Razer Kraken X, Kraken X Ultralight, Kraken X Lite Over-Ear Headphones ONLY - Oval ( Pink )",Earpads,1,1,1,1,1,1,0,1,0,0,0,internal_oof
B07N759FCZ,DEVICE,EARBUD_INEAR,DEVICE,0.999395,0.999395,model_device_above_threshold_with_device_subject,Ectreme Earbuds Ear Buds in Ear Headphones Wired Earphones with Microphone Mic Stereo and Volume Control Waterproof Wired Earphone J01,Earbud Headphones,13,1,4,0,0,0,0,0,1,0,0,internal_oof
B00IDR8KRW,DEVICE,EARBUD_INEAR,DEVICE,0.986136,0.986136,model_device_above_threshold_with_device_subject,White Stereo Headset Earphones with Remote and Mic Microphone for iPad 3 2 iPhone 3/3S 4/4S,Headphones & Earbuds,1,1,2,0,0,0,0,0,0,1,0,internal_oof
B09BNVYY7C,DEVICE,EARBUD_INEAR,DEVICE,0.989576,0.989576,model_device_above_threshold_with_device_subject,"OnePlus Buds Z - True Wireless in-Ear Earbuds with Charging Case, White – Fast Charging, Deep Bass, Comfortable and Lightweight, IP55 (Renewed)",Earbud Headphones,16,1,1,0,0,1,1,0,1,0,0,internal_oof
B07LH21GR2,DEVICE,OVER_EAR,DEVICE,0.994398,0.994398,model_device_above_threshold_with_device_subject,"PowerLocus P3 Wireless Bluetooth Headphones Over-Ear, [40h Playtime, Bluetooth 5.0] Foldable Stereo Wireless/Wired Headphone Over Ear with Mic Deep Bass Headset for iOS/Android/Laptop/PC/TV - White",Over-Ear Headphones,11216,1,2,0,0,0,0,0,1,0,0,internal_oof
B0078JSD1E,DEVICE,EARBUD_INEAR,DEVICE,0.86385,0.86385,model_device_above_threshold_with_device_subject,Altec Lansing MZX236MICMW Bliss Headphones - Blue,Headphones & Earbuds,14,1,1,0,0,0,0,0,0,1,0,internal_oof
B08CR1MSCD,ACCESSORY,NOT_APPLICABLE,ACCESSORY,0.001922,0.998078,model_accessory_below_threshold_with_accessory_context,"CTYBB for Airpod Case, Silicone Airpods Case Cover with Fur Ball Keychain Compatible with Apple Airpods 2/1 (Front LED Visible) Apricot Red.",Cases,24855,1,1,1,0,0,0,1,0,0,0,internal_oof
B08TQVJP44,ACCESSORY,NOT_APPLICABLE,ACCESSORY,0.000314,0.999686,strong_accessory_relation,"Hard Cover Case with Design Compatible for Airpods Pro, Gninatgo Luxury PU Protective Cover Case for Air Pods 3 Charging Case, Portable & Shockproof Case Skin Cover with Keychain (Brown)",Cases,7,1,1,1,1,2,0,1,0,0,0,internal_oof
B00MFHNGHU,DEVICE,EARBUD_INEAR,DEVICE,0.908276,0.908276,model_device_above_threshold_with_device_subject,"Adidas Sport Response by Monster Earbuds, Olive Green (Discontinued by Manufacturer)",Headphones & Earbuds,70,1,1,0,0,0,0,0,0,1,0,internal_oof
B07MC75D6D,ACCESSORY,NOT_APPLICABLE,ACCESSORY,0.002617,0.997383,model_accessory_below_threshold_with_accessory_context,"Airpods Case, Music tracker Protective Thicken Airpods Cover Soft Silicone Chargeable Headphone Case with Anti-Lost Carabiner for Apple Airpods 1&2 Charging Case (Pink)",Cases,20806,1,2,1,0,1,0,1,0,0,0,internal_oof
B0B1T59VHW,DEVICE,EARBUD_INEAR,DEVICE,0.997741,0.997741,model_device_above_threshold_with_device_subject,"Wireless Earbud, Bluetooth 5.2 Headphones with ENC HD Mic, Bluetooth Earphones with Deep Bass, Bluetooth Earbud in Ear Noise Cancelling, 40H Wireless Headphones IP7 Ear Buds, White[2022 Upgrade]",Earbud Headphones,11300,1,4,0,0,0,0,0,1,0,0,internal_oof
B00HDZ5GBS,ACCESSORY,NOT_APPLICABLE,ACCESSORY,0.205357,0.99,strong_accessory_relation,"CARDAS AUDIO CLEAR Audiophile Headphone Cable for HIFIMAN HE500 HE400 HE300 HE6 HE4 HE5 - 9ft (2.8m) cord with 1/4"" Plug","Headphones, Earbuds & Accessories",1,1,1,1,1,2,0,0,0,1,0,internal_oof
B08LD4W3PS,ACCESSORY,NOT_APPLICABLE,ACCESSORY,0.065374,0.99,strong_accessory_relation,RGB Headphone Stand with USB Charger KAFRI Desk Gaming Headset Holder Hanger Rack with 2 USB Charging Ports and 2 Outlet - Suitable for Gamer Desktop Table Game Earphone Accessories Boyfriend Gift,"Headphones, Earbuds & Accessories",346,1,3,1,1,2,0,0,0,1,0,internal_oof
B09NNGHT9R,ACCESSORY,NOT_APPLICABLE,ACCESSORY,0.00483,0.99517,strong_accessory_relation,VEKEFF Replacement Ear Pads Cushion for Mpow H5 Noise Cancelling Headphones,Earpads,6,1,1,1,1,1,0,1,0,0,0,internal_oof
B018802NUS,DEVICE,EARBUD_INEAR,DEVICE,0.921838,0.921838,model_device_above_threshold_with_device_subject,"White in-Ear Retractable Stereo Headset with Mic for Samsung Galaxy Tab S 10.5, 8.4 - Galaxy Tab A, Tab S2 8.0, 9.7 - Galaxy Tab 4 7.0, 8.0, 10.1 SM-T530 - Tab PRO 10.1 SM-T520",Earbud Headphones,1,1,1,0,0,0,0,0,1,0,0,internal_oof
B00UZLEVRC,DEVICE,EARBUD_INEAR,DEVICE,0.950966,0.950966,model_device_above_threshold_with_device_subject,TOUGH TESTED Noise-Isolating Wired Headset - Retail Packaging,Headphones & Earbuds,70,1,1,0,0,0,0,0,0,1,0,internal_oof
B0B75WJ2VX,DEVICE,EARBUD_INEAR,DEVICE,0.986857,0.986857,model_device_above_threshold_with_device_subject,"Altec Lansing NanoBuds True Wireless Earbuds with Charging Case, IPX4 Waterproof, Dual Mic, 30 Hours Playtime – Sports in Ear Earphones for iPhone & Android (ICY Blue) (Renewed)",Earbud Headphones,15,1,2,0,0,1,1,0,1,0,0,internal_oof
B00F9PXNCS,AMBIGUOUS,NOT_APPLICABLE,AMBIGUOUS,0.69564,0.0,no_headphone_subject_in_title,"TIRIO Paul v&m uw World Blow Gives, Glitter Jim",Headphones & Earbuds,1,1,0,0,0,0,0,0,0,1,0,internal_oof
B093DRDSSF,ACCESSORY,NOT_APPLICABLE,ACCESSORY,0.000885,0.999115,strong_accessory_relation,"Leather Case for AirTags,Tracker Holder with Keychain Protective Cover Compatible, Easy Carry Keys, Backpacks.Custom design -11",Cases,2,1,0,1,1,1,0,1,0,0,0,internal_oof
B07SCR4FL1,DEVICE,EARBUD_INEAR,DEVICE,0.963377,0.963377,model_device_above_threshold_with_device_subject,"Kygo Life E7/900 | Bluetooth Earbuds with Charging Case, IPX7 Waterproof Rating, Built-in Microphone, Autopairing with Comply Foam Tips (White)",Earbud Headphones,20,1,1,0,0,1,1,0,1,0,0,internal_oof
B08N12M75L,ACCESSORY,NOT_APPLICABLE,ACCESSORY,0.066397,0.933603,model_accessory_below_threshold_with_accessory_context,"KEPULU 3.5mm Headphone Extension Cord, ProAudioLine [Strong-Braided Lossless Sound] TRRS Extender Cable 4-Pole Male to Female 1/8"" Audio Cable, Headset with Microphone Extension Cable (4ft/1.2m)",Extension Cords,326,1,2,0,0,2,0,1,0,0,0,internal_oof
B09644ZV14,DEVICE,EARBUD_INEAR,DEVICE,0.963081,0.963081,model_device_above_threshold_with_device_subject,"Azpen NVEE Pro Upgraded True Wireless Earbuds, Waterproof, Ergonomic Stay in Design, Rich Sound and Heavy Bass, with Easy Pairing",Earbud Headphones,26,1,1,0,0,0,0,0,1,0,0,internal_oof
B07776ZLCX,DEVICE,ON_EAR,DEVICE,0.91469,0.91469,model_device_above_threshold_with_device_subject,Claire's Girl's Hematite Cat Ear Headphones,Headphones & Earbuds,5,1,1,0,0,0,0,0,0,1,0,internal_oof
B001BKFMZ6,DEVICE,EARBUD_INEAR,DEVICE,0.961031,0.961031,model_device_above_threshold_with_device_subject,Samsung WEP 301 Bluetooth Headset (Silver),Headphones & Earbuds,132,1,1,0,0,0,0,0,0,1,0,internal_oof
B088KL796R,DEVICE,EARBUD_INEAR,DEVICE,0.97427,0.97427,model_device_above_threshold_with_device_subject,"Monster Wireless Earbuds,Super Fast Charge,Bluetooth 5.0 in-Ear Stereo Headphones with USB-C Charging Case,Built-in Mic for Clear Calls,Water Resistant Design for Sports,Black.",Earbud Headphones,3471,1,2,0,0,1,0,0,1,0,0,internal_oof
B00P6SR8LK,DEVICE,EARBUD_INEAR,DEVICE,0.981943,0.981943,model_device_above_threshold_with_device_subject,Sony Premium Active Series Lightweight Water-Resistant Extra Bass Noise-Cancelling Earbud Headphones with in-line Microphone and Remote for Apple/Android Smartphone (Orange),Earbud Headphones,14,1,2,0,0,0,0,0,1,0,0,internal_oof
B0B2Q7RYCH,ACCESSORY,NOT_APPLICABLE,ACCESSORY,0.003828,0.996172,strong_accessory_relation,"DAYJOY Soft Silicone case Compatible with Sennheiser Momentum True Wireless 3 Earbuds, Portable Protective Shockproof Scratch Resistant Carrying Case Cover Sleeve with Carabiner Accessories (Black)",Cases,11,1,1,1,1,1,0,1,0,0,0,internal_oof
B00NQRXYQG,DEVICE,EARBUD_INEAR,DEVICE,0.955866,0.955866,model_device_above_threshold_with_device_subject,digitsea Slouchy Beanie Slouch Skull Hat Ski Snowboard Fleece Hat Cap Keeps You Comfortable and Warm From Sports to Sleep with Built-in Removable Stereo Headset Earbuds Headphones Earphones Earpods 3.5mm (Medium - One Size Fits Most),Headphones & Earbuds,2,1,5,0,0,0,0,0,0,1,0,internal_oof
B00BSGOVPA,DEVICE,EARBUD_INEAR,DEVICE,0.994392,0.994392,model_device_above_threshold_with_device_subject,ZAGG Six Earbuds with Microphone - Yellow/Black,Earbud Headphones,81,1,1,0,0,0,0,0,1,0,0,internal_oof
B09QGZXLKL,ACCESSORY,NOT_APPLICABLE,ACCESSORY,0.004092,0.995908,model_accessory_below_threshold_with_accessory_context,Magnetic Anti-Lost Straps AirPods Necklace Lanyard String Cord for Neck - Accessories Compatible with Airpods Pro/2/1 (Gold String),Cases,6,1,1,1,0,1,0,1,0,0,0,internal_oof
B079TY6P5H,AMBIGUOUS,NOT_APPLICABLE,AMBIGUOUS,0.527951,0.0,no_headphone_subject_in_title,Brittany Cable Needles (3-Pack) 4134 (3 Pack),Headphones & Earbuds,6,1,0,0,0,1,0,0,0,1,0,internal_oof
B0BLWFMGNY,DEVICE,OVER_EAR,DEVICE,0.955222,0.955222,model_device_above_threshold_with_device_subject,"Bluetooth Beanie Hat with LED Light & Headphones, Built-in Microphone & Stereo Speakers 2022 Upgraded Rechargeable Music Knitted Hat, Unique Christmas Birthday Gifts for Men Women Black",Over-Ear Headphones,6,1,1,0,0,0,0,0,1,0,0,internal_oof
B091JQ19Y7,DEVICE,EARBUD_INEAR,DEVICE,0.991398,0.991398,model_device_above_threshold_with_device_subject,"SGNics Wireless Earbuds Bluetooth 5.1 Headphones Compatible with Samsung Galaxy A71 5G UW, IPX7 Waterproof TWS Stereo Headphones in Ear Built in Mic Headset",Earbud Headphones,26,1,3,0,0,0,0,0,1,0,0,internal_oof
B01N1P655C,DEVICE,EARBUD_INEAR,DEVICE,0.961409,0.961409,model_device_above_threshold_with_device_subject,"JBL E15 Earbuds, Teal (Jble15tel)",Earbud Headphones,17,1,1,0,0,0,0,0,1,0,0,internal_oof
B007JT480S,DEVICE,EARBUD_INEAR,DEVICE,0.966929,0.966929,model_device_above_threshold_with_device_subject,Black 3.5mm Stereo Ear Headphone Headset Earphone For Apple iPhone iPod,Headphones & Earbuds,5,1,3,0,0,0,0,0,0,1,0,internal_oof
B09Q5KT4GW,ACCESSORY,NOT_APPLICABLE,ACCESSORY,0.007253,0.992747,strong_accessory_relation,Lupct Case for Airpod 3 3rd Generation Fashion Funny Fun Cartoon Silicone Designer Design Cute 3D Cool Stylish Trendy for Kids Men Boys Teens Girls Air pods 3 (2021) Soft Skin Cover (Brown Football),Cases,8,1,1,1,1,1,0,1,0,0,0,internal_oof
B08K4B7986,ACCESSORY,NOT_APPLICABLE,ACCESSORY,0.008025,0.991975,model_accessory_below_threshold_with_accessory_context,Replacement Ear-Pads Cushions for Bose NC-700 Noise Cancelling Headphones 700 (Black),Earpads,25,1,1,0,0,0,0,1,0,0,0,internal_oof
B08QF5SKT7,DEVICE,EARBUD_INEAR,DEVICE,0.998211,0.998211,model_device_above_threshold_with_device_subject,"Olyre True Wireless Earbuds with Microphone, TS10 Bluetooth 5.1 Earphones with Charging Case LED Display Touch Control Stereo Deep Bass Waterproof Cordless in-Ear Headphones Buds for Men Women - Blue",Earbud Headphones,55,1,3,0,0,1,1,0,1,0,0,internal_oof
B00KYUI846,DEVICE,NEEDS_REVIEW,DEVICE,0.945396,0.945396,model_device_above_threshold_with_device_subject,"MiiKey Rhythm Pro White/Red Wireless Bluetooth 4.0,NFC,Multi-connect Headphone with Microphone & HD Audio",Headphones & Earbuds,7,1,1,0,0,0,0,0,0,1,0,internal_oof
B00DQCV7KQ,DEVICE,ON_EAR,DEVICE,0.981313,0.981313,model_device_above_threshold_with_device_subject,iDeaUSA AtomicX Wireless Headphone On Ear Headphone 3D Surround Stereo Bluetooth Headset HD Heads-Free Calling Wireless Headset with Mic & Carrying Case (Black),Headphones & Earbuds,43,1,2,0,0,1,0,0,0,1,0,internal_oof
B0BPXQMDF8,ACCESSORY,NOT_APPLICABLE,ACCESSORY,0.002575,0.997425,model_accessory_below_threshold_with_accessory_context,"[14 in 1 Set] for AirPods Pro 2nd Generation Case Cover, Silicone Airpod Pro 2 Case Cover for Men Women with Lanyard, Shock-Absorbing Protective Case for AirPods Pro 2nd Generation 2022 - Purple",Cases,34,1,1,1,0,1,0,1,0,0,0,internal_oof
B08LKNR5SX,ACCESSORY,NOT_APPLICABLE,ACCESSORY,0.002108,0.997892,model_accessory_below_threshold_with_accessory_context,"Witzon Compatible with Samsung Galaxy Buds Pro Case 2021 / Galaxy Buds Live Case Cover with Keychain, TPU Shockproof Protective Hard Case for Galaxy Wireless Earbuds Carrying Case Accessories Green",Cases,908,1,2,1,0,1,0,1,0,0,0,internal_oof
B089GQTR3Y,ACCESSORY,NOT_APPLICABLE,ACCESSORY,0.469338,0.99,strong_accessory_relation,"6amLifestyle Foldable Headphone Stand Hanger Hook Under Desk with Cable Organizer Save Space Metal Headset Holder Clamp for Universal Wireless and Wired Headphones Gaming PC Headsets, 6A-1203BK",Over-Ear Headphones,2081,1,2,1,1,3,0,0,1,0,0,internal_oof
B088ZMZJSR,DEVICE,EARBUD_INEAR,DEVICE,0.997029,0.997029,model_device_above_threshold_with_device_subject,"Wireless Earbuds, Wireless Headphones Besunny Bluetooth 5.0 Earbuds with USB-C Charging Case, Bluetooth Earbuds Waterproof True Wireless Earbuds, Built-in Mic Bluetooth Headphones (1Pair, Red)",Earbud Headphones,68,1,2,0,0,1,0,0,1,0,0,internal_oof
B000YMPXE2,DEVICE,EARBUD_INEAR,DEVICE,0.94331,0.94331,model_device_above_threshold_with_device_subject,Plantronics Explorer 220 Bluetooth Headset [Bulk Packaging],Headphones & Earbuds,289,1,1,0,0,0,0,0,0,1,0,internal_oof
B003VSCEWA,DEVICE,ON_EAR,DEVICE,0.978975,0.978975,model_device_above_threshold_with_device_subject,Softcomm C-200 Headset,On-Ear Headphones,1,1,1,0,0,0,0,0,1,0,0,internal_oof
B0BBFSTTVH,ACCESSORY,NOT_APPLICABLE,ACCESSORY,0.169678,0.830322,model_accessory_below_threshold_with_accessory_context,"Earbuds Carrying Case, SUNGUY【2Pack, Green+Purple】 Small Oval Storage Cases, Portable Storage Earbud Pouch Bag for Earbuds, in-Ear Headphones, Earphones, Headsets, Hearing Aids, USB Charging Cable",Cases,1411,1,4,1,0,2,0,1,0,0,0,internal_oof
B07R4G596M,ACCESSORY,NOT_APPLICABLE,ACCESSORY,0.003491,0.996509,model_accessory_below_threshold_with_accessory_context,"Airpod Case, ifctn Ultra-Thin Portable & Protective Liquid Silica Rubber Cover Case Accessories Compatible with Apple Airpods 2 &1(Black)",Cases,2,1,1,0,0,0,0,1,0,0,0,internal_oof
B08D8HYZWZ,DEVICE,EARBUD_INEAR,DEVICE,0.874469,0.874469,model_device_above_threshold_with_device_subject,Earphone w Mic Wired Mono Headphone for Galaxy A01 A10e A11 A21 A20 A50 A51 A71 - Headset 3.5mm Single Earbud Hands-Free Compatible with Samsung Galaxy A71 5G A51 A50 A21 A20 A11 A10e A01,Earbud Headphones,7,1,4,1,0,0,0,0,1,0,0,internal_oof
B08P7J5JTM,DEVICE,EARBUD_INEAR,DEVICE,0.943606,0.943606,model_device_above_threshold_with_device_subject,"ASTRUM ET320 Earbuds – True Wireless Earbuds with Type-C Charging Case, Bluetooth V5.1 Earbuds with a Comfortable, Secure Fit, Long Battery Life, Great Sound, Auto Pair & Touch Control - Black",Earbud Headphones,18,1,1,0,0,1,0,0,1,0,0,internal_oof
B00XCVSQIW,DEVICE,EARBUD_INEAR,DEVICE,0.98241,0.98241,model_device_above_threshold_with_device_subject,"Sentry Industries HPXHM800 Black Diamond Headphones Digital Stereo Sound with Microphone,LYSB00XCVSQIW-ELECTRNCS",Earbud Headphones,26,1,1,0,0,0,0,0,1,0,0,internal_oof
B005HYRQ74,DEVICE,EARBUD_INEAR,DEVICE,0.935695,0.935695,model_device_above_threshold_with_device_subject,Stereo Headset/ Headphone for PANTECH Pursuit II P6010 (Black),Headphones & Earbuds,12,1,2,0,0,0,0,0,0,1,0,internal_oof
B003T0TG1M,DEVICE,OVER_EAR,DEVICE,0.860724,0.860724,model_device_above_threshold_with_device_subject,"Skullcandy Hesh Headphones - 2011 Lurker Poison (2010 Color), One Size",Headphones & Earbuds,15,1,1,0,0,0,0,0,0,1,0,internal_oof
B092VWL8QP,DEVICE,EARBUD_INEAR,DEVICE,0.994127,0.994127,model_device_above_threshold_with_device_subject,Kuopry [𝐀𝐩𝐩𝐥𝐞 MFi Certified] 𝐀𝐢𝐫𝐏𝐨𝐝𝐬 Pro Wireless Earbuds Wireless Headphones Bluetooth Headphones with Microphone Charging Case in-Ear Hi-Fi Stereo Headsets for iPhone/Android (White),Earbud Headphones,331,1,3,0,0,1,0,0,1,0,0,internal_oof
B01D3QZ8EK,DEVICE,EARBUD_INEAR,DEVICE,0.99073,0.99073,model_device_above_threshold_with_device_subject,"Symphonized Wired Earbuds with Microphone - Noise Isolating Headphones with Wire, Ear Buds with Wire, Headphones with Microphone for Computer, Corded Earbuds, Travel Headphones 3.5mm Graduation Gift",Earbud Headphones,16592,1,3,0,0,0,0,0,1,0,0,internal_oof
B085WX9CMD,ACCESSORY,NOT_APPLICABLE,ACCESSORY,0.002263,0.997737,strong_accessory_relation,"Geekria Leather Case Cover Compatible with Huawei FreeBuds 3 True Wireless Earbuds Protective Charger Carrying Case, Wireless Earphones Skin Cover with Keychain Hook, Charging Port Accessible",Cases,39,1,2,1,1,2,0,1,0,0,0,internal_oof
B082SL6SGQ,ACCESSORY,NOT_APPLICABLE,ACCESSORY,0.003403,0.996597,model_accessory_below_threshold_with_accessory_context,"AirPods Case Cover, Zora Shockproof Protective Soft TPU Clear Apple Air Pods 1&2 Cover Case (Front LED Visible) Headphone Case with Cute Fur Ball Anti-Lost Keychain for Girls (Airpods 2, White)",Cases,2983,1,2,1,0,0,0,1,0,0,0,internal_oof
B001EZYMRM,DEVICE,EARBUD_INEAR,DEVICE,0.962283,0.962283,model_device_above_threshold_with_device_subject,"Sennheiser CX300 II CX 300 II Precision Enhanced Bass Earbuds, Black (Discontinued by Manufacturer)",Earbud Headphones,12750,1,1,0,0,0,0,0,1,0,0,internal_oof
B0C43MXC4D,DEVICE,EARBUD_INEAR,DEVICE,0.972726,0.972726,model_device_above_threshold_with_device_subject,BByogooz Earbuds for Kids with Storage Case Cute Kids Earbud with Mic Microphone for School Wired in-Ear Headphones for Girls Boys Adultskids Earbuds (Pink Unicorn),Earbud Headphones,68,1,2,0,0,1,0,0,1,0,0,internal_oof
B078TL95G1,ACCESSORY,NOT_APPLICABLE,ACCESSORY,0.078931,0.99,strong_accessory_relation,"iPhone 11 Case with HD Screen Protector(6.1 Inch), Atump 360° Rotation Ring Holder Kickstand [Work with Magnetic Car Mount] PC+ TPU Phone Case for Apple iPhone 11(2019), Purple2",Earbud Headphones,6,1,0,1,1,2,0,0,1,0,1,internal_oof
B07ZVRWPHS,ACCESSORY,NOT_APPLICABLE,ACCESSORY,0.004023,0.995977,strong_accessory_relation,HATALKIN Case Compatible with Airpods Pro Case Premium Silicone Airpod Pro Case Protective Cover for Airpods Pro/Airpods 3 (Front LED Visible) (Won't Affect Wireless Charging) (Yellow),Cases,40,1,1,1,1,0,0,1,0,0,0,internal_oof
B076LHT7VJ,DEVICE,EARBUD_INEAR,DEVICE,0.990441,0.990441,model_device_above_threshold_with_device_subject,Sports Headphones in-Ear Monitor Earphones with Noise Isolating Earbuds Wave Style Detachable Cable for ipad iPhone Android Smartphone MP3 Players,Earbud Headphones,18,1,4,1,0,1,0,0,1,0,0,internal_oof
B08JMC3DC3,ACCESSORY,NOT_APPLICABLE,ACCESSORY,0.007181,0.992819,model_accessory_below_threshold_with_accessory_context,"Generic Compatible with Airpods 1/2 Case Cover,3D Cute Cartoon Fun Fashion Stylish Avatar Design for Kids Teens Boys Character Skin Keychain Airpod,Cases for Air pods 1 and 2 Helmet",Cases,8,1,1,0,0,1,0,1,0,0,0,internal_oof
B00P8C366K,ACCESSORY,NOT_APPLICABLE,ACCESSORY,0.249298,0.99,strong_accessory_relation,Alienwork Case for iPad Mini 1/2/3 Carrying Bag Folio Cover Sleeve Outdoor Felt gray ADM18-02,Earbud Headphones,1,1,0,1,1,0,0,0,1,0,1,internal_oof
B07W85BMZK,ACCESSORY,NOT_APPLICABLE,ACCESSORY,0.002238,0.997762,strong_accessory_relation,"Fironst Case Cover for Powerbeats Pro, Shockproof Earpods Case Cover, Scratch Resistant Protective Silicone Cover, Compatible with Beats Powerbeats Pro 2019 (Ice Sea Blue)",Cases,150,1,1,1,1,0,0,1,0,0,0,internal_oof
B0040J52MI,DEVICE,EARBUD_INEAR,AMBIGUOUS,0.897565,0.0,no_headphone_subject_in_title,Plantronics 82680-07 240/r Explorer Hdset Us Rs,Headphones & Earbuds,2,1,0,0,0,0,0,0,0,1,0,internal_oof
B08343WLBT,ACCESSORY,NOT_APPLICABLE,ACCESSORY,0.002338,0.997662,model_accessory_below_threshold_with_accessory_context,"Laffav AirPods Case Cover Silicone Protective Case Skin for Apple AirPods 2 & 1 (Front LED Visible), 2 Pack, Lavender, Turquoise",Cases,12175,1,1,1,0,2,0,1,0,0,0,internal_oof
B008F2WW3S,DEVICE,EARBUD_INEAR,DEVICE,0.990374,0.990374,model_device_above_threshold_with_device_subject,Maxell 190282 Stereo Earbud (No Mic) - Blue,Earbud Headphones,8,1,1,0,0,0,0,0,1,0,0,internal_oof
B004CFDC3G,DEVICE,EARBUD_INEAR,DEVICE,0.949972,0.949972,model_device_above_threshold_with_device_subject,Sony Ericsson WHITE MW600 Hi-Fi Wireless Headset with FM Radio in Retail Packaging,Headphones & Earbuds,4,1,1,0,0,0,0,0,0,1,0,internal_oof
B08W89Y1F4,DEVICE,EARBUD_INEAR,DEVICE,0.988908,0.988908,model_device_above_threshold_with_device_subject,"Volkano Wireless Sport Earbuds with Ear Hooks, 24-Hr Playtime Bluetooth 5.0 Earphones TWS Sweatproof Headset, Wireless Earphones w/Mic & Charging Case, Ideal for Running Workout - Sprint 2.0 Series",Earbud Headphones,8,1,3,0,0,1,0,0,1,0,0,internal_oof
B08BLL5YPY,DEVICE,EARBUD_INEAR,DEVICE,0.987056,0.987056,model_device_above_threshold_with_device_subject,DRON TOOON Wireless Bluetooth Headphones 5.0，HD Stereo Sound Wireless Headset，Automatic Pairing，Noise Canceling，with 3000mAh Charging Case ，Long Playtime，Built-in Mic for Work/Running/Travel/Gym,Earbud Headphones,17,1,2,0,0,1,0,0,1,0,0,internal_oof
B00U60RJOO,DEVICE,EARBUD_INEAR,ACCESSORY,0.987688,0.99,strong_accessory_relation,"GranVela X6 PRO Hi Fidelity Noise-Isolating Earpbuds with Mic and Detachable Cable for DJ, Running and Sports -Musician's in-Ear Monitor- (Blue)",Earbud Headphones,26,1,1,1,1,1,0,0,1,0,0,internal_oof
B0BYJGJPQ4,DEVICE,EARBUD_INEAR,DEVICE,0.996272,0.996272,model_device_above_threshold_with_device_subject,Xiaomi Mi True Wireless Basic S Bluetooth 5.0 Headphones Stereo Bass with Microphone AI Control Hands-free Headphones Black （Global Version）,Earbud Headphones,12023,1,1,0,0,0,0,0,1,0,0,internal_oof
B011EV74L6,ACCESSORY,NOT_APPLICABLE,DEVICE,0.687082,0.687082,model_device_above_threshold_with_device_subject,TYLT 3.5mm Headphone Splitter for Smartphones and Tablets - Red,Headphones & Earbuds,5,1,1,0,0,0,0,0,0,1,0,internal_oof
B0038YSA0W,DEVICE,EARBUD_INEAR,DEVICE,0.969279,0.969279,model_device_above_threshold_with_device_subject,New Premium Quality Stereo Handsfree Headset Headphone Earphone with Built-in Microphone Remote (White) for Apple Ipod Iphone 4 3G 3GS [SmackTom Packaging],Earbud Headphones,68,1,3,0,0,0,0,0,1,0,0,internal_oof
B00MMLXI4A,DEVICE,OVER_EAR,DEVICE,0.938552,0.938552,model_device_above_threshold_with_device_subject,Pioneer SE-MJ502-K Fully Enclosed Dynamic Headphone,Over-Ear Headphones,20,1,1,0,0,0,0,0,1,0,0,internal_oof
B078TD9J2H,ACCESSORY,NOT_APPLICABLE,ACCESSORY,0.005163,0.994837,strong_accessory_relation,Xberstar Silicone Shock Proof Protective Case Sleeve Skin Cover for AirPods True Wireless Headphone Charging Box (Pink),Cases,5,1,2,1,1,2,0,1,0,0,0,internal_oof
B01C0LGT60,AMBIGUOUS,NOT_APPLICABLE,ACCESSORY,0.50638,0.99,strong_accessory_relation,"Tapestry Design Plush Eyeglass Stand Holder with Cleaning Cloth, (Beige Lining)",Earbud Headphones,14,1,0,1,1,2,0,0,1,0,1,internal_oof
B078W59H72,ACCESSORY,NOT_APPLICABLE,ACCESSORY,0.836121,0.99,strong_accessory_relation,Hard EVA Travel Red Case for Bluedio T4 / T5 (Turbine) Active Noise Cancelling Over-Ear Swiveling Wireless Bluetooth Headphones by Hermitshell,Over-Ear Headphones,63,1,1,1,1,0,0,0,1,0,0,internal_oof
B009YJETT6,DEVICE,EARBUD_INEAR,DEVICE,0.90973,0.90973,model_device_above_threshold_with_device_subject,Able Planet Musicians Choice Sound Isolation Earphones (Metallic Green),Headphones & Earbuds,1,1,1,0,0,0,0,0,0,1,0,internal_oof
B08KTCRNNT,DEVICE,EARBUD_INEAR,DEVICE,0.989657,0.989657,model_device_above_threshold_with_device_subject,"Edifier True Wireless Earbuds X5 Bluetooth 5.0 Earphones in Ear with Charging Case Easy-Pairing Noice Canceling Calls,Deep Bass for Sports Black",Earbud Headphones,159,1,2,0,0,1,1,0,1,0,0,internal_oof
B08JV686JR,ACCESSORY,NOT_APPLICABLE,ACCESSORY,0.00286,0.99714,strong_accessory_relation,"Filoto Case for Airpods, Airpod Case Cover for Apple Airpods 2&1 Charging Case, Cute Air Pods Silicone Protective Accessories Cases/Keychain/Pompom/Strap, Best Gift for Girls and Women (Brown)",Cases,56784,1,1,1,1,1,0,1,0,0,0,internal_oof
B0B6D5X24N,DEVICE,EARBUD_INEAR,DEVICE,0.998618,0.998618,model_device_above_threshold_with_device_subject,"Motast Wireless Earbuds, Bluetooth 5.1 Earbuds 140H Playtime Bluetooth Headphones Stereo Noise Cancelling Wireless Earphones in Ear with Mic, USB-C Charging IP7 Waterproof Headset for Sport Rose Gold",Earbud Headphones,21889,1,4,0,0,0,0,0,1,0,0,internal_oof
B00E5YMI6G,DEVICE,EARBUD_INEAR,DEVICE,0.98967,0.98967,model_device_above_threshold_with_device_subject,Brand New Black Hands Free EarPhone HeadPhones HeadSet With Mic For LG Motion MS770 Esteem MS910,Headphones & Earbuds,1,1,3,0,0,0,0,0,0,1,0,internal_oof
B08Q32LQ48,ACCESSORY,NOT_APPLICABLE,ACCESSORY,0.00724,0.99276,strong_accessory_relation,"CCHKFEI Portable CD Player Case for Personal Disc Player, Hard Carrying Travel Storage Case Water Resistant with Portable Hand Strap, Compatible for CD Player 511/611/711/711T/903TF",Cases,12,1,0,1,1,1,0,1,0,0,0,internal_oof
B0BRNTHSLP,DEVICE,OVER_EAR,DEVICE,0.979029,0.979029,model_device_above_threshold_with_device_subject,"MUSICOZY Sleep Headphones Bluetooth Headband, Wireless Sleeping Headphones Music Sport Headbands, Long Time Play Sleeping Headsets Built-in Thin Speakers, Skulls Design for Sleeping Yogo",Over-Ear Headphones,14779,1,2,0,0,0,0,0,1,0,0,internal_oof
B0797D5F5G,ACCESSORY,NOT_APPLICABLE,ACCESSORY,0.005603,0.994397,model_accessory_below_threshold_with_accessory_context,Cuauco 2020 Newest Airpods Case for Airpods 2 &1 (Front LED Visible) with 2 Anti-Lost Strap/2 Pairs of Ear Hooks/2 Carabiner/1 Watch Band Holder/1 Headphone Case for Apple Airpods 2 &1(9 Pack)(White),Cases,737,1,2,1,0,1,0,1,0,0,0,internal_oof
B005HYID2Q,DEVICE,EARBUD_INEAR,DEVICE,0.938238,0.938238,model_device_above_threshold_with_device_subject,EMPIRE Stereo Hands-Free 3.5mm Headset Headphones for Verizon RIM BlackBerry Bold 9930,Headphones & Earbuds,1,1,2,0,0,0,0,0,0,1,0,internal_oof
B08QMTYKJH,DEVICE,EARBUD_INEAR,DEVICE,0.997619,0.997619,model_device_above_threshold_with_device_subject,Wireless Earbuds Bluetooth 5.0 Headphones Immersive Stereo Sound in-Ear Headset 30H Playtime with Charging Case Built-in Mic IPX5 Waterproof Earphones for Running Gym Workout(Black),Earbud Headphones,116,1,4,0,0,1,1,0,1,0,0,internal_oof
B00TJNKDJ2,DEVICE,ON_EAR,DEVICE,0.834198,0.834198,model_device_above_threshold_with_device_subject,SoundLogic Kid's Headphone - Retail Packaging - Blue,Headphones & Earbuds,10,1,1,0,0,0,0,0,0,1,0,internal_oof
B074TZSCSH,DEVICE,EARBUD_INEAR,DEVICE,0.709123,0.709123,model_device_above_threshold_with_device_subject,Stereo Headphones Earbuds Built in Hands Free Microphone Box Shaped Pink 6ft Extension Cable Compatible with Alcatel Idol 4S,Earbud Headphones,1,1,2,0,0,1,0,0,1,0,0,internal_oof
B08SK6RRJ6,ACCESSORY,NOT_APPLICABLE,ACCESSORY,0.098594,0.99,strong_accessory_relation,Hermitshell Travel Case for Mpow Jaws Gen5 Bluetooth Headphones,Earbud Headphones,1,1,1,1,1,0,0,0,1,0,0,internal_oof
B0122PM486,DEVICE,EARBUD_INEAR,DEVICE,0.97704,0.97704,model_device_above_threshold_with_device_subject,iQualTech Earphones for iPhone - Ceramic Sculpted Earphones with Microphone for Handsfree Calling and Remote Earphones White,Headphones & Earbuds,170,1,1,0,0,0,0,0,0,1,0,internal_oof
B078HSRDH5,DEVICE,EARBUD_INEAR,DEVICE,0.993253,0.993253,model_device_above_threshold_with_device_subject,"True Wireless Earbuds w/Charging Case, AICase Bluetooth Headphones Dual in-Ear Mini Cordless Hands-Free Headset with Portable Charger Built-in Mic for iPhone Samsung iPad and Most Android Phones",Earbud Headphones,23,1,3,0,0,1,0,0,1,0,0,internal_oof
B002N2DNO8,DEVICE,EARBUD_INEAR,DEVICE,0.816538,0.816538,model_device_above_threshold_with_device_subject,"Laird Hamilton Signature Series H3 Waterproof Headphones, (Made by H2O Audio)",Headphones & Earbuds,2,1,1,0,0,0,0,0,0,1,0,internal_oof
B004C3IZI0,DEVICE,EARBUD_INEAR,DEVICE,0.957434,0.957434,model_device_above_threshold_with_device_subject,Handsfree Stereo Headset - OEM Original (HDW-14322-001) for Samsung Continuum,Headphones & Earbuds,1,1,1,0,0,0,0,0,0,1,0,internal_oof
B00NF0DCSY,DEVICE,EARBUD_INEAR,DEVICE,0.582148,0.582148,model_device_above_threshold_with_device_subject,Samsung Original OEM Headphones with Zippered Delton Branded Headphone Holder Case - Non-Retail Packaging - Black,Headphones & Earbuds,1,1,1,1,0,1,0,0,0,1,0,internal_oof
B00TSBH5E6,AMBIGUOUS,NOT_APPLICABLE,AMBIGUOUS,0.730508,0.0,no_headphone_subject_in_title,"NUK Mash and Serve Bowl with Silicone Feeding Spoon Set, Green/Blue",Headphones & Earbuds,2,1,0,0,0,0,0,0,0,1,0,internal_oof
B07QT8TJ7K,ACCESSORY,NOT_APPLICABLE,ACCESSORY,0.03194,0.96806,model_accessory_below_threshold_with_accessory_context,Yutoner 2 Pairs Black/Clear Earhooks Compatible for Motorola Elite Flip HZ720 HX550 H19 H19txt H17 H17txt H525 H520 Boom 89605N Bluetooth Headset Earclip (Clear-2 Pairs),Earpads,12,1,1,0,0,0,0,1,0,0,0,internal_oof
B005LRQGL4,ACCESSORY,NOT_APPLICABLE,ACCESSORY,0.14954,0.85046,model_accessory_below_threshold_with_accessory_context,Nuforce ICON-IDO-BLUE Audiophile-Grade DAC and Headphone Amp for Apple Devices,Amplifiers,5,1,1,0,0,0,0,1,0,0,0,internal_oof
B08VW8C73X,DEVICE,EARBUD_INEAR,DEVICE,0.994025,0.994025,model_device_above_threshold_with_device_subject,Zonlaky Bluetooth 5.0 Wireless Earbuds Bluetooth Headphones with Charging Case (iCanonic Series 802030) IPX5/Built-in Mic Headset V4 Ideal for Kid and Adult,Earbud Headphones,308,1,3,0,0,1,1,0,1,0,0,internal_oof
1476773092,AMBIGUOUS,NOT_APPLICABLE,AMBIGUOUS,0.292713,0.0,no_headphone_subject_in_title,Unfreedom of the Press,"Headphones, Earbuds & Accessories",9314,1,0,0,0,0,0,0,0,1,0,internal_oof
B0014JK3N0,DEVICE,EARBUD_INEAR,DEVICE,0.97619,0.97619,model_device_above_threshold_with_device_subject,Skullcandy Chops Hanger Earbuds - Black,Earbud Headphones,195,1,1,0,0,0,0,0,1,0,0,internal_oof
B0030C5U8C,DEVICE,OVER_EAR,DEVICE,0.975229,0.975229,model_device_above_threshold_with_device_subject,"Aerial7 Chopper2 Headphones Britt, One Size",Over-Ear Headphones,5,1,1,0,0,0,0,0,1,0,0,internal_oof
B07XTCX2ZF,ACCESSORY,NOT_APPLICABLE,ACCESSORY,0.059092,0.940908,model_accessory_below_threshold_with_accessory_context,Ear Pads Cushions Covers Replacement Foam Earpads Pillow Compatible with Meze 99 Classics Walnut Silver Headset Headphones,On-Ear Headphones,3,1,2,0,0,2,0,0,1,0,0,internal_oof
B00H00VLZQ,ACCESSORY,NOT_APPLICABLE,ACCESSORY,0.098707,0.901293,model_accessory_below_threshold_with_accessory_context,Audioquest DragonFly USB DAC Preamp Headphone Amp Version 1.2,Amplifiers,407,1,1,0,0,0,0,1,0,0,0,internal_oof
B08BZDR3ZT,DEVICE,EARBUD_INEAR,DEVICE,0.984955,0.984955,model_device_above_threshold_with_device_subject,Aftershokz OpenMove Wireless Bone Conduction Open-Ear Bluetooth Headphones Includes Pack,Over-Ear Headphones,20010,1,1,0,0,0,0,0,1,0,0,internal_oof
B01I98S1UK,ACCESSORY,NOT_APPLICABLE,ACCESSORY,0.003193,0.996807,model_accessory_below_threshold_with_accessory_context,EIGELIU Headphone Jack Adapter Cable Car Charger Dongle AUX Audio Jack Earphone Extender Jack Stereo Cable,Adapters,15,1,2,0,0,2,0,1,0,0,0,internal_oof
B013HK2836,DEVICE,ON_EAR,DEVICE,0.963842,0.963842,model_device_above_threshold_with_device_subject,Beats Studio Wireless On-Ear Headphone - Black (Renewed),On-Ear Headphones,17,1,1,0,0,0,0,0,1,0,0,internal_oof
B0BMTF55P7,DEVICE,EARBUD_INEAR,DEVICE,0.987234,0.987234,model_device_above_threshold_with_device_subject,"LASUNEY Wireless Earbuds, 35H Playtime Bluetooth Headphones with Mics and Charging Case for iPhone Android, Waterproof Running Headphones for Gym Yoga Workout, Hi-Fi Sound Over Ear Buds with Earhooks",Earbud Headphones,128,1,3,1,0,1,0,0,1,0,0,internal_oof
B09GKT5DJW,DEVICE,EARBUD_INEAR,DEVICE,0.98802,0.98802,model_device_above_threshold_with_device_subject,OKEEFE Bluetooth Headphones 48Hrs Playback Wireless Earbuds with Wireless Charging Case and Earhooks Over Ear Waterproof Earphones with Mic for Sports Running Workout iOS Android TV Phone Laptop Blue,Earbud Headphones,11217,1,3,0,0,1,1,0,1,0,0,internal_oof
B01N7S0IPR,DEVICE,OVER_EAR,DEVICE,0.983879,0.983879,model_device_above_threshold_with_device_subject,Sennheiser HD 206 Stereo Headphone,Over-Ear Headphones,14052,1,1,0,0,0,0,0,1,0,0,internal_oof
B00YUX3F46,ACCESSORY,NOT_APPLICABLE,AMBIGUOUS,0.015832,0.0,no_headphone_subject_in_title,Jim Beam Devil's Cut Rubber BAR Runner DRIP Spill MAT,Adapters,1,1,0,0,0,0,0,1,0,0,0,internal_oof
B0134IGCM4,DEVICE,EARBUD_INEAR,DEVICE,0.945112,0.945112,model_device_above_threshold_with_device_subject,"Aircom A1 Airtube Stereo Headsets with HandsFree Microphone, Micro Earbuds, Noise Isolating Eartips, True Live Sound Listening for Phones, Tablets and MP3 Players",Headphones & Earbuds,58,1,2,0,0,2,0,0,0,1,0,internal_oof
B0BRP2WTG3,DEVICE,EARBUD_INEAR,DEVICE,0.997384,0.997384,model_device_above_threshold_with_device_subject,"Wireless Bluetooth 5.0 Earbuds Headphones in-Ear,Fast Charging Case Wireless Earbuds Deep Bass with mic, Touch Control, IPX5 Waterproof Sport Wireless Headphones for Work Running Gym",Earbud Headphones,10,1,2,0,0,1,0,0,1,0,0,internal_oof
B095J6BQ2Q,AMBIGUOUS,NOT_APPLICABLE,AMBIGUOUS,0.429179,0.0,no_headphone_subject_in_title,"Grit Performance Rapid Tire Deflator Kit with PSI Tire Pressure Gauge + Chrome Caps & Valve Core Repair Tool | Quickly Deflate 4x4 Off Road Tires on Jeep, Truck, ATV, Motorcycle","Headphones, Earbuds & Accessories",100,1,0,0,0,0,0,0,0,1,0,internal_oof
B00MJSTZY8,ACCESSORY,NOT_APPLICABLE,ACCESSORY,0.010207,0.989793,model_accessory_below_threshold_with_accessory_context,uxcell 5 Pcs Clear Plastic Earphone Storage Case Box Holder Container,Cases,4,1,1,0,0,2,0,1,0,0,0,internal_oof
B01DBQTDDO,DEVICE,EARBUD_INEAR,DEVICE,0.998292,0.998292,model_device_above_threshold_with_device_subject,Ear Buds Earphones in Ear Headphones Wired Earbuds with Microphone Mic Stereo and Volume Control Earphone for Earphone Earbud Mp3 Players Tablet Laptop,Earbud Headphones,3,1,4,0,0,0,0,0,1,0,0,internal_oof
B09QPQT53F,DEVICE,EARBUD_INEAR,ACCESSORY,0.58103,0.99,strong_accessory_relation,"Airpod Cleaner Kit, Doormoon Multifunction Headphones Cleaner Kit Compatible with Airpods Pro 1 2 Samsung Bluetooth Android Earbuds, Case Clean Tools (Whtie)",Earbud Headphones,161,1,3,1,1,0,0,0,1,0,0,internal_oof
B07M992RT5,ACCESSORY,NOT_APPLICABLE,ACCESSORY,0.003869,0.996131,model_accessory_below_threshold_with_accessory_context,"Airpods Case, Music tracker Protective Thicken Airpods Cover Soft Silicone Chargeable Headphone Case with Anti-Lost Carabiner for Apple Airpods 1&2 Charging Case (Olive Green)",Cases,20861,1,2,1,0,1,0,1,0,0,0,internal_oof
B01CV22JVM,DEVICE,EARBUD_INEAR,DEVICE,0.730582,0.730582,model_device_above_threshold_with_device_subject,"Life.Idea 3.5mm Color Earphones - Package of 50 Pairs, 8 Different Colors, Metal Like Earbuds, Cool and Stylish, Wholesale Bundle, Wide Compatibility (8 Colors/50 pcs)",Headphones & Earbuds,4,1,2,0,0,0,0,0,0,1,0,internal_oof
B002D41HKS,ACCESSORY,NOT_APPLICABLE,ACCESSORY,0.018787,0.981213,model_accessory_below_threshold_with_accessory_context,Headset Buddy PC Computer Headset to Phone Adapter - Dual 3.5mm to 2.5mm (PC35-PH25),Adapters,320,1,1,0,0,1,0,1,0,0,0,internal_oof
B003HMNIEI,DEVICE,EARBUD_INEAR,DEVICE,0.755106,0.755106,model_device_above_threshold_with_device_subject,"2.5mm Black Bullet Headset for LG LX370/ enV3 VX9200/ Rumor2 LX265,AX265/ Versa VX9600/ VX8360/ Swift AX500/ AX155/ AX300,UX300/ Cosmos VN250/ Octane VN530",Headphones & Earbuds,2,1,1,0,0,0,0,0,0,1,0,internal_oof
B08ZSSG82Y,ACCESSORY,NOT_APPLICABLE,ACCESSORY,0.00477,0.99523,model_accessory_below_threshold_with_accessory_context,Happypapa Airpods Case Designed for Apple AirPods 2 & 1 Full Protective Case Cover with Keychain Cute Girls Men Durable Shockproof Anti Lost Case for Airpods Charging Case (Black Gold Marble),Cases,18769,1,1,1,0,2,0,1,0,0,0,internal_oof
B00VFGCHOU,ACCESSORY,NOT_APPLICABLE,ACCESSORY,0.118871,0.99,strong_accessory_relation,Audio Cable For Beats with Inline Remote / Microphone for Beats by Dr. Dre Headphone SoloHD / Studio / Pro / Detox / Wireless / Special for Studio 2.0 Solo Mixr - Compatible to Apple iPhone 3GS / 4 / 4S / 5 / 5S / 6 / 6 plus (Blue),"Headphones, Earbuds & Accessories",88,1,1,1,1,1,0,0,0,1,0,internal_oof
B07416B877,ACCESSORY,NOT_APPLICABLE,ACCESSORY,0.002519,0.997481,strong_accessory_relation,VEKEFF Replacement Ear Pads Earpuds Ear Cushions Cover for Monster DNA Pro 2.0 Over Ear Headphone,Earpads,44,1,1,1,1,2,0,1,0,0,0,internal_oof
B0851VTVLF,DEVICE,EARBUD_INEAR,DEVICE,0.993639,0.993639,model_device_above_threshold_with_device_subject,"EarFun Air True Wireless Earbuds, Bluetooth Earbuds with 4 Mics, Sweatshield IPX7 Waterproof with Volume Control, USB-C Fast Charge, in-Ear Headphones with Wireless Charging, Deep Bass, 35Hrs, White",Earbud Headphones,14632,1,2,0,0,0,0,0,1,0,0,internal_oof
B0BBKYDMX7,DEVICE,EARBUD_INEAR,DEVICE,0.987586,0.987586,model_device_above_threshold_with_device_subject,Bluetooth Earbuds Wireless Sleep Headphones Wireless Earphones with Microphones Noise Cancelling Invisible Sleep Earbuds for Side Sleepers Long Battery Life,Over-Ear Headphones,4,1,3,0,0,0,0,0,1,0,0,internal_oof
B0C3GDKZQT,DEVICE,EARBUD_INEAR,DEVICE,0.986447,0.986447,model_device_above_threshold_with_device_subject,"BEBEN Wireless Earbuds, 36H Playtime Bluetooth Headphones with Mics and Charging Case for iPhone Android, Waterproof Running Headphones for Gym Yoga Workout, Hi-Fi Sound Over Ear Buds with Earhooks",Earbud Headphones,13108,1,3,1,0,1,0,0,1,0,0,internal_oof
B000EYH7E4,DEVICE,ON_EAR,DEVICE,0.894987,0.894987,model_device_above_threshold_with_device_subject,"Jwin JBP85 Headphone, Street-Style (Discontinued by Manufacturer)",Headphones & Earbuds,6,1,1,0,0,0,0,0,0,1,0,internal_oof
B082WHYCDH,DEVICE,EARBUD_INEAR,DEVICE,0.929987,0.929987,model_device_above_threshold_with_device_subject,JL supply in Ear Stereo Headphones with Microphone Compatible with Galaxy S10 S10+S9/S9+ S8/S8+ Note8 / Note9 S7 S7 Edge- Earbuds 2 Pack W/Extra 4 Ear Piece(Gray),Earbud Headphones,46,1,2,0,0,0,0,0,1,0,0,internal_oof
B0CJTXDZ66,DEVICE,ON_EAR,DEVICE,0.956298,0.956298,model_device_above_threshold_with_device_subject,20 Pack Bulk Classroom Headphones with Microphone Students Kids Wired Headphones School Class Set Headphones for School Library Computer Office Meeting Adults 3.5 Jack Universal Plug (Multicolor),On-Ear Headphones,8,1,1,0,0,0,0,0,1,0,0,internal_oof
B07Y9PG7ZR,DEVICE,EARBUD_INEAR,DEVICE,0.999031,0.999031,model_device_above_threshold_with_device_subject,"Wireless Earbuds, 5.0 True Wireless Bluetooth Headphones 3D Stereo Sound Wireless Headphones Mini Sweatproof Sport Headsets in-Ear Noise with Built-in Mic and Charging Case",Earbud Headphones,88,1,3,0,0,1,0,0,1,0,0,internal_oof
B0BRSHZHQB,DEVICE,EARBUD_INEAR,DEVICE,0.99026,0.99026,model_device_above_threshold_with_device_subject,TOZO T12 2022 Wireless Earbuds Bluetooth 5.3 Headphones Premium Sound Performance Touch Control LED Digital Display Wireless Charging Case Earphones Dark Black (Renewed),Earbud Headphones,8,1,3,0,0,1,0,0,1,0,0,internal_oof
B01M1HJVZY,ACCESSORY,NOT_APPLICABLE,AMBIGUOUS,0.247093,0.0,probability_or_semantics_not_decisive,SMSL Idol+ DAC/Sound Card/Headphone Amplifier OTG Micro USB 192KHZ,"Headphones, Earbuds & Accessories",8,1,1,0,0,0,0,0,0,1,0,internal_oof
B00009SO63,DEVICE,EARBUD_INEAR,DEVICE,0.842234,0.842234,model_device_above_threshold_with_device_subject,Sony ME-L82 Mono Earphones Code 1M 3.5mm Plug MEL82H /Genuine,Headphones & Earbuds,205,1,1,0,0,0,0,0,0,1,0,internal_oof
B000O7CQDI,ACCESSORY,NOT_APPLICABLE,ACCESSORY,0.018747,0.981253,accessory_taxonomy_and_context,C2G/Cables to Go 41077 Compression F-type Connector with O-Ring for RG6 Quad - 20 Pack (Anodized),Adapters,2,1,0,0,0,1,0,1,0,0,0,internal_oof
B07X2GV2DP,ACCESSORY,NOT_APPLICABLE,ACCESSORY,0.006391,0.993609,model_accessory_below_threshold_with_accessory_context,Yingbei Creative Cute Husky Styling with Carabiner Compatible Silicone AirPods Case (1st and 2nd Generation)(Black),Cases,18,1,1,0,0,0,0,1,0,0,0,internal_oof
B004G55YX8,ACCESSORY,NOT_APPLICABLE,AMBIGUOUS,0.167971,0.0,no_headphone_subject_in_title,Native Union Solo Handset - MM05-BLK-ST - Black Soft Touch,Headphones & Earbuds,40,1,0,0,0,0,0,0,0,1,0,internal_oof
B01NACLDSE,DEVICE,EARBUD_INEAR,DEVICE,0.992142,0.992142,model_device_above_threshold_with_device_subject,audbos Double Driver in-Ear Earphones|Headphones|Earbuds Deep Bass Noise Isolating with Mic and Remote (Golden Hoop),Earbud Headphones,13,1,3,0,0,0,0,0,1,0,0,internal_oof
B016YHZ0NO,AMBIGUOUS,NOT_APPLICABLE,AMBIGUOUS,0.566449,0.0,taxonomy_device_but_title_has_no_device_subject,"NinjaBatt Laptop Battery for Apple MacBook Pro 15"" A1382 (Core i7 2011 & Mid 2012) MD103 MD104 MD318 MC723 - High Performance [Li-Polymer/58Wh/10.8v]",Earbud Headphones,2,1,0,0,0,0,0,0,1,0,1,internal_oof
B08N1DMHNT,ACCESSORY,NOT_APPLICABLE,ACCESSORY,0.013403,0.99,strong_accessory_relation,Blucoil EPMC-B450XTNEW Replacement Ear Pad Cushions and Microphone Windscreens Kit for Blueparrott B450-XTNEW Headset,Earpads,7,1,1,1,1,1,0,1,0,0,0,internal_oof
B01M2CSCEV,AMBIGUOUS,NOT_APPLICABLE,AMBIGUOUS,0.924158,0.0,taxonomy_device_but_title_has_no_device_subject,Chums Triple Play Keychain (Topo),Earbud Headphones,2,1,0,0,0,0,0,0,1,0,1,internal_oof
B00BP6B3Y0,DEVICE,OVER_EAR,DEVICE,0.972253,0.972253,model_device_above_threshold_with_device_subject,Griffin Technology Kids Headphones - Kazoo Frog MyPhones,Over-Ear Headphones,124,1,1,0,0,0,0,0,1,0,0,internal_oof
B0C6P6RY6J,DEVICE,EARBUD_INEAR,DEVICE,0.99858,0.99858,model_device_above_threshold_with_device_subject,"Wireless Earbuds Bluetooth 5.1 Headphones with Wireless Charging Case IPX7 Waterproof Stereo Earphones in-Ear Built-in Mic Headset, Auto Pairing Headphones for iPhone/Samsung/iOS/Android (Black)",Earbud Headphones,3345,1,4,0,0,1,1,0,1,0,0,internal_oof
B09TVPNKLR,ACCESSORY,NOT_APPLICABLE,ACCESSORY,0.024444,0.975556,model_accessory_below_threshold_with_accessory_context,"3 Pack iPhone Headphones Adapter, [Apple MFi Certified] Lightning to 3.5 mm Headphone/Earphone/Earbuds Jack Converter Audio Aux Adapter Dongle Compatible with iPhone 13/12/11/SE 2020/XR/XS/X/8 7",Adapters,59,1,3,0,0,1,0,1,0,0,0,internal_oof
B07VLVJDZN,ACCESSORY,NOT_APPLICABLE,ACCESSORY,0.017997,0.99,strong_accessory_relation,WERJIA Hard EVA Travel Case for Sony WF-SP800N Truly Wireless Earbuds (Black),Cases,56,1,1,1,1,0,0,1,0,0,0,internal_oof
B07C3T745S,DEVICE,OVER_EAR,DEVICE,0.988133,0.988133,model_device_above_threshold_with_device_subject,BASEMAN Wired Headphones Headsets Strong Low Bass Stereo Foldable Over-Ear Earphones with Microphone 3.5mm for Cellphones iPhone Laptop Tablet Mp4 Mp3 PC (Black),Headphones & Earbuds,62,1,3,0,0,0,0,0,0,1,0,internal_oof
B07T6GS9QT,DEVICE,EARBUD_INEAR,DEVICE,0.9956,0.9956,model_device_above_threshold_with_device_subject,"Wireless Earbuds,Bluetooth Earbuds Wireless Earphones with Mic Charging Case,Sport Running Mini True Stereo Earbuds Bluetooth Compatible Android Samsu (Black)",Earbud Headphones,13,1,2,0,0,1,0,0,1,0,0,internal_oof
B09B9R13WS,ACCESSORY,NOT_APPLICABLE,ACCESSORY,0.006493,0.993507,strong_accessory_relation,kwmobile Case Compatible with Xiaomi Redmi Airdots 3 Pro/Buds 3 Pro Case - Silicone Cover Holder for Earbuds - Black,Cases,228,1,1,1,1,1,0,1,0,0,0,internal_oof
B00KZIK1QK,DEVICE,ON_EAR,DEVICE,0.858141,0.858141,model_device_above_threshold_with_device_subject,audio-technica Portable Headphones Black ATH-WM77 BK IM (Japan Import),Headphones & Earbuds,16,1,1,0,0,0,0,0,0,1,0,internal_oof
B09NCTW6KR,DEVICE,EARBUD_INEAR,DEVICE,0.993499,0.993499,model_device_above_threshold_with_device_subject,"XIAODU Smart Wireless Earbuds, Voice Note Lightweight Headphone, with 13mm Dynamic Driver Unit and Type-C Charging Case, Mic, Sweat Proof, in-Ear Stereo Earphones for Sports",Earbud Headphones,35,1,3,0,0,1,0,0,1,0,0,internal_oof
B0BFJ2TYZX,DEVICE,EARBUD_INEAR,DEVICE,0.986597,0.986597,model_device_above_threshold_with_device_subject,Hoseili【2022new editionBluetooth Headphones】.Bluetooth 5.0 Wireless Earphones in-Ear Stereo Sound Microphone Mini Wireless Earbuds with Headphones and Portable Charging Case for iOS Android PC. XGB2,Earbud Headphones,7,1,3,1,0,1,0,0,1,0,0,internal_oof
B01FU6GSCW,DEVICE,OVER_EAR,DEVICE,0.614337,0.614337,model_device_above_threshold_with_device_subject,"Beyution 2-in-1 Portable Wireless Bluetooth Transmitter and Receiver with 3.5mm Audio Cable/RCA Cables Connected to TV & Paired with 2 Bluetooth Headphones At Once in TX Mode,Enjoy Stereo Music & Hand",Headphones & Earbuds,3,1,1,0,0,1,0,0,0,1,0,internal_oof
B00D55ZHYG,DEVICE,OVER_EAR,DEVICE,0.944932,0.944932,model_device_above_threshold_with_device_subject,"New Retail Package- Black Hi-Fi Over-Ear Smart Stereo Wireless Bluetooth 4.0 Headphones with Microphone for Mobile Cell Phone Laptop PC Tablet, Such as Works w/iPod, iPad, iPhone, Android Devices",Headphones & Earbuds,91,1,1,0,0,0,0,0,0,1,0,internal_oof
B01CFNX15K,DEVICE,ON_EAR,DEVICE,0.968437,0.968437,model_device_above_threshold_with_device_subject,"Skullcandy Grind Bluetooth Wireless On-Ear Headphones with Built-In Mic and Remote, 12-Hour Rechargeable Battery, Supreme Sound Audio, Plush Ear Pillows for Comfort, Royal Blue",On-Ear Headphones,1301,1,1,0,0,0,0,0,1,0,0,internal_oof
B082W1G8K9,ACCESSORY,NOT_APPLICABLE,ACCESSORY,0.002356,0.997644,model_accessory_below_threshold_with_accessory_context,"MORETEK Compatible for Galaxy Buds Case(2019), Full Protective TPU Case Cover with Carabiner for Samsung Galaxy Buds Earbuds Accessories (Pink)",Cases,77,1,2,1,0,0,0,1,0,0,0,internal_oof
B08HT46TVP,ACCESSORY,NOT_APPLICABLE,ACCESSORY,0.004788,0.995212,strong_accessory_relation,"[3 Pairs] Replacement Ear Tips for Airpods Pro and Airpods Pro 2nd Generation with Noise Reduction Hole, Silicone Ear Tips for Airpods Pro with Portable Storage Box and Fit in The Charging Case(S/M/L)",Earpads,12017,1,1,1,1,2,0,1,0,0,0,internal_oof
B00BFPUXBK,DEVICE,ON_EAR,DEVICE,0.857814,0.857814,model_device_above_threshold_with_device_subject,Urban Beatz Accent Headphones - Pink (UB-HL125 ),Headphones & Earbuds,11,1,1,0,0,0,0,0,0,1,0,internal_oof
B01LX4JU3O,DEVICE,OVER_EAR,DEVICE,0.674905,0.674905,model_device_above_threshold_with_device_subject,Audio-Technica Limited Edition Professional Studio Monitor Headphones Gray (ATH-M50xMG) with Audio-Technica Omnidirectional Condenser Lavalier Microphone & Slappa HardBody PRO Headphone Case Black,"Headphones, Earbuds & Accessories",4,1,1,1,0,0,0,0,0,1,0,internal_oof
B0BHDRDKXT,DEVICE,EARBUD_INEAR,DEVICE,0.990379,0.990379,model_device_above_threshold_with_device_subject,"Open Ear Air Conduction Headphones, Music Earphones Wireless Bluetoeth 5.2 Headset with Up to 7 Hours Playtime Built-in ENC Mic, Hi-Fi Sound Lightweight for Home Office Commute Indoor Use (Blue)",Open-Ear Headphones,8,1,3,0,0,0,0,0,1,0,0,internal_oof
B076YWTH38,ACCESSORY,NOT_APPLICABLE,AMBIGUOUS,0.019947,0.0,no_headphone_subject_in_title,"Google Pixel 2 Case,Hsiaofe PU Leather Magnetic Closure Envelope Wallet Flip Protective Cover Case Credit Card Holders Women Handbag with Wrist Strap for Google Pixel 2 (Blue)",Headphones & Earbuds,13,1,0,0,0,1,0,0,0,1,0,internal_oof
B0CK78QNCX,DEVICE,EARBUD_INEAR,DEVICE,0.995002,0.995002,model_device_above_threshold_with_device_subject,"HISOOS Wireless Earbuds Bluetooth Active Noise Cancelling Headphones HiFi Stereo Ear Buds LED Power Display in-Ear Headphones with Charging Case Earphones for iPhone Android,Music Game (Rose Gold)",On-Ear Headphones,2425,1,4,0,0,1,1,0,1,0,0,internal_oof
B0BRCLQ5T6,DEVICE,EARBUD_INEAR,DEVICE,0.961853,0.961853,model_device_above_threshold_with_device_subject,"Acres Wireless Earbuds, [2023 Upgraded] Earphone Bluetooth 5.1 with Charging Case.Smart Noise Reduction for Clear Calls, Enhanced Deep Bass of Sports Headphones for Sport/Travel/Gym",Earbud Headphones,12,1,3,0,0,1,1,0,1,0,0,internal_oof
B01CULINTG,DEVICE,ON_EAR,DEVICE,0.882604,0.882604,model_device_above_threshold_with_device_subject,Audio Technica ATH-M50xMG LTD Matte Gray Monitor Headphones w/Headphone Amp,On-Ear Headphones,1,1,1,0,0,0,0,0,1,0,0,internal_oof
B0837LQP49,ACCESSORY,NOT_APPLICABLE,ACCESSORY,0.008416,0.991584,model_accessory_below_threshold_with_accessory_context,"Professional Earpads Cushions for Bose Headphones, Replacement Ear Pads for Bose QuietComfort 15 QC15 QC25 QC2 QC35/Ae2 Ae2i Ae2w/SoundTrue & SoundLink Around-Ear Series",Earpads,19219,1,1,1,0,2,0,1,0,0,0,internal_oof
B07PPFNQQV,ACCESSORY,NOT_APPLICABLE,ACCESSORY,0.001313,0.998687,model_accessory_below_threshold_with_accessory_context,"Airpods Case, Music tracker Protective Thicken Airpods Cover Soft Silicone Chargeable Headphone Case with Anti-Lost Carabiner for Apple Airpods 1&2 Charging Case (Brown)",Cases,20861,1,2,1,0,1,0,1,0,0,0,internal_oof
B07YYMNXGV,DEVICE,EARBUD_INEAR,DEVICE,0.860635,0.860635,model_device_above_threshold_with_device_subject,Retractable Earphones Compatible with Samsung Galaxy Tab A 10.1 (2019) Tablet - Headphones Hands-Free Headset 3.5mm w Mic Earbuds Earpieces Microphone for Galaxy Tab A 10.1 (2019) Model ONLY,Earbud Headphones,14,1,5,0,0,0,0,0,1,0,0,internal_oof
B00068LZKK,DEVICE,ON_EAR,AMBIGUOUS,0.9096,0.0,no_headphone_subject_in_title,Ear-Clips With Bass Vents,Headphones & Earbuds,8,1,0,0,0,0,0,0,0,1,0,internal_oof
B072J99DG7,DEVICE,EARBUD_INEAR,DEVICE,0.989977,0.989977,model_device_above_threshold_with_device_subject,AWEI in Ear Earbuds Noise Cancelling Headphones Gold Plated Plug Wired Earphones with Microphone Volume Control Remote for MP3 Cell Phones Tablets Laptops PC Black,Earbud Headphones,14,1,3,0,0,0,0,0,1,0,0,internal_oof
B0114J5ZPK,AMBIGUOUS,NOT_APPLICABLE,AMBIGUOUS,0.738401,0.0,no_headphone_subject_in_title,Kinder Toys Roly-poly Toy Tumbler Baby Toy (Yellow) with sound,Headphones & Earbuds,2,1,0,0,0,0,0,0,0,1,0,internal_oof
B0BNV9NMLH,DEVICE,EARBUD_INEAR,DEVICE,0.997553,0.997553,model_device_above_threshold_with_device_subject,Orancu Bluetooth Headphones Wireless Earbuds with Wireless Charging Case 48hrs Playtime LED Digital Display Deep Bass Sound Earphones with Built in Mic and Over Earhooks Waterproof Headset,Earbud Headphones,14,1,4,0,0,1,1,0,1,0,0,internal_oof
B085CCMX84,ACCESSORY,NOT_APPLICABLE,ACCESSORY,0.001646,0.998354,model_accessory_below_threshold_with_accessory_context,"Laffav AirPods Case Cover Silicone Protective Shockproof Case Skin for Apple AirPods 2 & 1 (Front LED Visible) 2 Pack, Black, Lavender",Cases,12175,1,1,1,0,1,0,1,0,0,0,internal_oof
B00EV27PZG,DEVICE,EARBUD_INEAR,DEVICE,0.839516,0.839516,model_device_above_threshold_with_device_subject,Zeadio ZP-AR200 Throat Mic Microphone Headset for iPhone 6 6 Plus 5 4 4s/Samsung S6 S5 S4 S3 Note 2 3 4 9500 9300/Blackberry/HTC/Sony/LG and More - White [1 Year Warranty],Headphones & Earbuds,7,1,1,0,0,0,0,0,0,1,0,internal_oof
B076FCJ963,DEVICE,EARBUD_INEAR,DEVICE,0.964453,0.964453,model_device_above_threshold_with_device_subject,"JVC Soft Wireless Earbud with Stayfit Tips, Remote and Mic and Bluetooth Blue (HA-FX9BTA)",Earbud Headphones,130,1,1,0,0,0,0,0,1,0,0,internal_oof
B07ZWRF1XQ,ACCESSORY,NOT_APPLICABLE,ACCESSORY,0.009987,0.990013,strong_accessory_relation,WH-1000XM3 Replacement Earpads Memory Foam Ear Pads Cushion Parts Compatible with Sony WH-1000XM3 Over-Ear Headphones (Black),Earpads,32,1,1,1,1,2,0,1,0,0,0,internal_oof
B0BC14M33J,DEVICE,EARBUD_INEAR,DEVICE,0.988585,0.988585,model_device_above_threshold_with_device_subject,"Bone Conduction Headphones, Open-Ear Bluetooth 5.2 Sport Headphones, Built-in Mic Wireless Bone Conduction Earphone Bluetooth Waterproof Headset for Running Workout Gym Hiking",Open-Ear Headphones,4,1,3,0,0,0,0,0,1,0,0,internal_oof
B000K3MW08,ACCESSORY,NOT_APPLICABLE,ACCESSORY,0.003794,0.996206,strong_accessory_relation,Bose Large Replacement Ear Tips for In-Ear Headphones,Earpads,6,1,1,1,1,1,0,1,0,0,0,internal_oof
B0BNG1JP5Z,DEVICE,EARBUD_INEAR,DEVICE,0.996312,0.996312,model_device_above_threshold_with_device_subject,Wireless Earbuds Bluetooth 5.3 Headphones 40Hrs Playback IPX7 Waterproof Sports Earphones with Wireless Charging Case & LED Power Display TWS Stereo Headset Microphone for iOS Android Laptop Black,Earbud Headphones,159,1,4,0,0,1,1,0,1,0,0,internal_oof
B09K7JMBYK,ACCESSORY,NOT_APPLICABLE,ACCESSORY,0.010628,0.989372,accessory_taxonomy_and_context,"Belkin Rockstar Lightning Audio + Charge - Lightning Cable & iPhone Charger Adapter - Audio Phone Charger - Compatible W/ iPhone 14, iPhone 13, iPhone 12 & All Models W/ Lightning Port",Adapters,13867,1,0,0,0,2,0,1,0,0,0,internal_oof
B0040549I0,ACCESSORY,NOT_APPLICABLE,ACCESSORY,0.253574,0.99,strong_accessory_relation,"Dotz CWO853B Cord Wrap with Accessory Clip, Opaque Black","Headphones, Earbuds & Accessories",1,1,0,1,1,1,0,0,0,1,0,internal_oof
B07D292FWJ,DEVICE,OVER_EAR,AMBIGUOUS,0.503004,0.0,no_headphone_subject_in_title,Califone International 1569016 3068 MT-10 L Headphones44; Set of 10,"Headphones, Earbuds & Accessories",1,1,0,0,0,0,0,0,0,1,0,internal_oof
B00NFAKZNE,ACCESSORY,NOT_APPLICABLE,AMBIGUOUS,0.365938,0.0,taxonomy_device_but_title_has_no_device_subject,"Anker Lightning to USB Cable 6ft / 1.8m Extra Long with Compact Connector Head [Apple MFi Certified] for iPhone, iPad and iPod (Pink)",Earbud Headphones,179,1,0,0,0,1,0,0,1,0,1,internal_oof
B00RA6F7UA,DEVICE,EARBUD_INEAR,DEVICE,0.937057,0.937057,model_device_above_threshold_with_device_subject,Premium Sound Earphones Hands-Free Tangle Free Flat Wired Gray/Black Headset Dual Earbuds with Microphone for Net10 / Straight Talk / Tracfone Motorola EX124G - Motorola Defy XT - Alcatel One Touch Sonic LTE / OneTouch Pop Icon / Pop Star / Mega - LG 511C - LG Optimus Fuel,Headphones & Earbuds,3,1,3,0,0,0,0,0,0,1,0,internal_oof
B0B4WFGKNN,DEVICE,EARBUD_INEAR,DEVICE,0.975897,0.975897,model_device_above_threshold_with_device_subject,"miumiupop True Wireless Earbuds with Touch Control, Microphone, Charging Case for Ear Buds Headset for Sports, Fitness, Home, Work(White)",Earbud Headphones,12,1,3,1,0,1,0,0,1,0,0,internal_oof
B08H8JCHH9,DEVICE,EARBUD_INEAR,DEVICE,0.987231,0.987231,model_device_above_threshold_with_device_subject,"Wireless Earbuds, Cystereo Glare Bluetooth 5.0 Earbuds, 4 Mics Noise Cancelling for Clear Call, IPX7 Waterproof, Touch Control, aptX Deep Bass Earbuds with USB C Charging Case for Sports, Work",Earbud Headphones,29,1,1,1,0,1,0,0,1,0,0,internal_oof
B001LQDNMO,AMBIGUOUS,NOT_APPLICABLE,AMBIGUOUS,0.827232,0.0,no_headphone_subject_in_title,Kettler Chalet Wrought Iron Chaise Lounge,Headphones & Earbuds,1,1,0,0,0,0,0,0,0,1,0,internal_oof
B0BC93FPLX,ACCESSORY,NOT_APPLICABLE,ACCESSORY,0.008054,0.991946,strong_accessory_relation,"Cute Case Cover for Airpod 1st 2nd Generation, 3D Cartoon Anime Air Pod Case with Keychain, Kids Teens Boys Girls Men Women for Airpods 1/2 (Shark)",Cases,118,1,1,1,1,0,0,1,0,0,0,internal_oof
B0CDLM2MJB,DEVICE,EARBUD_INEAR,DEVICE,0.998545,0.998545,model_device_above_threshold_with_device_subject,"Wireless Bluetooth Earbuds, True Stereo Headsets in-Ear, 30H Playtime & Charging Case, Built-in Mic Earphones Premium Sound, Touch Control, IPX5 Waterproof Sport Headphones, black-B10",Earbud Headphones,417,1,4,0,0,1,0,0,1,0,0,internal_oof
B0BD2XV6YQ,DEVICE,EARBUD_INEAR,DEVICE,0.903118,0.903118,model_device_above_threshold_with_device_subject,WskLinft 1 Pair Earphone Phone Call Long Endurance in-Ear Bluetooth-Compatible 5.2 Sports Headset Speaker Accessories Black,Earbud Headphones,4,1,2,0,0,0,0,0,1,0,0,internal_oof
B072ZXZ8VS,AMBIGUOUS,NOT_APPLICABLE,AMBIGUOUS,0.263196,0.0,no_headphone_subject_in_title,Jaciya 50pcs Gold Hair Braid Hair Pins Ring Shell Hands Leaves Star Pendant Rings Set Hair Clip Headband Hair Accessories,Headphones & Earbuds,3,1,0,0,0,0,0,0,0,1,0,internal_oof
B074XSNKNT,ACCESSORY,NOT_APPLICABLE,ACCESSORY,0.01411,0.99,strong_accessory_relation,"iPod Touch 7th 6th 5th Generation Case, iPod Touch Case with Tempered Glass Screen Protector [2 Pack], LeYi Full-Body Armor Hybrid Rugged Protective Clear Bumper Case Cover for Apple iPod Touch 7 6 5",Earbud Headphones,270,1,0,1,1,0,0,0,1,0,1,internal_oof
B00G5LBMYG,DEVICE,EARBUD_INEAR,DEVICE,0.604697,0.604697,model_device_above_threshold_with_device_subject,"Pre-stuffed Holiday Stocking Includes: Digital Stereo Earbuds, Solar Powered Keychain Flashlight, Digital Photo Frame, Pocket Sized Tool Kit","Headphones, Earbuds & Accessories",3,1,1,0,0,0,0,0,0,1,0,internal_oof
B09N76B4RD,DEVICE,ON_EAR,DEVICE,0.826064,0.826064,model_device_above_threshold_with_device_subject,AILIHEN Bulk Classroom Student Headphones (5 Pack) for K-12 School Class Sets Teens with 93dB Volume Limited Wired Foldable Headset for Online Study Library Computer Testing Centers (Black Orange),On-Ear Headphones,892,1,2,0,0,0,0,0,1,0,0,internal_oof
B003R2IQPE,DEVICE,EARBUD_INEAR,DEVICE,0.912818,0.912818,model_device_above_threshold_with_device_subject,RF3 ENVi 3.5mm Natural Wood Mono Headset,Headphones & Earbuds,1,1,1,0,0,0,0,0,0,1,0,internal_oof
B0B3Z4JDS4,ACCESSORY,NOT_APPLICABLE,ACCESSORY,0.022467,0.977533,accessory_taxonomy_and_context,"Airtag Holder, Airtag Case, Air tag Holder, Airtag Accessories, Airtag Key Ring, Airtag Keychain, Silicone Airtag Case, 4 Pack – White, Dark Blue, Blue, Black",Cases,96,1,0,0,0,1,0,1,0,0,0,internal_oof
B00B2B3NR8,ACCESSORY,NOT_APPLICABLE,ACCESSORY,0.133062,0.99,strong_accessory_relation,Klingg - Magnetic Earphone Cord Holder (Green/Black),"Headphones, Earbuds & Accessories",28,1,1,1,1,2,0,0,0,1,0,internal_oof
B08VRPWFDK,ACCESSORY,NOT_APPLICABLE,ACCESSORY,0.009419,0.990581,model_accessory_below_threshold_with_accessory_context,Youkamoo 6.35mm 8 Core Silver Plated Braided Earphone Replacement Upgrade Cable Silver Plated Wire Earphone Cable for BL03 V80 KZ ZS10 PRO ZS10 AS10 ZS6 ZST ZSR TRN (2 Pin 0.78mm),Extension Cords,11,1,1,1,0,1,0,1,0,0,0,internal_oof
B07WWF4Q1V,ACCESSORY,NOT_APPLICABLE,ACCESSORY,0.001536,0.998464,strong_accessory_relation,"ESR Upgraded Protective Cover Compatible with AirPods Pro Case, Silicone Case with Carabiner for 2019 AirPods Pro Charging Case [Front LED Visible] [Shock-Absorbing] Soft Slim Case – Yellow",Cases,11076,1,1,1,1,1,0,1,0,0,0,internal_oof
B09XQW2CWK,DEVICE,EARBUD_INEAR,DEVICE,0.991971,0.991971,model_device_above_threshold_with_device_subject,Mekomy Wireless Earbuds Bluetooth 5.0 Headphones with 30H Cycle Playtime Built-in Mic IPX6 Waterproof Headsets Charging Case for in-Ear Buds (White),Earbud Headphones,19,1,4,1,0,1,0,0,1,0,0,internal_oof
B01ARNV56W,DEVICE,EARBUD_INEAR,DEVICE,0.986487,0.986487,model_device_above_threshold_with_device_subject,Fullkang Super Bass Stereo in-Ear Earphone Sport Headset with Headphone Storage Bag (Gold),Earbud Headphones,7,1,3,0,0,0,0,0,1,0,0,internal_oof
B0036ZXAOO,DEVICE,ON_EAR,DEVICE,0.749609,0.749609,model_device_above_threshold_with_device_subject,"TOOKS Brigade Camo Headphone Audio Beanie Hat with Built-in Removable Headphones - Color: Black Hawk, Unique Gift Idea","Headphones, Earbuds & Accessories",5,1,1,0,0,0,0,0,0,1,0,internal_oof
B0B9FX167S,DEVICE,EARBUD_INEAR,DEVICE,0.997281,0.997281,model_device_above_threshold_with_device_subject,"Bluetooth Earbuds with Earhooks, 96Hrs Playtime Sport Headphones with Charging Case and LED Digital Display Built in Mic IPX7 Waterproof Headphones, Bass Sound Headset, Over Ear Earbuds for Sport…",Earbud Headphones,128,1,3,0,0,1,1,0,1,0,0,internal_oof
B0C4DV6RDW,DEVICE,EARBUD_INEAR,DEVICE,0.996393,0.996393,model_device_above_threshold_with_device_subject,"Famedy in-Ear Monitors, Wired Earbuds with Tesla Technology Headphone MMCX Detachable Cables,Noise-Isolating in Ear Earbuds for Musicians Drummer HiFi Stereo IEM Earphones (Black, no mic)",Earbud Headphones,8,1,5,0,0,1,0,0,1,0,0,internal_oof
B0BGJVDTLZ,ACCESSORY,NOT_APPLICABLE,ACCESSORY,0.06065,0.93935,model_accessory_below_threshold_with_accessory_context,Premium Replacement SoundLink On-Ear Beige Ear Pads Cushions Compatible with Bose SoundLink On-Ear Wireless BH1 Headphones Bose On-Ear 2 (OE2) and Bose SoundTrue On-Ear Headphones. Great Comfort,Earpads,9,1,1,0,0,1,0,1,0,0,0,internal_oof
B0BL78QGLK,DEVICE,OVER_EAR,DEVICE,0.932387,0.932387,model_device_above_threshold_with_device_subject,WINONLY Sleep Headphones Wireless Bluetooth Headband - Valentines Day Gifts for Him Upgrade Soft Eye Mask for Sleeping Long Time Play Music Sport Headbands for Workout Running Yoga Unique for Men,Over-Ear Headphones,13312,1,1,0,0,0,0,0,1,0,0,internal_oof
B008JBHGR2,DEVICE,EARBUD_INEAR,DEVICE,0.733497,0.733497,model_device_above_threshold_with_device_subject,"WiGO GOODS LLC ADIO-3555 ADIO Series, BeAN Retractable Cable Magnetic Clasp Earbuds with Mic - Wired Headsets - Retail Packaging - White",Headphones & Earbuds,1,1,2,0,0,1,0,0,0,1,0,internal_oof
B07SK6Q5XX,DEVICE,EARBUD_INEAR,DEVICE,0.916677,0.916677,model_device_above_threshold_with_device_subject,"Soundcore Anker Liberty Air True-Wireless Earphones with Charging Case, Bluetooth 5, Touch Control Earbuds(Renewed)",Earbud Headphones,1061,1,2,0,0,1,1,0,1,0,0,internal_oof
B0768GKLNL,DEVICE,EARBUD_INEAR,DEVICE,0.980675,0.980675,model_device_above_threshold_with_device_subject,"Audifonos Earbuds, Earbud Headphones with Microphone - Dynamic Clear Sound Ear Buds with Mic, Noise Isolating Earphones Compatible with Samsung Galaxy S9 S8 S7 S6 S5 Note Edge and More Cell Phones",Earbud Headphones,427,1,4,0,0,0,0,0,1,0,0,internal_oof
B08HHGHG3B,ACCESSORY,NOT_APPLICABLE,ACCESSORY,0.008481,0.991519,model_accessory_below_threshold_with_accessory_context,"3 Pairs Ear Hooks for AirPods 1 & 2 and Pro, Professional Anti-Slip Silicone Earbuds Tips Hook Compatible with Apple Airpods 1 & 2 and Pro (4Pairs White +2pairs Black)",Earpads,104,1,2,0,0,0,0,1,0,0,0,internal_oof
B09X9NR2TR,DEVICE,EARBUD_INEAR,DEVICE,0.991978,0.991978,model_device_above_threshold_with_device_subject,"Jesebang Wireless Earbud, Bluetooth Headphones Touch Control Built in Microphone, Wireless Earphones with Wireless Charging Case, 30 Hours Playtime Compatible with iOS, Android, IP7 Waterproof, White",Earbud Headphones,103,1,3,0,0,1,1,0,1,0,0,internal_oof
B00SMNYFIU,DEVICE,OVER_EAR,DEVICE,0.973865,0.973865,model_device_above_threshold_with_device_subject,"Sound Intone IP-810 Lightweight Stereo Portable Headphones with Mic, Stretching Headband Headsets, for Kids Boys Girls Headset and Android Smartphone,PC, Laptop and All 3.5mm Jack Devices (Pink)",Headphones & Earbuds,66,1,2,0,0,0,0,0,0,1,0,internal_oof
B07Q12TXD8,ACCESSORY,NOT_APPLICABLE,ACCESSORY,0.001798,0.998202,model_accessory_below_threshold_with_accessory_context,"SATLITOG AirPods Case Cover with Secure Lock Keychain, Protective Silicone Cover Compatible with Apple AirPods 2nd & 1st Charging Case - Denim Blue",Cases,26733,1,1,1,0,1,0,1,0,0,0,internal_oof
B0002ORPMU,DEVICE,ON_EAR,AMBIGUOUS,0.971693,0.0,no_headphone_subject_in_title,Samson PH60,Headphones & Earbuds,3,1,0,0,0,0,0,0,0,1,0,internal_oof
B072LFK2RG,DEVICE,EARBUD_INEAR,DEVICE,0.982103,0.982103,model_device_above_threshold_with_device_subject,iWorld Hyper Sound Earbuds with Mic 1 pr Box,Headphones & Earbuds,4,1,1,0,0,0,0,0,0,1,0,internal_oof
B09BJ431F1,ACCESSORY,NOT_APPLICABLE,ACCESSORY,0.003694,0.996306,model_accessory_below_threshold_with_accessory_context,"MOFREE Beat Studio Case Cover Replacement Compatible for Apple Beats Studio Buds Wireless Earbuds, Heavy Duty Silicone Protective Skin Sleeve with with Bling Elephant Keychain (Purple)",Cases,14,1,2,1,0,1,0,1,0,0,0,internal_oof
B093M3F4GG,ACCESSORY,NOT_APPLICABLE,ACCESSORY,0.028901,0.971099,model_accessory_below_threshold_with_accessory_context,"Thermaltake Argent HS1 RGB Gaming Headset Stand with 3.5mm AUX and 2 USB Ports, Aluminum Headphone Holder Hanger Rack, sync Lighting Effects TT RGB Plus Products. GEA-HS1-THSSIL-01",Cases,6,1,2,1,0,2,0,1,0,0,0,internal_oof
B09GYVGMWP,ACCESSORY,NOT_APPLICABLE,ACCESSORY,0.004341,0.995659,model_accessory_below_threshold_with_accessory_context,"Dekoni Audio Bulletz Replacement for Galaxy Buds Pro Ear Tips | Memory Foam Earbud Tips | Fits in Galaxy Buds Case (Large, Three Pack)",Earpads,42,1,2,0,0,1,0,1,0,0,0,internal_oof
B00768BE18,DEVICE,OVER_EAR,DEVICE,0.905397,0.905397,model_device_above_threshold_with_device_subject,"Lenovo Wireless Headset for PC and Mac, W770B ( 888013185 )",Headphones & Earbuds,110,1,1,0,0,0,0,0,0,1,0,internal_oof
B0BL3JKNQW,DEVICE,EARBUD_INEAR,DEVICE,0.97988,0.97988,model_device_above_threshold_with_device_subject,"Ganfancp Bluetooth 5.1 Wireless Earbuds,LED Aperture Digital Display Charging Case Headset,HD Stereo Noise Reduction Waterproof Headphones,Great Gift for Family,Friend",Earbud Headphones,1,1,3,0,0,1,0,0,1,0,0,internal_oof
B07PMWK9H5,DEVICE,EARBUD_INEAR,DEVICE,0.961095,0.961095,model_device_above_threshold_with_device_subject,Earphones/Earbuds/Headphones 2Pack Black Compatible with iPhone / Galaxy S9/S9+ S8/S8+ Note8 / Android in-Ear Headphones Remote + Mic Hands-Free Earphones,Earbud Headphones,4,1,3,0,0,0,0,0,1,0,0,internal_oof
B00HNT50UQ,ACCESSORY,NOT_APPLICABLE,ACCESSORY,0.228042,0.771958,model_accessory_below_threshold_with_accessory_context,UPBRIGHT 3.5mm 3 Poles Aux in Cable Cord Compatible with Beats Pro Detox by Dr. Dre Over Ear Headphone Headset Studio EKOCYCLE Headphone Beats Mixr Beats Pro Studio Red Sox Edition,"Headphones, Earbuds & Accessories",1,1,2,0,0,2,0,0,0,1,0,internal_oof
B0BCKHQGJN,DEVICE,EARBUD_INEAR,DEVICE,0.99854,0.99854,model_device_above_threshold_with_device_subject,"Btootos Wireless Earbud Bluetooth Headphones with 4 Mic,40H Playtime LED Power Display Bluetooth 5.3 True Wireless Earbud,Deep Bass Mini Wireless Headphones in Ear Buds Wireless Earphones Sport Black",Earbud Headphones,12736,1,4,0,0,0,0,0,1,0,0,internal_oof
B00GKDEA98,DEVICE,EARBUD_INEAR,DEVICE,0.80952,0.80952,model_device_above_threshold_with_device_subject,Zeadio 3.5mm Open Helmet Half Face Motorcycle Bike Helmet Audio Radio Headset Earpiece Kit Microphone for iPhone 5 5s 5c 4 4s Samsung Galaxy Note 2 Ii S4 SIV S3 Siii S2 SII N7100 I9500 I9300 Etc.,Headphones & Earbuds,2,1,2,0,0,0,0,0,0,1,0,internal_oof
B00AHOG8S2,DEVICE,EARBUD_INEAR,DEVICE,0.989726,0.989726,model_device_above_threshold_with_device_subject,iSound BT-2000 Bluetooth Stereo Headset,Headphones & Earbuds,31,1,1,0,0,0,0,0,0,1,0,internal_oof
B00U18GOHE,DEVICE,OVER_EAR,DEVICE,0.952389,0.952389,model_device_above_threshold_with_device_subject,Sound Intone Hd680 Lightweight Headphones with Microphone for Iphone and Android Devices (Orange),Headphones & Earbuds,70,1,1,0,0,0,0,0,0,1,0,internal_oof
B07RG67GNR,DEVICE,EARBUD_INEAR,DEVICE,0.949737,0.949737,model_device_above_threshold_with_device_subject,"live iLive IAEBTW59B Truly Wireless Bluetooth Earbuds, Sporty Hook, Charging Case, IPX Waterproof, Neon Yellow/Black",Earbud Headphones,136,1,1,0,0,1,0,0,1,0,0,internal_oof
B009NPLXGS,ACCESSORY,NOT_APPLICABLE,ACCESSORY,0.128359,0.99,strong_accessory_relation,ivencase 3D Penguin Silicone Soft Skin Case Cover for Apple iPhone 3g 3gs SkyBlue + One Phone Sticker + One ivencase Anti-dust Plug Stopper,Headphones & Earbuds,59,1,0,1,1,1,0,0,0,1,0,internal_oof
B076N74K7P,ACCESSORY,NOT_APPLICABLE,ACCESSORY,0.025585,0.974415,model_accessory_below_threshold_with_accessory_context,"NOMACY Headphones Ear Cushion Kit Replacement for Sony MDR 7506, MDR V6, MDR CD900ST, Ear Pads with Memory Foam and Protein Leather for Noise Blocking and Comfortable Wearing, 1 Pair Black",Earpads,18,1,1,0,0,2,0,1,0,0,0,internal_oof
B07QJBW4PP,ACCESSORY,NOT_APPLICABLE,ACCESSORY,0.007915,0.992085,model_accessory_below_threshold_with_accessory_context,"Punswan Hamburger Airpod Case for Apple Airpods 1&2,Cute 3D Funny Cartoon Character Soft Silicone Cover,Kawaii Fun Cool Keychain Design Skin,Fashion Color Cases for Girls Kids Boys Air pods",Cases,659,1,1,1,0,1,0,1,0,0,0,internal_oof
B08887DMWN,DEVICE,EARBUD_INEAR,DEVICE,0.987337,0.987337,model_device_above_threshold_with_device_subject,"KZ ZS10 Pro Wired Earbuds in Ear Headphones, 4BA+1DD Hybrid 10 Drivers HiFi Bass in Ear Monitor Earphones, Noise Cancelling Earbud（No Mic, Blue）",Earbud Headphones,18,1,4,0,0,0,0,0,1,0,0,internal_oof
B09SGB2WV4,DEVICE,EARBUD_INEAR,DEVICE,0.994119,0.994119,model_device_above_threshold_with_device_subject,"Donerton Wireless Earbud 5.1 Headphones 80 Hours Playtime Earphones with Charging Case, in Ear Headset IP7 Waterproof Earbud Noise Cancelling Microphone, LCD Display, for Working, White",Earbud Headphones,17946,1,4,0,0,1,1,0,1,0,0,internal_oof
B09PHDGWFZ,DEVICE,EARBUD_INEAR,DEVICE,0.994282,0.994282,model_device_above_threshold_with_device_subject,"Bluetooth Neckband Headphones, Dpvisn Foldable Wireless Lightweight Neck Headset with Retractable Earbuds, Noise Cancelling Sweatproof Stereo Earphones with Mic & Carrying Case (Black)",Earbud Headphones,160,1,4,0,0,1,0,0,1,0,0,internal_oof
B07J2MG2FF,ACCESSORY,NOT_APPLICABLE,ACCESSORY,0.001134,0.998866,model_accessory_below_threshold_with_accessory_context,"AirPods Case Compatible Apple AirPods 2&1,9 in 1 AirPods Accessories Set Protective Cover and Silicone Skin with Earpods Keychain/Strap/Ear Hook/Carrying Box-Blue",Cases,83,1,2,1,0,1,0,1,0,0,0,internal_oof
B081PWQKGY,DEVICE,EARBUD_INEAR,DEVICE,0.998544,0.998544,model_device_above_threshold_with_device_subject,"XFVSDXS Earbud Headphones with Remote & Microphone, in Ear Earphone Stereo Sound Noise Isolating Tangle High Fidelity HiFi Headset(Black)",Earbud Headphones,30,1,4,0,0,0,0,0,1,0,0,internal_oof
B0813JWYJD,DEVICE,OVER_EAR,DEVICE,0.934025,0.934025,model_device_above_threshold_with_device_subject,"Bluedio A2 (Air 2) Stylish Bluetooth Headphones with Mic, 3D Surround Sound Flexible Foldable Lightweight Over Ear Wireless Headphones with Carrying Case for Cell Phones/PC/TV (China)",Over-Ear Headphones,16,1,1,1,0,1,0,0,1,0,0,internal_oof
B0036ZZ6ZK,DEVICE,EARBUD_INEAR,DEVICE,0.984596,0.984596,model_device_above_threshold_with_device_subject,TOOKS Classic Headphone Beanie with Built-in Removable Headphones - Color: Black,Earbud Headphones,84,1,1,0,0,0,0,0,1,0,0,internal_oof
B07S3WL8M4,ACCESSORY,NOT_APPLICABLE,ACCESSORY,0.0662,0.99,strong_accessory_relation,DURAGADGET Hard 'Shell' EVA Headphone Case (Red) - Suitable for JBL Live 400BT | 500BT | 650BTNC | Harman E55 Bluetooth Over-Ear Headphone & JBL E55BT (2017),Cases,4,1,1,1,1,0,0,1,0,0,0,internal_oof
B07PKTMWD4,DEVICE,EARBUD_INEAR,DEVICE,0.9457,0.9457,model_device_above_threshold_with_device_subject,"Compatible with Galaxy S10, S10e, S10 Plus - Headset Hands-Free Earphones Earbuds Mic Dual Headphones Stereo Flat Wired 3.5mm Black Works with Samsung Galaxy S10, S10e, S10+",Earbud Headphones,1,1,4,0,0,0,0,0,1,0,0,internal_oof
B09S6ZWPS5,DEVICE,EARBUD_INEAR,DEVICE,0.998823,0.998823,model_device_above_threshold_with_device_subject,"Otium Bluetooth Headphones, Wireless Headphones IPX7 Waterproof Sports Earbuds 15H Playtime with Mic HD Stereo Sound Sweatproof in-Ear Earphoones Noise Cancelling Headsets Gym Running Workout Pink",Earbud Headphones,31422,1,3,0,0,0,0,0,1,0,0,internal_oof
B014R1GTY8,DEVICE,EARBUD_INEAR,DEVICE,0.928678,0.928678,model_device_above_threshold_with_device_subject,"SoundBot SB556 Stereo Bluetooth 4.1 Sports Active Wireless Headset High-Performance Earbud Headphone w/ Voice Prompt, Multi-Point Technology for 8Hrs of Wireless Music Streaming & Hands-Free Talking",Headphones & Earbuds,32,1,3,0,0,0,0,0,0,1,0,internal_oof
B08BHVL7VB,ACCESSORY,NOT_APPLICABLE,ACCESSORY,0.002163,0.997837,model_accessory_below_threshold_with_accessory_context,"Laffav AirPods 2 & 1 Case for Women Men (Front LED Visible) Soft Silicone Protective Cover Skin with Keychain kit Set Compatible with Apple AirPods 2 and 1, 2 Pack, Black and Yellow",Cases,12142,1,1,1,0,1,0,1,0,0,0,internal_oof
B004S7Q8CA,DEVICE,EARBUD_INEAR,DEVICE,0.960733,0.960733,model_device_above_threshold_with_device_subject,"JVC HAFX1X Headphone Xtreme-Xplosivs, Black, Red",Earbud Headphones,11916,1,1,0,0,0,0,0,1,0,0,internal_oof
B07Y8C414D,DEVICE,EARBUD_INEAR,DEVICE,0.998041,0.998041,model_device_above_threshold_with_device_subject,"Wireless Earbuds with Charging Case, Bluetooth 5.0 Earphones 20Hrs Playing Time in-Ear Clear Call Stereo Sound Built-in Mic Sweatproof Auto Pairing for iPhone Samsung Android, Noise Cancelling",Earbud Headphones,2631,1,2,0,0,1,1,0,1,0,0,internal_oof
B003TTRWEQ,DEVICE,EARBUD_INEAR,DEVICE,0.947242,0.947242,model_device_above_threshold_with_device_subject,Premium Stereo Hands-Free 3.5mm Headset Headphones for LG Prime GS390,Headphones & Earbuds,5,1,2,0,0,0,0,0,0,1,0,internal_oof
B0886PNJP9,DEVICE,EARBUD_INEAR,DEVICE,0.98034,0.98034,model_device_above_threshold_with_device_subject,JBL Endurance RUN - Wired Sport In-Ear Headphones - Red,Earbud Headphones,13754,1,1,0,0,0,0,0,1,0,0,internal_oof
B00GNTG36M,ACCESSORY,NOT_APPLICABLE,AMBIGUOUS,0.250715,0.0,no_headphone_subject_in_title,"SANOXY Phone Retro Handset (3.5mm) Mic Retro POP Cell Phone Handset for Mac iPhone Ipad,Nokia Gift Item (Purple)",Headphones & Earbuds,7,1,0,0,0,0,0,0,0,1,0,internal_oof
B09L1B8H78,DEVICE,EARBUD_INEAR,DEVICE,0.975565,0.975565,model_device_above_threshold_with_device_subject,"Unihertz Unibuds for Unihertz Phone, Wireless Earphones Bluetooth Headphones Wireless Charging Case",Earbud Headphones,15,1,2,0,0,1,0,0,1,0,0,internal_oof
B0711C14FR,DEVICE,EARBUD_INEAR,DEVICE,0.990239,0.990239,model_device_above_threshold_with_device_subject,"KINVOCA Wired Metal In Ear Earbuds Headphones with Microphone Volume and Case, Bass Stereo Noise Isolating Inear Earphones Ear Buds for Cell Phones, Aluminum Alloy, Carabiner, 3.5mm Jack, Black",Earbud Headphones,412,1,4,0,0,0,0,0,1,0,0,internal_oof
B0011RR8E2,DEVICE,EARBUD_INEAR,DEVICE,0.94756,0.94756,model_device_above_threshold_with_device_subject,Jabra BT5020 Bluetooth Headset,Headphones & Earbuds,5,1,1,0,0,0,0,0,0,1,0,internal_oof
B002OOWBKW,DEVICE,EARBUD_INEAR,DEVICE,0.932825,0.932825,model_device_above_threshold_with_device_subject,BlackBerry HS-500 Bluetooth Headset,Headphones & Earbuds,125,1,1,0,0,0,0,0,0,1,0,internal_oof
B01LZIQ6NR,AMBIGUOUS,NOT_APPLICABLE,AMBIGUOUS,0.800529,0.0,no_headphone_subject_in_title,RBX Active Women's Hooded Brushed Back Sweater Knit Jacket Black M,Headphones & Earbuds,2,1,0,0,0,0,0,0,0,1,0,internal_oof
B002YO7A5I,DEVICE,ON_EAR,DEVICE,0.944234,0.944234,model_device_above_threshold_with_device_subject,"Sennheiser HD 407 Open Dynamic Supra-Aural Over-The-Ear Stereo Headphones - Connect To Apple iPad, iPod, iPhone, MP3/MP4 Players, Galaxy Tab, Mobile Phones And All Audio Devices (Discontinued by Manufacturer)",Headphones & Earbuds,149,1,1,0,0,0,0,0,0,1,0,internal_oof
B07ZM54BL7,ACCESSORY,NOT_APPLICABLE,ACCESSORY,0.005083,0.994917,strong_accessory_relation,"Joyleop 3D Yellow Fork Case Compatible with Airpods 1/2,Cute Fun Cartoon Funny Kids Girls Teens Cover, Kawaii Cool Stylish Fashion Soft Silicone Protective Character Airpod Skin Cases for Air pods 1&2",Cases,18,1,1,1,1,1,0,1,0,0,0,internal_oof
B00S5F3Y6Y,DEVICE,EARBUD_INEAR,DEVICE,0.827091,0.827091,model_device_above_threshold_with_device_subject,"MEE audio HP-AF65-BK-MEE Air-Fi Touch Advanced Bluetooth Wireless Headset Functionality, With Aptx, Black/Gold, 7 X 2 X 4 Inches",Headphones & Earbuds,77,1,1,0,0,0,0,0,0,1,0,internal_oof
B0BG29953D,DEVICE,OVER_EAR,DEVICE,0.921858,0.921858,model_device_above_threshold_with_device_subject,TEASTAR Wireless Beanie Hat Men Women Gifts Knit Headphone Headset Christmas Music Cap Gifts for Teenage Boys Girls Husband,Over-Ear Headphones,59,1,2,0,0,0,0,0,1,0,0,internal_oof
B06XFSC3LR,ACCESSORY,NOT_APPLICABLE,AMBIGUOUS,0.26933,0.0,no_headphone_subject_in_title,DevLon NorthWest Paraffin Wax Treatment 1 lbs Refill Wax Bath Moisturizer for Dry Skin Lemon,Headphones & Earbuds,1,1,0,0,0,1,0,0,0,1,0,internal_oof
B00Q2VIW9M,DEVICE,ON_EAR,DEVICE,0.991975,0.991975,model_device_above_threshold_with_device_subject,"Bluedio T2s Bluetooth Headphones On Ear with Mic, 57mm Driver Rotary Folding Wireless Headset, Wired and Wireless Headphones for Cell Phone/TV/PC, 40 Hours Play Time, Support Voice Control(Black)",On-Ear Headphones,12785,1,2,0,0,0,0,0,1,0,0,internal_oof
B07K8W72MW,ACCESSORY,NOT_APPLICABLE,ACCESSORY,0.013728,0.99,strong_accessory_relation,"Bose 3.5mm to 2.5mm Stereo Cable for QuietComfort 3, 25, and 35 Noise Cancelling Headphones Replacement Cable bose soundtrue Replacement Cable bose Headphones (Silver)",Extension Cords,138,1,1,1,1,1,0,1,0,0,0,internal_oof
B005WJWMAU,DEVICE,EARBUD_INEAR,DEVICE,0.988595,0.988595,model_device_above_threshold_with_device_subject,Skullcandy S2FFFM-075 50/50 2011 White/Chrome Earphones with Mic,Earbud Headphones,3,1,1,0,0,0,0,0,1,0,0,internal_oof
B09M3MFHLC,DEVICE,EARBUD_INEAR,DEVICE,0.996504,0.996504,model_device_above_threshold_with_device_subject,JOYSILIN - True Wireless Earbuds - in-Ear Bluetooth Headphones - Built-in Microphone and Wireless Charging case - 36-Hour Loop - Sports Waterproof - Black,Earbud Headphones,329,1,2,0,0,1,0,0,1,0,0,internal_oof
B074P4GLFC,DEVICE,EARBUD_INEAR,DEVICE,0.968984,0.968984,model_device_above_threshold_with_device_subject,THE Electronics Wired 3.5MM Superb Sound Earphone/Earbuds/Headphones +1 Carry Case w/Microphone Noise Isolating Headphones for Work Talk Play Workout Gym Smartphones Tablets (White 2),Earbud Headphones,72,1,3,0,0,0,0,0,1,0,0,internal_oof
B003O67N1Q,ACCESSORY,NOT_APPLICABLE,ACCESSORY,0.028371,0.971629,model_accessory_below_threshold_with_accessory_context,"One Set/3 sizes - Earphones Plus brand S,M,L CLEAR replacement ear cushions for Apple brand earbud headphones",Earpads,7,1,3,1,0,1,0,1,0,0,0,internal_oof
B07M8FTNKJ,ACCESSORY,NOT_APPLICABLE,ACCESSORY,0.004249,0.995751,model_accessory_below_threshold_with_accessory_context,"Airpods Case, Music tracker Protective Thicken Airpods Cover Soft Silicone Chargeable Headphone Case with Anti-Lost Carabiner for Apple Airpods 1&2 Charging Case (Rose)",Cases,20860,1,2,1,0,1,0,1,0,0,0,internal_oof
B07WX6MCGD,DEVICE,EARBUD_INEAR,DEVICE,0.997808,0.997808,model_device_above_threshold_with_device_subject,"2021 Upgraded Version MIFO O5 True Wireless Earbuds Bluetooth 5.0 Earbuds with 2600mAH Charging Case IP67 Hi-Fi Stereo in Ear Earphones Wireless Headphones for Running, Built-in Mic",Earbud Headphones,700,1,3,0,0,1,0,0,1,0,0,internal_oof
B0BJDZF6X4,DEVICE,EARBUD_INEAR,DEVICE,0.993352,0.993352,model_device_above_threshold_with_device_subject,"Wireless Bluetooth LED Display Electroplated Earphones,9D HiFi Stereo Sound with Mic,with Charging Case, Binaural Call,Noise Reduction Technology, IPX7 Waterproof, for Sports, for iOS Android (Black)",Earbud Headphones,2,1,1,0,0,1,1,0,1,0,0,internal_oof
B011S90B6E,ACCESSORY,NOT_APPLICABLE,ACCESSORY,0.021031,0.978969,model_accessory_below_threshold_with_accessory_context,Josi Minea x 2 Pcs 2.5mm Male to 3.5mm Female Audio Adapter Converter Headphone Earphone Headset 3 Ring Jack - Stereo or Mono [ 2 Pack ],Adapters,108,1,3,0,0,1,0,1,0,0,0,internal_oof
B09XMK9F6W,DEVICE,EARBUD_INEAR,DEVICE,0.995517,0.995517,model_device_above_threshold_with_device_subject,"Vovenusc Bluetooth Earbuds, Wireless Earphones with Wireless Charging Case, in-Ear Sport Headphones with 36hrs Long-Lasting 550A 0",Earbud Headphones,7,1,3,0,0,1,1,0,1,0,0,internal_oof
B07MBT79Z9,ACCESSORY,NOT_APPLICABLE,ACCESSORY,0.015863,0.984137,model_accessory_below_threshold_with_accessory_context,"GLCON Earphone Earbud Carrying Case Holder - Lightweight Mini Universal Storage Pouch Bag for Wired Earbuds, Airpods, Bluetooth Headset, Wall Charger Adapter, USB Cable, Cell Phone Accessories - Pink",Cases,6709,1,4,1,0,4,0,1,0,0,0,internal_oof
b01g8jo5f2,DEVICE,EARBUD_INEAR,DEVICE,0.997366,0.997366,model_device_above_threshold_with_device_subject,"Senso Bluetooth Headphones, Best Wireless Sports Earbuds w/Mic IPX7 Waterproof HD Stereo Sweatproof Earphones for Gym Running Workout Noise Cancelling Earphones Earbuds Noise Cancelling Headsets",Earbud Headphones,42789,1,4,0,0,0,0,0,1,0,0,internal_oof
B09XN9QZQF,DEVICE,EARBUD_INEAR,DEVICE,0.891884,0.891884,model_device_above_threshold_with_device_subject,Sony WFL900/H LinkBuds Truly Wireless Earbuds Headphones w/Alexa Built-in (Gray) Bundle with 2 YR CPS Enhanced Protection Pack and Deco Essentials Protective Case WF-L900 LinkBuds,Earbud Headphones,4,1,2,0,0,1,1,0,1,0,0,internal_oof
B08HYGGQ11,ACCESSORY,NOT_APPLICABLE,ACCESSORY,0.00251,0.99749,model_accessory_below_threshold_with_accessory_context,"AirPods Case,Water Drop Rainbow Glitter Cute Hard PC Protective Shockproof Case Cover Skins with Shell Keychain Compatible with Apple AirPods 1 & 2 (Colorful)",Cases,609,1,1,0,0,1,0,1,0,0,0,internal_oof
B016XJ1OLA,ACCESSORY,NOT_APPLICABLE,AMBIGUOUS,0.030014,0.0,no_headphone_subject_in_title,"Palytte for MacBook Air Charger,Replacement 45W Magsafe 2 Power Adapter T-Tip Magnetic Connector Charger with 2.4A USB Port for MacBook Air 11 inch and 13 inch (45W-T)",Headphones & Earbuds,56,1,0,0,0,1,0,0,0,1,0,internal_oof
B09W4G29RJ,DEVICE,EARBUD_INEAR,DEVICE,0.917521,0.917521,model_device_above_threshold_with_device_subject,"SZHTFX Invisible Earbuds Sleep Bluetooth Earbuds Mini Tiny Discreet Hidden Headphones for Work, Small Ear Canals - Single Earbud with Charging Case (Black-（Single）)",Earbud Headphones,1684,1,2,1,0,1,1,0,1,0,0,internal_oof
B017G2VP30,DEVICE,OVER_EAR,DEVICE,0.980404,0.980404,model_device_above_threshold_with_device_subject,LETTON G1 3.5mm Wired Stereo Lightweight Over Ear Gaming Headphones with Microphone PU Ear-pad for PC(Black)Normal Edition,Over-Ear Headphones,19,1,1,0,0,0,0,0,1,0,0,internal_oof
B08ZVJ17SR,ACCESSORY,NOT_APPLICABLE,ACCESSORY,0.001824,0.998176,model_accessory_below_threshold_with_accessory_context,"Airpods 2/1 Case,Cute 3D Cartoon White Shoes Premium Silicone Airpods Case,Soft Silicone Shockproof Key Sneakers ShoeCharging Protective Cover Skin,Compatible airpods 2/1 Skin Cases",Cases,19,1,1,0,0,1,0,1,0,0,0,internal_oof
B00862U5M2,DEVICE,EARBUD_INEAR,DEVICE,0.887538,0.887538,model_device_above_threshold_with_device_subject,iKross 3.5mm Stereo Earbuds with Microphone + Black Headset Case for Samsung Galaxy Tab S2/ Tab Active/A with S Pen/Tab A/Tab 4 Nook/Tab S/Tab 4 3/ Tab 3 Lite/NotePro/TabPro,Headphones & Earbuds,3,1,2,1,0,0,1,0,0,1,0,internal_oof
B0BKPZTSK6,ACCESSORY,NOT_APPLICABLE,ACCESSORY,0.010354,0.99,strong_accessory_relation,"Silicone Cover for JBL Tune 230NC TWS Wireless Earphone Silicone Protective Cover, Portable Scratch and Shock Proof Cover with Carabiner(Mint Green)",Cases,77,1,1,1,1,0,0,1,0,0,0,internal_oof
B07GPCRWCF,DEVICE,EARBUD_INEAR,DEVICE,0.995511,0.995511,model_device_above_threshold_with_device_subject,"Headphones, Earphones Earbuds Headphones with Microphone Stereo Sound Mic Remote Volume Control Compatible with 3.5 mm Headphone (Red 31)",Earbud Headphones,5,1,3,0,0,0,0,0,1,0,0,internal_oof
B0059YLAAQ,DEVICE,EARBUD_INEAR,DEVICE,0.937819,0.937819,model_device_above_threshold_with_device_subject,Apple Earphones with Remote and Mic (Old Version),Headphones & Earbuds,1174,1,1,0,0,0,0,0,0,1,0,internal_oof
B00WU3WSRI,DEVICE,OVER_EAR,AMBIGUOUS,0.974966,0.0,no_headphone_subject_in_title,Coby CV790 Pro Studio Monitor Stereo HP (Discontinued by Manufacturer),Headphones & Earbuds,4,1,0,0,0,0,0,0,0,1,0,internal_oof
B00NBMHT6C,DEVICE,EARBUD_INEAR,DEVICE,0.947762,0.947762,model_device_above_threshold_with_device_subject,Sony MDRXB450AP Extra Bass Smartphone Headset (Black),Headphones & Earbuds,580,1,1,0,0,0,0,0,0,1,0,internal_oof
B00D8YYXZS,DEVICE,EARBUD_INEAR,DEVICE,0.954438,0.954438,model_device_above_threshold_with_device_subject,Samsung 3.5mm EHS64 Stereo Headset - Original OEM EHS64AVFBE,Headphones & Earbuds,133,1,1,0,0,0,0,0,0,1,0,internal_oof
B000Q0ASIS,DEVICE,OVER_EAR,AMBIGUOUS,0.708755,0.0,no_headphone_subject_in_title,Turtle Beach Ear Force AKR8,Headphones & Earbuds,16,1,0,0,0,0,0,0,0,1,0,internal_oof
B07XNWTL6M,ACCESSORY,NOT_APPLICABLE,ACCESSORY,0.251958,0.748042,model_accessory_below_threshold_with_accessory_context,YDYBZB Ear Pads Cushions Cups Compatible with Audio-Technica ATH-AR3BT ATH AR3BTBK Bluetooth Wireless On-Ear Headphone Earpads Replacement,On-Ear Headphones,2,1,1,0,0,2,0,0,1,0,0,internal_oof
B0073P4ESO,DEVICE,OVER_EAR,DEVICE,0.892484,0.892484,model_device_above_threshold_with_device_subject,"Shure SRH1440 Professional Open Back Headphones - 40mm Neodymium Drivers, Full-Range Audio with Detailed Highs and Rich Bass for Mastering and Critical Listening, Circumaural Design for Natural Sound",Over-Ear Headphones,86,1,1,0,0,0,0,0,1,0,0,internal_oof
B00Q3ZAMAY,DEVICE,EARBUD_INEAR,DEVICE,0.929224,0.929224,model_device_above_threshold_with_device_subject,Green Color 3.5mm Audio Earphone Headphones Headset Earbuds With Microphone Hands Free For T-Mobile Alcatel One Touch Fierce 2,Headphones & Earbuds,1,1,4,0,0,0,0,0,0,1,0,internal_oof
B07V8J8YYB,DEVICE,EARBUD_INEAR,DEVICE,0.912141,0.912141,model_device_above_threshold_with_device_subject,"Sudio Tolv True Wireless Earbuds - Auto Pairing, Compact Charging Case, 35h Play Time, iOS, Android (Green)",Earbud Headphones,19,1,1,0,0,1,0,0,1,0,0,internal_oof
B0768FYBY1,AMBIGUOUS,NOT_APPLICABLE,AMBIGUOUS,0.820062,0.0,taxonomy_device_but_title_has_no_device_subject,"BAIJIE Women's 3/4 Sleeve Tunic Swimg Casual Loose T Shirt Short Dress, Purple XXXL",Earbud Headphones,2,1,0,0,0,0,0,0,1,0,1,internal_oof
B07RGTK321,ACCESSORY,NOT_APPLICABLE,ACCESSORY,0.161565,0.838435,model_accessory_below_threshold_with_accessory_context,eSynic HiFi Headphone Amplifier Support Headphone of High Impedance 16-500Ω Portable Volume Control Amp 3.5mm Audio Rechargeable Earphone Amplifier for MP3 MP4 Digital Player Computer,Amplifiers,1,1,2,0,0,0,0,1,0,0,0,internal_oof
B07M7H9FT5,ACCESSORY,NOT_APPLICABLE,ACCESSORY,0.005035,0.994965,model_accessory_below_threshold_with_accessory_context,"Airpods Case, Music tracker Protective Thicken Airpods Cover Soft Silicone Chargeable Headphone Case with Anti-Lost Carabiner for Apple Airpods 1&2 Charging Case (Light Purple)",Cases,20859,1,2,1,0,1,0,1,0,0,0,internal_oof
B09BPBX79Z,DEVICE,EARBUD_INEAR,DEVICE,0.987558,0.987558,model_device_above_threshold_with_device_subject,JBL VIBE 100 TWS - True Wireless In-Ear Headphones - Purple,Earbud Headphones,17079,1,1,0,0,0,0,0,1,0,0,internal_oof
B076QKD7ZT,AMBIGUOUS,NOT_APPLICABLE,AMBIGUOUS,0.268892,0.0,no_headphone_subject_in_title,"Bahoki Essentials Large Stainless Steel Tea Infuser, Mesh Strainer, For Loose Herbs or Tea Bags, Reusable Filter - Bundle of 2",Headphones & Earbuds,1,1,0,0,0,1,0,0,0,1,0,internal_oof
B01HJCRKOK,AMBIGUOUS,NOT_APPLICABLE,AMBIGUOUS,0.417392,0.0,taxonomy_device_but_title_has_no_device_subject,TecLine Magnetic Dashboard 360 Degree Smartphone Cell Phone Mount Cradle Holder,Earbud Headphones,4,1,0,0,0,2,0,0,1,0,1,internal_oof
B001CWD4L2,DEVICE,EARBUD_INEAR,DEVICE,0.976838,0.976838,model_device_above_threshold_with_device_subject,Technocel Hands-Free Stereo Headset for Nokia Phones - Black,Headphones & Earbuds,2,1,1,0,0,0,0,0,0,1,0,internal_oof
B09N1GZX58,DEVICE,EARBUD_INEAR,DEVICE,0.999096,0.999096,model_device_above_threshold_with_device_subject,"Tribit Wireless Earbuds, IPX7 Waterproof Bluetooth 5.0 Touch Control True Wireless Bluetooth Earbuds with Mic Earphones in-Ear Deep Bass Built-in Mic Bluetooth Headphones, FlyBuds 3 Mini",Earbud Headphones,352,1,3,0,0,0,0,0,1,0,0,internal_oof
B0BYCVJDCL,DEVICE,EARBUD_INEAR,DEVICE,0.929604,0.929604,model_device_above_threshold_with_device_subject,"Apple Earbuds Wired iPhone Headphones, Earphones with Lightning Noise Isolating [Apple MFi Certified] Built-in Microphone & Volume Control Compatible with iPhone 14/13/12/11/XR/XS/X/7/7 Plus/8/8Plus",Earbud Headphones,1946,1,3,0,0,0,0,0,1,0,0,internal_oof
B08PFW1S1V,DEVICE,OVER_EAR,DEVICE,0.953561,0.953561,model_device_above_threshold_with_device_subject,"Soundcore Anker Life Q20 Hybrid Active Noise Cancelling Headphones, Wireless Over Ear Bluetooth Headphones, 40H Playtime, Hi-Res Audio, Deep Bass, Memory Foam Ear Cups, for Travel, Home Office",Over-Ear Headphones,63247,1,1,0,0,0,0,0,1,0,0,internal_oof
B07RWQ8SXB,ACCESSORY,NOT_APPLICABLE,ACCESSORY,0.005372,0.994628,strong_accessory_relation,Rhinenet Replacement Earpads Ear Cushions Cover Compatible for Sennheiser HD545 HD580 HD565 HD600 HD650 Headphones Velvet Earmuff Comfortable Easy to use Ear Pads Ear Cup (Black),Earpads,15,1,1,1,1,3,0,1,0,0,0,internal_oof
B002J4UPPK,DEVICE,ON_EAR,DEVICE,0.974198,0.974198,model_device_above_threshold_with_device_subject,"Microlab Headphones T1 Black, Wireless BT4.0, Noise Cancelling, 10h Playback",Headphones & Earbuds,7,1,1,0,0,0,0,0,0,1,0,internal_oof
B08ZHKJK85,ACCESSORY,NOT_APPLICABLE,ACCESSORY,0.001311,0.998689,model_accessory_below_threshold_with_accessory_context,"Fingic Compatible with AirPods 3rd Generation Case, AirPods 3 Case Glitter Sparkle Cover with Keychain Full Body Protective Stylish Shockproof Soft TPU for AirPods 3 Case 2021, Clear",Cases,91,1,1,1,0,0,0,1,0,0,0,internal_oof
B098D6K87K,ACCESSORY,NOT_APPLICABLE,ACCESSORY,0.056566,0.99,strong_accessory_relation,"Maidea Silicone Case Compatible with Beats Studio Buds – True Wireless Noise Cancelling Earbuds , Supports Wireless Charging, Protective Silicone with Keychain for Beats Studio Buds (Red)",Cases,30,1,2,1,1,0,0,1,0,0,0,internal_oof
B08M5KZ4ZG,DEVICE,EARBUD_INEAR,DEVICE,0.979934,0.979934,model_device_above_threshold_with_device_subject,Brand Bluetooth Earbuds - Noise Cancelling Wireless Waterproof Headphones - Workout Earbuds - Bluetooth Earbuds with Microphone and Charging Case - Free 540 Degree Cable - 3 Tips for Mobile Phone,Earbud Headphones,47,1,2,0,0,2,0,0,1,0,0,internal_oof
B00C2LWG0W,ACCESSORY,NOT_APPLICABLE,ACCESSORY,0.00213,0.99787,strong_accessory_relation,OEM Replacement Battery Cover for Dre Beats Studio White Color,Earpads,41,1,0,1,1,0,0,1,0,0,0,internal_oof
B071LQX3YM,DEVICE,OVER_EAR,DEVICE,0.986563,0.986563,model_device_above_threshold_with_device_subject,"PureGear PureBoom Wireless Bluetooth 4.1 Over Head Foldable Adjustable Stereo Over Ear Headphones w/ Built-in Mic and Wired Mode for PC/ Cell Phones/ TV, Black",Headphones & Earbuds,50,1,1,0,0,0,0,0,0,1,0,internal_oof
B0BZVGQ1M3,DEVICE,OVER_EAR,DEVICE,0.983699,0.983699,model_device_above_threshold_with_device_subject,"rockpapa Comfort+ Kids Headphones with Microphone and Volume Control, Boys Girls Student Over-Ear Headphones Wired for School Classroom Laptop PC Computer Tablet Black Blue",Over-Ear Headphones,3462,1,1,0,0,0,0,0,1,0,0,internal_oof
B00Q3YLGZK,DEVICE,EARBUD_INEAR,DEVICE,0.935344,0.935344,model_device_above_threshold_with_device_subject,Purple Color 3.5mm Audio Earphone Headphones Headset Earbuds With Microphone Hands Free For Boost Mobile Sharp Aquos Crystal,Headphones & Earbuds,1,1,4,0,0,0,0,0,0,1,0,internal_oof
B008337SDI,ACCESSORY,NOT_APPLICABLE,AMBIGUOUS,0.842043,0.0,no_headphone_subject_in_title,Giro Tuneups Audio 2013,Headphones & Earbuds,70,1,0,0,0,0,0,0,0,1,0,internal_oof
B000W6IZH2,ACCESSORY,NOT_APPLICABLE,AMBIGUOUS,0.945772,0.0,no_headphone_subject_in_title,Proporta Inline Volume Control,Headphones & Earbuds,5,1,0,0,0,0,0,0,0,1,0,internal_oof
B000EYAE2G,AMBIGUOUS,NOT_APPLICABLE,AMBIGUOUS,0.795835,0.0,taxonomy_device_but_title_has_no_device_subject,"NHT Classic ThreeC Center Channel Speaker (Piano-Gloss Black, Single)",Earbud Headphones,13,1,0,0,0,0,0,0,1,0,1,internal_oof
B085HXN6CJ,DEVICE,EARBUD_INEAR,DEVICE,0.994823,0.994823,model_device_above_threshold_with_device_subject,URIZONS 2Pack 3.5mm Wired in-Ear Colorful Earbuds - Tangle-Free and Trendy Noise Isolating Earphones Kids in Ear Headphones with Microphone for iPhone Laptop Kids Tangle Free Fabric Braided,Earbud Headphones,19,1,3,0,0,0,0,0,1,0,0,internal_oof
B07QYQYRRK,AMBIGUOUS,NOT_APPLICABLE,AMBIGUOUS,0.41491,0.0,no_headphone_subject_in_title,"Mens Watches,LIGE Waterproof Brown Leather Fashion Simple Analog Quartz Watch Gents Date Casual Dress Sport Wrist Watches Gold Blue",Headphones & Earbuds,4,1,0,0,0,0,0,0,0,1,0,internal_oof
B09YSJKNCN,DEVICE,EARBUD_INEAR,DEVICE,0.95708,0.95708,model_device_above_threshold_with_device_subject,Skullcandy Ink'd+ In-Ear Earbuds - Lavender,Earbud Headphones,20798,1,1,0,0,0,0,0,1,0,0,internal_oof
B0013F5ZBA,ACCESSORY,NOT_APPLICABLE,AMBIGUOUS,0.904166,0.0,no_headphone_subject_in_title,"Altec Lansing iMT525 Soundblade - Wireless, immersive sound for for BlueTooth (A2DP) phones with built in microphone.",Headphones & Earbuds,5,1,0,0,0,0,0,0,0,1,0,internal_oof
B008KC33BI,DEVICE,EARBUD_INEAR,DEVICE,0.990171,0.990171,model_device_above_threshold_with_device_subject,Wired Headphone Metal Earbuds by JOVERS Noise Cancelling Stereo Heave Bass Earphones with Volume Control，in Ear Headphones with Magnetic Design for Men for Earbud Earphone 5 6 Pink,Earbud Headphones,4,1,3,0,0,0,0,0,1,0,0,internal_oof
B000WFKZDK,AMBIGUOUS,NOT_APPLICABLE,AMBIGUOUS,0.830603,0.0,taxonomy_device_but_title_has_no_device_subject,Origin Toys & Games ASKEW Suspended Construction Game,Earbud Headphones,2,1,0,0,0,0,0,0,1,0,1,internal_oof
B009IJT9N8,DEVICE,OVER_EAR,DEVICE,0.96621,0.96621,model_device_above_threshold_with_device_subject,"DGL HY-825-DJ-BWP Hype Plaid Universal Stereo Headset DJ Headphones, Black",Headphones & Earbuds,1,1,2,0,0,0,0,0,0,1,0,internal_oof
B07XCXH75M,DEVICE,EARBUD_INEAR,DEVICE,0.997452,0.997452,model_device_above_threshold_with_device_subject,TWS-X8 Headphones Wireless Bluetooth 5.0 Earphones Waterproof in-Ear Headpsets Built-in Handsfree Microphone TWS Wireless Earphones Twins Earbuds 3500mAh Headphone Charging Case (Black),Earbud Headphones,7,1,3,0,0,1,0,0,1,0,0,internal_oof
B01AOY1XWA,DEVICE,OVER_EAR,DEVICE,0.910378,0.910378,model_device_above_threshold_with_device_subject,Toxi Wired Kids Headphones - Volume Limited Over-ear Headsets with Padded Cushions and Removable Size-adjuster Suit for Kids - Purple,Headphones & Earbuds,27,1,2,0,0,0,0,0,0,1,0,internal_oof
B091N1RDD1,ACCESSORY,NOT_APPLICABLE,ACCESSORY,0.01351,0.98649,model_accessory_below_threshold_with_accessory_context,"UGREEN Headphone Splitter Headset Splitter Audio Mic Y Adapter Braided 3.5mm TRRS Male to 2 Female Cable with MIC Compatible with PS5 PS4 Xbox One Controller, Phone to Earphone, Gaming Speaker",Adapters,374,1,3,0,0,2,0,1,0,0,0,internal_oof
B07MDB3V2S,ACCESSORY,NOT_APPLICABLE,ACCESSORY,0.003122,0.996878,model_accessory_below_threshold_with_accessory_context,Headphone Adapter Compatible for Headphone Jack Adapter Dongle for iPhone 7/7Plus /8/8Plus/X/XR/XS/XS MAX Audio Cable to 3.5mm Aux Connector Music Jack Adapter Charging Support iOS 12 or Later,Adapters,4,1,1,1,1,2,1,1,0,0,0,internal_oof
B00CJGW84Y,DEVICE,ON_EAR,DEVICE,0.989909,0.989909,model_device_above_threshold_with_device_subject,HYPE Duos Stereo Headphone with Mic - Green,Headphones & Earbuds,3,1,1,0,0,0,0,0,0,1,0,internal_oof
B07HH6X34D,DEVICE,EARBUD_INEAR,DEVICE,0.997435,0.997435,model_device_above_threshold_with_device_subject,"Amazon Basics In-Ear Wired Headphones, Earbuds with Microphone No Wireless Technology, Black",Earbud Headphones,14648,1,2,0,0,0,0,0,1,0,0,internal_oof
B08MKVSXGF,DEVICE,EARBUD_INEAR,DEVICE,0.992248,0.992248,model_device_above_threshold_with_device_subject,"Bluetooth 5.0 Headphones,in-Ear Earphones TWS Stereo Sound, Portable Headset 32H Palytime/Built-in Mic Single/Twin Mode Charging Case",Earbud Headphones,23,1,3,0,0,1,0,0,1,0,0,internal_oof
B019MBSRQQ,DEVICE,OVER_EAR,DEVICE,0.9027,0.9027,model_device_above_threshold_with_device_subject,"233621 H501 Active Noise Cancelling Over-ear Headphones with Inline Microphone and Carrying Case, 50 hour Battery Time (Wired / Space Grey)","Headphones, Earbuds & Accessories",313,1,1,0,0,1,0,0,0,1,0,internal_oof
B01LD5GO7I,DEVICE,OVER_EAR,DEVICE,0.973077,0.973077,model_device_above_threshold_with_device_subject,"SONY MDR-Z1R WW2 Signature, Hi-Res Headphone, Black (International Version)",Over-Ear Headphones,107,1,1,0,0,0,0,0,1,0,0,internal_oof
B06X18R3HF,DEVICE,EARBUD_INEAR,DEVICE,0.988713,0.988713,model_device_above_threshold_with_device_subject,"GabbaGoods NeckBeats Elite Headset, Sweat Proof/Noise Reduction Gabba Goods Wireless Workout Neckband Headphones, Stereo Sound Bluetooth Headset with Microphone- Black",Headphones & Earbuds,38,1,2,0,0,0,0,0,0,1,0,internal_oof
B07VJMDXRL,ACCESSORY,NOT_APPLICABLE,ACCESSORY,0.01543,0.99,strong_accessory_relation,"ALXCD Ear Tips for Lifestyle Tune 110BT in-Ear Headphones, 6 Pairs S M L Sizes Replacement Silicone Earbud Tips, Fit for 110BT，Black/Orange",Earpads,40,1,2,1,1,1,0,1,0,0,0,internal_oof
B0BKFG5GW4,DEVICE,EARBUD_INEAR,DEVICE,0.979347,0.979347,model_device_above_threshold_with_device_subject,"GUNING S2 Active Noise Cancelling Wireless Earbuds, Immersive Sound and Clear Call,in Ear Detection,Build in Mic,36H Playtime with Metal Smart Charging Case,IPX5 Waterproof Sport Black Headphones",Earbud Headphones,89,1,2,0,0,1,0,0,1,0,0,internal_oof
B00WUXRVTI,DEVICE,EARBUD_INEAR,DEVICE,0.79155,0.79155,model_device_above_threshold_with_device_subject,Aftershokz AS321-E Sportz M2 Open Ear Sports Headphones with Inline Microphone - Black,"Headphones, Earbuds & Accessories",197,1,1,0,0,0,0,0,0,1,0,internal_oof
B07DG4HGDD,ACCESSORY,NOT_APPLICABLE,ACCESSORY,0.053269,0.946731,model_accessory_below_threshold_with_accessory_context,FunYaung 1 Pair Foam Ear Pad Cushions - Compatible with Beats Studio 2.0 Wired/Wireless B0500 B0501 & Studio 3.0 Over Ear Headphones by Dr. Dre ONLY - Titanium,Earpads,17,1,1,0,0,1,0,1,0,0,0,internal_oof
B07CNMF5MQ,ACCESSORY,NOT_APPLICABLE,AMBIGUOUS,0.050131,0.0,taxonomy_device_but_title_has_no_device_subject,"Replacement Tempered Glass Screen Protector Full Coverage Screen Protection for iPhone XS iPhone X 5.8"",3D Edge to Edge Screen Cover,Bubble Free,Easy to Apply (Black-1Piece)",Earbud Headphones,1,1,0,0,0,0,0,0,1,0,1,internal_oof
B07RQQ6ZJC,ACCESSORY,NOT_APPLICABLE,ACCESSORY,0.002055,0.997945,model_accessory_below_threshold_with_accessory_context,"KHTONE Replacement for Galaxy Buds Case Cover, 3 in 1 Silicone Accessories Set, if Applicable Galaxy Buds Charging Case,Silicone Case/Keychain/Anti-Lost lanyards（Red）",Cases,39,1,1,0,0,1,0,1,0,0,0,internal_oof
B09Y8772J3,ACCESSORY,NOT_APPLICABLE,ACCESSORY,0.006814,0.993186,model_accessory_below_threshold_with_accessory_context,"Polislime Compatible Airpods Pro Case with Lock Clip,Carbon Fiber Texture Air Pod Pro Case Cover&Keychain for Men Women Cool AirPod Pro，Shockproof Rugged Shell for Air Pods Pro Charging Case【Black】",Cases,3,1,1,1,0,1,0,1,0,0,0,internal_oof
B06XT5JDJL,DEVICE,ON_EAR,DEVICE,0.987381,0.987381,model_device_above_threshold_with_device_subject,JLab Neon Bluetooth Folding On-Ear Headphones | Wireless Headphones | 13 Hour Bluetooth Playtime | Noise Isolation | 40mm Neodymium Drivers | C3 Sound (Crystal Clear Clarity) | Black,On-Ear Headphones,15838,1,1,0,0,0,0,0,1,0,0,internal_oof
B09NCW6Z86,DEVICE,EARBUD_INEAR,DEVICE,0.992687,0.992687,model_device_above_threshold_with_device_subject,"White True Wireless Earbuds for iOS & Android Phones with Wireless Charging Case, Smart in-Ear Detection, ENC Call Noise Reduction in-Ear Headphones, Touch Control Earphones",Earbud Headphones,19,1,3,0,0,1,1,0,1,0,0,internal_oof
B0C6F4Z55T,DEVICE,EARBUD_INEAR,DEVICE,0.998501,0.998501,model_device_above_threshold_with_device_subject,"bakibo Wireless Earbuds, Bluetooth 5.3 in-Ear Earphones with Built-in 6 Mic Waterproof Ear Buds Deep Bass Stereo Headphones, 32 Hours Play Time Type-C Fast Charging Case for iPhone Android, White",Earbud Headphones,48,1,4,1,0,1,0,0,1,0,0,internal_oof
B0BBV28RV1,DEVICE,EARBUD_INEAR,DEVICE,0.998855,0.998855,model_device_above_threshold_with_device_subject,"Wireless Earbuds Bluetooth Headphones with Wireless Charging Case IPX4 Waterproof Stereo Earphones in-Ear for SPOR, BLACK",Earbud Headphones,6,1,3,0,0,1,1,0,1,0,0,internal_oof
B0BMX4QM2D,DEVICE,EARBUD_INEAR,DEVICE,0.945961,0.945961,model_device_above_threshold_with_device_subject,"Geometryspace Wireless Earbuds, [2022 Upgraded] Earphone Bluetooth 5.1 with Charging Case.Smart Noise Reduction for Clear Calls, Enhanced Deep Bass of Sports Headphones for Sport/Travel/Gym",Earbud Headphones,14,1,3,0,0,1,1,0,1,0,0,internal_oof
B07X9VG6ZJ,DEVICE,EARBUD_INEAR,DEVICE,0.966369,0.966369,model_device_above_threshold_with_device_subject,"Jabra Elite 75t– True Wireless Earbuds with Charging Case, Titanium Black – Active Noise Cancelling Bluetooth Earbuds with a Comfortable, Secure Fit, Long Battery Life, Great Sound",Earbud Headphones,13418,1,1,0,0,1,1,0,1,0,0,internal_oof
B09SQ4QG56,DEVICE,EARBUD_INEAR,AMBIGUOUS,0.962751,0.0,taxonomy_device_but_title_has_no_device_subject,OnePlus Bullets Wireless Z,Earbud Headphones,110345,1,0,0,0,0,0,0,1,0,1,internal_oof
B00X941IPK,AMBIGUOUS,NOT_APPLICABLE,AMBIGUOUS,0.625205,0.0,no_headphone_subject_in_title,"GEJIN CA15B E01 Whosee Bicycle Wheel Flash Light, 4-Pack Bike Motorbicycle Tire Valve Cap Neon Led Flash Lamp, silver10",Headphones & Earbuds,3,1,0,0,0,0,0,0,0,1,0,internal_oof
B0BJPCNYMD,DEVICE,EARBUD_INEAR,DEVICE,0.972812,0.972812,model_device_above_threshold_with_device_subject,"Usdian in-Ear Bluetooth Wireless Headphones, Mini Sports Headphones Ultra-Long Life Standby with Charging Case Microphone, Fingerprint Control for Sports/Work/Study",Earbud Headphones,4,1,1,0,0,1,1,0,1,0,0,internal_oof
B00P9WNV5U,ACCESSORY,NOT_APPLICABLE,AMBIGUOUS,0.340471,0.0,probability_or_semantics_not_decisive,Black Cable with Remote & Mic Compatible with J55 J55a J55i J88 J88a J88i Headphones,"Headphones, Earbuds & Accessories",36,1,1,0,0,1,0,0,0,1,0,internal_oof
B0BXKZ8548,DEVICE,ON_EAR,DEVICE,0.94155,0.94155,model_device_above_threshold_with_device_subject,"QKSHZHZQ Unicorn Kids Headphones with LED Cat Ears,Foldable On-Ear Wired Headset with Microphone,85dB Stereo,3.5mm Audio Cable for Kids/Teens/Boys/Girls/iPad/Smartphones/PC/Tablet/Laptop(Pink)",On-Ear Headphones,11,1,2,1,0,1,0,0,1,0,0,internal_oof
B0BWQGKLN5,DEVICE,EARBUD_INEAR,DEVICE,0.999104,0.999104,model_device_above_threshold_with_device_subject,"Wireless Headphones, Noise Canceling Bluetooth Headphones V5.3 Stereo IPX7 Waterproof in-Ear Sports Bluetooth Headphones with Mini Charging Case and Built-in Microphone black2",Earbud Headphones,1,1,1,0,0,1,0,0,1,0,0,internal_oof
B072KNY2Z5,ACCESSORY,NOT_APPLICABLE,ACCESSORY,0.048473,0.99,strong_accessory_relation,"iPhone6S Case iPhone6 Case Matop Flexible Soft Transparent TPU Back Cover Silicone Skin Scratch-Resistant Premium Anti-Slip Shockproof Cute Cover for iPhone 6 6S, 4.7 inch(fox)",Earbud Headphones,3,1,0,1,1,1,0,0,1,0,1,internal_oof
B09ML34DH7,ACCESSORY,NOT_APPLICABLE,ACCESSORY,0.002826,0.997174,model_accessory_below_threshold_with_accessory_context,Voosiki 2 in 1 Protective Sleeve Combination kit，for Apple AirPods 3(2021) AirTag，GPS Tracker Stand Soft Silicone Anti-Lost Anti-Scratch Skin Cover (Red),Cases,5,1,1,0,0,2,0,1,0,0,0,internal_oof
B00849H2NC,ACCESSORY,NOT_APPLICABLE,ACCESSORY,0.240445,0.99,strong_accessory_relation,Stylish Hard Case Cover for Iphone 4 4s 4g Blue 3d Sculpture Design Blossom Rose Flower,Earbud Headphones,1,1,0,1,1,0,0,0,1,0,1,internal_oof
B001LP7T3O,DEVICE,EARBUD_INEAR,DEVICE,0.960454,0.960454,model_device_above_threshold_with_device_subject,"Audio 3.5mm Stereo Headset Handsfree with Microphone for BlackBerry Q10, Z10",Headphones & Earbuds,3,1,1,0,0,0,0,0,0,1,0,internal_oof
B0BKQMJC2G,DEVICE,OVER_EAR,DEVICE,0.931952,0.931952,model_device_above_threshold_with_device_subject,"Sleep Mask with Bluetooth Headphones,LC-dolida Sleep Headphones Bluetooth Sleep Mask 3D Sleeping Headphones for Side Sleepers Best Gift and Travel Essential (Elegant Purple)",Over-Ear Headphones,16807,1,1,0,0,0,0,0,1,0,0,internal_oof
B08TMJFSV3,DEVICE,EARBUD_INEAR,DEVICE,0.970594,0.970594,model_device_above_threshold_with_device_subject,"Soundcore Anker Life P2 True Wireless Earbuds, Clear Sound, USB C, 40H Playtime, IPX7 Waterproof, Wireless Earphones for Work, Home Office",Earbud Headphones,117047,1,2,0,0,0,0,0,1,0,0,internal_oof
B081L2D9XH,ACCESSORY,NOT_APPLICABLE,ACCESSORY,0.011256,0.99,strong_accessory_relation,"VEKEFF Earpads Replacement for Skullcandy Skullcandy Hesh 2 Hesh2 Bluetooth Wireless Over-Ear Headphones, Replacement Ear Pads Cushions Ear Cups/Cover/Repair Parts",Earpads,67,1,1,1,1,2,0,1,0,0,0,internal_oof
B01BY005DQ,ACCESSORY,NOT_APPLICABLE,ACCESSORY,0.054828,0.99,strong_accessory_relation,"Galaxy S4 Case,Samsung Galaxy S4 Case,S4 Case,CASELAND Flip Cover Wallet PU Leather with Stand + Lanyard Case for Samsung Galaxy S4 I9500 - Warning",Earbud Headphones,3,1,0,1,1,1,0,0,1,0,1,internal_oof
B077Z9H7R7,ACCESSORY,NOT_APPLICABLE,DEVICE,0.80884,0.80884,model_device_above_threshold_with_device_subject,"2 Pack Square Carrying Cases, Ear Earbud Earphone Headset Headphone Case",Headphones & Earbuds,1,1,4,1,0,0,0,0,0,1,0,internal_oof
B07569T8BR,DEVICE,OVER_EAR,DEVICE,0.985781,0.985781,model_device_above_threshold_with_device_subject,"YHhao Over-Ear Headphones, On-Ear Headsets Noise Cancelling Foldable Headphones with Mic and 3.5mm Detachable Cord for iPhone, iPad, Android Smartphones, PC, Computer, Laptop, Mac (Black",On-Ear Headphones,4,1,2,1,0,1,0,0,1,0,0,internal_oof
B08343D4RN,ACCESSORY,NOT_APPLICABLE,ACCESSORY,0.005117,0.994883,model_accessory_below_threshold_with_accessory_context,"Laffav Airpods Case Protective Silicone Cover Accessories Case Skin with Anti-Lost Carabiner for Girls Boys Kids Compatible with Apple AirPods 2 and 1, 2 Pack, Minit Green, Sand Pink",Cases,12138,1,1,1,0,1,0,1,0,0,0,internal_oof
B00WTQDV5E,DEVICE,OVER_EAR,DEVICE,0.976195,0.976195,model_device_above_threshold_with_device_subject,"PHILIPS Fidelio L2 Over-Ear Premium Portable Headphones with in-line Mic, Noise Isolation, Hi-Res - Black/Orange (L2BO)",Headphones & Earbuds,231,1,1,0,0,0,0,0,0,1,0,internal_oof
B08K6XHHYN,ACCESSORY,NOT_APPLICABLE,ACCESSORY,0.008321,0.991679,model_accessory_below_threshold_with_accessory_context,"AirPods Pro Case, Full-Body Rugged Protective Cover, Resilient Shock Absorption Design, Durable Case with Smooth Skin - White",Cases,15607,1,1,1,0,1,0,1,0,0,0,internal_oof
B081J3BB63,ACCESSORY,NOT_APPLICABLE,ACCESSORY,0.003573,0.996427,model_accessory_below_threshold_with_accessory_context,"ATUAT AirPods Pro 1st/2nd Generation Case Cover, Protective Silicone Skin Accessories with Keychain for Women Men for Apple AirPods Pro 2019/2022 Charging Case,Front LED Visible-Royal Blue",Cases,31513,1,1,0,0,2,0,1,0,0,0,internal_oof
B08YL6H7KC,DEVICE,OVER_EAR,DEVICE,0.89612,0.89612,model_device_above_threshold_with_device_subject,Paw Patrol Kids Headphones by CozyPhones - Over The Ear Headband Headphones - Volume Limited with Thin Speakers & Soft Headband – Chase,Headphones & Earbuds,2762,1,1,0,0,0,0,0,0,1,0,internal_oof
B000N8P4R8,DEVICE,NEEDS_REVIEW,AMBIGUOUS,0.93463,0.0,no_headphone_subject_in_title,Plantronics UPP260 Plantronics Pulsar 260 Stereo (Discontinued by Manufacturer),Headphones & Earbuds,22,1,0,0,0,0,0,0,0,1,0,internal_oof
B0BL5YHZPC,DEVICE,EARBUD_INEAR,DEVICE,0.983116,0.983116,model_device_above_threshold_with_device_subject,"Bose QuietComfort Noise Cancelling Earbuds-Bluetooth Wireless Earphones, Triple Black",Earbud Headphones,33259,1,2,0,0,0,0,0,1,0,0,internal_oof
B00UHASYGA,ACCESSORY,NOT_APPLICABLE,ACCESSORY,0.062423,0.99,strong_accessory_relation,"Galaxy S3 Mini Case,UZZO Galaxy S3 Mini i8190 Wallet Case,Colorful Flower Floral Series Butterfly Love Star PU Leather Folio Magnet Wallet Pouch Stand flip Case Cover for Samsung Galaxy S3 Mini i8190",Earbud Headphones,2,1,0,1,1,1,0,0,1,0,1,internal_oof
B000JIJ5FE,DEVICE,ON_EAR,DEVICE,0.973685,0.973685,model_device_above_threshold_with_device_subject,Motorola Bluetooth Headset H700 Fire Red [Motorola Retail Packaging],On-Ear Headphones,43,1,1,0,0,0,0,0,1,0,0,internal_oof
B00FOUIEMC,AMBIGUOUS,NOT_APPLICABLE,AMBIGUOUS,0.50897,0.0,no_headphone_subject_in_title,Making Memories Aluminum Swirl Shaped Clips,Headphones & Earbuds,1,1,0,0,0,0,0,0,0,1,0,internal_oof
B09MN4X2TH,DEVICE,EARBUD_INEAR,DEVICE,0.978268,0.978268,model_device_above_threshold_with_device_subject,LeBoomon Bone Conduction Swimming Headphones Bluetooth 5.0 IPX8 Waterproof Built in 16GB Mp3 Player Wireless Open Ear Headhset with Mic for Swimming Running Cycling Driving Gym Red,Open-Ear Headphones,8,1,1,0,0,0,0,0,1,0,0,internal_oof
B082VFD549,DEVICE,EARBUD_INEAR,DEVICE,0.994893,0.994893,model_device_above_threshold_with_device_subject,"Mix Hero Wireless Earbuds Bluetooth 5.0 Headphones,40H Playtime w/Wireless Charging Case,IP6 Waterproof/Button Control/TWS Stereo Bluetooth Earphones in-Ear w/Mic for Running Workout Gym",Earbud Headphones,244,1,3,0,0,1,0,0,1,0,0,internal_oof
B09WKGPK3G,DEVICE,EARBUD_INEAR,DEVICE,0.99413,0.99413,model_device_above_threshold_with_device_subject,IHAO Open Ear Bone Conduction Concept Headset Wireless Bluetooth Sport Headphones with HD Mic Lightweight Painless Wearing Sweatproof Earpiece Stereo Earphone for Running Hiking Bicycling,Earbud Headphones,31,1,4,0,0,0,0,0,1,0,0,internal_oof
B09NKR5G18,ACCESSORY,NOT_APPLICABLE,DEVICE,0.79217,0.79217,model_device_above_threshold_with_device_subject,"PROZOR HiFi Headphones Amplifier with Bluetooth 5.0 Receiver, Portable 3.5mm Headphones Amp with Volume Control and Louder Sharper Gain Switch for MP3 MP4 Mobile Phones Computers PC etc",Headphones & Earbuds,31,1,1,0,0,0,0,0,0,1,0,internal_oof
B0BYHJMFJ6,DEVICE,EARBUD_INEAR,DEVICE,0.986713,0.986713,model_device_above_threshold_with_device_subject,"in Ear Bluetooth Earbuds Active Noise Cancelling Ear Buds, IPX5 Waterproof Wireless Earphones with Mic, Type-C USB Rechargeable Bluetooth Headphones with Charging Case for Home Travel Gym Office TV",Earbud Headphones,5,1,4,1,0,1,1,0,1,0,0,internal_oof
B0BPXN6M7Q,ACCESSORY,NOT_APPLICABLE,ACCESSORY,0.02713,0.97287,model_accessory_below_threshold_with_accessory_context,"WOFRO Anti-Lost Strap for Google Pixel Buds Pro Earbuds (2022), Sports Soft Silicone Lanyard Accessories Compatible with Google Pixel Buds Pro - Noise Canceling Earbuds Neck Rope Cord (Black)",Cases,43,1,2,0,0,1,0,1,0,0,0,internal_oof
B001U5KFHW,ACCESSORY,NOT_APPLICABLE,DEVICE,0.630891,0.630891,model_device_above_threshold_with_device_subject,Pantech C630 Headset 3.5mm Adapter - Original (OEM),Headphones & Earbuds,16,1,1,0,0,1,0,0,0,1,0,internal_oof
B0BLT33MN4,DEVICE,EARBUD_INEAR,DEVICE,0.958115,0.958115,model_device_above_threshold_with_device_subject,"Realtone Bluetooth Earbuds with Microphone, Wireless Earbuds with Charging Case for Ear Buds, Designed for School, Home, or Travel",Earbud Headphones,15,1,2,1,0,1,1,0,1,0,0,internal_oof
B09PMLBD17,DEVICE,EARBUD_INEAR,DEVICE,0.996343,0.996343,model_device_above_threshold_with_device_subject,Bluedio S6 Sport Earhooks Earphones Wireless Earbuds Bluetooth Headphones 42hrs Play with LED Display Charging Case Built-in Mic Headset for Sports Running Workout Black,Earbud Headphones,1104,1,4,0,0,1,0,0,1,0,0,internal_oof
B0BXQ9Y15K,DEVICE,OVER_EAR,DEVICE,0.970341,0.970341,model_device_above_threshold_with_device_subject,JBL Quantum 100 - Wired Over-Ear Gaming Headphones - Blue,Over-Ear Headphones,13473,1,1,0,0,0,0,0,1,0,0,internal_oof
B09CDSG57V,DEVICE,EARBUD_INEAR,DEVICE,0.993129,0.993129,model_device_above_threshold_with_device_subject,"TREBLAB X3-Pro - Wireless Earbuds with Earhooks-45H Playtime, aptX, IPX7 Waterproof Earphones for Running & Workout-Sport Bluetooth Headphones with Charging case-Built-in Microphone- Black (Renewed)",Earbud Headphones,47,1,3,0,0,1,1,0,1,0,0,internal_oof
B07GNSG1TJ,DEVICE,EARBUD_INEAR,DEVICE,0.869741,0.869741,model_device_above_threshold_with_device_subject,"NuForce BE Live5 Wireless Audiophile Earphones with 8h Battery Life, AAC + aptX, Large 8mm Driver for deep Bass, New Innovative Battery Design and Aluminum housing (Gold)",Earbud Headphones,166,1,1,0,0,0,0,0,1,0,0,internal_oof
B01JRRP99I,DEVICE,ON_EAR,DEVICE,0.996021,0.996021,model_device_above_threshold_with_device_subject,"iDeaUSA Bluetooth Headphones, Wireless Headphones Stereo On Ear Headphones Built-in Mic 10 Hours Playback Foldable Lightweight Headphones for TV, Smartphones, Tablet, PC - Black",On-Ear Headphones,36,1,1,0,0,0,0,0,1,0,0,internal_oof
B011XHN2OE,AMBIGUOUS,NOT_APPLICABLE,AMBIGUOUS,0.800392,0.0,no_headphone_subject_in_title,"Samsung 65"" UA-65H8000 Curved 3D Smart LED TV",Headphones & Earbuds,1,1,0,0,0,0,0,0,0,1,0,internal_oof
B076VKCWW7,DEVICE,EARBUD_INEAR,DEVICE,0.944763,0.944763,model_device_above_threshold_with_device_subject,"Venture Electronics VE Monk Plus Earbud Earphone (with 3 Key and mic (Android), Transparent Black)",Headphones & Earbuds,2,1,2,0,0,0,0,0,0,1,0,internal_oof
B09VT13HZ5,ACCESSORY,NOT_APPLICABLE,ACCESSORY,0.007778,0.992222,model_accessory_below_threshold_with_accessory_context,"Gtinna Fashion Cute Stripe for Apple AirPods 1&2 Case,Silicone Case for AirPods Wireless Charging Case with Silicone Beaded Bracelet Colorful Tassel Charm Keychain Accessories (Khaki)",Cases,80,1,1,1,0,1,0,1,0,0,0,internal_oof
B0BMHS21VD,DEVICE,EARBUD_INEAR,DEVICE,0.984141,0.984141,model_device_above_threshold_with_device_subject,"for Motorola Moto G Stylus 5G (2022) True Wireless Earbuds Bluetooth 5.1 Headset Touch Control with LED Digital Display Charging Case, Noise Cancelling Earbuds with Mic",Earbud Headphones,17,1,2,0,0,1,0,0,1,0,0,internal_oof
B09P4Y47QN,DEVICE,EARBUD_INEAR,DEVICE,0.998465,0.998465,model_device_above_threshold_with_device_subject,"Deep Bass Wireless Earbuds,in-Ear Bluetooth Earphones with Noise Cancelling Microphone, Lightweight Neckband Headset, IPX7 Waterproof Sweat Resistant Headphones,for Running Gym Cycling Earpiece",Earbud Headphones,21,1,5,0,0,0,0,0,1,0,0,internal_oof
B07VNDRN5R,DEVICE,EARBUD_INEAR,DEVICE,0.973511,0.973511,model_device_above_threshold_with_device_subject,"HAYLOU True Wireless Earbuds, GT1 Bluetooth 5.0 Sports HD Stereo Touch Control Ear Buds with IPX5 Waterproof/Fast Connection/Mini Case(Only 30g)/Total 12H Playtime (Black)",Earbud Headphones,12255,1,2,0,0,0,0,0,1,0,0,internal_oof
B07CLNWJK3,DEVICE,EARBUD_INEAR,DEVICE,0.991063,0.991063,model_device_above_threshold_with_device_subject,"Crazybaby Air Nano True Wireless in-Ear Headphones Lightweight Mini Colorful TWS Bluetooth 5.0 Earbuds Sport Earphones Snug Fit, LED, Noise Isolation, Charging Case, Phone Control, Mic - Red",Earbud Headphones,53,1,3,0,0,1,0,0,1,0,0,internal_oof
B001CWEY98,DEVICE,EARBUD_INEAR,DEVICE,0.935283,0.935283,model_device_above_threshold_with_device_subject,Technocel Universal 3.5mm Hands-Free with On/Off Button Stereo Headset for Phones Supporting a 3.5mm Jack - Black,Headphones & Earbuds,2,1,1,0,0,0,0,0,0,1,0,internal_oof
B08QYQNB81,ACCESSORY,NOT_APPLICABLE,ACCESSORY,0.010379,0.989621,model_accessory_below_threshold_with_accessory_context,"USB-C to 3.5mm DAC Audio Adapter - 3.3ft Aux Cable & Headphone Jack for Google Pixel 7/6/5/4/3/2 XL, Samsung Galaxy S23/S22/S21/S20 FE Ultra, Note 20/10, S9/S8 & More - Car & Home Compatible",Adapters,1053,1,1,0,0,2,0,1,0,0,0,internal_oof
B005GU8Y1G,DEVICE,EARBUD_INEAR,DEVICE,0.957395,0.957395,model_device_above_threshold_with_device_subject,"JVC HAFX1X Headphone Xtreme-Xplosivs, Black, Red",Earbud Headphones,11956,1,1,0,0,0,0,0,1,0,0,internal_oof
B09MFJQBYR,DEVICE,EARBUD_INEAR,DEVICE,0.966423,0.966423,model_device_above_threshold_with_device_subject,YINYOO KZ ZST Hybrid Banlance Armature with Dynamic in-Ear Earphone 1BA+1DD HiFi Headset (ZST mic),Earbud Headphones,12766,1,2,0,0,0,0,0,1,0,0,internal_oof
B08X7MD6FC,DEVICE,EARBUD_INEAR,DEVICE,0.996826,0.996826,model_device_above_threshold_with_device_subject,"Kissral Wireless Earbuds, Bluetooth 5.0 Earbuds with 3000mAh Charging Case LED Battery Display 90H Playtime in-Ear Bluetooth Headset IPX7 Waterproof True Wireless Earbuds for Work Sports",Earbud Headphones,7510,1,2,0,0,1,0,0,1,0,0,internal_oof
B07CQMZVZ6,DEVICE,OVER_EAR,ACCESSORY,0.058396,0.941604,model_accessory_below_threshold_with_accessory_context,Sony MDR7506 Professional Large Diaphragm Headphone,Cases,23019,1,1,0,0,0,0,1,0,0,0,internal_oof
B0B77C8353,DEVICE,EARBUD_INEAR,DEVICE,0.990925,0.990925,model_device_above_threshold_with_device_subject,"Kuuhsaaez Premium Bone Conduction Headphones Bluetooth Open-Ear Sport Headphones - Sweat Resistant Wireless Earphones for Workouts and Running with Deep Base,Built-in Mic (Black)",Open-Ear Headphones,43,1,2,0,0,0,0,0,1,0,0,internal_oof
B002OKJTEM,DEVICE,EARBUD_INEAR,DEVICE,0.955975,0.955975,model_device_above_threshold_with_device_subject,Motorola S9 HD Bluetooth Headset (White),Headphones & Earbuds,32,1,1,0,0,0,0,0,0,1,0,internal_oof
B01MDO9F7X,AMBIGUOUS,NOT_APPLICABLE,AMBIGUOUS,0.566423,0.0,no_headphone_subject_in_title,"Toyota Camry and Corolla, Gold - Set of Two 1/36 Scale Diecast Economy Cars",Headphones & Earbuds,1,1,0,0,0,0,0,0,0,1,0,internal_oof
B00IK69LLA,AMBIGUOUS,NOT_APPLICABLE,AMBIGUOUS,0.662325,0.0,no_headphone_subject_in_title,Wilson Electronics Mobilepro 3g Kit - Retail Packaging - Black (Discontinued by Manufacturer),"Headphones, Earbuds & Accessories",31,1,0,0,0,0,0,0,0,1,0,internal_oof
B09Q5FML8J,DEVICE,EARBUD_INEAR,DEVICE,0.989491,0.989491,model_device_above_threshold_with_device_subject,"Naenka Bone Conduction Headphones, IPX8 Waterproof Headphones with MP3 Player Built-in 8G Memory, Bluetooth Open Ear Headphones with CVC6.0 Mic for Swimming Running Cycling Driving Gym",Over-Ear Headphones,1,1,1,0,0,0,0,0,1,0,0,internal_oof
B01L8Y9VFQ,DEVICE,EARBUD_INEAR,DEVICE,0.974509,0.974509,model_device_above_threshold_with_device_subject,Headphones/Earphones/Earbuds，w/Mic Earphones Stereo Headphones Noise Isolating Earbuds Compatible with iPhone 6/6S/SE/4 iPod iPad Samsung/Android MP3/MP4,Earbud Headphones,2,1,3,0,0,0,0,0,1,0,0,internal_oof
B09518MQ56,DEVICE,EARBUD_INEAR,DEVICE,0.548138,0.548138,model_device_above_threshold_with_device_subject,"New Version, A Bit Firmer. Eyeglass Pillow Pad for Glasses and Airpods, Comfortably Lie on Your Side, Ear Pain Piercing CNH Pillow, Great Gift, Earbuds Airpods Cushion, Earphones, Hearing Aids Glasses",Earbud Headphones,107,1,3,0,0,0,0,0,1,0,0,internal_oof
B0052UB674,DEVICE,OVER_EAR,DEVICE,0.432556,0.432556,model_device_above_threshold_with_device_subject,"Sony Walkman Digital Tuning Portable Palm Size AM/FM Stereo Radio (Black) with Weather Band, 20 Station Preset Memory, DX Switch for Exceptional Reception, Convenient Belt Clip & Over the Head Stereo Headphones – Batteries Included - Designed for Jogging, Walking, Exercising & Bike Riding","Headphones, Earbuds & Accessories",26,1,1,0,0,0,0,0,0,1,0,internal_oof
B09YR7TKS6,ACCESSORY,NOT_APPLICABLE,ACCESSORY,0.660572,0.99,strong_accessory_relation,"REDX1 [2 in 1] Pen Cleaner with Smile Case for Airpods 1&2nd, AirPod Cleaner Kit Metal Multi-Function Cleaner Kit Soft Brush to Cleaner Any Bluetooth Earphones, Pen Cleaning Tools",Earbud Headphones,25,1,2,1,1,0,0,0,1,0,0,internal_oof
B08JGQC5YN,ACCESSORY,NOT_APPLICABLE,ACCESSORY,0.019834,0.99,strong_accessory_relation,"WH1000XM3 Ear Pads for Sony, Replacement Earpads Ear Cups Cushion Muffs Repair Parts for Sony WH-1000XM3 WH1000XM3 WH 1000XM3 Over-Ear Headphones with Protein Leather Noise Isolation Memory Foam",Earpads,18,1,1,1,1,2,0,1,0,0,0,internal_oof
B09DYLV619,ACCESSORY,NOT_APPLICABLE,ACCESSORY,0.004521,0.995479,strong_accessory_relation,"WAYMASTER 2PCS Card Case for Apple AirTag Wallet Card Case Cover AirTag Holder Credit Card Size Case for AirTag for Purse, Handbag, Clutch,Slim Anti-Lost Wallet Card Tracker (Black) White+Black",Cases,45,1,0,1,1,1,0,1,0,0,0,internal_oof
B018ATPJ4O,AMBIGUOUS,NOT_APPLICABLE,AMBIGUOUS,0.267349,0.0,no_headphone_subject_in_title,"ANTOGOO Soldering Iron 60W 110V Adjustable Temperature Welding Soldering Iron Gun Kit with Carry Case, 5pcs Tips, Magnifier Station,1.0mm 50g Solder Wire, Desoldering Pump, and Tips Cleaner",Headphones & Earbuds,8,1,0,0,0,0,0,0,0,1,0,internal_oof
B01BH64FTW,DEVICE,EARBUD_INEAR,DEVICE,0.950389,0.950389,model_device_above_threshold_with_device_subject,Earphones/Earbuds/Headphones 2Pack Black Compatible with iPhone/Galaxy S10/S10+/S10e S9/S9+ S8/S8+ Note8 / Note10/Note10+ Android in-Ear Headphones Remote + Mic Hands-Free Earphones,Earbud Headphones,3,1,3,0,0,0,0,0,1,0,0,internal_oof
B08BHX2JV5,ACCESSORY,NOT_APPLICABLE,ACCESSORY,0.005331,0.994669,model_accessory_below_threshold_with_accessory_context,"Laffav Airpods Case Soft Silicone Shockproof Wireless Charging Airpods Earbuds Case Cover Skin with Keychain kit Set Compatible for Apple AirPods 1 & 2 (Front LED Visible), 2 Pack, Lavender Rose Pink",Cases,12138,1,2,1,0,1,0,1,0,0,0,internal_oof
B083447PGS,ACCESSORY,NOT_APPLICABLE,ACCESSORY,0.002062,0.997938,model_accessory_below_threshold_with_accessory_context,"Laffav Airpods Case Cover Protective Silicone Case Skin with Anti-Lost Carabiner (Front LED Visible) for Women Men Compatible with Apple AirPods 2 and 1, 2 Pack, Nightglow Blue, Nightglow Pink",Cases,12167,1,1,1,0,1,0,1,0,0,0,internal_oof
B000VJDD1S,ACCESSORY,NOT_APPLICABLE,ACCESSORY,0.062401,0.99,strong_accessory_relation,"Cable Forge USB Cable for 3.5mm Stereo Audio Cable (25 Feet, Black)","Headphones, Earbuds & Accessories",15,1,0,1,1,1,0,0,0,1,0,internal_oof
B09835BXRL,ACCESSORY,NOT_APPLICABLE,ACCESSORY,0.007741,0.992259,model_accessory_below_threshold_with_accessory_context,"SOULWIT Memory Foam Ear Tips Replacement [with Mesh] for Samsung Galaxy Buds Pro, 3 Pairs Noise Isolation Earbuds Eartips with Portable Storage Case (Black,S/M/L)",Earpads,503,1,2,0,0,3,0,1,0,0,0,internal_oof
B00V9K9PX8,AMBIGUOUS,NOT_APPLICABLE,AMBIGUOUS,0.499128,0.0,no_headphone_subject_in_title,Gold Plated Q&Q Fashion Men Vintage Tree Branch Bird Swallow Brooch Tie Hat Scarf Lapel Stick Pin Badge,Headphones & Earbuds,1,1,0,0,0,0,0,0,0,1,0,internal_oof
B008Y5WQBE,AMBIGUOUS,NOT_APPLICABLE,AMBIGUOUS,0.434534,0.0,no_headphone_subject_in_title,"The Oficial Hygiene Decks of the ADHA (2012-2013 Edition) (Dental Hygiene Decks, 2012-2013)",Headphones & Earbuds,3,1,0,0,0,0,0,0,0,1,0,internal_oof
B00V6JN34O,DEVICE,EARBUD_INEAR,DEVICE,0.981914,0.981914,model_device_above_threshold_with_device_subject,Ivation Bluetooth Wireless Headset Headband Earmuffs/Ear Warmers with Integrated Music Controls,Earbud Headphones,5,1,1,0,0,0,0,0,1,0,0,internal_oof
B09Q891GF1,DEVICE,EARBUD_INEAR,DEVICE,0.999236,0.999236,model_device_above_threshold_with_device_subject,"True Wireless Earbuds, TONSTEP Bluetooth 5.1 Headphones with Charging Case, Deep Bass Stereo Earphones, 30H Playtime, IPX6 Waterproof, Touch Control, in-Ear Built-in Mic Headset for Sport, Work(Black)",Earbud Headphones,90,1,4,0,0,1,1,0,1,0,0,internal_oof
B0921P45JV,DEVICE,EARBUD_INEAR,DEVICE,0.963612,0.963612,model_device_above_threshold_with_device_subject,"Gabba Goods Truebuds Prime True Wireless Earbuds with Charging Case and Smart Touch Control, Voice Assistant, HiFi Stereo Sound, Sweat Resistant",Earbud Headphones,12,1,1,0,0,1,1,0,1,0,0,internal_oof
B0B5TPPY3X,DEVICE,EARBUD_INEAR,DEVICE,0.986293,0.986293,model_device_above_threshold_with_device_subject,Digital Display Touch-Control Wireless Bluetooth Headphones - HiFi Sound Quality in-Ear - Long Endurance Headset with Charging Case - Binaural Call and Noise Reduction Technology - for iOS Android,Earbud Headphones,2,1,2,0,0,1,1,0,1,0,0,internal_oof
B0B3CYFF23,DEVICE,EARBUD_INEAR,DEVICE,0.997596,0.997596,model_device_above_threshold_with_device_subject,"Wireless Earbuds Bluetooth 5.0 Headphones HiFi Stereo Noise Cancelling, IPX5 Waterproof Earphones Built-in Mic Headset for Sports, with Wireless Charging Case Digital LED Intelligence Display",Earbud Headphones,79,1,4,0,0,1,1,0,1,0,0,internal_oof
B07WD42CT8,DEVICE,EARBUD_INEAR,DEVICE,0.975266,0.975266,model_device_above_threshold_with_device_subject,"Soundcore Upgraded, Anker Liberty Neo True Wireless Earbuds, Pumping Bass, IPX7 Waterproof, Secure Fit, Bluetooth 5 Headphones, Stereo Calls, Noise Isolation, One Step Pairing, Sports (White)",Earbud Headphones,26852,1,2,0,0,0,0,0,1,0,0,internal_oof
B0834423XN,ACCESSORY,NOT_APPLICABLE,ACCESSORY,0.008144,0.991856,model_accessory_below_threshold_with_accessory_context,"Laffav Airpods Case, Soft Silicone Protective Shockproof Wireless Charging Airpods Earbuds Case Cover Skin with Keychain kit Set for Apple AirPods 1 & 2 (Front LED Visible), 2 Pack, Black, Gray",Cases,12169,1,2,1,0,1,0,1,0,0,0,internal_oof
B08V1DQD74,ACCESSORY,NOT_APPLICABLE,ACCESSORY,0.001193,0.998807,strong_accessory_relation,"Rugged Case for AirPods, KMMIN AirPods Case Cover Military Hard Shell Full-Body Protective Cover Skin Shockproof AirPods Accessories with Keychain, Front LED Visible",Cases,116,1,1,1,1,1,0,1,0,0,0,internal_oof
B07RCDWXFN,DEVICE,EARBUD_INEAR,DEVICE,0.888998,0.888998,model_device_above_threshold_with_device_subject,DURAGADGET Comfortable Black in-Ear Earphones - Compatible with Samsung Galaxy M10 & M20 Smartphones,Earbud Headphones,1,1,1,0,0,0,0,0,1,0,0,internal_oof
B013RJGQKS,DEVICE,ON_EAR,DEVICE,0.935845,0.935845,model_device_above_threshold_with_device_subject,"TOOKS NextGen SPORTEC BAND (FLEECE) - Headphone Headband With Integrated Removable Headphones | New Inline Remote with Microphone, Volume Adjust and Music/Call Control | COLOR: BLACK","Headphones, Earbuds & Accessories",51,1,1,0,0,0,0,0,0,1,0,internal_oof
B075Z3V4G9,ACCESSORY,NOT_APPLICABLE,ACCESSORY,0.003278,0.996722,model_accessory_below_threshold_with_accessory_context,"ALXCD Ear Adapters for IE 800 Ear Canal Headphones, S/M/L 3 Pair Round Shape & S/L 2 Pair Oval-Shaped Silicone Replacement Ear Tips Ear Adaptors, Fit for IE800 (Black)",Earpads,1,1,1,1,0,2,0,1,0,0,0,internal_oof
B083YSZNKR,DEVICE,EARBUD_INEAR,DEVICE,0.989797,0.989797,model_device_above_threshold_with_device_subject,"Wireless Headphones, Bluetooth 5.1 in Ear Stereo Earbuds, 30 Hours of Playtime with Charging Case, Built in Dual Mic, IPX7 Waterproof Sports Headphones, Suitable for Running/Fitness/Game",Earbud Headphones,687,1,2,0,0,1,1,0,1,0,0,internal_oof
B0837RB4ZS,DEVICE,EARBUD_INEAR,DEVICE,0.849242,0.849242,model_device_above_threshold_with_device_subject,KENTKING Bluetooth Wireless Audio Sunglasses Open Ear Headset Listen Music & Hand-Free Calling with UV400 Polarized Lenses Unisex Compatible for All Smart Phones (Black),Headphones & Earbuds,1,1,1,0,0,0,0,0,0,1,0,internal_oof
B01N7YWWPG,ACCESSORY,NOT_APPLICABLE,DEVICE,0.706667,0.706667,model_device_above_threshold_with_device_subject,Affordable JBL E40BT White High-Performance Wireless On-Ear Bluetooth Stereo Headphone Replacement USB Charging Cable for JBL E40BT/E50BT/J56BT Headphones,On-Ear Headphones,4,1,1,1,0,1,0,0,1,0,0,internal_oof
B06XBH12Z1,ACCESSORY,NOT_APPLICABLE,AMBIGUOUS,0.784237,0.0,taxonomy_device_but_title_has_no_device_subject,Pure Copper CORE: Copper Wire Reduced Charging Cable Resistance Enable to Provide The Fastest 120,Earbud Headphones,4,1,0,0,0,1,0,0,1,0,1,internal_oof
B005GUAHKC,DEVICE,OVER_EAR,DEVICE,0.655327,0.655327,model_device_above_threshold_with_device_subject,"iHip NFH22CHI NFL Chicago Bears DJ Style Headphones, Orange/Blue (Discontinued by Manufacturer)","Headphones, Earbuds & Accessories",8,1,1,0,0,0,0,0,0,1,0,internal_oof
B076WQ5T4X,DEVICE,EARBUD_INEAR,DEVICE,0.996756,0.996756,model_device_above_threshold_with_device_subject,"Q-YEE Wired Headphones, Ergonomic in-Ear Earbuds Stereo Wired Earphones with Microphone (Silver (White)",Headphones & Earbuds,50,1,3,0,0,0,0,0,0,1,0,internal_oof
B09X34VQML,DEVICE,EARBUD_INEAR,DEVICE,0.934538,0.934538,model_device_above_threshold_with_device_subject,Linsoul RAPTGO Hook-X 14.2mm Open Planar Diaphragm Driver + PZT Driver HiFi in-Ear Earphone with Detachable 0.78 2pin OCC Cable for Musician Audiophile,Earbud Headphones,81,1,1,1,0,1,0,0,1,0,0,internal_oof
B087JBSNJR,ACCESSORY,NOT_APPLICABLE,ACCESSORY,0.023941,0.99,strong_accessory_relation,Hermitshell Hard Travel Case for mpow h7 Headphones,Over-Ear Headphones,24,1,1,1,1,0,0,0,1,0,0,internal_oof
B08K3GM6TN,DEVICE,EARBUD_INEAR,DEVICE,0.987969,0.987969,model_device_above_threshold_with_device_subject,"Wireless Earbuds TicPods Free True Bluetooth Earbuds with Charging case, Water Resistant, Clear Crisp Audio in Both Ears, Noise isolating- Ice (Renewed)",Earbud Headphones,4,1,1,0,0,1,1,0,1,0,0,internal_oof
B09YVBSB87,DEVICE,EARBUD_INEAR,DEVICE,0.99643,0.99643,model_device_above_threshold_with_device_subject,Skullcandy Sesh True Wireless In-Ear Earbuds - Black,Earbud Headphones,41627,1,1,0,0,0,0,0,1,0,0,internal_oof
B08Y18HY3F,DEVICE,EARBUD_INEAR,DEVICE,0.936339,0.936339,model_device_above_threshold_with_device_subject,"JVC Gumy in Ear Earbud Headphones, Powerful Sound, Comfortable and Secure Fit, Silicone Ear Pieces S/M/L - HAFX7V Purple",Earbud Headphones,11178,1,2,0,0,0,0,0,1,0,0,internal_oof
B07ZYRBBY5,ACCESSORY,NOT_APPLICABLE,ACCESSORY,0.004286,0.995714,model_accessory_below_threshold_with_accessory_context,"Airpods Pro Case,Leather Protective Shockproof Cover with Keychain [Front LED Visible] Support Wireless Charging [No Dust] Compatiable for Airpods Pro & 3 (Brown)",Cases,15,1,1,1,0,0,0,1,0,0,0,internal_oof
B01F4RO4UU,AMBIGUOUS,NOT_APPLICABLE,AMBIGUOUS,0.724793,0.0,no_headphone_subject_in_title,"Elegance Silver Silver Plated Teapot Spoons With Crystal, Set OF 8",Headphones & Earbuds,3,1,0,0,0,0,0,0,0,1,0,internal_oof
B00NVLADAW,DEVICE,EARBUD_INEAR,DEVICE,0.903858,0.903858,model_device_above_threshold_with_device_subject,Cute Earbuds with Crystals 2 Pack,Headphones & Earbuds,4,1,1,0,0,0,0,0,0,1,0,internal_oof
B07NLC287Q,DEVICE,EARBUD_INEAR,DEVICE,0.990892,0.990892,model_device_above_threshold_with_device_subject,"Ear Buds Earbuds Microphone Headphones in Ear Earphones with Mic Volume Control,Wired,Bass,Comfortable,Storage Case(Black)",Earbud Headphones,18,1,4,0,0,1,0,0,1,0,0,internal_oof
B00FIIM840,DEVICE,EARBUD_INEAR,DEVICE,0.935023,0.935023,model_device_above_threshold_with_device_subject,Green Handsfree EarPhone HeadPhones HeadSet With Mic For Nokia Lumia 822 900 920,Headphones & Earbuds,1,1,3,0,0,0,0,0,0,1,0,internal_oof
B0B9R153RR,DEVICE,EARBUD_INEAR,DEVICE,0.986768,0.986768,model_device_above_threshold_with_device_subject,Kuuhsaaez Premium Bone Conduction Open-Ear Sport Headphones — Noise Cancelling Earphones - Built-in Mic Sweat Resistant Earphones for Workouts and Running with Deep Base (Green)-1,Open-Ear Headphones,21,1,2,0,0,0,0,0,1,0,0,internal_oof
B07Z5PBH6Q,ACCESSORY,NOT_APPLICABLE,ACCESSORY,0.047577,0.952423,model_accessory_below_threshold_with_accessory_context,"3X Voyager 5200 Ear Tips Replacement,Ultra Comfort Silicone Voyager Legend Eartips with in-Ear Foam for Plantronics Ploy Voyager 5200 5220 5210 Series Bluetooth Headset Earphone Buds-Medium",Earpads,2869,1,2,0,0,2,0,1,0,0,0,internal_oof
B08DTCQ4D1,DEVICE,EARBUD_INEAR,DEVICE,0.922181,0.922181,model_device_above_threshold_with_device_subject,Sony MDREX15LP Fashion Color EX Series Earbuds (White),Earbud Headphones,5,1,1,0,0,0,0,0,1,0,0,internal_oof
B07KCR99C1,DEVICE,OVER_EAR,DEVICE,0.83056,0.83056,model_device_above_threshold_with_device_subject,PreSonus HD9 Professional Over-Ear Monitoring Headphones (Closed Back) with Headphone Hanger Mount & 25' Stereo Mini Female Extension Cable Bundle,Over-Ear Headphones,5,1,1,1,0,2,0,0,1,0,0,internal_oof
B07F1HLJHJ,AMBIGUOUS,NOT_APPLICABLE,AMBIGUOUS,0.304375,0.0,no_headphone_subject_in_title,OBUY Unicorn Sequin Journal Mermaid Sequin Notebook Reversible Sequin Journal Flip Sequin Notebook for Kids Girls Diary Unicorn Journal Gifts(Unicorn),Headphones & Earbuds,1,1,0,0,0,0,0,0,0,1,0,internal_oof
B074TZPWH6,ACCESSORY,NOT_APPLICABLE,AMBIGUOUS,0.056784,0.0,no_headphone_subject_in_title,"Otw-Cool Adjustable Inline Skates for Kids Boys skates with All Wheels Light up, Safe and Durable Inline Roller Skates for Boys",Adapters,19,1,0,0,0,0,0,1,0,0,0,internal_oof
B076NK6YQS,ACCESSORY,NOT_APPLICABLE,ACCESSORY,0.00514,0.99486,model_accessory_below_threshold_with_accessory_context,"Conshine 20Pcs 3.5mm Stereo Male Connector, 3-Pole Solder Plug Aux Audio Cable Adapter Repair Headphone",Adapters,2,1,1,0,0,2,0,1,0,0,0,internal_oof
B008B95GKQ,DEVICE,EARBUD_INEAR,DEVICE,0.962567,0.962567,model_device_above_threshold_with_device_subject,Hype Comfort Plus Earbud Stereo Headphones w/3.5mm Jack (Black),Headphones & Earbuds,3,1,2,0,0,0,0,0,0,1,0,internal_oof
B003LLPZFK,ACCESSORY,NOT_APPLICABLE,ACCESSORY,0.003278,0.996722,model_accessory_below_threshold_with_accessory_context,10 Small Sharp Phillips Panasonic Griffin EarJams TuneBuds Replacement Silicone Ear Buds Tips Sleeves,Earpads,81,1,1,0,0,0,0,1,0,0,0,internal_oof
B08R8Y1WB3,ACCESSORY,NOT_APPLICABLE,ACCESSORY,0.002374,0.997626,model_accessory_below_threshold_with_accessory_context,"AirPods Case,Doboli Silicone Airpod Case Cover Compatible with Airpods 2 &1 (Front LED Visible) Nightglow Rose Red",Cases,68313,1,1,1,0,0,0,1,0,0,0,internal_oof
B081CVFJJ7,DEVICE,EARBUD_INEAR,DEVICE,0.992321,0.992321,model_device_above_threshold_with_device_subject,"dyplayTrue Wireless Earbuds Active Noise Cancelling Bluetooth 5.0 Headphones 32H Playtime 3D Stereo Sound with Mic and Wireless Charging Case, Waterproof ANC TWS Earbuds for Work, Travel, Calls, Home",Earbud Headphones,7,1,2,0,0,1,0,0,1,0,0,internal_oof
B005FPT4OI,DEVICE,NEEDS_REVIEW,DEVICE,0.933137,0.933137,model_device_above_threshold_with_device_subject,CellAllure Marilyn Monroe Multimedia Headset,Headphones & Earbuds,6,1,1,0,0,0,0,0,0,1,0,internal_oof
B07PFB7F8F,ACCESSORY,NOT_APPLICABLE,ACCESSORY,0.00218,0.99782,model_accessory_below_threshold_with_accessory_context,1 Set of Ear Pads Cushion Cover Earpads Replacement Compatible with Sennheiser HD25 HD25-1 HME25 HMEC25 Headset (Black),Earpads,5,1,1,0,0,2,0,1,0,0,0,internal_oof
B098JY95X1,DEVICE,EARBUD_INEAR,DEVICE,0.997376,0.997376,model_device_above_threshold_with_device_subject,"Hntmao True Wireless Earbuds, IPX7 Waterproof Bluetooth Earbuds, 30H Cyclic Playtime Headphones with Charging Case and mic for iPhone Android, in-Ear Stereo Earphones Headset for Sport White",Earbud Headphones,711,1,4,0,0,1,1,0,1,0,0,internal_oof
B0157J316S,DEVICE,EARBUD_INEAR,AMBIGUOUS,0.974179,0.0,no_headphone_subject_in_title,SoundBot SB562 Stereo Bluetooth,Headphones & Earbuds,98,1,0,0,0,0,0,0,0,1,0,internal_oof
B08T14VFMK,DEVICE,EARBUD_INEAR,DEVICE,0.994315,0.994315,model_device_above_threshold_with_device_subject,"Headphones,5.0 in-Ear Earphones TWS Stereo Sound, Portable Headset 28H Palytime w/Built-in Mic Single/Twin Mode Charging Case",Earbud Headphones,10,1,3,0,0,1,0,0,1,0,0,internal_oof
B08ZDD968G,DEVICE,EARBUD_INEAR,DEVICE,0.968498,0.968498,model_device_above_threshold_with_device_subject,"FAAEAL Poppy Metal Earphone Stereo Bass HiFi Tuning Headset 3.5mm Wired in-Ear Earphones for Mobile Phone PC MP3 Player, Headset with 5N LC-OFC Cable for Exercise Office (with Mic)",Earbud Headphones,17,1,2,1,0,1,0,0,1,0,0,internal_oof
B00WXEH784,DEVICE,EARBUD_INEAR,ACCESSORY,0.270661,0.729339,model_accessory_below_threshold_with_accessory_context,"VOJO Rabbit, Earpods Sport Skin with Silicone Earbuds Sleeves, [Clear & Green 2 Pairs] Sweat & Water Proof Ear-Hook Keeper Grips for Apple iPhone 6 6s Plus 5s 5 se 5c, Colorful Cover Securer Gadget","Headphones, Earbuds & Accessories",10,1,2,1,0,1,0,0,0,1,0,internal_oof
B08Z73XHSJ,ACCESSORY,NOT_APPLICABLE,ACCESSORY,0.005279,0.994721,model_accessory_below_threshold_with_accessory_context,Diidmo Airpods Pro Case Soft Silicone AirPods Pro Skin Case Cover Shockproof Full-Body Protective Case with Keychain Apple Wireless Charging Case Fire Lion AirPods Accessories Kits- Black (Fire Lion),Cases,4,1,1,1,0,3,0,1,0,0,0,internal_oof
B09YLZML7Z,DEVICE,EARBUD_INEAR,DEVICE,0.979802,0.979802,model_device_above_threshold_with_device_subject,"Sanpanpai Neckband Headphones for Running, Lively Life 5.0 Headphones with TF Card Slot, IPX5 Sport Earbuds, Lightweight Earphones - Black",Earbud Headphones,3,1,3,0,0,0,0,0,1,0,0,internal_oof
B07KLZGCWZ,ACCESSORY,NOT_APPLICABLE,ACCESSORY,0.003057,0.996943,model_accessory_below_threshold_with_accessory_context,"Airpods Case, Music tracker Protective Thicken Airpods Cover Soft Silicone Chargeable Headphone Case with Anti-Lost Carabiner for Apple Airpods 1&2 Charging Case (Burgundy)",Cases,20825,1,2,1,0,1,0,1,0,0,0,internal_oof
B07CB2446P,ACCESSORY,NOT_APPLICABLE,ACCESSORY,0.037728,0.962272,accessory_taxonomy_and_context,"GEEKRIA Audio Cable with Mic Compatible with Sony WH-1000XM5 WH-1000XM4 WH-XB910N WH-XB900N Cable, 3.5mm Aux Replacement Stereo Cord with Inline Microphone and Volume Control (4 ft / 1.2 m)",Extension Cords,48,1,0,0,0,2,0,1,0,0,0,internal_oof
B07PFMB8B4,ACCESSORY,NOT_APPLICABLE,ACCESSORY,0.011131,0.988869,model_accessory_below_threshold_with_accessory_context,1 Pair of Ear Pads Cushion Earpads Pillow Foam Replacement Compatible with Turtle Beach Ear Force PLa Gaming Headset (Black),Earpads,1,1,1,0,0,2,0,1,0,0,0,internal_oof
B07M5JXG2X,ACCESSORY,NOT_APPLICABLE,ACCESSORY,0.004233,0.995767,model_accessory_below_threshold_with_accessory_context,"Airpods Case, Music tracker Protective Thicken Airpods Cover Soft Silicone Chargeable Headphone Case with Anti-Lost Carabiner for Apple Airpods 1&2 Charging Case (Dark Blue)",Cases,20852,1,2,1,0,1,0,1,0,0,0,internal_oof
B09M2K1XB1,DEVICE,EARBUD_INEAR,DEVICE,0.997699,0.997699,model_device_above_threshold_with_device_subject,"Lady house Kindpack Earbuds 5.0 Mini Headphones, in-Ear Earphones with Charging Case, IPX5 Waterproof Hi-Fi Stereo Built-in Mic Headset for Work, Black",Earbud Headphones,1,1,4,0,0,1,1,0,1,0,0,internal_oof
B08HDGYCL4,DEVICE,EARBUD_INEAR,AMBIGUOUS,0.865893,0.0,taxonomy_device_but_title_has_no_device_subject,"HoomBand Wireless | Bluetooth Innovative Headband for Sleep, Travel, Meditation | Charging Cable Included & Free Access to Hypnotic Stories Created by Sleep Experts (Size S)",Earbud Headphones,231,1,0,0,0,1,0,0,1,0,1,internal_oof
B096KK15NX,DEVICE,EARBUD_INEAR,DEVICE,0.997675,0.997675,model_device_above_threshold_with_device_subject,"MINUSWIRE Active Noise Cancelling Wireless Earbuds, ANC Bluetooth 5.0 in Ear Stereo Earphones Deep Bass Headset, Waterproof Headphones Built in 6 Mics USB-C Charging Case, Smart Touch Control [Pink]",Earbud Headphones,5,1,4,0,0,1,0,0,1,0,0,internal_oof
B01M18X04S,DEVICE,OVER_EAR,DEVICE,0.98943,0.98943,model_device_above_threshold_with_device_subject,Wireless Ear Headphones Wired Over Ear Headphones Noise Canceling Foldable Headphones for Smartphone,Over-Ear Headphones,33,1,1,0,0,0,0,0,1,0,0,internal_oof
B08KYFRNLT,ACCESSORY,NOT_APPLICABLE,ACCESSORY,0.005491,0.994509,model_accessory_below_threshold_with_accessory_context,"R-fun AirPods Pro Case Cover with Keychain, Full Protective Silicone Skin Accessories for Women Men Girl with Apple 2019 Latest AirPods Pro Case, Front LED Visible-Wine red",Cases,49330,1,1,1,0,1,0,1,0,0,0,internal_oof
B07TBRYDBV,DEVICE,EARBUD_INEAR,DEVICE,0.997826,0.997826,model_device_above_threshold_with_device_subject,"Bluetooth 5.0 Wireless Earbuds, Bluedio Hi(Hurricane) Wireless Earbud Headphones in-Ear Earphones with Charging Case, Mini Car Headset Built-in Mic for Cell Phone/Running/Android, 5Hrs Playtime",Earbud Headphones,22167,1,4,0,0,1,1,0,1,0,0,internal_oof
B09NB7V6NL,DEVICE,EARBUD_INEAR,DEVICE,0.999093,0.999093,model_device_above_threshold_with_device_subject,LIBMING Wireless Earbuds Bluetooth 5.0 with Wireless Charging Case IPX8 Waterproof Stereo Headphones in Ear Built in Mic Headset Premium Sound with Deep Bass Black,Earbud Headphones,98,1,3,0,0,1,1,0,1,0,0,internal_oof
B09T3JCRYH,ACCESSORY,NOT_APPLICABLE,ACCESSORY,0.007145,0.992855,strong_accessory_relation,Upgrade Replacement Ear Cushion Headband Earpad Compatible with Corsair Void RGB Elite USB Premium Gaming Headset (Headband+Black Ear Pads),Earpads,17,1,1,1,1,3,0,1,0,0,0,internal_oof
B08PKJBRHT,ACCESSORY,NOT_APPLICABLE,ACCESSORY,0.008497,0.991503,model_accessory_below_threshold_with_accessory_context,"USB C to AUX 3.5mm 1/8 inch Headphone Splitter Cable, HOSONGIN USB Type C to 2-Way Dual 3.5mm Jack (Earphone, Microphone) Splitter Adapter - 12 Inch",Adapters,5,1,2,0,0,2,0,1,0,0,0,internal_oof
B0BMXP1S36,DEVICE,EARBUD_INEAR,DEVICE,0.991303,0.991303,model_device_above_threshold_with_device_subject,TOZO T12 Wireless Earbuds Bluetooth Headphones Premium Fidelity Sound Quality Wireless Charging Case Digital LED Intelligence Display IPX8 Waterproof Earphones Built-in Mic Headset for Sport Blue,Earbud Headphones,70079,1,4,0,0,1,0,0,1,0,0,internal_oof
B01GXMH5NI,ACCESSORY,NOT_APPLICABLE,ACCESSORY,0.058669,0.941331,model_accessory_below_threshold_with_accessory_context,8pcs (CL-BL)- Small (S) Replacement Set Earbuds Eartips Compatible with Jaybird Freedom F5 Earphones Headphones,Earbud Headphones,2,1,3,0,0,2,0,0,1,0,0,internal_oof
B09V7KBZZ9,DEVICE,OVER_EAR,DEVICE,0.972081,0.972081,model_device_above_threshold_with_device_subject,"Wireless Over Ear Headphones, Wireless 5.0/Wired Headset, Hi-Fi Stereo Deep Bass, Soft Earmuffs & Light Weight, Built-in HD Microphone for Online Class, Home Office, Gym, Travel",Over-Ear Headphones,168,1,2,0,0,0,0,0,1,0,0,internal_oof
B0BQC7892K,DEVICE,OVER_EAR,DEVICE,0.99543,0.99543,model_device_above_threshold_with_device_subject,"6S Wireless Bluetooth Headphones Over Ear, Hi-Fi Stereo Foldable Wireless Stereo Headsets Earbuds with Built-in Mic, Volume Control, FM for iPhone/Samsung/iPad/PC (White & Gold)",Over-Ear Headphones,2462,1,3,0,0,0,0,0,1,0,0,internal_oof
B0768YZZF9,DEVICE,EARBUD_INEAR,DEVICE,0.972453,0.972453,model_device_above_threshold_with_device_subject,in Ear Headphones SDFLAYER Silverlight Earbuds with Line-in Microphone Heavy Bass Dynamic Driver Earphones with Non Tangle TPE Cord for Running Gym Android Phones Music Player iPhone Not for iOS,Earbud Headphones,16,1,3,1,0,1,0,0,1,0,0,internal_oof
B00JVFS3JK,ACCESSORY,NOT_APPLICABLE,ACCESSORY,0.009651,0.990349,strong_accessory_relation,"Geekria Replacement Cable for Sennheiser IE8, IE80, IE8i Earphone Upgrade Cable / Headphone Replacement Cord","Headphones, Earbuds & Accessories",42,1,2,1,1,2,0,0,0,1,0,internal_oof
B0BL3B4LHZ,DEVICE,EARBUD_INEAR,DEVICE,0.999097,0.999097,model_device_above_threshold_with_device_subject,"Tecno True Wireless Earbuds Noise Cancelling, Wireless Bluetooth Headphone with Microphone, Wireless in Ear Earbuds with Charging Case, Touch Control Waterproof with Mic Deep Bass for Sport White, H2",Earbud Headphones,138,1,2,0,0,1,1,0,1,0,0,internal_oof
B00C0M5A1A,ACCESSORY,NOT_APPLICABLE,DEVICE,0.551295,0.551295,model_device_above_threshold_with_device_subject,"Decibullz - Custom Molded Earphone Adapters (200-BLK, Black)",Headphones & Earbuds,385,1,1,0,0,1,0,0,0,1,0,internal_oof
B08BG7J2MN,DEVICE,EARBUD_INEAR,DEVICE,0.700508,0.700508,model_device_above_threshold_with_device_subject,Aftershokz Aeropex Mini (Rebranded as Shokz OpenRun Mini) Bone Conduction Wireless Bluetooth Headphones,Over-Ear Headphones,43149,1,1,0,0,0,0,0,1,0,0,internal_oof
B072BCTZQR,DEVICE,OVER_EAR,DEVICE,0.855439,0.855439,model_device_above_threshold_with_device_subject,DURAGADGET Lightweight Black & Red Supreme Comfort Over-Ear Headphones - Compatible with Amazon Fire HD 10 | Fire 7 & Fire HD 8,Headphones & Earbuds,50,1,1,0,0,0,0,0,0,1,0,internal_oof
B0CJBZ3ZXT,DEVICE,EARBUD_INEAR,DEVICE,0.995609,0.995609,model_device_above_threshold_with_device_subject,"CelsusSound Pinetree Sports Open Ear Headphones, Bluetooth V5.2 Air Conduction Wireless Headphones, Lightweight Waterproof Running Headset with Noise-Canceling Mic for Workout, Hiking, Cycling (Gray)",Earbud Headphones,20,1,2,0,0,0,0,0,1,0,0,internal_oof
B00FWGTY1I,DEVICE,ON_EAR,AMBIGUOUS,0.294327,0.0,probability_or_semantics_not_decisive,"Audio Technica ATH-OX7AMP SonicFuel Amplifier Portable Headphone, Black","Headphones, Earbuds & Accessories",11,1,1,0,0,0,0,0,0,1,0,internal_oof
B0B2DQHZWJ,DEVICE,EARBUD_INEAR,DEVICE,0.994232,0.994232,model_device_above_threshold_with_device_subject,"Bloody M30 TWS True Wireless Earbuds, Bluetooth 5.0, 22H Playtime, Low Latency & Lightweight, Hybrid Diaphragm Deep Bass, IPX4 Rate Earphones with Mini Charging Case White",Earbud Headphones,8,1,2,0,0,1,0,0,1,0,0,internal_oof
B07XP71N14,DEVICE,OVER_EAR,DEVICE,0.981142,0.981142,model_device_above_threshold_with_device_subject,"Audio-Technica ATH-SR30BTBK Bluetooth Wireless Over-Ear Headphones, 40mm Drivers, 70 Hours Playback, Mic, and Music Controls - Charcoal Gray (Renewed)",Earbud Headphones,29,1,1,0,0,0,0,0,1,0,0,internal_oof
B00428HJ28,DEVICE,EARBUD_INEAR,DEVICE,0.972858,0.972858,model_device_above_threshold_with_device_subject,BIRUGEAR Dark Blue 3.5mm Metal Stereo Headset Handsfree Soft Gel Earbud with Microphone for HTC Desire C,Headphones & Earbuds,1,1,2,0,0,0,0,0,0,1,0,internal_oof
B06ZYQNMJ3,ACCESSORY,NOT_APPLICABLE,AMBIGUOUS,0.03567,0.0,no_headphone_subject_in_title,MFi Certified Cable 3FT 3FT 6FT 10FT Nylon Protable Braided USB Fast Charging& Syncing Cord Compatible Charger XS/MAX/XR/8/8 Plus/ 7/7 Plus/6s/14s Plus,Headphones & Earbuds,1,1,0,0,0,2,0,0,0,1,0,internal_oof
B09DYPP64D,DEVICE,EARBUD_INEAR,DEVICE,0.997029,0.997029,model_device_above_threshold_with_device_subject,"KZ EDX Pro in-Ear Monitor Headphones Wired, IEM Earphones,Dual DD HiFi Stereo Sound Earphones Noise Cancelling Earbuds(Black,No Mic)",Earbud Headphones,317,1,5,0,0,0,0,0,1,0,0,internal_oof
B005NDQGRU,ACCESSORY,NOT_APPLICABLE,ACCESSORY,0.022632,0.977368,model_accessory_below_threshold_with_accessory_context,JOVERS 3.5mm Headphone Jack Adapter Cable Compatible with Adapter X Adapter Xs Jack,Headphones & Earbuds,7,1,1,0,0,2,0,0,0,1,0,internal_oof
B07K7N2Q2N,ACCESSORY,NOT_APPLICABLE,ACCESSORY,0.011056,0.99,strong_accessory_relation,ETHERWORKZ for iPhone Adapter Headphone Adapter 3.5mm Jack Dongle Earphone Connector Compatible for iPhone X/XS/XS MAX/8/support to Listen Music and Charge (New & Improved Version IOS 12.2),Adapters,32,1,2,1,1,1,0,1,0,0,0,internal_oof
B00HCQPKO6,DEVICE,EARBUD_INEAR,DEVICE,0.967985,0.967985,model_device_above_threshold_with_device_subject,Importer520 Handsfree Stereo Earphones Earbuds with Microphone for Samsung Focus Flash i677 (AT&T)- New White,Headphones & Earbuds,1,1,2,0,0,0,0,0,0,1,0,internal_oof
B06XPX7DQN,DEVICE,EARBUD_INEAR,DEVICE,0.953077,0.953077,model_device_above_threshold_with_device_subject,Skullcandy Ink'd 2.0 In-Ear Earbud - Street Grey/Chrome,Earbud Headphones,11997,1,1,0,0,0,0,0,1,0,0,internal_oof
B0BFPJMDX3,DEVICE,EARBUD_INEAR,DEVICE,0.981448,0.981448,model_device_above_threshold_with_device_subject,"ZABBOW Scorpion Wireless Bluetooth Headset, Hanging Ear Bluetooth Earphone with Microphone, Standby Time 160 Hours, for Business Office Driving, Supports iPhone Android PS5,with 3300MA Charging Case",Earbud Headphones,5,1,2,0,0,1,0,0,1,0,0,internal_oof
B0B46QZYBD,ACCESSORY,NOT_APPLICABLE,ACCESSORY,0.00519,0.99481,model_accessory_below_threshold_with_accessory_context,"Compatible with AirPods 3rd Generation Case Cover 2021, Cool Cute 3D Cartoon Funny Air pods 3 Cases, Soft Silicone Protective Shockproof Charging Cover Kids Girls Boys Teens Gifts",Cases,24,1,1,0,0,0,0,1,0,0,0,internal_oof
B0794FF8QJ,ACCESSORY,NOT_APPLICABLE,ACCESSORY,0.010514,0.989486,model_accessory_below_threshold_with_accessory_context,Deke Compatible Apple airpods Wireless Bluetooth Earbuds case. Airpod Buds Cases Full Protective Cover Portable Bud Silicone Skin with Anti-Lost Hooks/Strap. Airbuds Skins Set. Audifonos (Red),Cases,21,1,2,1,0,1,0,1,0,0,0,internal_oof
B01LYHC9GX,ACCESSORY,NOT_APPLICABLE,ACCESSORY,0.009823,0.990177,model_accessory_below_threshold_with_accessory_context,"Geekria 2.5mm Male to 3.5mm Female Cable Compatible with Bose SoundTrue / SoundTrue II, QuietComfort QC25 / 10 inches Short Stereo Headset Audio Adapter Cord (Black)",Adapters,23,1,1,0,0,3,0,1,0,0,0,internal_oof
B078WDPDCV,DEVICE,EARBUD_INEAR,DEVICE,0.989949,0.989949,model_device_above_threshold_with_device_subject,in Ear Headphones SDFLAYER Silverlight Earbuds with Line-in Microphone Heavy Bass Dynamic Driver Earphones with Non Tangle TPE Cord for Running Gym Android Phones Music Player Silver,Earbud Headphones,4,1,3,1,0,1,0,0,1,0,0,internal_oof
B01DY4BE6C,DEVICE,ON_EAR,DEVICE,0.951136,0.951136,model_device_above_threshold_with_device_subject,"Headphones, Sound Intone Wz-01 Stereo Dynamic Headset, Metal High Definition On-Ear Headphones with Detachable 3.5mm Audio Cable for iPhone 6/6S Plus, iPod, iPad Air, Samsung, HTC, LG, MP3 (Black)",On-Ear Headphones,3,1,2,1,0,1,0,0,1,0,0,internal_oof
B0B6H74WW2,ACCESSORY,NOT_APPLICABLE,ACCESSORY,0.004477,0.995523,model_accessory_below_threshold_with_accessory_context,"AIIEKZ Cute Airpods 3 Case with Boba Keychain,Girly Pink Boba Milk Tea Silicone Protective Case Compatible with AirPods 3rd Generation Case 2021 for Girls and Women (Airpods 3)",Cases,83,1,1,1,0,1,0,1,0,0,0,internal_oof
B00BN5DGLG,DEVICE,ON_EAR,DEVICE,0.921903,0.921903,model_device_above_threshold_with_device_subject,"House of Marley EM-JH063-SD Marley Rise Up Saddle On-Ear Headphones , Discontinued by Manufacturer",Headphones & Earbuds,52,1,1,0,0,0,0,0,0,1,0,internal_oof
B00C51I518,DEVICE,EARBUD_INEAR,DEVICE,0.941211,0.941211,model_device_above_threshold_with_device_subject,PINK EarPhone HeadPhones HeadSet With Mic For Alcatel Virgin Mobile Venture,Headphones & Earbuds,1,1,3,0,0,0,0,0,0,1,0,internal_oof
B0042JK6LS,DEVICE,EARBUD_INEAR,DEVICE,0.993745,0.993745,model_device_above_threshold_with_device_subject,Bluetooth Headset,Headphones & Earbuds,12,1,1,0,0,0,0,0,0,1,0,internal_oof
B00NH8OT3G,DEVICE,OVER_EAR,DEVICE,0.966214,0.966214,model_device_above_threshold_with_device_subject,"Califone 2800-YL Listening First Stereo Headphones, Yellow",Over-Ear Headphones,150,1,1,0,0,0,0,0,1,0,0,internal_oof
B09JF83P1H,DEVICE,EARBUD_INEAR,DEVICE,0.944469,0.944469,model_device_above_threshold_with_device_subject,"Samsung Galaxy Buds Plus, True Wireless Earbuds (Wireless Charging Case Included), White – US Version",Earbud Headphones,85945,1,2,0,0,1,0,0,1,0,0,internal_oof
B07VJQC8KG,DEVICE,EARBUD_INEAR,DEVICE,0.930097,0.930097,model_device_above_threshold_with_device_subject,iFrogz 304003085 Audio - Airtime TWS - Wireless Earbud and Charging Case - Blue,Earbud Headphones,66,1,1,0,0,1,0,0,1,0,0,internal_oof
B01A6PBSGS,AMBIGUOUS,NOT_APPLICABLE,ACCESSORY,0.265994,0.99,strong_accessory_relation,SODIAL bag and protections bag Soft handle bag for 14 inch 14 '' Ultra book notebook(dark blue),Headphones & Earbuds,5,1,0,1,1,0,0,0,0,1,0,internal_oof
B01M3S3TCV,ACCESSORY,NOT_APPLICABLE,AMBIGUOUS,0.322668,0.0,probability_or_semantics_not_decisive,Sennheiser TR 135 Wireless Transmitter/Charger for RS135 System/HDR135 Headphone,"Headphones, Earbuds & Accessories",6,1,1,0,0,0,0,0,0,1,0,internal_oof
B00WUSN0SO,DEVICE,EARBUD_INEAR,DEVICE,0.925877,0.925877,model_device_above_threshold_with_device_subject,Sony MDR-EX76/BLK EX Style Headphones with Carrying Case (Black) (Discontinued by Manufacturer),Earbud Headphones,38,1,1,0,0,1,0,0,1,0,0,internal_oof
B016PAZ6BG,DEVICE,ON_EAR,DEVICE,0.830879,0.830879,model_device_above_threshold_with_device_subject,Lisa Frank 3 in 1 Stereo Headphone-Speaker Set-Hunter,Headphones & Earbuds,1,1,1,0,0,0,0,0,0,1,0,internal_oof
B08QVJQCPD,ACCESSORY,NOT_APPLICABLE,ACCESSORY,0.001104,0.998896,strong_accessory_relation,"KOREDA Protective Cover Compatible with AirPods Pro & AirPods Pro 2 Case, Soft Clear Full Protective Case Shockproof Cover with Keychain Set for Airpods Pro 2nd Generation/1st Generation Case (Clear)",Cases,1919,1,1,1,1,1,0,1,0,0,0,internal_oof
B09DST5N83,DEVICE,EARBUD_INEAR,DEVICE,0.996958,0.996958,model_device_above_threshold_with_device_subject,Wireless Earbuds Bluetooth 5.3 Headphones Built-in 4-Mic Clear Call in-Ear Ear Buds Noise Cancelling 30Hrs Playtime Earphones with USB-C Charging Case IPX7 Waterproof Earbuds for iPhone/Android Red,Earbud Headphones,121,1,4,0,0,1,0,0,1,0,0,internal_oof
B09PV9MHHK,ACCESSORY,NOT_APPLICABLE,ACCESSORY,0.017161,0.99,strong_accessory_relation,"Krone Kalpasmos WH1000XM3 Replacement Earpads, Compatitable with Sony WH-1000XM3 Noise Cancelling Headphone Luxury Soft Leather Memory Foam Black",Earpads,39,1,1,1,1,2,0,1,0,0,0,internal_oof
B00BOJQ7SA,ACCESSORY,NOT_APPLICABLE,AMBIGUOUS,0.742301,0.0,no_headphone_subject_in_title,CS50 Earloops,Headphones & Earbuds,21,1,0,0,0,0,0,0,0,1,0,internal_oof
B00GH752AI,DEVICE,EARBUD_INEAR,DEVICE,0.950008,0.950008,model_device_above_threshold_with_device_subject,DUNU DN-1000 Hybrid earphone (twin BA + 1 dynamic drivers),Earbud Headphones,93,1,1,0,0,0,0,0,1,0,0,internal_oof
B007UKXM44,AMBIGUOUS,NOT_APPLICABLE,AMBIGUOUS,0.504432,0.0,no_headphone_subject_in_title,BestDealUSA Compact AA Battery Portable Digital Pocket Hand Warmer for Home Office Outdoor,Headphones & Earbuds,1,1,0,0,0,0,0,0,0,1,0,internal_oof
B0B83Q5P9Y,ACCESSORY,NOT_APPLICABLE,ACCESSORY,0.010457,0.99,strong_accessory_relation,"Cover Cases for Sony WF-1000XM4, TPU Case with Keychain Durable Shockproof Drop Proof Full Body Protective Case for Sony Wireless Earbuds, Black",Cases,6,1,1,1,1,1,0,1,0,0,0,internal_oof
B08KHHZN24,ACCESSORY,NOT_APPLICABLE,ACCESSORY,0.001658,0.998342,model_accessory_below_threshold_with_accessory_context,"Alpaca AirPods Pro Case Cover,Soft TPU AirPods Pro Case Shockproof Silicone Waterproof Protective AirPods Pro Skin Cover Case for Airpods Pro Charging Case for iPhone 11/11 Pro/11 Pro Max/7 8 SE 2020",Cases,13,1,1,1,0,2,0,1,0,0,0,internal_oof
B07S98228V,DEVICE,OVER_EAR,DEVICE,0.904968,0.904968,model_device_above_threshold_with_device_subject,USB Heavy-Duty Kids' Headset Headphones w/ Tangle-Free Fabric Cord Pack of 10,Over-Ear Headphones,6,1,2,0,0,1,0,0,1,0,0,internal_oof
B01516Z5MU,ACCESSORY,NOT_APPLICABLE,ACCESSORY,0.058925,0.941075,model_accessory_below_threshold_with_accessory_context,Cosmos Set of 2 Premium Gray Travel Carry Drawstring Headphones Pouch Bag (Gray Color),Cases,247,1,1,0,0,0,0,1,0,0,0,internal_oof
B0BQCF4N32,DEVICE,OVER_EAR,DEVICE,0.993189,0.993189,model_device_above_threshold_with_device_subject,"pollini Bluetooth Headphones Wireless, 40H Playtime Foldable Over Ear Headphones with Microphone, Deep Bass Stereo Headset with Soft Memory-Protein Earmuffs for iPhone/Android Cell Phone/PC (Blue)",Over-Ear Headphones,11087,1,2,0,0,0,0,0,1,0,0,internal_oof
B00HOIOPKC,ACCESSORY,NOT_APPLICABLE,AMBIGUOUS,0.348731,0.0,probability_or_semantics_not_decisive,Skin Decal Wrap Works with Original Beats Solo HD Headphones Radioactive Blue Skin Only (Headphones NOT Included),"Headphones, Earbuds & Accessories",1,1,1,0,0,2,0,0,0,1,0,internal_oof
B014XZC6SG,AMBIGUOUS,NOT_APPLICABLE,AMBIGUOUS,0.720392,0.0,no_headphone_subject_in_title,24pcs/lot 12mm ABS Half Round Pearls Gems,Headphones & Earbuds,1,1,0,0,0,0,0,0,0,1,0,internal_oof
B09Z9JWMX8,DEVICE,EARBUD_INEAR,DEVICE,0.998715,0.998715,model_device_above_threshold_with_device_subject,"Wireless Earbuds, Mini Bluetooth 5.0 Earphones with Charging Case,IPX5 Waterproof, in-Ear Built-in Mic Headset Deep Bass Stereo for Sport Running 28",Earbud Headphones,6,1,3,0,0,1,1,0,1,0,0,internal_oof
B07D3MD6LT,ACCESSORY,NOT_APPLICABLE,ACCESSORY,0.055638,0.99,strong_accessory_relation,VEKEFF 2 Pairs Black Stretchable Washable Earcup Cover Fabric Headphone Cover for Most On Ear Headphones with 7~8.5cm Earpads,Earpads,132,1,1,1,1,2,0,1,0,0,0,internal_oof
B0BM8S4RW1,DEVICE,EARBUD_INEAR,DEVICE,0.994216,0.994216,model_device_above_threshold_with_device_subject,Skullcandy Set in-Ear Earbud Black & Ink'd+ in-Ear Earbuds Black,Earbud Headphones,1,1,1,0,0,0,0,0,1,0,0,internal_oof
B0CJ8R5SGC,DEVICE,EARBUD_INEAR,DEVICE,0.992238,0.992238,model_device_above_threshold_with_device_subject,PSIER Wireless Earbuds Bluetooth Headphones 153H Playtime Ear Buds Digital LED Display Cell Phones Charging Function with 2000mAh Charging Case Built in Mic Clear Calls in Ear Earphones for Sports,Earbud Headphones,152,1,4,0,0,1,0,0,1,0,0,internal_oof
B07N372RYY,ACCESSORY,NOT_APPLICABLE,ACCESSORY,0.563116,0.99,strong_accessory_relation,Hard Case for Soundcore Anker Liberty Air True-Wireless Earphones by Aenllosi (Black),Earbud Headphones,60,1,1,1,1,0,0,0,1,0,0,internal_oof
B07GFJH9FY,AMBIGUOUS,NOT_APPLICABLE,ACCESSORY,0.483811,0.99,strong_accessory_relation,"Rawlings Baseball Softball Bat Grip Tape - (2-Pack, Black 1.0 MM) - Bat Handle Wrap for Batting",Headphones & Earbuds,1,1,0,1,1,0,0,0,0,1,0,internal_oof
B00XQSOV6C,DEVICE,EARBUD_INEAR,DEVICE,0.749209,0.749209,model_device_above_threshold_with_device_subject,"NANAZ Earphone/Cute Earphone/ Panda model Gm-217 3.5mm Jack Hi-fi Stereo Retractable Earphone/ Cute Earphone for Ipod , Ipad , Iphone , Mp5 , Mp4 , Mp3",Headphones & Earbuds,6,1,1,0,0,0,0,0,0,1,0,internal_oof
B005ATINHS,DEVICE,NEEDS_REVIEW,AMBIGUOUS,0.719871,0.0,no_headphone_subject_in_title,Parrot Motorcycle Bluetooth,Headphones & Earbuds,38,1,0,0,0,0,0,0,0,1,0,internal_oof
B083R7BYL3,ACCESSORY,NOT_APPLICABLE,ACCESSORY,0.002965,0.997035,model_accessory_below_threshold_with_accessory_context,"Airpods Case, Music tracker Protective Thicken Airpods Cover Soft Silicone Chargeable Headphone Case with Anti-Lost Carabiner for Apple Airpods 1&2 Charging Case (Sky Blue)",Cases,20810,1,2,1,0,1,0,1,0,0,0,internal_oof
B01LRDZLIE,DEVICE,EARBUD_INEAR,DEVICE,0.832769,0.832769,model_device_above_threshold_with_device_subject,Headset Buddy ClearMic That fits Bose QC35 - Noise Cancelling Boom Microphone Compatible with QuietComfort 35 Headphones (CM3504),Earbud Headphones,144,1,2,0,0,0,0,0,1,0,0,internal_oof
B07DH3V2BD,DEVICE,EARBUD_INEAR,DEVICE,0.993453,0.993453,model_device_above_threshold_with_device_subject,"3D Clear Sound True Wireless Earbuds Blutooth 5.0 TWS Stereo Earphones A week's Endurance with Built-in Mic and Charging Case for iPhone, Samsung, iPad, Android(Hail)",Earbud Headphones,4,1,2,1,0,1,0,0,1,0,0,internal_oof
B08D9GT92V,DEVICE,EARBUD_INEAR,DEVICE,0.974621,0.974621,model_device_above_threshold_with_device_subject,"KZ ZST X in-Ear Monitors, Upgraded Dynamic Hybrid Dual Driver ZSTX Earphones, HiFi Stereo IEM Wired Earbuds/Headphones with Detachable Cable for Musician Audiophile (with Mic, Purple)",Earbud Headphones,1144,1,5,1,0,1,0,0,1,0,0,internal_oof
B07HP866PF,DEVICE,EARBUD_INEAR,DEVICE,0.976156,0.976156,model_device_above_threshold_with_device_subject,"MOKAY Earbuds, Wood in Ear Headphones, Stereo Bass Noise-isolating Earphones with Microphone and Inline Remote Controller, Carrying Case (Brown)",Earbud Headphones,11,1,3,0,0,1,0,0,1,0,0,internal_oof
B00CMDY8MO,DEVICE,OVER_EAR,DEVICE,0.723118,0.723118,model_device_above_threshold_with_device_subject,Razer Kraken Pro Analog Gaming Headset,Headphones & Earbuds,152,1,1,0,0,0,0,0,0,1,0,internal_oof
B097R6TNF1,DEVICE,EARBUD_INEAR,DEVICE,0.977102,0.977102,model_device_above_threshold_with_device_subject,"G.K Earbuds Wired Headphone 7BA+1DD Hybrid Driver HiFi Stereo Noise Cancelling IEM Earphone 3.5mm Jack Headphone with Detachable Audio Cable for Musicians DJ Guitarists Sport Gaming (Black,No Mic)",Earbud Headphones,8,1,4,1,0,1,0,0,1,0,0,internal_oof
B0033PROMG,DEVICE,EARBUD_INEAR,DEVICE,0.971912,0.971912,model_device_above_threshold_with_device_subject,Pioneer SE-CS15V High Performance Earbud Headphones with Volume Control (Black),Headphones & Earbuds,2,1,2,0,0,0,0,0,0,1,0,internal_oof
B0732GDF1B,DEVICE,EARBUD_INEAR,DEVICE,0.88543,0.88543,model_device_above_threshold_with_device_subject,"GOgroove AudiOHM HDX Noise Isolating Wired Earbuds with Microphone - Premium Headphones with Ergonomic Angled Design, 3mm Thick Reinforced Cable, Fortified Y-Connector, and EVA Carrying Case (Red)",Earbud Headphones,25,1,2,0,0,2,0,0,1,0,0,internal_oof
B07RGB6YPM,DEVICE,EARBUD_INEAR,DEVICE,0.998389,0.998389,model_device_above_threshold_with_device_subject,"IPX8 Waterproof Wireless Earbuds,Red2Fire Latest Bluetooth 5.0 Headphones in-Ear True Wireless Stereo Bluetooth Earbuds with Wireless Charging Case, 24H Playtime 3D Stereo Sound with Deep Bass (Black)",Earbud Headphones,324,1,2,0,0,1,1,0,1,0,0,internal_oof
B0C61FPVCM,ACCESSORY,NOT_APPLICABLE,ACCESSORY,0.010661,0.989339,model_accessory_below_threshold_with_accessory_context,"Aiivioll Live 500 BT Earpads Ear Cushion Replacement Cover Foam Ear Pads Compatible with JBL Live 500BT Wireless Over-Ear Headphones，Ear Pads with Softer Leather, Noise Isolation Foam (Black)",Earpads,5,1,1,0,0,3,0,1,0,0,0,internal_oof
B09Y39ZC5W,DEVICE,EARBUD_INEAR,DEVICE,0.621615,0.621615,model_device_above_threshold_with_device_subject,"Cleaning Pen for Airpods, for Men Dad Boyfriend Multi-Function Earbuds Cleaner Kit Soft Brush for iPad iPhone Samsung Wireless Earbuds for Bluetooth Earphones Case Cleaning Tools",Earbud Headphones,18,1,3,0,0,0,0,0,1,0,0,internal_oof
B003X519D6,DEVICE,OVER_EAR,DEVICE,0.971274,0.971274,model_device_above_threshold_with_device_subject,Audio Technica ATH-XS5 BK BLACK| Portable Headphones (Japan Import),Over-Ear Headphones,6,1,1,0,0,0,0,0,1,0,0,internal_oof
B00J1ROQFI,DEVICE,EARBUD_INEAR,DEVICE,0.941163,0.941163,model_device_above_threshold_with_device_subject,"Over The Top Services Sports Earbuds – Model gs27 The Logan Collection 4th Generation Stereo Headset - Noise Reduction - Custom Fitting Comply Foam Ear Tips (S400 Active Series) - Active Sports Earphone Users – Runners, Joggers, Intense Exercise – All Day Comfort - Not Affected By Perspiration - Hands Free In The Ear Headphones With Mic and Sports Clip - Compatible With Tablets, Laptops and Computers, MP3’s, Smart Phones - Tangle Free Cords – Best 100% Warranty – Free Guide, Best Kept Earbud Sec",Earbud Headphones,105,1,4,0,0,2,0,0,1,0,0,internal_oof
B0CCDSMFR6,DEVICE,EARBUD_INEAR,DEVICE,0.990537,0.990537,model_device_above_threshold_with_device_subject,"Eonome-W5s-True-Wireless-Earbuds-Bluetooth 5.3 in-Ear Headphones IPX7 Waterproof - USB-C Charging Sport Wireless Headphones Built-in Mic for iPhone, Samsung, Huawei with Metal Charging Case(Grey)",Earbud Headphones,59,1,2,0,0,1,0,0,1,0,0,internal_oof
B0BLYWWR1L,DEVICE,EARBUD_INEAR,DEVICE,0.981368,0.981368,model_device_above_threshold_with_device_subject,"wzson Wireless Earbuds，Bluetooth 5.0 Noise Cancelling Earbuds，Bluetooth Headphones 3D HiFi Stereo Bass,IPX5 Waterproof Sports Touch Control with USB-C Fast Charge Mini Charging Case for Android iOS",Earbud Headphones,20,1,2,1,0,1,0,0,1,0,0,internal_oof
B000068OHS,DEVICE,OVER_EAR,DEVICE,0.927425,0.927425,model_device_above_threshold_with_device_subject,Samson CH70 Closed Back Studio Headphones,Over-Ear Headphones,19,1,1,0,0,0,0,0,1,0,0,internal_oof
B00EVO0EXE,DEVICE,EARBUD_INEAR,AMBIGUOUS,0.710882,0.0,no_headphone_subject_in_title,Chic Buds EF-BM0002-01 Arts Tangle Free Flat Cables,Headphones & Earbuds,6,1,0,0,0,1,0,0,0,1,0,internal_oof
B01KPE3UTS,DEVICE,EARBUD_INEAR,ACCESSORY,0.108995,0.891005,model_accessory_below_threshold_with_accessory_context,Poyatu Earbuds for Powerbeats 2 Wireless Earphones Earbuds Replacement Eartips Gray,"Headphones, Earbuds & Accessories",1,1,2,1,0,2,0,0,0,1,0,internal_oof
B07V6CGGW2,ACCESSORY,NOT_APPLICABLE,ACCESSORY,0.001809,0.998191,model_accessory_below_threshold_with_accessory_context,"R-fun AirPods Case Cover, Soft Silicone Protective Cover with Keychain for Women Men Compatible with Apple AirPods 2nd 1st Generation Charging Case, Front LED Visible-Pink Sand",Cases,117795,1,1,1,0,1,0,1,0,0,0,internal_oof
B096R9Q29C,ACCESSORY,NOT_APPLICABLE,ACCESSORY,0.057061,0.942939,model_accessory_below_threshold_with_accessory_context,"Fr-og with A Cowboy Hat Bluetooth Headset Protective case with Hanging Buckle is Suitable for Airpods 1 and Airpods 2, which can Prevent dust, Scratches and Falling",Cases,1,1,2,1,0,1,1,1,0,0,0,internal_oof
B01JA3RLOA,ACCESSORY,NOT_APPLICABLE,AMBIGUOUS,0.022987,0.0,no_headphone_subject_in_title,EEEKit 11453,Extension Cords,198,1,0,0,0,0,0,1,0,0,0,internal_oof
B0725BD2R7,ACCESSORY,NOT_APPLICABLE,ACCESSORY,0.006923,0.993077,strong_accessory_relation,"Geekria QuickFit Replacement Ear Pads for Sennheiser Momentum 2.0 Over-Ear Headphones Ear Cushions, Headset Earpads, Ear Cups Cover Repair Parts (Black)",Earpads,46,1,2,1,1,3,0,1,0,0,0,internal_oof
B001EXGCOK,DEVICE,EARBUD_INEAR,DEVICE,0.96923,0.96923,model_device_above_threshold_with_device_subject,Jabra BT2010 Bluetooth Headset (Discontinued by Manufacturer),Headphones & Earbuds,37,1,1,0,0,0,0,0,0,1,0,internal_oof
B0BP2F943C,DEVICE,EARBUD_INEAR,DEVICE,0.983068,0.983068,model_device_above_threshold_with_device_subject,"Bluetooth Headphones Wireless Earbuds for iPhone/Android, Noise Cancelling & Touch Control Bluetooth 5.2 Earphones with Charging Case Compatible with iPhone 14/13/12/11/SE/X/8/7/iPad/Android - White",Earbud Headphones,16,1,3,1,0,1,1,0,1,0,0,internal_oof
B002QBTOTE,DEVICE,EARBUD_INEAR,DEVICE,0.90236,0.90236,model_device_above_threshold_with_device_subject,Jawbone Prime Ear Candy Bluetooth Headset - Frankly Scarlet (Red) Retail Box Brand New,Headphones & Earbuds,14,1,1,0,0,0,0,0,0,1,0,internal_oof
B0C4T9BHWX,ACCESSORY,NOT_APPLICABLE,ACCESSORY,0.008465,0.991535,strong_accessory_relation,"SoloWIT Replacement Ear Pads Cushions for Beats Studio 2 & Studio 3 Wired & Wireless Headphones, Earpads with Soft Protein Leather, Noise Isolation Memory Foam - Burgundy",Earpads,15207,1,1,1,1,2,0,1,0,0,0,internal_oof
B09SHWYLF4,DEVICE,ON_EAR,DEVICE,0.99312,0.99312,model_device_above_threshold_with_device_subject,"Kids Wireless Bluetooth Headphones with Microphone, Colorful LED Cat Ear Headphones with 85dB Volume Limited & Soft Foldable Noise Cancelling Headphones for Kids/Adults/iPad/Laptop/PC (Pink)…",On-Ear Headphones,32,1,1,0,0,0,0,0,1,0,0,internal_oof
B07WF7JWTW,DEVICE,EARBUD_INEAR,DEVICE,0.975184,0.975184,model_device_above_threshold_with_device_subject,"Soundcore Upgraded, Anker Liberty Neo True Wireless Earbuds, Pumping Bass, IPX7 Waterproof, Secure Fit, Bluetooth 5 Headphones, Stereo Calls, Noise Isolation, One Step Pairing, Sports (Blue)",Earbud Headphones,26703,1,2,0,0,0,0,0,1,0,0,internal_oof
B01DEVK97A,DEVICE,EARBUD_INEAR,DEVICE,0.955875,0.955875,model_device_above_threshold_with_device_subject,"PowerBlue Bluetooth Headset, Noise Cancelling Universal Bluetooth Headset with Microphone 6 Hours of Talk Time - Compatible for iPhones and all Android Smartphones -Black",Headphones & Earbuds,52,1,1,0,0,0,0,0,0,1,0,internal_oof
B078HPTPL6,ACCESSORY,NOT_APPLICABLE,ACCESSORY,0.003584,0.996416,model_accessory_below_threshold_with_accessory_context,InWin Silver Headphone & Earphone Holder Small Portable Anti-Slip Silicone Cradle Design (Black),Cases,21,1,2,1,0,1,0,1,0,0,0,internal_oof
B07FXR1Z8S,ACCESSORY,NOT_APPLICABLE,ACCESSORY,0.008836,0.991164,model_accessory_below_threshold_with_accessory_context,MoonshineStillPro Headphones Adapter Jack Adapter Compatible with Phone 11 11Pro/X/XR/XS/XSmax/8/7 Earphone Charger Connector Cable Accessories(Black),Adapters,3,1,2,0,0,2,0,1,0,0,0,internal_oof
B001T71T1M,DEVICE,EARBUD_INEAR,DEVICE,0.858199,0.858199,model_device_above_threshold_with_device_subject,OEM (Original) 3.5mm MONO Hands-free Headset for RIM Blackberry 8330 CURVE (by Alltel / Sprint / US Cellular / Verizon Wireless),Headphones & Earbuds,4,1,1,0,0,0,0,0,0,1,0,internal_oof
B0B6RG6SLB,DEVICE,EARBUD_INEAR,DEVICE,0.990197,0.990197,model_device_above_threshold_with_device_subject,TOZO T9 True Wireless Earbuds Environmental Noise Cancellation 4 Mic Call Noise Cancelling Headphones Deep Bass Bluetooth 5.3 Light Weight Wireless Charging Case IPX7 Waterproof Headset Black,Headphones & Earbuds,11045,1,3,0,0,1,0,0,0,1,0,internal_oof
B077F5G678,DEVICE,EARBUD_INEAR,DEVICE,0.982872,0.982872,model_device_above_threshold_with_device_subject,Wireless Cat Earbuds with Removable Ears,Earbud Headphones,5,1,1,0,0,0,0,0,1,0,0,internal_oof
B08CZZXWJ7,DEVICE,EARBUD_INEAR,DEVICE,0.972345,0.972345,model_device_above_threshold_with_device_subject,"PHILIPS T3215 Wireless in-Ear Earbuds, TWS Bluetooth 5.1 Stereo Headphones, IPX4, Up to 24 (6+18) hrs of Playtime with USB-C Charging case - Pink (TAT3215PP)",Earbud Headphones,183,1,2,0,0,1,0,0,1,0,0,internal_oof
B0BXT9S5NK,DEVICE,EARBUD_INEAR,DEVICE,0.982639,0.982639,model_device_above_threshold_with_device_subject,"Betron B25 Earphones, Noise Isolating in-Ear Wired Headphones with Strong Bass, Tangle-Free Cord, Lightweight, Carry Case and Soft Earbud Tips (Black)",Earbud Headphones,25970,1,3,0,0,1,0,0,1,0,0,internal_oof
B01DPO29DS,ACCESSORY,NOT_APPLICABLE,ACCESSORY,0.148589,0.99,strong_accessory_relation,"Snow WI Fire 7 Case,Fire 7 2015 Case, Kids Shock Proof Convertible Handle Stand Light Weight Super Protective Stand Cover for Amazon Fire Tablet (7 inch Display, 2015 Release Only) (Orange)",Over-Ear Headphones,39,1,0,1,1,1,0,0,1,0,1,internal_oof
B08CK8K75Q,ACCESSORY,NOT_APPLICABLE,ACCESSORY,0.001398,0.998602,model_accessory_below_threshold_with_accessory_context,"Airpods Case, V-MORO Flowers Leather Airpod Case Cover for Airpods 2 & 1[Front LED Visible] Protective Cover Skin, Support Wireless Charging (Black)",Cases,66,1,1,1,0,1,0,1,0,0,0,internal_oof
B01N5IBNRZ,ACCESSORY,NOT_APPLICABLE,ACCESSORY,0.125967,0.99,strong_accessory_relation,"Yeworth 3ft iPhone 7 Aux Cord for Car Lightning to 3.5mm Auxiliary Audio Cable with USB Charger Charging for iPhone 7 / iPhone 7 Plus, Home / Car Stereos and More-Gold",Headphones & Earbuds,7,1,0,1,1,2,0,0,0,1,0,internal_oof
B0BJCZBT9R,ACCESSORY,NOT_APPLICABLE,ACCESSORY,0.011995,0.99,strong_accessory_relation,"YipuVR Carrying Case for Beats Fit Pro x Kim Kardashian Earbuds, EVA Hard Storage Bag Compatible with Apple Beats Fit Pro Wireless Bluetooth Earbud Outdoor Travel Box -Only Case (Black)",Cases,2,1,1,1,1,1,0,1,0,0,0,internal_oof
B005JJPFIY,AMBIGUOUS,NOT_APPLICABLE,AMBIGUOUS,0.611908,0.0,no_headphone_subject_in_title,BeautiControl Secret Agent Undercover Makeup-N1 Alabaster,Headphones & Earbuds,3,1,0,0,0,0,0,0,0,1,0,internal_oof
B08DQNCYDT,ACCESSORY,NOT_APPLICABLE,ACCESSORY,0.003173,0.996827,model_accessory_below_threshold_with_accessory_context,"amBand AirPods Pro Case, Full-Body Hard Shell Protective Cover Case Skin with Keychain for AirPod Pro 2019, Space Gray [Front LED Visible]",Cases,15657,1,1,1,0,1,0,1,0,0,0,internal_oof
B003AFU9FI,DEVICE,EARBUD_INEAR,DEVICE,0.958859,0.958859,model_device_above_threshold_with_device_subject,Handsfree Stereo Headset - OEM Original (HDW-14322-001) for HTC HD2,Headphones & Earbuds,2,1,1,0,0,0,0,0,0,1,0,internal_oof
B001TB4PU0,DEVICE,EARBUD_INEAR,DEVICE,0.944647,0.944647,model_device_above_threshold_with_device_subject,Brand New 2.5mm jack STEREO Hands-free Headset for LG ENV1 ENV2 ( ENVY-1 ENVY-2 by Verizon Wireless ),Headphones & Earbuds,5,1,1,0,0,0,0,0,0,1,0,internal_oof
B09H788X8P,ACCESSORY,NOT_APPLICABLE,ACCESSORY,0.017958,0.982042,model_accessory_below_threshold_with_accessory_context,"VEKEFF Replacement Cushion Ear Pads Kit for BlueParrott B450-XT Bluetooth Headset (Black, Velour Pad+ Microphone Foam)",Earpads,44,1,1,0,0,1,0,1,0,0,0,internal_oof
B08XWD65SZ,ACCESSORY,NOT_APPLICABLE,ACCESSORY,0.003262,0.996738,model_accessory_below_threshold_with_accessory_context,"Lanwow Premium Memory Foam Tips for AirPods Pro & AirPods Pro 2nd Generation. No Silicone Eartips Pain. Anti-Slip Eartips. Fit in The Charging Case, 3 Pairs (Large, Black)",Earpads,21482,1,1,0,0,3,0,1,0,0,0,internal_oof
B0787KLT56,DEVICE,ON_EAR,DEVICE,0.962665,0.962665,model_device_above_threshold_with_device_subject,Kids Headphones - noot products K11 Foldable Stereo Tangle-Free 3.5mm Jack Wired Cord On-Ear Headset for Children/Teens/Boys/Girls/Smartphones/School/Kindle/Airplane Travel/Plane/Tablet (Navy/Teal),On-Ear Headphones,36459,1,2,0,0,1,0,0,1,0,0,internal_oof
B08VVYHLHJ,ACCESSORY,NOT_APPLICABLE,ACCESSORY,0.005101,0.994899,model_accessory_below_threshold_with_accessory_context,"R-fun AirPods Case Cover with Rosegold Keychain, Silicone Protective Skin Cover for Women Girl with Apple AirPods Series 2 & Series 1 Charging Case,Front LED Visible-Pink Sand",Cases,11911,1,1,1,0,2,0,1,0,0,0,internal_oof
B01CF65O16,DEVICE,OVER_EAR,DEVICE,0.932653,0.932653,model_device_above_threshold_with_device_subject,PopClik Jump! Pro Headphones in Black 40 mm Neodymium Magnet Driver Over The Ear 16 Ohms Impedance,Over-Ear Headphones,25,1,1,0,0,0,0,0,1,0,0,internal_oof
B00ATIS7QW,DEVICE,EARBUD_INEAR,DEVICE,0.938914,0.938914,model_device_above_threshold_with_device_subject,X-1 (Powered by H2O Audio) MM-IE1-PE Women's Momentum in-Ear Ultra Light Sweat Proof Headphones (Purple) Discontinued by Manufacturer,Earbud Headphones,48,1,1,0,0,0,0,0,1,0,0,internal_oof
B08163FFSK,DEVICE,EARBUD_INEAR,DEVICE,0.987699,0.987699,model_device_above_threshold_with_device_subject,Venture Electronics Venture ElectronicsVE Bonus IE in Ear Earphones BIE HiFi,Earbud Headphones,27,1,1,0,0,0,0,0,1,0,0,internal_oof
B08HVJFQ55,ACCESSORY,NOT_APPLICABLE,ACCESSORY,0.006002,0.993998,model_accessory_below_threshold_with_accessory_context,ZAHIUS Airpods Silicone Case Cool Cover Compatible for Apple Airpods 1&2 [Cartoon Series][Designed for Kids Girl and Boys] (Cute Pink Pig),Cases,45,1,1,1,0,0,0,1,0,0,0,internal_oof
B00CYOAB8G,AMBIGUOUS,NOT_APPLICABLE,AMBIGUOUS,0.433359,0.0,no_headphone_subject_in_title,Kikkerland US46-G Walkie Talkie Handset - Retail Packaging - Camo Green,Headphones & Earbuds,1,1,0,0,0,0,0,0,0,1,0,internal_oof
B011HHZ60S,DEVICE,EARBUD_INEAR,DEVICE,0.986873,0.986873,model_device_above_threshold_with_device_subject,"Earphones, NEXON Premium Earbuds with Mic Stereo Headphones - Made for iPhone, iPod, iPad, Android Smartphone, Tablets, MP3 Players",Earbud Headphones,42,1,3,0,0,0,0,0,1,0,0,internal_oof
B0828RMKTN,ACCESSORY,NOT_APPLICABLE,ACCESSORY,0.021928,0.99,strong_accessory_relation,"Mr Rex [2-Pack] 3.5mm to 2.5mm Replacement Cable Cord for Bose QuietComfort 35, QuietComfort 25 Noise Cancelling Headphones, QC45 QC35II QC35 QC25 SoundLink SounTrue Around-Ear Headphones, 3.9ft",Extension Cords,89,1,1,1,1,2,0,1,0,0,0,internal_oof
B01MXE65TL,ACCESSORY,NOT_APPLICABLE,AMBIGUOUS,0.219953,0.0,no_headphone_subject_in_title,Beschan Electronics Accessories Storage Bag (Brown),"Headphones, Earbuds & Accessories",5,1,0,0,0,0,0,0,0,1,0,internal_oof
B083K82QYD,ACCESSORY,NOT_APPLICABLE,ACCESSORY,0.005902,0.994098,model_accessory_below_threshold_with_accessory_context,"Airpods Leather Case Genuine Leather Airpod Case Airpods case Leather Keychain Earbud Case Protective Case Cover,Support Wireless Charging，Red",Cases,4,1,2,1,0,1,0,1,0,0,0,internal_oof
B07HBQK197,ACCESSORY,NOT_APPLICABLE,ACCESSORY,0.287498,0.99,strong_accessory_relation,"LTGEM EVA Hard Case for WD My Passport Wireless Pro Portable External Hard Drive 1TB, 2TB, 3TB, 4TB",Earbud Headphones,30,1,0,1,1,0,0,0,1,0,1,internal_oof
B093Z9XCRD,DEVICE,EARBUD_INEAR,DEVICE,0.982794,0.982794,model_device_above_threshold_with_device_subject,GOOSETRONIC Wireless Earbuds for Android or Apple – CVC 8.0 Hybrid Noise Cancelling TWS Bluetooth Earbuds with 300 mAh Charging Case – Music Play & Phone Controls – Black Wireless Sport Earbuds,Earbud Headphones,209,1,1,0,0,1,0,0,1,0,0,internal_oof
B0B76BH8VD,DEVICE,EARBUD_INEAR,DEVICE,0.986434,0.986434,model_device_above_threshold_with_device_subject,ELOVEN True Wireless Earbuds Bluetooth 5.3 Earphones for iPhone 14 Pro Max Galaxy S22 Ultra in-Ear Wireless Earphone Noise Cancelling Comfort Fit Headphones with Charging Case for Sports Work Blue,Earbud Headphones,2,1,3,1,0,1,1,0,1,0,0,internal_oof
B07R68BMNZ,ACCESSORY,NOT_APPLICABLE,ACCESSORY,0.001792,0.998208,model_accessory_below_threshold_with_accessory_context,"Airpods Case, Cute Airpods Protective Silicone Skin Case Cover by Camyse with Fur Ball Tassels Keychain/Carabiner Compatible with Apple Airpod Charging Case (White)",Cases,1,1,1,0,0,2,0,1,0,0,0,internal_oof
B086KXTLPB,DEVICE,EARBUD_INEAR,DEVICE,0.957373,0.957373,model_device_above_threshold_with_device_subject,"SAMSUNG Galaxy Buds 2019, Bluetooth True Wireless Earbuds (Wireless Charging Case Included) (Renewed)",Earbud Headphones,189,1,2,0,0,1,0,0,1,0,0,internal_oof
B07KZJZNX9,ACCESSORY,NOT_APPLICABLE,ACCESSORY,0.001766,0.998234,model_accessory_below_threshold_with_accessory_context,"XGUO AirPods Case, Premium Leather Protective Shockproof Cover Case with Lanyard for Apple AirPods 1&2 Charging Case (Blue)",Cases,41,1,1,1,0,1,0,1,0,0,0,internal_oof
B00UR6Q2RC,DEVICE,EARBUD_INEAR,DEVICE,0.971724,0.971724,model_device_above_threshold_with_device_subject,"Audiosharp AS1160 Stereo Noise Cancelling In-Ear Headphones with Metal Aluminum Housing and In-Line Microphone Mic Rich Bass, Compatible with Apple iPhone iPad iPod Samsung Galaxy Smartphone and Music Player (Grey)",Earbud Headphones,4,1,1,0,0,0,0,0,1,0,0,internal_oof
B00BNPMY64,DEVICE,ON_EAR,AMBIGUOUS,0.871234,0.0,no_headphone_subject_in_title,NakamichiHeadphonesNK780M Red Metallic,Headphones & Earbuds,25,1,0,0,0,0,0,0,0,1,0,internal_oof
B07CZVDZV8,ACCESSORY,NOT_APPLICABLE,ACCESSORY,0.008811,0.991189,accessory_taxonomy_and_context,VCE 3-Pack Gold Plated 3.5mm Female to 3.5mm Female Stereo Jack Audio Adapter,Adapters,295,1,0,0,0,1,0,1,0,0,0,internal_oof
B08BZDYDFP,DEVICE,EARBUD_INEAR,DEVICE,0.984955,0.984955,model_device_above_threshold_with_device_subject,Aftershokz OpenMove Wireless Bone Conduction Open-Ear Bluetooth Headphones Includes Pack,Over-Ear Headphones,19985,1,1,0,0,0,0,0,1,0,0,internal_oof
B0139IV4TA,ACCESSORY,NOT_APPLICABLE,ACCESSORY,0.124342,0.99,strong_accessory_relation,"12pcs- S/M/L (B-N-MH) Noise Isolation Custom Set Replacement Eartips Earbuds Compatible with Powerbeats 3, 2 and 1 in-Ear Earphones/Headphones","Headphones, Earbuds & Accessories",3,1,3,1,1,2,0,0,0,1,0,internal_oof
B0912P7NZP,ACCESSORY,NOT_APPLICABLE,ACCESSORY,0.006718,0.993282,model_accessory_below_threshold_with_accessory_context,"AhaStyle 3 Pairs AirPods Pro 2nd Generation Ear Hooks【Added Storage Pouch】 Anti-Slip Ear Covers Silicone Accessories Compatible with Apple AirPods Pro 2nd Generation (3 Large, Black)",Earpads,11690,1,1,0,0,0,0,1,0,0,0,internal_oof
B082GW4CRB,ACCESSORY,NOT_APPLICABLE,ACCESSORY,0.001977,0.998023,model_accessory_below_threshold_with_accessory_context,"Doweiss Compatible AirPods Pro Case,Protective Cases Cover Marble Headphone Charging Case Protector Compatible for 2019 New Version AirPods 3",Cases,9,1,2,0,0,1,0,1,0,0,0,internal_oof
B08B63T6CX,ACCESSORY,NOT_APPLICABLE,ACCESSORY,0.000478,0.999522,model_accessory_below_threshold_with_accessory_context,"iCasso Compatible with Airpods Case, Shockproof Protective Soft Case Cover with Keychain",Cases,59,1,1,1,0,0,0,1,0,0,0,internal_oof
B000ENL6MY,ACCESSORY,NOT_APPLICABLE,AMBIGUOUS,0.778115,0.0,no_headphone_subject_in_title,Sumajin Smartwrap Cord Manager (Red/Black/White),Headphones & Earbuds,45,1,0,0,0,1,0,0,0,1,0,internal_oof
B009FX5OTU,DEVICE,OVER_EAR,DEVICE,0.972826,0.972826,model_device_above_threshold_with_device_subject,Connectland CL-AUD63062 Circumaural Stereo Headphone with In-line Mic,Headphones & Earbuds,22,1,1,0,0,0,0,0,0,1,0,internal_oof
B0024V0I0A,DEVICE,EARBUD_INEAR,DEVICE,0.936389,0.936389,model_device_above_threshold_with_device_subject,Plantronics Explorer 390 Bluetooth Headset,Headphones & Earbuds,314,1,1,0,0,0,0,0,0,1,0,internal_oof
B0C8JCSVKV,ACCESSORY,NOT_APPLICABLE,ACCESSORY,0.025724,0.974276,model_accessory_below_threshold_with_accessory_context,"Lightning to 3.5 mm Headphone Jack Adapter, 3 Pack [Apple MFi Certified] iPhone 3.5mm Headphones/Earphones Aux Audio Adapter Dongle for iPhone 14 13 12 11 XS XR X 8 7 iPad, Support All iOS System",Adapters,22472,1,2,0,0,1,0,1,0,0,0,internal_oof
B07T9HCFZM,ACCESSORY,NOT_APPLICABLE,ACCESSORY,0.002921,0.997079,model_accessory_below_threshold_with_accessory_context,"CTYBB for Airpod Case,Silicone Airpods Case Cover with Fur Ball Keychain Compatible with Apple Airpods 2/1 (Front LED Visible) Wine Red",Cases,24855,1,1,1,0,0,0,1,0,0,0,internal_oof
B092DN2TCJ,DEVICE,EARBUD_INEAR,DEVICE,0.998416,0.998416,model_device_above_threshold_with_device_subject,"Wireless Earbuds, Eranova TWS Bluetooth 5.1 Earphones Cordless in Ear Headphones with USB-C Charging Case Mic Clear HD Stereo Sound for iPhone Android Sports Workout Running Black",Earbud Headphones,29,1,3,0,0,1,0,0,1,0,0,internal_oof
B004FTMOJ2,DEVICE,EARBUD_INEAR,DEVICE,0.858254,0.858254,model_device_above_threshold_with_device_subject,"AURIA Zeal Performance Sports Earphones for iPhone 4/3GS/3G and iPods with Volume control, Track control, Microphone and XFit System",Headphones & Earbuds,3,1,1,0,0,0,0,0,0,1,0,internal_oof
B09TNV48N1,DEVICE,EARBUD_INEAR,DEVICE,0.779687,0.779687,model_device_above_threshold_with_device_subject,"Airpod Pro Cleaning Pen with Charging Case, Earbuds Cleaner Kit with Soft Brush,with Multi Function for Earphones, Camera,Mobile Phone, Computer Keyboard",Earbud Headphones,64,1,3,0,0,1,0,0,1,0,0,internal_oof
B001BOERJY,AMBIGUOUS,NOT_APPLICABLE,AMBIGUOUS,0.592558,0.0,no_headphone_subject_in_title,"Naxa NDL-429 7-Inch TFT LCD Display Portable DVD Micro System with USB Input, SD/MMC Card Slot and Twin Detachable Speakers",Headphones & Earbuds,2,1,0,0,0,0,0,0,0,1,0,internal_oof
B005HKE4VO,ACCESSORY,NOT_APPLICABLE,ACCESSORY,0.009401,0.990599,model_accessory_below_threshold_with_accessory_context,"Bluetooth Headset Fixer 2 ""Unbreakable"" Ear Hook Replacement. Compatibility: Samsung HM1900",Earpads,922,1,1,0,0,0,0,1,0,0,0,internal_oof
B08BRGH7S3,DEVICE,EARBUD_INEAR,DEVICE,0.953415,0.953415,model_device_above_threshold_with_device_subject,"XiaoMi True Wireless Earphones 2 Basic The new headphones have a longer battery life. With excellent sound quality, easy to adjust. White (international edition), Mi True Wireless Earphones 2 Basic",Earbud Headphones,14431,1,2,0,0,0,0,0,1,0,0,internal_oof
B0BLVYRWTX,ACCESSORY,NOT_APPLICABLE,ACCESSORY,0.000647,0.999353,model_accessory_below_threshold_with_accessory_context,Compatible with AirPods Pro Case Cover Silicone Protective Case Skin for Airpods Pro 2019 (Front LED Visible) Nightglow Blue,Cases,49113,1,1,1,0,2,0,1,0,0,0,internal_oof
B01MF8OAZX,ACCESSORY,NOT_APPLICABLE,AMBIGUOUS,0.027201,0.0,taxonomy_device_but_title_has_no_device_subject,"Galaxy S5 Phone Case Clear,Anoke Scratch Resistant Mandala Flower Back Cute Acrylic TPU Bumper Slim Fit Thin Protective Cover Cases with HD Screen Protector for Girls Women Galaxy S5 CH Mint",Earbud Headphones,87,1,0,0,0,0,0,0,1,0,1,internal_oof
B009T9OGPS,DEVICE,OVER_EAR,AMBIGUOUS,0.737979,0.0,taxonomy_device_but_title_has_no_device_subject,Turtle Beach Ear Force P11 Recertified,Earbud Headphones,7,1,0,0,0,0,0,0,1,0,1,internal_oof
B08RCK6QRP,ACCESSORY,NOT_APPLICABLE,ACCESSORY,0.008189,0.991811,model_accessory_below_threshold_with_accessory_context,"elago AW5 Compatible with Airpods Pro Case, Classic Handheld Game Console Design Case with Keychain, Durable Silicone Construction, MagSafe Compatible [US Patent Registered] [Sand Pink]",Cases,21386,1,1,1,0,0,0,1,0,0,0,internal_oof
B06XC4YR3R,DEVICE,OVER_EAR,DEVICE,0.784541,0.784541,model_device_above_threshold_with_device_subject,beyerdynamic Professional Acoustically Open Headphones 250 Ohms (DT-990-PRO-250) with Slappa HardBody PRO Full Sized Headphone Case Black & Universal Wood Headphone Stand,Over-Ear Headphones,8,1,1,1,0,1,0,0,1,0,0,internal_oof
B07MFWFKK2,DEVICE,EARBUD_INEAR,DEVICE,0.977293,0.977293,model_device_above_threshold_with_device_subject,Compatible with Stylo 4 Plus - Sound Isolating Handsfree Headset Earphones Earbuds w Mic Dual Headphones Tangle Free Flat Wired 3.5mm [Black] Works with LG Stylo 4 Plus,Earbud Headphones,28,1,4,0,0,0,0,0,1,0,0,internal_oof
B08FM43B62,DEVICE,OVER_EAR,DEVICE,0.959191,0.959191,model_device_above_threshold_with_device_subject,"LOBKIN Headphones Kids, Headphones Cat Ears with LED, 85dB Volume Limiter, Foldable, Kids Headphones with Wire for Girls Boys (Football+Blue)",Over-Ear Headphones,9,1,1,0,0,0,0,0,1,0,0,internal_oof
B09ZV1KK1D,ACCESSORY,NOT_APPLICABLE,ACCESSORY,0.001577,0.998423,strong_accessory_relation,"[6-Pair] Replacement Ear Tips for AirPods Pro & AirPods Pro 2nd Generation with Noise Reduction Hole ,No Silicone Eartips Pain,Anti Slip Soft Ear Tips Compatible Airpods Pro/Pro 2 (Sizes S/M/L)",Earpads,62,1,1,1,1,2,0,1,0,0,0,internal_oof
B0043TSLRI,DEVICE,EARBUD_INEAR,DEVICE,0.888837,0.888837,model_device_above_threshold_with_device_subject,Headphones w/ Inline Mic Headset (OEM) for Samsung Gravity 3 (Black),Headphones & Earbuds,21,1,2,0,0,0,0,0,0,1,0,internal_oof
B00F0DCQ22,DEVICE,EARBUD_INEAR,DEVICE,0.679556,0.679556,model_device_above_threshold_with_device_subject,"4x Black Medium Size Earbud Ear bud Tips Cushions For Logitech Ultimate Ears Noise-Isolating Earphones TripleFi 10 10vi,MetroFi 100 150 170 200 200v 220 220vi,ltimate Ears SuperFi 3 5,Ultimate Ears SuperFI 4 4vi,200 200vi 200vm 350 350vi,500 500vi 500vm 600vi 700,UE 100 UE 350 UE350vm,UE600 UE700 UE 900 350VM,Loud Enough IP-P3SSCB001-02,Super.fi 3/5 Pro/5 Eb/10 Ue700",Earbud Headphones,1,1,3,0,0,0,0,0,1,0,0,internal_oof
B0827DQYYY,ACCESSORY,NOT_APPLICABLE,ACCESSORY,0.027487,0.972513,model_accessory_below_threshold_with_accessory_context,"Damex Playstation 4 Gold Wireless Headset Ear Pads for Sony ps4, Compatible with PS3, CECHYA-0083 (Black)",Earpads,20,1,1,1,0,1,0,1,0,0,0,internal_oof
B00VV86752,ACCESSORY,NOT_APPLICABLE,ACCESSORY,0.019647,0.99,strong_accessory_relation,Poyatu Studio 2.0 Memory Foam Earpads for Beats Studio 2.0 and Studio 2.0 Wireless Over-Ear Headphones Replacement Ear Pads Ear Cushions Earbuds Earcups Black,Earpads,18,1,2,1,1,3,0,1,0,0,0,internal_oof
B09MB6LGS8,ACCESSORY,NOT_APPLICABLE,ACCESSORY,0.004727,0.995273,strong_accessory_relation,"Kissmart Charging Case for Samsung Galaxy Buds 2, Replacement Charger Case Dock Station for Galaxy Buds 2 SM-R177 (Black)",Cases,96,1,1,1,1,1,0,1,0,0,0,internal_oof
B09Q5451BG,DEVICE,OVER_EAR,DEVICE,0.951211,0.951211,model_device_above_threshold_with_device_subject,"Active Noise Canceling Headphones, Pink Wireless Headphones w/Mics, 45H Playtime USB-C Fast Charge, Deep Bass, BT 5.0, Connect to 2 Device, Stylish Design for Girls Women Boys TV PC Home Office",Over-Ear Headphones,103,1,1,0,0,0,0,0,1,0,0,internal_oof
B01N1F8RI1,DEVICE,ON_EAR,DEVICE,0.953501,0.953501,model_device_above_threshold_with_device_subject,Veho Z-4 On-Ear Wired Headphones | Foldable Design | Leather Finish | Microphone | Remote Control - Black (VEP-009-Z4) Headphone,On-Ear Headphones,32,1,1,0,0,0,0,0,1,0,0,internal_oof
B0BM3N3YQB,DEVICE,EARBUD_INEAR,DEVICE,0.991171,0.991171,model_device_above_threshold_with_device_subject,"Donerton Wireless Headphones, Bluetoth Earbud with 150H Playtime, Wireless Earphones 5.0 IP7 Waterproof in Ear Headset for Sport, Charging Case, Deep Bass Earbud, Built-in HD Dual Mics for Call",Earbud Headphones,17001,1,4,0,0,1,0,0,1,0,0,internal_oof
B0BCH72QJ6,DEVICE,EARBUD_INEAR,DEVICE,0.955999,0.955999,model_device_above_threshold_with_device_subject,"VOLT PLUS TECH Wireless V5.0 Bluetooth Earbuds for iPhone 14/ 14PRO / MAX / 13 / 13Pro / MAX,12/12 Pro/Max, with LED Display,Mic, 8D Bass, F9 TWS IPX7 Waterproof with 2000mAh PowerBank Charging case",Earbud Headphones,13,1,1,0,0,1,0,0,1,0,0,internal_oof
B01LYOCL3C,ACCESSORY,NOT_APPLICABLE,ACCESSORY,0.004493,0.995507,model_accessory_below_threshold_with_accessory_context,Lampari 2 in 1 3.5mm Headphone Jack aux Cable Adapter Compatible with Phone device-057-(37 Pack),Adapters,9,1,1,0,0,2,0,1,0,0,0,internal_oof
B09JPFYQY2,AMBIGUOUS,NOT_APPLICABLE,AMBIGUOUS,0.789028,0.0,no_headphone_subject_in_title,Path Lit by Lightning: The Life of Jim Thorpe,Headphones & Earbuds,980,1,0,0,0,0,0,0,0,1,0,internal_oof
B009WNUETS,DEVICE,EARBUD_INEAR,DEVICE,0.913009,0.913009,model_device_above_threshold_with_device_subject,NoiseHush NS400-11940 Bluetooth Stereo Headset with Case for Apple iPad/iPhone - Retail Packaging - Black,Earbud Headphones,121,1,1,1,0,0,0,0,1,0,0,internal_oof
B099DTHL43,ACCESSORY,NOT_APPLICABLE,ACCESSORY,0.002161,0.997839,model_accessory_below_threshold_with_accessory_context,"defean Ear Pads - Ear Cushions Compatible with AirPods Max Headphones Earpads Replacement Ear Pad Covers with Protein Leather, Memory Foam and Magnet (Silvery)",Earpads,1,1,2,1,0,3,0,1,0,0,0,internal_oof
B09P4R4JTY,ACCESSORY,NOT_APPLICABLE,ACCESSORY,0.005206,0.994794,model_accessory_below_threshold_with_accessory_context,Headset Sponge Cover Oval Earphone Ear Cushion Headset Earmuffs Leather Headphone Covers Earpads Ear Pads Ear Cups Replacement Cover Sponge Case - Black 95X75Mm,Earpads,2,1,3,0,0,3,0,1,0,0,0,internal_oof
B071222MZN,ACCESSORY,NOT_APPLICABLE,ACCESSORY,0.081663,0.99,strong_accessory_relation,"Galaxy S8 Case, MO Samsung Galaxy S8 Shockproof Protection Defense Shield Shock Absorption Case Heavy Duty Soft TPU & Hard PC Rugged Dual Layer Case for Samsung Galaxy S8(Rose Gold)",Earbud Headphones,3,1,0,1,1,0,0,0,1,0,1,internal_oof
B00NVP3NNW,AMBIGUOUS,NOT_APPLICABLE,AMBIGUOUS,0.935576,0.0,taxonomy_device_but_title_has_no_device_subject,NHT AC1 - AudioCenter Channel Loudspeaker,Earbud Headphones,1,1,0,0,0,0,0,0,1,0,1,internal_oof
B092LVBMQG,ACCESSORY,NOT_APPLICABLE,ACCESSORY,0.006823,0.993177,strong_accessory_relation,DKE Replacement Ear-Pads for Bose Quiet Comfort QC 2 15 25 35 Ear Cushions for QC2 QC15 QC25 QC35 SoundLink SoundTrue Around Ear II AE2 Headphones (Brown),Earpads,58,1,1,1,1,1,0,1,0,0,0,internal_oof
B08QM7BZL7,ACCESSORY,NOT_APPLICABLE,ACCESSORY,0.001828,0.998172,strong_accessory_relation,"Case for AirPods Pro 1st Generation, Filoto Airpod Pro Case Cover for Apple AirPods Pro (2019), Cute Protective Silicone Case Accessories with Pompom Keychain for Women Girl (Black)",Cases,15147,1,1,1,1,0,0,1,0,0,0,internal_oof
B07WDG7K29,ACCESSORY,NOT_APPLICABLE,ACCESSORY,0.011946,0.99,strong_accessory_relation,"VEKEFF Replacement Ear Pads Earpad for Sony MDR-RF4000, RF5000, RF6000, RF6500, RF7000, RF7100, MDR-DS6000, DS6500, DS7000, DS7100 Headphones (Black-PU)",Earpads,8,1,1,1,1,2,0,1,0,0,0,internal_oof
B07HK5DGF3,ACCESSORY,NOT_APPLICABLE,ACCESSORY,0.002826,0.997174,model_accessory_below_threshold_with_accessory_context,"LEWOTE Airpods Case Cover Airpods Silicone Cute Accessories [Protective Case, Anti-Lost Strap, Fur Ball Keychain] for Apple Airpod 1&2 (White)",Cases,326,1,1,0,0,1,0,1,0,0,0,internal_oof
B005K9T0UC,DEVICE,ON_EAR,DEVICE,0.941004,0.941004,model_device_above_threshold_with_device_subject,"Sport Headphones, Red Speakers plus Black Headband",Headphones & Earbuds,5,1,1,0,0,0,0,0,0,1,0,internal_oof
B08DNZ6ZPF,ACCESSORY,NOT_APPLICABLE,DEVICE,0.949942,0.949942,model_device_above_threshold_with_device_subject,"Joymiso 16Ft Extra Long Cord Earbuds Headphones for TV PC Laptop with Mic, Volume Control, Spring Coil Wire & Extension Cable, 3.5mm Wired Over Ear in-Ear Computer Earphones for Kids Women Small Ears",Earbud Headphones,514,1,3,0,0,2,0,0,1,0,0,internal_oof
B0BBRF5TNF,ACCESSORY,NOT_APPLICABLE,ACCESSORY,0.00478,0.99522,strong_accessory_relation,"Wireless Charging Case Replacement Compatible with AirPods Pro, AirPods Pro Charger Case with Pairing Sync Button, no AirPods Pro, White",Cases,14751,1,1,1,1,1,0,1,0,0,0,internal_oof
B09YTTY2H1,DEVICE,EARBUD_INEAR,DEVICE,0.998898,0.998898,model_device_above_threshold_with_device_subject,"Wireless Earbuds,Bluetooth Earbuds 60H Playtime Deep Bass Noise Cancelling,Wireless Ear Buds IPX6 Waterproof Touch Control with Charging Case,in-Ear Headphones Built-in Mic Earphone for Sports",Earbud Headphones,23,1,4,0,0,1,1,0,1,0,0,internal_oof
B01MYCQIVJ,ACCESSORY,NOT_APPLICABLE,ACCESSORY,0.050486,0.99,strong_accessory_relation,Armor Case for Huawei Ascend XT [AT&T GoPhone H1611] Slim Armor Case Heavy Duty Brushed Metal Finish TPU Shock Impact Dual Layer Protection + Tempered Glass LCD Screen Protector (Black),Earbud Headphones,18,1,0,1,1,0,0,0,1,0,1,internal_oof
B006FL7ZGK,DEVICE,EARBUD_INEAR,DEVICE,0.949137,0.949137,model_device_above_threshold_with_device_subject,Lady Gaga HeartBeats In-Ear Headphones with ControlTalk (Bright Chrome) - NON RETAIL PACKAGING,Earbud Headphones,1,1,1,0,0,0,0,0,1,0,0,internal_oof
B08Y8VTQTC,DEVICE,EARBUD_INEAR,DEVICE,0.997559,0.997559,model_device_above_threshold_with_device_subject,XLEADER Sport3 Pro Sports Wireless Earbuds Bluetooth in-Ear Headphones with LED Display Charging Case 48H Playtime IPX7 Waterproof Deep Bass Mic for Running Workout Gym,Earbud Headphones,1938,1,2,0,0,1,0,0,1,0,0,internal_oof
B01FL7JKE8,DEVICE,EARBUD_INEAR,DEVICE,0.994447,0.994447,model_device_above_threshold_with_device_subject,Headphones White 133,Earbud Headphones,3,1,1,0,0,0,0,0,1,0,0,internal_oof
B0BNNTDHNX,DEVICE,OVER_EAR,DEVICE,0.983527,0.983527,model_device_above_threshold_with_device_subject,"VuyKoo Bluetooth Headphones with Microphone/RGB LED Light Up, Cat Ear Wireless Headphones, Stereo Gaming Headset for Cellphone/PC/Laptop/Tablet/TV Kids Girls & Boys Teens/Birthday Gift (Purple)",Over-Ear Headphones,169,1,2,0,0,0,0,0,1,0,0,internal_oof
B00MI8PMPA,ACCESSORY,NOT_APPLICABLE,AMBIGUOUS,0.028499,0.0,no_headphone_subject_in_title,"Plantronics Spare Ear Gel Kit, 3 Pack",Earpads,365,1,0,0,0,0,0,1,0,0,0,internal_oof
B08KDZ2NZX,DEVICE,EARBUD_INEAR,DEVICE,0.974027,0.974027,model_device_above_threshold_with_device_subject,"Soundcore by Anker Life A1 True Wireless Earbuds, Powerful Customized Sound, 35H Playtime, Wireless Charging, USB-C Fast Charge, IPX7 Waterproof, Button Control, Bluetooth Earbuds, Commute, Sports",Earbud Headphones,31975,1,1,0,0,0,0,0,1,0,0,internal_oof
B08529CF4L,ACCESSORY,NOT_APPLICABLE,ACCESSORY,0.191016,0.808984,model_accessory_below_threshold_with_accessory_context,Premium Replacement NC700 Ear Pads / NC700 UC Pads Cushions Compatible with Bose NC700 Headphones/Bose Noise Cancelling 700 Headphones/Bose NC700 UC Headphones (White). Great Comfort/Durability,Headphones & Earbuds,268,1,1,0,0,1,0,0,0,1,0,internal_oof
B07MMTL95J,ACCESSORY,NOT_APPLICABLE,ACCESSORY,0.003378,0.996622,model_accessory_below_threshold_with_accessory_context,"Airpods Case, Music tracker Protective Thicken Airpods Cover Soft Silicone Chargeable Headphone Case with Anti-Lost Carabiner for Apple Airpods 1&2 Charging Case (Purple)",Cases,20859,1,2,1,0,1,0,1,0,0,0,internal_oof
B005IYE2SO,ACCESSORY,NOT_APPLICABLE,AMBIGUOUS,0.88745,0.0,no_headphone_subject_in_title,NoiZfree Music & Mobile Hands-Free Listening Double Earhook,Headphones & Earbuds,11,1,0,0,0,0,0,0,0,1,0,internal_oof
B07WW8RVZX,ACCESSORY,NOT_APPLICABLE,ACCESSORY,0.040405,0.959595,model_accessory_below_threshold_with_accessory_context,Comply TrueGrip Pro Memory Foam Tips for Samsung Galaxy Buds True Wireless Earbuds - Secure Fit Tips with TechDefender Made from Comfortable Memory Foam - 3 Pairs (Medium/Large),Earpads,220,1,2,0,0,0,0,1,0,0,0,internal_oof
B01N8ZUPFY,ACCESSORY,NOT_APPLICABLE,ACCESSORY,0.016952,0.983048,model_accessory_below_threshold_with_accessory_context,YunYiYi 2pcs Ear Hook Earhook Compatible with Jabra Style Bluetooth Headset Earphone Repair Parts Accessories,Earpads,399,1,2,0,0,0,0,1,0,0,0,internal_oof
B082H8399Y,ACCESSORY,NOT_APPLICABLE,ACCESSORY,0.002661,0.997339,strong_accessory_relation,Caka Glitter Case for AirPods Pro Case Cover Crystal Diamond for Women Girls Cute Rhinestone Bling Sparkle Shiny Protective Shockproof with Lanyard Case Cover for AirPods Pro (Gradient Green),Cases,331,1,1,1,1,0,0,1,0,0,0,internal_oof
B0BN534JBB,DEVICE,OVER_EAR,DEVICE,0.972974,0.972974,model_device_above_threshold_with_device_subject,"Bose Noise Cancelling Headphones 700,Bluetooth, Over-Ear Wireless with Built-In Microphone for Clear Calls & Alexa Voice Control,Black",Over-Ear Headphones,33104,1,1,0,0,0,0,0,1,0,0,internal_oof
B09D9GRV8W,ACCESSORY,NOT_APPLICABLE,ACCESSORY,0.006826,0.993174,model_accessory_below_threshold_with_accessory_context,"AirPods Pro Case with Keychain, Jiunai Strong Protective Armor with Secure Look Heavy Duty Shockproof Dual Layer AirPods Pro Case with Carabiner Supports Wireless Charging for AirPods Pro LED Visible",Cases,12,1,1,1,0,0,0,1,0,0,0,internal_oof
B008XNXIM8,DEVICE,EARBUD_INEAR,DEVICE,0.99011,0.99011,model_device_above_threshold_with_device_subject,Bluetooth Headset with NoiseAssassin 3.0,Headphones & Earbuds,87,1,1,0,0,0,0,0,0,1,0,internal_oof
B09LM2PDN4,DEVICE,OVER_EAR,DEVICE,0.990302,0.990302,model_device_above_threshold_with_device_subject,"OneOdio A71 Hi-Res Studio Recording Headphones - Wired Over Ear Headphones with SharePort, Professional Monitoring & Mixing Foldable Headphones with Stereo Sound (Red)",Over-Ear Headphones,12926,1,1,0,0,0,0,0,1,0,0,internal_oof
B008HV2VXS,AMBIGUOUS,NOT_APPLICABLE,AMBIGUOUS,0.689675,0.0,no_headphone_subject_in_title,LOVEKITTY TM 50 Pcs Black Mixed Flatback Pearl Cabochon (10mm-15mm),Headphones & Earbuds,2,1,0,0,0,0,0,0,0,1,0,internal_oof
B0B76VZ5QR,DEVICE,EARBUD_INEAR,DEVICE,0.996917,0.996917,model_device_above_threshold_with_device_subject,"Wireless Earbuds Bluetooth 5.3 Headphones with 4-Mics Clear Call and ENC Noise Cancelling, Bluetooth Earbuds Touch Control Stereo Sound with LED Display, Waterproof Running Headphones for Workout",Earbud Headphones,12297,1,2,0,0,0,0,0,1,0,0,internal_oof
B00OC0CZNY,DEVICE,EARBUD_INEAR,DEVICE,0.940698,0.940698,model_device_above_threshold_with_device_subject,"Areion Zipper 3.5mm In-Ear Audio Stereo Earbud Earphone Headphone Headset Mp3 For Iphones, Ipads, Ipods, Nano, Kindle, Samsung, Htc Yellow",Headphones & Earbuds,3,1,4,0,0,0,0,0,0,1,0,internal_oof
B08HPSGXT9,DEVICE,EARBUD_INEAR,DEVICE,0.990386,0.990386,model_device_above_threshold_with_device_subject,"Bose Sport Earbuds - True Wireless Earphones - Bluetooth In Ear Headphones for Workouts and Running, Baltic Blue",Earbud Headphones,34768,1,3,0,0,0,0,0,1,0,0,internal_oof
B07S81C4LR,ACCESSORY,NOT_APPLICABLE,ACCESSORY,0.009198,0.990802,model_accessory_below_threshold_with_accessory_context,"JNSA Ear Tips Ear Buds Ear gels Ear Caps Replacement for Jabra Elite Active 65t / Jabra Elite 65t / 75t/Other Same Shape True Wireless Earbuds,Fit in The Case, S/M/L 6 Paris,Gray (dz6psml)",Earpads,109,1,2,0,0,1,0,1,0,0,0,internal_oof
B00WU6GLKK,DEVICE,OVER_EAR,DEVICE,0.974516,0.974516,model_device_above_threshold_with_device_subject,Ecko EKU-FRC-PLDBK Unlimited Force Over-the-Ear Headphones with Microphone (Plaid Black),Headphones & Earbuds,1,1,1,0,0,0,0,0,0,1,0,internal_oof
B00X4S53XO,DEVICE,EARBUD_INEAR,DEVICE,0.980656,0.980656,model_device_above_threshold_with_device_subject,Plantronics ML20 Bluetooth Headset: Graphite/Black,Headphones & Earbuds,6,1,1,0,0,0,0,0,0,1,0,internal_oof
B0BJCYP6H5,ACCESSORY,NOT_APPLICABLE,ACCESSORY,0.001354,0.998646,model_accessory_below_threshold_with_accessory_context,"BRG Compatible with Airpods Pro Case,Soft Silicone Skin Case Cover Shock-Absorbing Protective Case with Keychain [Front LED Visible] (Black)",Cases,83739,1,1,1,0,2,0,1,0,0,0,internal_oof
B00MO7LU7O,DEVICE,EARBUD_INEAR,DEVICE,0.985265,0.985265,model_device_above_threshold_with_device_subject,G-01 Bluetooth Headset (F:- Accessory),Earbud Headphones,38,1,1,0,0,0,0,0,1,0,0,internal_oof
B001NZPNKI,DEVICE,EARBUD_INEAR,DEVICE,0.962452,0.962452,model_device_above_threshold_with_device_subject,Motorola Bluetooth H500 Headset,Headphones & Earbuds,12,1,1,0,0,0,0,0,0,1,0,internal_oof
B01LBXLYNQ,ACCESSORY,NOT_APPLICABLE,ACCESSORY,0.067354,0.99,strong_accessory_relation,Poyatu Cable for Bose QC15 QC2 Headphones Replacement Audio Cable with Inline Remote and Microphone for iPhone iPad Samsung Android Smartphones (4.2ft/1.5M),"Headphones, Earbuds & Accessories",11,1,1,1,1,1,0,0,0,1,0,internal_oof
B08B1NNMNQ,DEVICE,EARBUD_INEAR,DEVICE,0.901453,0.901453,model_device_above_threshold_with_device_subject,"SAMSUNG Galaxy Buds+ Plus, True Wireless Earbuds w/Improved Battery and Call Quality (Wireless Charging Case Included), Purple with Fast Charge Wireless Charging Pad",Earbud Headphones,326,1,2,0,0,1,0,0,1,0,0,internal_oof
B00PG5ZYKK,DEVICE,EARBUD_INEAR,DEVICE,0.914091,0.914091,model_device_above_threshold_with_device_subject,"Far End Gear Short Buds 22"" Cord Single in-Ear Stereo-to-Mono Earbud for Armband Music Players",Headphones & Earbuds,53,1,1,0,0,1,0,0,0,1,0,internal_oof
B004INGZCM,DEVICE,EARBUD_INEAR,DEVICE,0.966299,0.966299,model_device_above_threshold_with_device_subject,Sennheiser PMX 90 Portable Neckband Headphone with Dynamic Bass (Discontinued by Manufacturer),Headphones & Earbuds,62,1,1,0,0,0,0,0,0,1,0,internal_oof
B09GFLS1MX,DEVICE,EARBUD_INEAR,DEVICE,0.99965,0.99965,model_device_above_threshold_with_device_subject,Wireless Earbuds Bluetooth Headphones - 30H Playtime with USB C Charging Case Stereo Bass Earphones Touch Control Sport in-Ear Bluetooth Earbuds with Built-in Noise Cancelling Mic for Android iPhone,Earbud Headphones,1484,1,3,0,0,1,0,0,1,0,0,internal_oof
B00IIE2Y9A,ACCESSORY,NOT_APPLICABLE,AMBIGUOUS,0.356603,0.0,no_headphone_subject_in_title,"TOOGOO(R) Classic Retro Handset for Cell Phones, iPad 2, iPad, iPhone 4 4G 3GS 3G (AT&T and Verizon), iPod touch (2G 3G 4G), HTC Android EVO, Blackberry, Samsung Galaxy S, Droid (Soft Touch Red)",Headphones & Earbuds,8,1,0,0,0,0,0,0,0,1,0,internal_oof
B083SJ1Y3L,ACCESSORY,NOT_APPLICABLE,ACCESSORY,0.001293,0.998707,model_accessory_below_threshold_with_accessory_context,Camyse Airpods Pro Case Silicone Protective Cover with Keychain and Airpods Pro Accessories Compatible with Airpods 3 Pro Charging Case (Pink Sand),Cases,85,1,1,1,0,1,0,1,0,0,0,internal_oof
B07VTTHY38,ACCESSORY,NOT_APPLICABLE,ACCESSORY,0.129018,0.870982,model_accessory_below_threshold_with_accessory_context,"Ear Hooks [8 pairs] Covers for Apple AirPods 1 & 2 or iPhone Wired Headphones, Earphones, Earbuds",Earpads,52,1,4,0,0,0,0,1,0,0,0,internal_oof
B01IASC9Q6,ACCESSORY,NOT_APPLICABLE,ACCESSORY,0.01949,0.99,strong_accessory_relation,Poyatu 4 Pairs Replacement Eartips Earbuds Eargels Earpads for Powerbeats 2 Wireless Powerbeats3 Beats by dr dre (Black),Earpads,22,1,1,1,1,4,0,1,0,0,0,internal_oof
B001EN106U,DEVICE,EARBUD_INEAR,DEVICE,0.931944,0.931944,model_device_above_threshold_with_device_subject,Jabra BT2070 Bluetooth Headset,Headphones & Earbuds,10,1,1,0,0,0,0,0,0,1,0,internal_oof
B06XTDXPKZ,ACCESSORY,NOT_APPLICABLE,ACCESSORY,0.018652,0.99,strong_accessory_relation,"Ablet Replacement Cable for Bose QuietComfort 25, 35, QC25, QC35 Headphones, Audio Cord Remote Volume mic fit Samsung Galaxy Sony Xiaomi Huawei Android Phone",Extension Cords,23,1,1,1,1,2,0,1,0,0,0,internal_oof
B07GNR6DS4,ACCESSORY,NOT_APPLICABLE,AMBIGUOUS,0.897302,0.0,taxonomy_device_but_title_has_no_device_subject,RHA Base Tuning Filter T10/T10i/T20/T20i 271167,Earbud Headphones,5,1,0,0,0,1,0,0,1,0,1,internal_oof
B0144R6MBA,DEVICE,OVER_EAR,DEVICE,0.860892,0.860892,model_device_above_threshold_with_device_subject,rockpapa Over Ear Stereo Wired Adults Kids Childs Boys Girls Headphones Earphones Adjustable for iPhone 6 iPad iPod innoTab LeapPad PC DVD CD Yellow,Headphones & Earbuds,24,1,2,0,0,0,0,0,0,1,0,internal_oof
B01HG0LY4W,ACCESSORY,NOT_APPLICABLE,ACCESSORY,0.134031,0.99,strong_accessory_relation,"iPhone 6s Plus / 6 Plus Case, ESR iPhone 6s Plus Makeup Series Back Cover Shinning Protective Bumper Bling Glitter Case for 5.5 inches iPhone 6s Plus and iPhone 6 Plus(Blue)",Earbud Headphones,81,1,0,1,1,0,0,0,1,0,1,internal_oof
B091GHJ7FN,DEVICE,EARBUD_INEAR,DEVICE,0.98282,0.98282,model_device_above_threshold_with_device_subject,"Bluetooth 5.1 Headphones, Wireless Earbuds with LED Digital Display, IPX7 Waterproof, CVC8.0 Noise Cancelling, 40H Playtime with Fast Charging Case, Suitable for Sports and Work",Earbud Headphones,6709,1,2,0,0,1,0,0,1,0,0,internal_oof
B07CYZGQ12,DEVICE,OVER_EAR,DEVICE,0.989161,0.989161,model_device_above_threshold_with_device_subject,"PowerLocus Bluetooth Over-Ear Headphones, Wireless Stereo Foldable Headphones Wireless and Wired Headsets with Built-in Mic, Micro SD/TF, FM for iPhone/Samsung/iPad/PC (Purple)",Over-Ear Headphones,47958,1,2,0,0,0,0,0,1,0,0,internal_oof
B084TP6L4V,ACCESSORY,NOT_APPLICABLE,ACCESSORY,0.002893,0.997107,model_accessory_below_threshold_with_accessory_context,"Geekria Shield Earbuds Case Compatible with JBL Under Armour Flash Sport in-Ear Headphones, Replacement Hard Shell Travel Carrying Bag with Cable Storage (Black)",Cases,21,1,2,1,0,1,0,1,0,0,0,internal_oof
B006EP8OUI,ACCESSORY,NOT_APPLICABLE,DEVICE,0.804034,0.804034,model_device_above_threshold_with_device_subject,Headphone Earmuffs - Wholesale Lot of 10,Headphones & Earbuds,1,1,1,0,0,0,0,0,0,1,0,internal_oof
B0B6F5GQBR,DEVICE,EARBUD_INEAR,DEVICE,0.993277,0.993277,model_device_above_threshold_with_device_subject,"Aictoe Waterproof Bluetooth 5.0 True Wireless Earbuds, Touch Control,30H Cyclic Playtime TWS Headphones with Charging Case and mic, in-Ear Stereo",Earbud Headphones,33,1,2,0,0,1,1,0,1,0,0,internal_oof
B07VC4QKNZ,ACCESSORY,NOT_APPLICABLE,ACCESSORY,0.002954,0.997046,accessory_taxonomy_and_context,SAMSUNG USB Type-C to 3.5mm Jack Adapter (Ee-UC10J),Adapters,16873,1,0,0,0,1,0,1,0,0,0,internal_oof
B07F5SNP5P,ACCESSORY,NOT_APPLICABLE,ACCESSORY,0.010896,0.989104,model_accessory_below_threshold_with_accessory_context,Yeung Qee Headphone Splitter 3.5mm Female to 2 Dual 3.5mm Male Headphone Mic Audio Y Splitter Cable for PC PS4 Gaming Headset (Blue 30cm),Adapters,33,1,2,1,0,1,0,1,0,0,0,internal_oof
B07THWZ4K2,ACCESSORY,NOT_APPLICABLE,ACCESSORY,0.002193,0.997807,strong_accessory_relation,"Case for Samsung Galaxy A33 5G Case, Samsung A33 5G Case with Tempered Glass Screen Protector, Brushed Texture Soft Flexible TPU Slim Fit Shockproof Phone Cover for Women Men (Black)",Cases,136,1,0,1,1,0,0,1,0,0,0,internal_oof
B07L35HQD9,ACCESSORY,NOT_APPLICABLE,ACCESSORY,0.006094,0.993906,model_accessory_below_threshold_with_accessory_context,"Small Ear Gels for Bluetooth Office Headset [3 Pack] Silicone Ear Gels Spare Tips Earbuds Replacement Compatible for M155 M165 M1100 M100 M180 M55 M28 M25 Marque 2 Wireless, Clear",Earpads,22,1,2,0,0,0,0,1,0,0,0,internal_oof
B084QPKJ2Z,DEVICE,EARBUD_INEAR,DEVICE,0.894732,0.894732,model_device_above_threshold_with_device_subject,FAPO Lightning Earphones for iPhone Earphones Noise Isolation in-Ear Earbuds Compatible with iPhone 11/X/XS/XS Max/XR/8/7 Plus Microphone Controller Ergonomic MFi Certified Headphones White,Earbud Headphones,25,1,3,0,0,0,0,0,1,0,0,internal_oof
B0177ITR74,ACCESSORY,NOT_APPLICABLE,AMBIGUOUS,0.00274,0.0,no_headphone_subject_in_title,Bestssory LCD Screen Display Repair Replacement Parts for iPad 4 4th Gen A1458 A1459 A1460,Adapters,1,1,0,0,0,0,0,1,0,0,0,internal_oof
B09MD114ZW,ACCESSORY,NOT_APPLICABLE,ACCESSORY,0.002324,0.997676,strong_accessory_relation,"Compatible with Beats Fit Pro Case Cover with Keychain for Men Women, Soft Silicone Shockproof Anti-Scratch Full Body Protective Skin Cover for Fit Pro Wireless Earbuds (Dark Blue)",Cases,22,1,1,1,1,1,0,1,0,0,0,internal_oof
B083R1JVNR,ACCESSORY,NOT_APPLICABLE,ACCESSORY,0.003661,0.996339,strong_accessory_relation,"IiEXCEL (Fit in Case) Eartips for AirPods 1 AirPods 2, 5 Pairs Replacement Thin Slim Gel Earbuds Ear Tips Skin Accessories for AirPods 1 & 2 (Fit in Charging Case) 3 White 2 Black",Earpads,343,1,2,1,1,4,0,1,0,0,0,internal_oof
B004EVNOJK,AMBIGUOUS,NOT_APPLICABLE,AMBIGUOUS,0.595656,0.0,no_headphone_subject_in_title,Meerschaum Pipes - Mini Hand Finished Hand Holding Bowl,Headphones & Earbuds,5,1,0,0,0,0,0,0,0,1,0,internal_oof
B07ZPQFF5C,ACCESSORY,NOT_APPLICABLE,ACCESSORY,0.068881,0.99,strong_accessory_relation,"STLDM Case for iPad 10.2 2019,iPad 7th Generation,Full Body Heavy Duty Cover Case with Built-in Screen Protector,Rotating Stand,Hand Strap and Shoulder Strap for iPad 10.2 inch 2019 Pink",Earbud Headphones,25,1,0,1,1,1,0,0,1,0,1,internal_oof
B084BZ69F5,DEVICE,EARBUD_INEAR,DEVICE,0.983779,0.983779,model_device_above_threshold_with_device_subject,"Wired Mono Headset Earphone w Mic Headphone 3.5mm for G8X ThinQ Phone, Single Earbud Hands-Free Microphone Over-The-Ear Compatible with LG G8X ThinQ",Earbud Headphones,4,1,4,1,0,0,0,0,1,0,0,internal_oof
B0722LZ66S,ACCESSORY,NOT_APPLICABLE,ACCESSORY,0.039641,0.99,strong_accessory_relation,"12Pcs Replacement Eartips- RIYO Premium Memory Foam Earphone Earbuds Tips Noise Reducing Earbud Tips for 5mm-7mm in-Ear Headphones Nozzle (Medium, Black)",Earpads,3912,1,3,1,1,2,0,1,0,0,0,internal_oof
B0813XK57H,ACCESSORY,NOT_APPLICABLE,ACCESSORY,0.003626,0.996374,model_accessory_below_threshold_with_accessory_context,"Airpods 3/Airpods Pro Case,3D Cute Cartoon Character Silicone Airpods Pro Cover,Fun Cool Keychain Design Skin, Silicone Fashion Case for Airpods Pro [2019 Release] (Mouse)",Cases,10,1,1,1,0,1,0,1,0,0,0,internal_oof
B00OIRBJQK,DEVICE,EARBUD_INEAR,DEVICE,0.991133,0.991133,model_device_above_threshold_with_device_subject,"Urbanears Bagis in-Ear Headphone, Black (4091016)",Earbud Headphones,15,1,1,0,0,0,0,0,1,0,0,internal_oof
B09NGS41KK,ACCESSORY,NOT_APPLICABLE,ACCESSORY,0.044239,0.99,strong_accessory_relation,"WC Freeze Virtuoso - Hybrid Fabric Cooling Gel Replacement Earpads for Corsair Virtuoso Gaming Headset, Made by Wicked Cushions, Improved Durability, Thickness and Sound Isolation | Black Camo",Earpads,887,1,1,1,1,2,0,1,0,0,0,internal_oof
B0BKV95V5W,DEVICE,EARBUD_INEAR,DEVICE,0.996517,0.996517,model_device_above_threshold_with_device_subject,"Tiksounds Wireless Earbuds, Bluetooth Headphones with Microphone, IPX7 Waterproof, 35H Playtime with LED Power Display, High-Fidelity Stereo Earphones for Sports and Work",Earbud Headphones,27618,1,3,0,0,0,0,0,1,0,0,internal_oof
B00YTR9RJA,AMBIGUOUS,NOT_APPLICABLE,AMBIGUOUS,0.688012,0.0,no_headphone_subject_in_title,"little pharo 100% Extra-Long Staple Egyptian Cotton Short-Sleeved Shirt (pink, size 18-24 months)",Headphones & Earbuds,1,1,0,0,0,0,0,0,0,1,0,internal_oof
B01C7UG54K,DEVICE,EARBUD_INEAR,DEVICE,0.989959,0.989959,model_device_above_threshold_with_device_subject,"AXESS HPBT624 Wireless Bluetooth Headphones with Rechargeable Battery & Built-in Mic, Red",Earbud Headphones,10,1,1,0,0,0,0,0,1,0,0,internal_oof
B09N16WLVN,ACCESSORY,NOT_APPLICABLE,ACCESSORY,0.006394,0.993606,model_accessory_below_threshold_with_accessory_context,"Airpod 3 case 2021 New Food Box Design, 3D Keychain Protective Cover, Airpod 3 case Suitable for Young Boys and Girls Airpods case (Peanut Chocolate)",Cases,32,1,1,0,0,0,0,1,0,0,0,internal_oof
B00WUC1FKA,DEVICE,EARBUD_INEAR,DEVICE,0.832097,0.832097,model_device_above_threshold_with_device_subject,Strawberry Shortcake Earbuds,Headphones & Earbuds,2,1,1,0,0,0,0,0,0,1,0,internal_oof
B07KLTNLS8,ACCESSORY,NOT_APPLICABLE,ACCESSORY,0.003427,0.996573,model_accessory_below_threshold_with_accessory_context,"Airpods Case, Music tracker Protective Thicken Airpods Cover Soft Silicone Chargeable Headphone Case with Anti-Lost Carabiner for Apple Airpods 1&2 Charging Case (White)",Cases,20812,1,2,1,0,1,0,1,0,0,0,internal_oof
B0928RXLLC,DEVICE,EARBUD_INEAR,DEVICE,0.883033,0.883033,model_device_above_threshold_with_device_subject,"APETOO USB C Headphones for Samsung S21 Ultra, HiFi Stereo Type C Earbuds + Carrying Case Noise Cancelling USB C Earphones with Mic for Galaxy S20 FE S21 S20 Note 10 Plus Pixel 5 4 3 XL OnePlus 9 Pro",Earbud Headphones,48,1,3,0,0,1,1,0,1,0,0,internal_oof
B07X5KT5R6,ACCESSORY,NOT_APPLICABLE,ACCESSORY,0.000565,0.999435,model_accessory_below_threshold_with_accessory_context,"HIDAHE AirPods Case Bling, AirPods 2 Case Glitter, AirPods Cover, AirPod 2 Cover, Cute Hard AirPods Case for Apple AirPods 2 & 1, Protective AirPods Case for Women Design with Keychain, Rose Gold 02",Cases,20,1,1,1,0,0,0,1,0,0,0,internal_oof
B017VHXDGC,ACCESSORY,NOT_APPLICABLE,ACCESSORY,0.016162,0.983838,model_accessory_below_threshold_with_accessory_context,"Josi Minea x2 Pcs 3.5mm Male to 3.5mm Female 3ft / 1M Headphone Audio Adapter Extender Headset Cable with 3 Ring Jack for Apple iPhone, Samsung Galaxy S8 & S7 Edge & Most Other Smartphones [2 Pack]",Adapters,4,1,2,0,0,2,0,1,0,0,0,internal_oof
B07Y1QNVP7,ACCESSORY,NOT_APPLICABLE,ACCESSORY,0.002748,0.997252,model_accessory_below_threshold_with_accessory_context,"CTYBB for Airpod Case,Silicone Airpods Case Cover with Fur Ball Keychain Compatible with Apple Airpods 2/1 (Z-Pink/Yellow)",Cases,25368,1,1,1,0,0,0,1,0,0,0,internal_oof
B07XN4J28H,ACCESSORY,NOT_APPLICABLE,ACCESSORY,0.012365,0.99,strong_accessory_relation,"Mini USB C to 3.5mm Headphone Adapter, Aproo USB C to 3.5mm Audio Adapter for Galaxy Note 10/10+, Google Pixel 4/4XL/3/3XL/2/2XL, OnePlus 7T/7T Pro/6T/7/7 Pro, Moto Z, Xiaomi (2 Pack)",Adapters,36,1,1,1,1,1,0,1,0,0,0,internal_oof
B086GG828V,ACCESSORY,NOT_APPLICABLE,ACCESSORY,0.002312,0.997688,strong_accessory_relation,"LOHASIC Leather Case for Airpods Pro, One-Piece Protective Cover Soft Flexible Luxury PU Full Body Shockproof Girls Women Cases Skin for Apple AirPods Pro 2019/Airpods 3 [Front LED Visible] - Red",Cases,8,1,1,1,1,1,0,1,0,0,0,internal_oof
B0BYDFZ6FT,DEVICE,EARBUD_INEAR,DEVICE,0.976623,0.976623,model_device_above_threshold_with_device_subject,"truefree T2 Wireless Earbuds Bluetooth 5.3 Headphones Wireless Earphones with 4 Mics Noise Cancelling for iOS/Android/Laptop, IPX4, Gaming/Deep Bass Music, 23Hrs of Playtime, Multiple Eartips(S/M/L)",Earbud Headphones,437,1,3,0,0,2,0,0,1,0,0,internal_oof
B07ZG6Y66D,ACCESSORY,NOT_APPLICABLE,ACCESSORY,0.001996,0.998004,model_accessory_below_threshold_with_accessory_context,KeyBudz AirPod Case [Front LED Visible] Protective Silicone Cover and Skin Compatible with Apple AirPods Case 2 & 1 (Black),Cases,17395,1,1,1,0,1,0,1,0,0,0,internal_oof
B09DVDQJ83,ACCESSORY,NOT_APPLICABLE,ACCESSORY,0.005685,0.994315,model_accessory_below_threshold_with_accessory_context,"YOMPLOW Armor Airpods Case, [Secure Lock] Air Pods Full-Body Rugged Protective Case Men Charging Skin Shockproof iPods Case Cover with Carabiner for Apple Airpods 2&1 - Black/Red",Cases,229,1,1,1,0,2,0,1,0,0,0,internal_oof
B07QZQGXBQ,ACCESSORY,NOT_APPLICABLE,ACCESSORY,0.004724,0.995276,model_accessory_below_threshold_with_accessory_context,"Airpods Case, Music tracker Protective Thicken Airpods Cover Soft Silicone Chargeable Headphone Case with Anti-Lost Carabiner for Apple Airpods 1&2 Charging Case (Greyish Blue)",Cases,20856,1,2,1,0,1,0,1,0,0,0,internal_oof
B09SWC23ZZ,DEVICE,EARBUD_INEAR,DEVICE,0.828578,0.828578,model_device_above_threshold_with_device_subject,"Cleaner Kit for Airpods, Cleaning Pen for airpods pro, Earbud Cleaning Tool, Electronics Cleaner kit for Bluetooth Earphones Case, Earbuds, in-Ear Headphones, Phone, Camera.",Earbud Headphones,603,1,4,1,0,0,0,0,1,0,0,internal_oof
B099DSDW6H,DEVICE,EARBUD_INEAR,DEVICE,0.997384,0.997384,model_device_above_threshold_with_device_subject,MOVONE Bluetooth Headphones Wireless Earbuds with Wireless Charging Case Digital LED Display 72hrs Playtime Deep Bass Sport Earphones with Over Earhooks Built in Mic Sweatproof in Ear Headset for Gym,Earbud Headphones,31,1,4,0,0,1,1,0,1,0,0,internal_oof
B01JG2E36O,ACCESSORY,NOT_APPLICABLE,ACCESSORY,0.019967,0.980033,model_accessory_below_threshold_with_accessory_context,"2 in 1 Lightning Charge & Lightning to 3.5mm AUX Earphones Jack Adapter for iPhone X, iPhone 8/8 Plus, 7/7 Plus and More",Adapters,5,1,1,1,0,1,0,1,0,0,0,internal_oof
B0783BGT9Y,DEVICE,ON_EAR,DEVICE,0.6636,0.6636,model_device_above_threshold_with_device_subject,"Barbie Kids-Safe Headphones For Girls| Kids Headphones| Comfort-fitting | Perfect Gift For Christmas ,Birthday,Easter,Get Well or Any Other Occasion",Headphones & Earbuds,13,1,1,0,0,0,0,0,0,1,0,internal_oof
B07NXY86YR,ACCESSORY,NOT_APPLICABLE,ACCESSORY,0.002742,0.997258,strong_accessory_relation,YDYBZB Sponge Replacement EarPads Foam Cushion Compatible with Sony MDR-G45 IF240R SRF-HM33 Headset,Earpads,6,1,1,1,1,2,0,1,0,0,0,internal_oof
B07KS7NF45,ACCESSORY,NOT_APPLICABLE,ACCESSORY,0.015376,0.984624,accessory_taxonomy_and_context,"3.5mm Aux Jack + Charger Adapter Splitter for iPhone Xs, XS Max, XR, 8/8 Plus, 7/7 Plus and More, 3.5mm Audio Jack Support Phone Calls",Adapters,16,1,0,0,0,1,0,1,0,0,0,internal_oof
B0098F3820,DEVICE,EARBUD_INEAR,DEVICE,0.9488,0.9488,model_device_above_threshold_with_device_subject,"JVC HAFX1X Headphone Xtreme-Xplosivs, Black, Red",Earbud Headphones,11954,1,1,0,0,0,0,0,1,0,0,internal_oof
B07612NXC8,DEVICE,NEEDS_REVIEW,AMBIGUOUS,0.852872,0.0,no_headphone_subject_in_title,"Snuggly Rascals (Discontinued Item, See v2",Headphones & Earbuds,117,1,0,0,0,0,0,0,0,1,0,internal_oof
B071NSP1RS,ACCESSORY,NOT_APPLICABLE,AMBIGUOUS,0.03522,0.0,no_headphone_subject_in_title,MFi Certified Cable 3FT 3FT 6FT 10FT Nylon Protable Braided USB Fast Charging& Syncing Cord Compatible Charger XS/MAX/XR/8/8 Plus/ 7/7 Plus/6s/57s Plus,Headphones & Earbuds,1,1,0,0,0,2,0,0,0,1,0,internal_oof
B07L2TM1W8,AMBIGUOUS,NOT_APPLICABLE,AMBIGUOUS,0.33205,0.0,no_headphone_subject_in_title,6 Number 12 Charms Silver Plated Number Twelve for Jewelry Making Bracelet Necklace DIY Crafts,Headphones & Earbuds,2,1,0,0,0,0,0,0,0,1,0,internal_oof
B00CZ5J28O,DEVICE,EARBUD_INEAR,DEVICE,0.810845,0.810845,model_device_above_threshold_with_device_subject,Xtreme Comfort Fit Audio Earbuds with Mic - Retail Packaging - Black/Green,Headphones & Earbuds,1,1,1,0,0,0,0,0,0,1,0,internal_oof
B07BXG2MFL,AMBIGUOUS,NOT_APPLICABLE,AMBIGUOUS,0.467966,0.0,no_headphone_subject_in_title,Hecentur Metallic Marker Pens Metallic Calligraphy Painting Pen Calligraphy Brush Markers Metallic Calligraphy Marker Pens Metallic Painting Pen Set of 10 Assorted Colors Round Tip for Birthday,Headphones & Earbuds,2,1,0,0,0,0,0,0,0,1,0,internal_oof
B00277EMQ2,ACCESSORY,NOT_APPLICABLE,AMBIGUOUS,0.730708,0.0,no_headphone_subject_in_title,Mini Microphone for iPhone 3G/iPod/touch/classic,Headphones & Earbuds,627,1,0,0,0,0,0,0,0,1,0,internal_oof
B0C6MK6XRF,DEVICE,EARBUD_INEAR,DEVICE,0.983553,0.983553,model_device_above_threshold_with_device_subject,Wireless Earbuds，Bluetooth 5.3 Noise Cancelling Earbuds，Bluetooth Headphones 3D HiFi Stereo Bass， IPX7 Waterproof Sports Touch Control with USB-C Fast Charge Mini Charging Case for Android iOS,Earbud Headphones,20,1,2,1,0,1,0,0,1,0,0,internal_oof
B07Y8C3JFL,ACCESSORY,NOT_APPLICABLE,ACCESSORY,0.003842,0.996158,strong_accessory_relation,"Haotop Case Compatible with Jabra Elite 65t/Elite Active 65t, Silicone Waterproof Overall-Protection Case Cover with Carabiner (Midnight Blue)",Cases,112,1,0,1,1,0,0,1,0,0,0,internal_oof
B00Q799MWU,DEVICE,ON_EAR,AMBIGUOUS,0.967597,0.0,no_headphone_subject_in_title,Tenergy Wireless Bluetooth Hands-Free Beanie (PINK & GREY) with PomPoms and Earflaps (built-in stereo speakers and microphone for calls),Headphones & Earbuds,12,1,0,0,0,0,0,0,0,1,0,internal_oof
B086TQVJLG,ACCESSORY,NOT_APPLICABLE,ACCESSORY,0.003441,0.996559,model_accessory_below_threshold_with_accessory_context,"Laffav AirPods Case Silicone Protective Cover (Front LED Visible) with Anti-Lost Carabiner for Women Men Compatible with Apple AirPods 2 & 1 , 2 Pack, Yellow, Lilac",Cases,12137,1,1,0,0,0,0,1,0,0,0,internal_oof
B09HSSXHJN,DEVICE,EARBUD_INEAR,DEVICE,0.943325,0.943325,model_device_above_threshold_with_device_subject,OnePlus Buds Pro Wireless Earbuds| with Charging Case |IP55 | Smart Adaptive Noise Cancellation Sound | Glossy White (Renewed),Earbud Headphones,26,1,1,0,0,1,1,0,1,0,0,internal_oof
B005433HJY,ACCESSORY,NOT_APPLICABLE,AMBIGUOUS,0.373222,0.0,no_headphone_subject_in_title,Native Union Curve Bluetooth Handset and Weighted Base MM03-BLK-HG - Black High Gloss,Headphones & Earbuds,54,1,0,0,0,0,0,0,0,1,0,internal_oof
B007BTULVG,DEVICE,OVER_EAR,DEVICE,0.911754,0.911754,model_device_above_threshold_with_device_subject,Monoprice Hi-Fi Light Weight Noise Isolationg Over-The-Ear Headphones Ideal for Portable Applications Black,Headphones & Earbuds,132,1,1,0,0,0,0,0,0,1,0,internal_oof
B008617VC0,AMBIGUOUS,NOT_APPLICABLE,AMBIGUOUS,0.770327,0.0,no_headphone_subject_in_title,The Magic Sword - Jake and The Never Land Pirates,Headphones & Earbuds,4,1,0,0,0,0,0,0,0,1,0,internal_oof
B00ISRT46S,DEVICE,EARBUD_INEAR,DEVICE,0.976677,0.976677,model_device_above_threshold_with_device_subject,"JOVERS Earbuds,3.5mm Microphone Earphones Stereo Headphones Noise Isolating Headset Fit Compatible with Earbud Xs/XR/Earbud 7/7 Plus Earbud 8/8Plus / Earbud X Earphones",Earbud Headphones,5,1,4,0,0,0,0,0,1,0,0,internal_oof
B09HBZLFF9,DEVICE,EARBUD_INEAR,DEVICE,0.998958,0.998958,model_device_above_threshold_with_device_subject,Asnrc Wireless Earbuds Bluetooth Headphones with Charging Case IPX7 Waterproof Earphone CVC8.0 Noise Cancelling in-Ear Headset Built-in Microphone for iPhone Samsung Apple Android Ear Buds Black,Earbud Headphones,85,1,5,0,0,1,1,0,1,0,0,internal_oof
B0091KYYM0,DEVICE,EARBUD_INEAR,DEVICE,0.995411,0.995411,model_device_above_threshold_with_device_subject,Monoprice Bluetooth+O7 Wireless Stereo Headset - Black (108582),Headphones & Earbuds,5,1,1,0,0,0,0,0,0,1,0,internal_oof
B0BMZFTYR9,DEVICE,EARBUD_INEAR,DEVICE,0.947807,0.947807,model_device_above_threshold_with_device_subject,"Duet 50 Pro – Sweatproof Wireless Bluetooth Earbuds for Small Ears. 130 Hr Long Battery Life. Portable Headset Radio AM/FM, Charging Case, TWS Microphone, Wireless Bluetooth Earbuds Long Lasting",Earbud Headphones,2449,1,2,0,0,1,0,0,1,0,0,internal_oof
B07GGH1W2P,ACCESSORY,NOT_APPLICABLE,ACCESSORY,0.003327,0.996673,strong_accessory_relation,OE2 Replacement Ear Cushions Kit Exact Replacement Ear Pads Compatible with Bose OE2 OE2i SoundLink On-Ear Headphones (Grey),Earpads,28,1,1,1,1,2,0,1,0,0,0,internal_oof
B015L7V8TS,DEVICE,ON_EAR,DEVICE,0.939157,0.939157,model_device_above_threshold_with_device_subject,"1 Voice Sleep Headphones Eye Mask, Blue",Headphones & Earbuds,4,1,1,0,0,0,0,0,0,1,0,internal_oof
B0075LFKI4,DEVICE,EARBUD_INEAR,DEVICE,0.997431,0.997431,model_device_above_threshold_with_device_subject,SoundMAGIC E10M Noise Isolating in-Ear Earphones (Gunmetal),Earbud Headphones,140,1,1,0,0,0,0,0,1,0,0,internal_oof
B09VPDH9QZ,DEVICE,EARBUD_INEAR,DEVICE,0.993954,0.993954,model_device_above_threshold_with_device_subject,Wireless Earbuds V5.3 Bluetooth Earbuds 40 Hrs Battery Life with Wireless Charging Case & LED Power Display Deep Bass IPX7 Waterproof Earphones Microphone Stereo Headset for iPhone/Samsung/iOS/Android,Earbud Headphones,2,1,3,0,0,1,1,0,1,0,0,internal_oof
B07R1G9CGB,ACCESSORY,NOT_APPLICABLE,DEVICE,0.44521,0.44521,model_device_above_threshold_with_device_subject,Aenllosi Hard Carrying Case Replacement for Skullcandy Crusher/Hesh 3 Bluetooth Wireless Over-Ear Headphones (Black),Over-Ear Headphones,93,1,1,0,0,1,0,0,1,0,0,internal_oof
B0BFJZG6QM,DEVICE,EARBUD_INEAR,DEVICE,0.98676,0.98676,model_device_above_threshold_with_device_subject,Hoseili【2022new editionBluetooth Headphones】.Bluetooth 5.0 Wireless Earphones in-Ear Stereo Sound Microphone Mini Wireless Earbuds with Headphones and Portable Charging Case for iOS Android PC. XGB20,Earbud Headphones,12,1,3,1,0,1,0,0,1,0,0,internal_oof
B0BHDQR3QB,DEVICE,EARBUD_INEAR,DEVICE,0.991849,0.991849,model_device_above_threshold_with_device_subject,"Open Ear Air Conduction Headphones, Music Earphones Wireless Bluetoeth 5.2 Headset with Up to 7 Hours Playtime Built-in ENC Mic, Hi-Fi Sound Lightweight for Home Office Commute Indoor Use (Red)",Open-Ear Headphones,43,1,3,0,0,0,0,0,1,0,0,internal_oof
B0721RDBMW,DEVICE,ON_EAR,DEVICE,0.83429,0.83429,model_device_above_threshold_with_device_subject,Beats Solo HD On-Ear Headphone with Mic & Remote Control Cable (Certified Refurbished) (Black),On-Ear Headphones,9,1,1,0,0,1,0,0,1,0,0,internal_oof
B00ZV4L9PU,DEVICE,EARBUD_INEAR,AMBIGUOUS,0.955696,0.0,no_headphone_subject_in_title,Sony Lightweight Waterproof 4GB Wireless Bluetooth Sports Wearable MP3 Player,Headphones & Earbuds,1,1,0,0,0,0,0,0,0,1,0,internal_oof
B07DW21BBW,DEVICE,EARBUD_INEAR,DEVICE,0.994883,0.994883,model_device_above_threshold_with_device_subject,"Otium Soar Ture Bluetooth Wireless Headphones, TWS Bluetooth in-Ear Headset with Charging Case/Built-in Mic/Deep Bass Sound/Sweat Proof for Running Sport, Business and Relaxation,Pink",Earbud Headphones,83,1,2,0,0,1,1,0,1,0,0,internal_oof
B08X4JWZFB,DEVICE,EARBUD_INEAR,DEVICE,0.966629,0.966629,model_device_above_threshold_with_device_subject,"dyplay True Wireless Earbuds 35dB Active Noise Cancelling with ANC Transparent Mode Bluetooth 5.0 Earbuds, 6 Built-in Mics for Clear Calls, Immersive Stereo Sound, USB-C Charging Case, Touch Control",Earbud Headphones,11,1,1,0,0,1,0,0,1,0,0,internal_oof
B08QHKW6SC,ACCESSORY,NOT_APPLICABLE,ACCESSORY,0.549279,0.99,strong_accessory_relation,"CPDZ Anti-Lost Ear Hook Sports Hoop Earring Strap Wireless Earphone Holder Headset Compatible with Airpods 1 2 pro Earbuds Titanium Steel Silver 1 Pair,Gentleman",Earbud Headphones,7,1,4,1,1,1,0,0,1,0,0,internal_oof
B00JGWTRA2,ACCESSORY,NOT_APPLICABLE,AMBIGUOUS,0.374003,0.0,no_headphone_subject_in_title,"Abco Tech Bluetooth Hands-Free Calling & A2DP Audio Streaming Adapter/Receiver for 3.5mm Devices, Green",Headphones & Earbuds,57,1,0,0,0,1,0,0,0,1,0,internal_oof
B09P281JYV,DEVICE,EARBUD_INEAR,DEVICE,0.94286,0.94286,model_device_above_threshold_with_device_subject,"Philips T2205 In-ear True Wireless Headphones with IPX4 Splash Resistant, Super-small Portable Charging Case, Built-in Microphone, Up to 12 Hours (4+8) Playtime, Works with Voice Assistants, TAT2205BL",Earbud Headphones,101,1,1,0,0,1,0,0,1,0,0,internal_oof
B07H2XKKJ2,ACCESSORY,NOT_APPLICABLE,ACCESSORY,0.041284,0.958716,model_accessory_below_threshold_with_accessory_context,Xcessor FX4.9 (L) 4 Pairs of Memory Foam in Ear Earphone Large Size Earbuds. Replacement Ear Tips for All Popular in-Ear Headphones. Blue,Earpads,723,1,3,1,0,1,0,1,0,0,0,internal_oof
B08Q4GN692,ACCESSORY,NOT_APPLICABLE,ACCESSORY,0.009768,0.990232,strong_accessory_relation,Replacement Ear-Pads for Bose QuietComfort QC 2 15 25 35 Ear Cushions for QC2 QC15 QC25 QC35 SoundLink/SoundTrue Around-Ear II AE2 Headphones (Brown),Earpads,11515,1,1,1,1,1,0,1,0,0,0,internal_oof
B017SJNSEK,DEVICE,EARBUD_INEAR,DEVICE,0.844824,0.844824,model_device_above_threshold_with_device_subject,"Zerowin Cute 3.5mm in Ear Earphones Earbuds Headset with Macaron Earphone Organizer Box Case for iPhone,for Samsung,for Mp3 iPod Pc Music (Black)",Earbud Headphones,20,1,3,1,0,0,0,0,1,0,0,internal_oof
B07JVNZWPL,DEVICE,EARBUD_INEAR,DEVICE,0.938356,0.938356,model_device_above_threshold_with_device_subject,"JustJamz Multipack of 10 Colorful in-Ear Earbuds | Bulk Earbuds Marbles, Wholesale Colorful Earphones, Disposable Earbuds, Headphones in Bulk, Headphones, for Kids & Adults, Assorted Colors",Earbud Headphones,87,1,3,0,0,0,0,0,1,0,0,internal_oof
B09XZYSZSR,DEVICE,EARBUD_INEAR,DEVICE,0.992381,0.992381,model_device_above_threshold_with_device_subject,"E60 V5.0 Wireless Earbuds with Wireless Charging Case, 8H Continuous Playtime",Earbud Headphones,106,1,1,0,0,1,1,0,1,0,0,internal_oof
B0BKCQTWGF,DEVICE,OVER_EAR,DEVICE,0.879052,0.879052,model_device_above_threshold_with_device_subject,"HoomBand | Bluetooth Sleep Headphones | Headband for Sleep, Travel, Meditation | Free Access to Hypnotic Stories and Sounds Created by Sleep Experts | Charging Cable Included",Over-Ear Headphones,289,1,1,0,0,1,0,0,1,0,0,internal_oof
B001FYL1IU,ACCESSORY,NOT_APPLICABLE,AMBIGUOUS,0.011329,0.0,no_headphone_subject_in_title,Travelon BBQ Tote with 7 Piece Accessory Set,Adapters,6,1,0,0,0,0,0,1,0,0,0,internal_oof
B019JK6UTG,ACCESSORY,NOT_APPLICABLE,ACCESSORY,0.103815,0.99,strong_accessory_relation,"LG V10 Case, Vena [vAllure] Wave Texture [Bumper Frame][CornerGuard ShockProof | Strong Grip] Slim Hybrid Cover for LG V10 2015 (Gold / Coral Pink)",Headphones & Earbuds,253,1,0,1,1,0,0,0,0,1,0,internal_oof
B09H25YSVH,ACCESSORY,NOT_APPLICABLE,ACCESSORY,0.00764,0.99236,strong_accessory_relation,"SOVEUG Replacement Ear Pads Cushion Foam Cover for Anker Soundcore Life Q10, Q10 BT Headphonesphones with Plastic Buckle (Red)",Earpads,18,1,0,1,1,1,0,1,0,0,0,internal_oof
B08LYWVJBD,ACCESSORY,NOT_APPLICABLE,ACCESSORY,0.011704,0.988296,model_accessory_below_threshold_with_accessory_context,"Wiki Valley Hinge Case Designed for Galaxy Buds Live (2020),Full Protective Hard PC Headphone Accessories Cover with Carabiner (Twill - Black/Grey)",Cases,14,1,2,1,0,0,0,1,0,0,0,internal_oof
B075FR6QDY,DEVICE,EARBUD_INEAR,DEVICE,0.993851,0.993851,model_device_above_threshold_with_device_subject,"In- Ear Hearphones, Bach-Audio-Em05 Earbuds with Mic and 3.5mm Gilded plug, Deep bass and Stereo Compatible with Android, Iphone and Miui HiFi earbuds",Earbud Headphones,13,1,1,0,0,0,0,0,1,0,0,internal_oof
B09RKLXDQ3,DEVICE,EARBUD_INEAR,DEVICE,0.990049,0.990049,model_device_above_threshold_with_device_subject,Paww ActiveSound Pro Bluetooth Active Noise Cancellating Earbuds - Bluetooth 5.0 Wireless Earbuds with Charging Case - IPX4 Water-Resistant in-Ear Headphones for Music and Calls Up to 25 Hours Use,Earbud Headphones,2,1,2,0,0,1,1,0,1,0,0,internal_oof
B00DSCDBA8,ACCESSORY,NOT_APPLICABLE,AMBIGUOUS,0.277179,0.0,no_headphone_subject_in_title,10 Pack Black EAR Hook By Gadgetbrat for Samsung Hm3300 Hm 3300 Replacement Ear Hook,Headphones & Earbuds,34,1,0,0,0,0,0,0,0,1,0,internal_oof
B01FSUCKHM,ACCESSORY,NOT_APPLICABLE,ACCESSORY,0.162105,0.99,strong_accessory_relation,"Urberry Iphone 6s/6 Case, Bling Diamond High Heel Case with a Screen Protector",Headphones & Earbuds,3,1,0,1,1,0,0,0,0,1,0,internal_oof
B001D7EO6A,ACCESSORY,NOT_APPLICABLE,DEVICE,0.734973,0.734973,model_device_above_threshold_with_device_subject,"BlackBerry Stereo Headset Adaptor, 2.5mm (F) to 3.5mm (M), Not for Voice Calls",Headphones & Earbuds,4,1,1,0,0,0,0,0,0,1,0,internal_oof
B08DK8BV8H,ACCESSORY,NOT_APPLICABLE,ACCESSORY,0.004033,0.995967,model_accessory_below_threshold_with_accessory_context,CAGOS Compatible with Galaxy Buds+ Plus Case (2020) Cute Hard Full Protective Skin Case Cover for Samsung Galaxy Buds Plus Wireless Earbuds Case with Carabiner for Girl (NOT for Buds 2019) - Leopard,Cases,313,1,2,1,0,1,0,1,0,0,0,internal_oof
B08BLSJK66,ACCESSORY,NOT_APPLICABLE,ACCESSORY,0.005446,0.994554,model_accessory_below_threshold_with_accessory_context,"Bling Airpods Case, Cute Glitter Diamond Airpod 1st/2rd Case Cover for Girls Women, Rhinestone Airpods Protective Case with Keychain, Scratch Proof and Drop Proof (Watermelon red)",Cases,64,1,1,1,0,1,0,1,0,0,0,internal_oof
B076JBQ7SP,DEVICE,EARBUD_INEAR,DEVICE,0.996282,0.996282,model_device_above_threshold_with_device_subject,Diginex Bluetooth Earbuds Wireless Magnetic Headset Sport Earphones for Running IPX7 Waterproof Headphones 9 Hours Playtime High Fidelity Stereo Sound and Noise Cancelling Mic 1 Hour Recharge,Earbud Headphones,1,1,4,0,0,0,0,0,1,0,0,internal_oof
B07JN7MPRS,ACCESSORY,NOT_APPLICABLE,ACCESSORY,0.003347,0.996653,strong_accessory_relation,Cushions Beats Solo 2.0/3.0 Ear Pads Replacement Earpads Memory Foam Ear Cover Cups Cushion- Compatible with Solo 2 & 3 Wireless On Ear Headphones (Black),Earpads,121,1,1,1,1,2,0,1,0,0,0,internal_oof
B097N3GCBT,ACCESSORY,NOT_APPLICABLE,ACCESSORY,0.022923,0.99,strong_accessory_relation,"MOLGRIA Ear Pads Cushion, Replacement Fabric Earpads for Corsair Void RGB Elite Wireless Premium Gaming Headset 7.1 Surround Sound Headphone CA-9011202-NA(Black Lining)",Earpads,11,1,2,1,1,2,0,1,0,0,0,internal_oof
B09WKJQKGJ,DEVICE,OVER_EAR,DEVICE,0.958384,0.958384,model_device_above_threshold_with_device_subject,"Audio-Technica ATH-M20X Professional Studio Monitor Headphones, Black",Over-Ear Headphones,21383,1,1,0,0,0,0,0,1,0,0,internal_oof
B09RXMMXB6,DEVICE,EARBUD_INEAR,DEVICE,0.881471,0.881471,model_device_above_threshold_with_device_subject,Wireless V5.2 Bluetooth Earbuds Compatible with Samsung Galaxy S22 5G with Charging Case for in Ear Headphones. (V5.2 Black),Earbud Headphones,15,1,2,1,0,1,1,0,1,0,0,internal_oof
B07P6TSRZB,ACCESSORY,NOT_APPLICABLE,ACCESSORY,0.007414,0.992586,model_accessory_below_threshold_with_accessory_context,"USB C to 3.5mm Audio Adapter, XIIVIO Right Angle Type USB-C PD Fast Charging with 3.5mm aux Headphone Jack Splitter Cable Compatible with iPad Pro 2018, Google Pixel 3/2 / XL, HTC, MacBook Pro",Adapters,15,1,1,0,0,2,0,1,0,0,0,internal_oof
B07QLN8MNJ,DEVICE,ON_EAR,DEVICE,0.966679,0.966679,model_device_above_threshold_with_device_subject,JBL TUNE 500BT - On-Ear Wireless Bluetooth Headphone - Black,On-Ear Headphones,11309,1,1,0,0,0,0,0,1,0,0,internal_oof
B09GM5DWQP,DEVICE,EARBUD_INEAR,DEVICE,0.978439,0.978439,model_device_above_threshold_with_device_subject,"Donerton Wireless Earbud, Chipset 5.1 Sport Headphones with Charging Case, 10Hours Single Playtime Earhooks Headset, Wireless Earphone 6D Stereo HiFi Sound Noise Cancelling for Working/Travel/Gym",Earbud Headphones,20804,1,4,0,0,1,1,0,1,0,0,internal_oof
B00E04M028,DEVICE,OVER_EAR,DEVICE,0.972844,0.972844,model_device_above_threshold_with_device_subject,Velodyne vQuiet Over-Ear Noise Canceling Headphones (Matte Black),Over-Ear Headphones,136,1,1,0,0,0,0,0,1,0,0,internal_oof
B072FVFVKT,ACCESSORY,NOT_APPLICABLE,ACCESSORY,0.003849,0.996151,strong_accessory_relation,Replacement Earpads Ear Pads Cushion For Monster Beats By Dr.Dre PRO/DETOX Headphones,Earpads,35,1,1,1,1,2,0,1,0,0,0,internal_oof
B005ZSGTMU,DEVICE,EARBUD_INEAR,DEVICE,0.745269,0.745269,model_device_above_threshold_with_device_subject,Verizon Brand BLUE color OEM Stereo Handsfree Headset Premium Wired Earphones Earbuds with Microphone and 2.5mm to 3.5mm Adapter for Verizon Motorola Droid X MB810 / X2 (2) / Droid RAZR (Comes with Universal Phone Stand),Earbud Headphones,1,1,3,1,0,2,0,0,1,0,0,internal_oof
B077R2H81R,ACCESSORY,NOT_APPLICABLE,ACCESSORY,0.046499,0.99,strong_accessory_relation,"Galaxy J7 Pro Case,Galaxy J730G Case,SENON Slim-fit Shockproof Anti-Scratch Anti-Fingerprint Flexible Frosted Matte Protective Case Cover For Samsung Galaxy J7 Pro J730G 2017,Navy",Earbud Headphones,7,1,0,1,1,1,0,0,1,0,1,internal_oof
B07KQWX947,DEVICE,ON_EAR,DEVICE,0.973305,0.973305,model_device_above_threshold_with_device_subject,Koss Porta Pro Black On Ear Headphones with Case Black,On-Ear Headphones,15028,1,1,0,0,0,0,0,1,0,0,internal_oof
B0816GVJVW,DEVICE,EARBUD_INEAR,DEVICE,0.970744,0.970744,model_device_above_threshold_with_device_subject,"Soundcore Upgraded, Anker Liberty Neo True Wireless Earbuds, Pumping Bass, IPX7 Waterproof, Secure Fit, Bluetooth 5 Headphones, Stereo Calls, Noise Isolation, One Step Pairing, Sports, Work Out",Earbud Headphones,27386,1,2,0,0,0,0,0,1,0,0,internal_oof
B07XLPWWFJ,ACCESSORY,NOT_APPLICABLE,ACCESSORY,0.004521,0.995479,model_accessory_below_threshold_with_accessory_context,"ACECO Airpods Case,Minnie Mouse Airpods Case Protective Cover with Matching Strap & Key Chain Airpods 1 Airpods 2 Compatible Eco-Friendly (Pink Minnie)",Cases,9,1,1,1,0,0,0,1,0,0,0,internal_oof
B0B5V5TG95,DEVICE,EARBUD_INEAR,DEVICE,0.983123,0.983123,model_device_above_threshold_with_device_subject,MUSICOZY Sleep Headphones Wireless Bluetooth 5.2 Sports Headband Headphones Earbuds Earphones with HD Stereo Speakers Unique Cool Gadgets for Running Workout Jogging Yoga Insomnia,Over-Ear Headphones,20787,1,3,0,0,0,0,0,1,0,0,internal_oof
B004RE5ZCI,DEVICE,EARBUD_INEAR,DEVICE,0.994743,0.994743,model_device_above_threshold_with_device_subject,Sony MDREX310LP In-Ear Headphones,Earbud Headphones,116,1,1,0,0,0,0,0,1,0,0,internal_oof
B0BF45JLWL,DEVICE,EARBUD_INEAR,DEVICE,0.996166,0.996166,model_device_above_threshold_with_device_subject,"Wireless Earbuds, Bluetooth 5.1 Earphones for Sports, with Wireless Charging Case and Earhooks Over Ear Waterproof Earphones with Mic for Sports Running Workout iOS Android TV Phone Laptop Black",Earbud Headphones,254,1,2,0,0,1,1,0,1,0,0,internal_oof
B00D9ILUZY,ACCESSORY,NOT_APPLICABLE,AMBIGUOUS,0.80558,0.0,no_headphone_subject_in_title,BlueAnt SP-BAW-F4-85 Spare Parts Kit for F4 Stereo Bluetooth Interphone Motorcycle Kit - Retail Packaging - Black,Headphones & Earbuds,3,1,0,0,0,0,0,0,0,1,0,internal_oof
B092PXXX2R,DEVICE,EARBUD_INEAR,DEVICE,0.961404,0.961404,model_device_above_threshold_with_device_subject,Linsoul TIN HiFi P1 10mm Planar-Diaphragm Driver in-Ear Earphones with Detachable MMCX Cable for Audiophiles Musicians (Renewed),Earbud Headphones,1,1,1,1,0,1,0,0,1,0,0,internal_oof
B09PLJZ4N4,ACCESSORY,NOT_APPLICABLE,ACCESSORY,0.002883,0.997117,strong_accessory_relation,"Guanli Cute Case for AirPods 3rd Generation 2021 Model,Cool Funny 3D Cartoon Aesthetic Style Design,Silicone Hard Shell Protective Case Cover with Keychain for Teens Women Men (White Camera)",Cases,19,1,1,1,1,1,0,1,0,0,0,internal_oof
B07ZNBZCW5,DEVICE,EARBUD_INEAR,DEVICE,0.960228,0.960228,model_device_above_threshold_with_device_subject,"Anker Soundcore Liberty Air 2 Wireless Earbuds, Diamond-Inspired Drivers, Bluetooth Earphones, 4 Mics, Noise Reduction, 28H Playtime, HearID, Bluetooth 5, Wireless Charging, for Calls, Home Office",Earbud Headphones,15329,1,2,0,0,0,0,0,1,0,0,internal_oof
B0C7H4T5XT,DEVICE,EARBUD_INEAR,DEVICE,0.994023,0.994023,model_device_above_threshold_with_device_subject,occiam Wireless Earbuds Bluetooth in-Ear Headphones with Microphones IPX7 Waterproof Ear Buds with LED Power Display Charging Case 64H Playback Time Earphones,Earbud Headphones,20,1,4,0,0,1,0,0,1,0,0,internal_oof
B07XCM2TQ7,DEVICE,EARBUD_INEAR,DEVICE,0.999104,0.999104,model_device_above_threshold_with_device_subject,"LASUNEY Bluetooth 5.0 True Wireless Earbuds with Charging Case for iPhone Android, Touch Control Waterproof Stereo Headphones with mic, in-Ear Earphones Headset for Sport",Earbud Headphones,901,1,4,1,0,1,1,0,1,0,0,internal_oof
B07MBQLXR5,DEVICE,ON_EAR,DEVICE,0.967425,0.967425,model_device_above_threshold_with_device_subject,"POWMEE M1 Kids Headphones Wired Headphone for Kids,Foldable Adjustable Stereo Tangle-Free,3.5MM Jack Wire Cord On-Ear Headphone for Children (Blue)",On-Ear Headphones,13538,1,1,0,0,1,0,0,1,0,0,internal_oof
B07HNX3XYB,DEVICE,EARBUD_INEAR,DEVICE,0.999581,0.999581,model_device_above_threshold_with_device_subject,"TECKEPIC True Wireless Earbuds, Bluetooth 5.0 Earbuds, in-Ear Headphones Earphones with Charging Case, Stereo Sound Built-in Microphone, Waterproof, for iPhone Android Running Sport",Earbud Headphones,147,1,3,0,0,1,1,0,1,0,0,internal_oof
B0000DBJ2P,DEVICE,EARBUD_INEAR,DEVICE,0.480604,0.480604,model_device_above_threshold_with_device_subject,"Plantronics Headset M114 for Mobile & Cordless Phones, to read Plantronics Headset M110 for Mobile & Cordless Phones.",Headphones & Earbuds,13,1,1,0,0,0,0,0,0,1,0,internal_oof
B082SJMMFF,ACCESSORY,NOT_APPLICABLE,ACCESSORY,0.006332,0.993668,model_accessory_below_threshold_with_accessory_context,"VORI AirPods Pro Case, Portable Electroplating Protective Hard Case Shockproof Cute Cover with Keychain for Apple Airpod Pro Charging Case 3rd Gen 2019, Support Wireless Charging, Mandala Galaxy",Cases,327,1,1,1,0,1,0,1,0,0,0,internal_oof
B07MFYLF6Z,ACCESSORY,NOT_APPLICABLE,ACCESSORY,0.002164,0.997836,strong_accessory_relation,Replacement Ear Pads Cushions for Bose OE2 OE2 Sound Link On-Ear Bluetooth Headphones Earpad Cover,Earpads,138,1,1,1,1,2,0,1,0,0,0,internal_oof
B000YCUE8M,DEVICE,EARBUD_INEAR,DEVICE,0.944621,0.944621,model_device_above_threshold_with_device_subject,Samsung SCH-R500 Hue Cell Phone OEM Stereo Hands-Free Headset part # AAEP405SBE,Headphones & Earbuds,3,1,1,0,0,0,0,0,0,1,0,internal_oof
B09PXK8KCS,DEVICE,EARBUD_INEAR,DEVICE,0.838034,0.838034,model_device_above_threshold_with_device_subject,"OEM ElloGear Earbuds Wired Headphones for Samsung Galaxy S10 S10e S20 Note 10 Plus Cable - Designed by AKG - with Microphone, Volume Buttons, Includes Google Type C Adapter for Type-C Devices (White)",Earbud Headphones,10,1,2,1,0,2,1,0,1,0,0,internal_oof
B07QHZS1Y8,DEVICE,EARBUD_INEAR,DEVICE,0.977947,0.977947,model_device_above_threshold_with_device_subject,"JBL ENDURANCE JUMP- Wireless heaphones, bluetooth sport earphones with microphone, Waterproof, up to 8 hours battery, charging case and quick charge (Teal)",Earbud Headphones,406,1,1,0,0,1,0,0,1,0,0,internal_oof
B07CJMDSH9,DEVICE,OVER_EAR,DEVICE,0.936089,0.936089,model_device_above_threshold_with_device_subject,Bose QuietComfort 35 (Series I) Wireless Noise Cancelling Headphones - Silver (Renewed),Over-Ear Headphones,10,1,1,0,0,0,0,0,1,0,0,internal_oof
B00T7C8VV2,AMBIGUOUS,NOT_APPLICABLE,AMBIGUOUS,0.389982,0.0,no_headphone_subject_in_title,2X Medical Silicone Gel Foot Pad Valgus Hallux Correction Truck Toe Bone Insole,Headphones & Earbuds,1,1,0,0,0,0,0,0,0,1,0,internal_oof
B098JLBL92,ACCESSORY,NOT_APPLICABLE,ACCESSORY,0.003058,0.996942,strong_accessory_relation,"Claiol Silicone Case for Echo Buds 2nd, Shockproof Protective Echo Buds 2 Case Cover with Keychain. (Black)",Cases,118,1,0,1,1,0,0,1,0,0,0,internal_oof
B07H4XSX54,DEVICE,EARBUD_INEAR,DEVICE,0.96776,0.96776,model_device_above_threshold_with_device_subject,"Rowkin Pace: True Wireless Earbuds w/Charging Case. Bluetooth 5.0 Compatible, Sweat-Proof Headphones. Smallest Hands-Free Earphones Headset w/Mic for Android and iPhone (Black)",Earbud Headphones,648,1,4,0,0,1,0,0,1,0,0,internal_oof
B09K2DY4V1,DEVICE,EARBUD_INEAR,DEVICE,0.93713,0.93713,model_device_above_threshold_with_device_subject,"Amazan Truly Wireless Earbuds for iPhone, Android & All Bluetooth-Enabled Devices - Waterproof in Ear Headphones with Charger Case, F9 Fingerprint Touch Technology & USB Charging Cable, Black",Earbud Headphones,68,1,2,0,0,1,0,0,1,0,0,internal_oof
B09K6BV9NZ,DEVICE,EARBUD_INEAR,DEVICE,0.987011,0.987011,model_device_above_threshold_with_device_subject,"Hiteblaz Wireless Earbuds Bluetooth Headphones with Mic, Lightweight Small Buds, Premium Sound Quality, Mini Case Waterproof Earphones for Commute, Sport(Black)",Earbud Headphones,62,1,3,0,0,0,0,0,1,0,0,internal_oof
B00N4M6RGM,AMBIGUOUS,NOT_APPLICABLE,AMBIGUOUS,0.188917,0.0,no_headphone_subject_in_title,"Iblue Canvas Leather Trim Travel Tote Shoulder Handbag Mens Weekender Bag Large #1858 (L, Army Green)",Headphones & Earbuds,17,1,0,0,0,0,0,0,0,1,0,internal_oof
B088WG5Z4D,ACCESSORY,NOT_APPLICABLE,ACCESSORY,0.00918,0.99082,strong_accessory_relation,"1 Pair Replacement Ear Pads Cushions Compatible with Turtle Beach Ear Force X11, X12, X2, X3, X31, X32, X4, X41, X42, XC1 Gaming Headset Earmuffs",Earpads,8,1,1,1,1,1,0,1,0,0,0,internal_oof
B08PP88645,ACCESSORY,NOT_APPLICABLE,ACCESSORY,0.021038,0.978962,model_accessory_below_threshold_with_accessory_context,"AkoaDa USB C to 3.5mm Headphone Audio and Charger Adapter, 2-in-1 USB-C Headphone Jack Adapter with USB C PD Fast Charging for Stereo,Compatible with iPad Pro 2018,Galaxy Note 10/20/S20 and More-Grey",Adapters,36,1,1,0,0,1,0,1,0,0,0,internal_oof
B00UWKHE7U,DEVICE,ON_EAR,DEVICE,0.863633,0.863633,model_device_above_threshold_with_device_subject,"Maxell Kids Safe Headphones, 4 ft Cord, Black with Interchangeable Pink/Blue/Silver Caps",On-Ear Headphones,19,1,1,0,0,1,0,0,1,0,0,internal_oof
B01IITVKRQ,DEVICE,OVER_EAR,DEVICE,0.755395,0.755395,model_device_above_threshold_with_device_subject,"Audio-Technica ATH-MSR7BK SonicPro Over-Ear Hi-Res Headphones, Black Bundle with FiiO E10K USB DAC Headphone Amplifier and Blucoil 6-Ft Earphone Extension Cable",Over-Ear Headphones,3,1,2,0,0,1,1,0,1,0,0,internal_oof
B00PUS47TW,ACCESSORY,NOT_APPLICABLE,ACCESSORY,0.002283,0.997717,model_accessory_below_threshold_with_accessory_context,Set OEM EarGels EarHooks for Jabra Classic & Jabra Mini Bluetooth Headset Ear Hooks Ear Loops Earhooks Earloops Earclips Ear Buds Ear Gels Stabilizers Eargels Earbuds Eartips Earstabilizers Replacement,Earpads,309,1,3,0,0,2,0,1,0,0,0,internal_oof
B07NXPH312,ACCESSORY,NOT_APPLICABLE,ACCESSORY,0.126589,0.99,strong_accessory_relation,Professional Ear Pads for Beats Studio 3 and Studio 2.0 Wired and Wireless B0500 B0501 A1914 Over Ear Headphone Cushion Kit Covers with Memory Foam and Noise Isolation,Earpads,80,1,1,1,1,1,0,1,0,0,0,internal_oof
B088FGNZ2N,ACCESSORY,NOT_APPLICABLE,ACCESSORY,0.003061,0.996939,model_accessory_below_threshold_with_accessory_context,"Laffav AirPods Case Silicone Protective Cover (Front LED Visible) for Women Men Compatible with Apple AirPods 2 & 1 , 2 Pack, Glitter Rose Pink, Glitter White",Cases,12138,1,1,0,0,0,0,1,0,0,0,internal_oof
B01J5NDSBA,ACCESSORY,NOT_APPLICABLE,ACCESSORY,0.075223,0.99,strong_accessory_relation,NEW NEOMUSICIA Replacement upgrade Audio Cable For Audio-Technica ATH-R70x Professional headphone 1.2m/4FT,"Headphones, Earbuds & Accessories",26,1,1,1,1,1,0,0,0,1,0,internal_oof
B09JDWJFQF,ACCESSORY,NOT_APPLICABLE,ACCESSORY,0.014488,0.99,strong_accessory_relation,"BLLQ Memory Foam Tips Compatible with Sony WF 1000XM4 Replacement Ear Tips,Perfect Noise Cancellation, Fit in Charging Case, 3 Pairs [Medium Size] Foam Tips Black M (Foam Tip XM4M)",Earpads,25,1,0,1,1,2,0,1,0,0,0,internal_oof
B00BWZKKY8,ACCESSORY,NOT_APPLICABLE,ACCESSORY,0.090088,0.909912,model_accessory_below_threshold_with_accessory_context,"Pink Replacement Earbuds Eartips Set Compatible with Monster Tour, urBeats 2.0, Heartbeats 2.0, DiddyBeats and Monster Turbine Pro in-Ear Stereo Earphones","Headphones, Earbuds & Accessories",11,1,2,0,0,2,0,0,0,1,0,internal_oof
B09CT5Q48G,DEVICE,EARBUD_INEAR,DEVICE,0.958125,0.958125,model_device_above_threshold_with_device_subject,Invisible Smallest Mini Wireless Earbuds Mono Single Earphone Car Discreet Hidden Tiny Sleep Bluetooth Earpiece for Small Ears Work Cell Phones with Microphone in Ear Waterproof Sport Headphones,Earbud Headphones,50,1,4,1,0,0,0,0,1,0,0,internal_oof
B08J83TR22,DEVICE,EARBUD_INEAR,DEVICE,0.975512,0.975512,model_device_above_threshold_with_device_subject,"iLuv myBuds Wireless Earbuds, Bluetooth 5.3, Built-in Microphone, 20 Hour Playtime, IPX6 Waterproof Protection, Compatible with Apple & Android, Includes Charging Case & 4 Ear Tips, TB100 Yellow",Earbud Headphones,73389,1,1,0,0,2,0,0,1,0,0,internal_oof
B07N8397R2,DEVICE,OVER_EAR,DEVICE,0.966796,0.966796,model_device_above_threshold_with_device_subject,Snug Play+ Kids Headphones with Volume Limiting for Toddlers (Boys/Girls) - Aqua,Over-Ear Headphones,25031,1,1,0,0,0,0,0,1,0,0,internal_oof
B00414LBJK,DEVICE,EARBUD_INEAR,DEVICE,0.83855,0.83855,model_device_above_threshold_with_device_subject,BlueAnt Q2 Smart Bluetooth Headset (Bulk Packaging),Headphones & Earbuds,628,1,1,0,0,0,0,0,0,1,0,internal_oof
B009DFN08M,ACCESSORY,NOT_APPLICABLE,AMBIGUOUS,0.073066,0.0,no_headphone_subject_in_title,Native Union Pop Phone Retro Handset - POP-BLK-PC-ST - Black PC Soft Touch,Headphones & Earbuds,16,1,0,0,0,0,0,0,0,1,0,internal_oof
B0BKQ9MZ9C,DEVICE,EARBUD_INEAR,DEVICE,0.993294,0.993294,model_device_above_threshold_with_device_subject,GOLREX Bluetooth Headphones Wireless Earbuds 36Hrs Playtime Wireless Charging Case Digital LED Display Over-Ear Earphones with Earhook Waterproof Headset with Mic for Sport Running Workout Purple,Earbud Headphones,7195,1,4,0,0,1,0,0,1,0,0,internal_oof
B09FXPHYW5,DEVICE,EARBUD_INEAR,DEVICE,0.993371,0.993371,model_device_above_threshold_with_device_subject,"Soundphonic Apex Pro Truly Wireless in-Ear Noise Canceling Earbuds with Microphone, Bluetooth Earbuds, Charging Case Included with a Secure Fit and Superior Sound- Ivory",Earbud Headphones,58,1,1,0,0,1,0,0,1,0,0,internal_oof
B0BQMLSHY3,DEVICE,EARBUD_INEAR,DEVICE,0.989472,0.989472,model_device_above_threshold_with_device_subject,"LAKKA Bone Conduction Headphones, Open-Ear Headphones Bluetooth 5.3 Sport Headset with Mic, IPX5 Sweatproof Lightweight Wireless Earphone for Running Cycling Driving Workouts, with Earplugs",Open-Ear Headphones,865,1,3,0,0,0,0,0,1,0,0,internal_oof
B07HJ3DJJW,ACCESSORY,NOT_APPLICABLE,ACCESSORY,0.003294,0.996706,model_accessory_below_threshold_with_accessory_context,"Shadowin Compatible with Airpods Hard Carrying Case - with One Pair of AirPods Hooks, Enhance Your Device Experience Now!",Cases,47,1,1,0,0,1,0,1,0,0,0,internal_oof
B09QNPC8M2,DEVICE,EARBUD_INEAR,DEVICE,0.980744,0.980744,model_device_above_threshold_with_device_subject,JBL Vibe 200TWS True Wireless Earbuds - White,Earbud Headphones,12628,1,1,0,0,0,0,0,1,0,0,internal_oof
B07LD62FW3,DEVICE,EARBUD_INEAR,DEVICE,0.995949,0.995949,model_device_above_threshold_with_device_subject,Wireless Headset with Mic - GLCON Voice Command Call Number Prompt Wireless Earpiece Compatible with iPhone Xs Max X 8 7 Plus Samsung Android - Stereo Sound Cell Phone Earbuds - Black,Earbud Headphones,126,1,3,0,0,0,0,0,1,0,0,internal_oof
B00B6IVI6U,DEVICE,EARBUD_INEAR,AMBIGUOUS,0.913577,0.0,no_headphone_subject_in_title,Meze 11 Classics W/ Mic and Pouch,Headphones & Earbuds,6,1,0,0,0,0,0,0,0,1,0,internal_oof
B005MFVH6E,AMBIGUOUS,NOT_APPLICABLE,AMBIGUOUS,0.689814,0.0,no_headphone_subject_in_title,The Gospel According to Matthew (6 Volumes),Headphones & Earbuds,1,1,0,0,0,0,0,0,0,1,0,internal_oof
B00OXCXF9E,DEVICE,EARBUD_INEAR,DEVICE,0.92039,0.92039,model_device_above_threshold_with_device_subject,New Earphone Ii Headphone Headset Earbud with Remote & Mic for Xiaomi Mobile Phone (White),Headphones & Earbuds,1,1,4,0,0,0,0,0,0,1,0,internal_oof
B00329OM7S,DEVICE,EARBUD_INEAR,DEVICE,0.871624,0.871624,model_device_above_threshold_with_device_subject,Hot Pink 3.5mm Metal Stereo Headset Handsfree Soft Gel Earbud with Microphone for LG Chocolate Touch / 8575 Touch / Tritan AX840 / UX840 / enV Touch VX11000 / Incite CT810 / Rhythm AX585 / VX8560 Chocolate 3 / Dare VX9700,Headphones & Earbuds,5,1,2,0,0,0,0,0,0,1,0,internal_oof
B083BFNLX9,DEVICE,EARBUD_INEAR,DEVICE,0.972976,0.972976,model_device_above_threshold_with_device_subject,ausounds AU-Flex ANC Noise Cancelling LDAC Bluetooth Wireless Planar Magnetic Neckband Earphones,Earbud Headphones,81,1,1,0,0,0,0,0,1,0,0,internal_oof
B081K3NWV3,ACCESSORY,NOT_APPLICABLE,ACCESSORY,0.000697,0.999303,model_accessory_below_threshold_with_accessory_context,AirPods Pro Case Protective Cover - Silicone Case Compatible with Apple AirPods Pro (Front LED Visible),Cases,1,1,1,1,0,0,0,1,0,0,0,internal_oof
B00ACCH5TU,DEVICE,EARBUD_INEAR,DEVICE,0.840954,0.840954,model_device_above_threshold_with_device_subject,Reiko 3.5mm Heart-Thumping Golden Bass Earphone - Retail Packaging - Red,Headphones & Earbuds,1,1,1,0,0,0,0,0,0,1,0,internal_oof
B07L62TCFN,ACCESSORY,NOT_APPLICABLE,ACCESSORY,0.012808,0.987192,model_accessory_below_threshold_with_accessory_context,co2CREA Hard Travel Case Replacement for Silensys E7 / Meidong E7B Active Noise Cancelling Bluetooth Headphones (Black Case + Internal Purple),Cases,547,1,1,0,0,0,0,1,0,0,0,internal_oof
B017NFIF2O,DEVICE,EARBUD_INEAR,DEVICE,0.993092,0.993092,model_device_above_threshold_with_device_subject,Ularmo 2015 New Hot In-Ear Wired Bass Stereo Earphone Sport Headset Headphone (black a),Earbud Headphones,27,1,3,0,0,0,0,0,1,0,0,internal_oof
B08RWKMBLY,DEVICE,EARBUD_INEAR,DEVICE,0.998861,0.998861,model_device_above_threshold_with_device_subject,FangZhou Bluetooth 5.3 HeadphonesTrue Wireless Earbuds One Key Control with Wireless Charging Case IPX5 Sweat Waterproof Stereo Earphones in-Ear Built-in Mic Headset (White),Earbud Headphones,50,1,3,0,0,1,1,0,1,0,0,internal_oof
B09YGS8ZPG,DEVICE,EARBUD_INEAR,DEVICE,0.988153,0.988153,model_device_above_threshold_with_device_subject,"Acuvar Fully Wireless Bluetooth 5.1 Rechargeable IPX4 Waterproof Earbud Headphones with Microphone, 3500mAh USB Smart Dock Charging Case Powerful Surround Stereo Bass and Passive Noise Cancelling",Earbud Headphones,17,1,2,0,0,1,0,0,1,0,0,internal_oof
B01M5KCZLX,ACCESSORY,NOT_APPLICABLE,ACCESSORY,0.037069,0.99,strong_accessory_relation,"NEOMUSICIA Replacement Audio Cable for JBL Synchros S700, S400BT, J56BT, S300, S300I, S300a, S500, S700, E40BT, E30, E40, E50BT,S400BT Headphones Black 1.5m/4.5ft","Headphones, Earbuds & Accessories",51,1,1,1,1,1,0,0,0,1,0,internal_oof
B07RGFNWSV,ACCESSORY,NOT_APPLICABLE,ACCESSORY,0.00574,0.99426,strong_accessory_relation,"Beats Solo 2.0/3.0 Replacement Earpads, Protein Leather/Memory Foam Ear Cushion Pads Cover Ear Cups for Beats Solo 2.0/3.0 Wireless On Ear Headphones ONLY,Gray",Earpads,94,1,1,1,1,3,0,1,0,0,0,internal_oof
B0C9SNYP46,DEVICE,OVER_EAR,AMBIGUOUS,0.334708,0.0,probability_or_semantics_not_decisive,beyerdynamic DT 770 PRO Headphones (250 Ohm) Bundle with Compact 4-Channel Stereo Headphone Amplifier (2 Items),Amplifiers,16,1,1,0,0,0,0,1,0,0,0,internal_oof
B07TVSJ15C,ACCESSORY,NOT_APPLICABLE,ACCESSORY,0.01448,0.98552,model_accessory_below_threshold_with_accessory_context,"MoKo Case Fit AirPods 1/AirPods 2, Premium PU Leather Vintage Style Snap Closure Protective Cover Carrying Pouch Pocket with Keychain for AirPods 1 & AirPods 2 Earphones Charging Case - Dark Black",Cases,246,1,2,0,0,1,0,1,0,0,0,internal_oof
B07ZPG9GBR,ACCESSORY,NOT_APPLICABLE,ACCESSORY,0.002835,0.997165,model_accessory_below_threshold_with_accessory_context,Spigen Rugged Armor Designed for Airpods Pro Case Cover Protective Airpods Pro Case with Keychain - Charcoal,Cases,16445,1,1,1,0,0,0,1,0,0,0,internal_oof
B0BJBFLDJK,DEVICE,EARBUD_INEAR,DEVICE,0.902031,0.902031,model_device_above_threshold_with_device_subject,"KiiBoom Allure HiFi Beryllium-Plated Diaphragm Dynamic Driver in Ear Earphone IEM with Aluminum Housing, Detachable 4 Core 7N OCC OFC Cable for Audiophile Musician DJ Stage",Earbud Headphones,3,1,2,1,0,1,0,0,1,0,0,internal_oof
B00X74RYJQ,ACCESSORY,NOT_APPLICABLE,ACCESSORY,0.039735,0.960265,model_accessory_below_threshold_with_accessory_context,Crazy Genie Portable Protective PU Leather Case Cover Bag Pouch Box for LG HBS 730 700W 750 800 900 Stereo Wireless Bluetooth Headset,Cases,6,1,1,0,0,0,0,1,0,0,0,internal_oof
B00NJ6VQ82,AMBIGUOUS,NOT_APPLICABLE,AMBIGUOUS,0.771094,0.0,no_headphone_subject_in_title,"Essential Warm Black Well Baby 12, Papyrus Bold",Headphones & Earbuds,7,1,0,0,0,0,0,0,0,1,0,internal_oof
B081MWCNJM,ACCESSORY,NOT_APPLICABLE,ACCESSORY,0.007045,0.992955,model_accessory_below_threshold_with_accessory_context,"Mulafnxal for Airpods Pro 2019/Pro 2 Gen 2022 Case, Cute 3D Funny Animal Cartoon Character Soft Silicone Air pods Pro Cover, Fun Cool Skin,Stylish Fashion Keychain Kits Cases for Airpod Pro (Shy Duck)",Cases,23,1,1,0,0,1,0,1,0,0,0,internal_oof
B07G26J5TN,ACCESSORY,NOT_APPLICABLE,ACCESSORY,0.001028,0.998972,model_accessory_below_threshold_with_accessory_context,"Voken AirPods Case with Strap,AirPods Holder,Protective Silicone Cover with Carabiner Compatible with Apple Airpods Accessories (Black)",Cases,10,1,1,1,0,1,0,1,0,0,0,internal_oof
B0BMGBMHPT,DEVICE,EARBUD_INEAR,DEVICE,0.994983,0.994983,model_device_above_threshold_with_device_subject,"Wireless Earbuds, Bluetooth 5.3 Earphones 42H Playtime with Built in Microphone Ear Buds, IPX7 Waterproof Auto Pairing Touch Control Headset with Charging Case for Sport Airpod Samsung iPhone Black",Earbud Headphones,12,1,5,1,0,1,1,0,1,0,0,internal_oof
B09BV3XXBF,DEVICE,EARBUD_INEAR,DEVICE,0.99449,0.99449,model_device_above_threshold_with_device_subject,"Wireless Earbuds, Bluetooth Earbuds in Ear w/Wireless Charging Case/USB-C, Wireless Earphones Hi-Fi Sound, Bluetooth 5.0 Headphones w/Microphone, Touch Control/25H/IPX7 for Sports/Work/3 Modes",Earbud Headphones,64,1,3,0,0,1,0,0,1,0,0,internal_oof
B0CBDVTYK2,DEVICE,EARBUD_INEAR,DEVICE,0.982166,0.982166,model_device_above_threshold_with_device_subject,"Open Ear Earbuds Sport Open Earbuds Wireless Bluetooth Earbuds with Earhooks 30Hrs Playtime with Charging Case and LED Power Display Sweat Resistant for Outdoor Sports, Running and Workouts, Black",Earbud Headphones,27,1,1,0,0,1,1,0,1,0,0,internal_oof
B00CXZED6M,DEVICE,ON_EAR,AMBIGUOUS,0.919037,0.0,no_headphone_subject_in_title,Skullcandy Navigator Black/Black Mic1,Headphones & Earbuds,29,1,0,0,0,0,0,0,0,1,0,internal_oof
B081W65LX2,ACCESSORY,NOT_APPLICABLE,ACCESSORY,0.251897,0.99,strong_accessory_relation,16pcs (B-4sz) Replacement Eartips Adapters Compatible with Blackweb True Wireless Earbuds Earphones,Earbud Headphones,22,1,2,1,1,3,0,0,1,0,0,internal_oof
B09QS2K7XW,ACCESSORY,NOT_APPLICABLE,ACCESSORY,0.012845,0.987155,model_accessory_below_threshold_with_accessory_context,"Professional Ear Pads Cushions Replacement, Earpads Compatible with Beats Solo2 & Solo3 Wireless On-Ear Headphones with Soft Protein Leather/Strong Adhesive Tape",Earpads,15420,1,1,0,0,2,0,1,0,0,0,internal_oof
B01EHQFALQ,DEVICE,EARBUD_INEAR,DEVICE,0.995047,0.995047,model_device_above_threshold_with_device_subject,Beyution Wireless Headphones Bluetooth Sport Headset Stereo Noise Cancelling Sweatproof Headset Earphone Built-in Micphone for iPhone Samsung Galaxy and Andoid Smartphones,Earbud Headphones,55,1,3,0,0,0,0,0,1,0,0,internal_oof
B01FD4NEGE,ACCESSORY,NOT_APPLICABLE,AMBIGUOUS,0.180361,0.0,probability_or_semantics_not_decisive,Cameron sino 700mAh Replacement PF056001AA Rechargeable Battery for Parrot Zik Headphones (Zik First Generation Headphones),Headphones & Earbuds,1,1,1,0,0,0,0,0,0,1,0,internal_oof
B07ZVX6J34,ACCESSORY,NOT_APPLICABLE,ACCESSORY,0.001483,0.998517,model_accessory_below_threshold_with_accessory_context,"ADWLOF Compatible for AirPods Pro Case with Keychain, Wireless Charging Supporting, Shockproof Protective Silicone Cover Skin for AirPods Pro Charging Case Series 3",Cases,339,1,1,1,0,2,0,1,0,0,0,internal_oof
B0953G76S7,DEVICE,EARBUD_INEAR,DEVICE,0.997303,0.997303,model_device_above_threshold_with_device_subject,"Tecno True Wireless Bluetooth Earbuds with Microphone, CVC 8.0 Environmental Noise Cancellation Headphones and Deep Bass, Low Latency Earbuds Built-in Mic, Waterproof Touch Control, BDE01",Earbud Headphones,143,1,2,0,0,0,0,0,1,0,0,internal_oof
B077HRLLJF,ACCESSORY,NOT_APPLICABLE,ACCESSORY,0.047587,0.952413,model_accessory_below_threshold_with_accessory_context,"Compatible with Airpods Strap 3 Pack , MAIRUI Soft Silicone Anti-lost Rope Wireless Bluetooth Earbuds Extra Long Neckband Cable Connector for Iphone X Apple Airpods Accessories","Headphones, Earbuds & Accessories",6,1,2,0,0,1,0,0,0,1,0,internal_oof
B07T2YZMRY,ACCESSORY,NOT_APPLICABLE,ACCESSORY,0.00218,0.99782,model_accessory_below_threshold_with_accessory_context,"MOYAGOA Dongle Adapter Compatible 3.5mm Headphone Jack Adapter, 3 in 1 Aux Audio Headphone Jack Adapter with Music Play Charge Cable Charger Connector Applicable for Phone 7/7 Plus/8/8 Plus",Adapters,12,1,1,0,0,2,0,1,0,0,0,internal_oof
B004DAC240,AMBIGUOUS,NOT_APPLICABLE,AMBIGUOUS,0.646476,0.0,no_headphone_subject_in_title,Airwalk Unisex AWW-5060-BL Analog Watch,Headphones & Earbuds,1,1,0,0,0,0,0,0,0,1,0,internal_oof
B093RW9X27,DEVICE,EARBUD_INEAR,DEVICE,0.991222,0.991222,model_device_above_threshold_with_device_subject,"Wireless Bluetooth Earbuds IPX7 Waterproof Wireless Bluetooth with Microphone Charging Case 30H Playtime,Pop-ups Auto Pairing Hi-Fi Stereo Sound Headset for iPhone/Samsung/iOS/Android",Earbud Headphones,9,1,2,0,0,1,0,0,1,0,0,internal_oof
B07F9VN7XX,ACCESSORY,NOT_APPLICABLE,AMBIGUOUS,0.329419,0.0,taxonomy_device_but_title_has_no_device_subject,B-comfort Car Back Seat Organizer for Kids with iPad Holder-Large Backseat Protector Kick Mat-Universal Travel Accessory for Babies/Toddlers/Teens for Auto/Vehicle/Truck/SUV/Jeep (1 Pack),Earbud Headphones,3,1,0,0,0,1,0,0,1,0,1,internal_oof
B083GZ8NVD,ACCESSORY,NOT_APPLICABLE,ACCESSORY,0.010915,0.99,strong_accessory_relation,"Geekria Comfort Velour Replacement Ear Pads for Bose QCSE QC45, QC35, QC35 ii, QC35 ii Gaming, QC15 QC25, AE2, AE2i, AE2w, SoundTrue, SoundLink AE, Headphones Earpads/Ear Cushion",Earpads,92,1,1,1,1,3,0,1,0,0,0,internal_oof
B07FKPJHMC,DEVICE,EARBUD_INEAR,DEVICE,0.997549,0.997549,model_device_above_threshold_with_device_subject,"Wireless Earbuds Stereo,Bluetooth Headphones Earphones Earbud with Mic Mini In-Ear Earbuds Earphones Earpiece Sweatproof Sports Earbuds with Charging Case for Apple iPhone Android (White.1)",Earbud Headphones,1,1,4,1,0,1,1,0,1,0,0,internal_oof
B082W98QTS,DEVICE,EARBUD_INEAR,DEVICE,0.948988,0.948988,model_device_above_threshold_with_device_subject,OnE StonE Two Birds Earphone with Microphone Voice Changer in Ear Headphone 3.5mm Wired Earbuds with S/M/L Eartips for Android Phones MP3/4 PS4(Black),Earbud Headphones,62,1,3,1,0,2,0,0,1,0,0,internal_oof
B00XUKWEVA,DEVICE,ON_EAR,DEVICE,0.964223,0.964223,model_device_above_threshold_with_device_subject,JVC HAS140P Lightweight On-Ear Headband Headphones (Pink),Headphones & Earbuds,31,1,1,0,0,0,0,0,0,1,0,internal_oof
B010DYDVOE,DEVICE,EARBUD_INEAR,DEVICE,0.925488,0.925488,model_device_above_threshold_with_device_subject,Mediabridge Cadence Wireless Bluetooth Headphones Neckband with Built-in Microphone for Exercise/Running/Working Out - Includes Premium EVA Carrying Case - (Part# HSBT-OE1-WG1),Earbud Headphones,29,1,1,0,0,1,0,0,1,0,0,internal_oof
B0BW5ZM25L,DEVICE,EARBUD_INEAR,DEVICE,0.99934,0.99934,model_device_above_threshold_with_device_subject,"Fuhaiti Bluetooth Earbuds, Wireless Earbuds Bluetooth 5.3 Headphones with Charging Case Low Latency IPX7 Waterproof 35H Playtime Stereo Earphones in-Ear Built-in Mic Headset",Earbud Headphones,40,1,4,0,0,1,1,0,1,0,0,internal_oof
B00TFSJUO0,DEVICE,EARBUD_INEAR,DEVICE,0.955063,0.955063,model_device_above_threshold_with_device_subject,iQualTech Sports Earphones for iPhone - Dual Speaker/Driver Earphones with Microphone for Handsfree Calling and Remote Earphones,Headphones & Earbuds,45,1,1,0,0,0,0,0,0,1,0,internal_oof
B00CMMGY9A,AMBIGUOUS,NOT_APPLICABLE,AMBIGUOUS,0.845076,0.0,no_headphone_subject_in_title,TMNT 3D KINABIs - Leonardo,Headphones & Earbuds,5,1,0,0,0,0,0,0,0,1,0,internal_oof
B0B9FH8TJJ,DEVICE,OVER_EAR,DEVICE,0.91665,0.91665,model_device_above_threshold_with_device_subject,Wired Over Ear Headphones Mixing DJ Stereo Headsets with Removable Audio Cable for Various Devices CERWIN Vega HB1 Black,Over-Ear Headphones,3,1,2,1,0,1,0,0,1,0,0,internal_oof
B0972GX3DX,DEVICE,EARBUD_INEAR,DEVICE,0.998662,0.998662,model_device_above_threshold_with_device_subject,KBCASE Wireless Earbuds Bluetooth Earbuds with Charging Case TWS Bluetooth Headphones in Ear Stereo Earphones IPX6 Waterproof Sports Headphones Headset,Earbud Headphones,159,1,4,0,0,1,1,0,1,0,0,internal_oof
B005MGSTMS,ACCESSORY,NOT_APPLICABLE,AMBIGUOUS,0.241425,0.0,probability_or_semantics_not_decisive,2 New Grey Earhooks for Motorola H700 H710 H715 H721 Wireless Bluetooth Headset Ear Hook Loop Clip Earhook Hooks Loops Clips Earloop Earclip Earloops Earclip Replacement Part Parts,Headphones & Earbuds,30,1,1,0,0,0,0,0,0,1,0,internal_oof
B0040HHBRE,DEVICE,OVER_EAR,DEVICE,0.914395,0.914395,model_device_above_threshold_with_device_subject,"Skullcandy Aviator 3.5 mm Binaural Head-Band Black Headset - Auriculares con micrófono (PC/Gaming, 0-40 °C, -20-45 °C, Binaural, Head-Band, Black)",Headphones & Earbuds,50,1,1,0,0,0,0,0,0,1,0,internal_oof
B08THQWHNK,ACCESSORY,NOT_APPLICABLE,ACCESSORY,0.009957,0.990043,model_accessory_below_threshold_with_accessory_context,"2 Pairs Ear Hooks Compatible with Apple AirPods 3, 1, 2 and Pro, 1 PCS Transparent Beautiful Storage Box (2 Pairs White)",Earpads,133,1,1,0,0,0,0,1,0,0,0,internal_oof
B001YIKLTC,DEVICE,EARBUD_INEAR,AMBIGUOUS,0.861631,0.0,no_headphone_subject_in_title,Jabra BT8010 BluetoothÂ Mono (1 pcs),Headphones & Earbuds,66,1,0,0,0,0,0,0,0,1,0,internal_oof
B07GWVPYHN,DEVICE,EARBUD_INEAR,DEVICE,0.944967,0.944967,model_device_above_threshold_with_device_subject,"Soundcore Anker Liberty Air True-Wireless Earphones with Charging Case, Bluetooth 5, 20 Hour Battery Life, Touch Control Earbuds, Graphene Enhanced Sound, Noise-Cancelling Microphones, and Secure Fit",Earbud Headphones,2561,1,2,0,0,1,1,0,1,0,0,internal_oof
B07MTGMM8Z,DEVICE,EARBUD_INEAR,DEVICE,0.996302,0.996302,model_device_above_threshold_with_device_subject,"FALWEDI True Wireless Earbuds, 6H Continuous 40H Cyclic Playtime 5.0 Bluetooth Earbuds, Binaural Stereo Deep Bass Wireless Earbuds with 2 Mic and Charging Case",Earbud Headphones,2471,1,1,0,0,1,0,0,1,0,0,internal_oof
B07V2GPS8C,DEVICE,EARBUD_INEAR,DEVICE,0.973019,0.973019,model_device_above_threshold_with_device_subject,"[Upgraded Version] TRANYA B530 Bluetooth 5.0 Deep Bass True Wireless Earbuds, Aptx/AAC Compatible Sports Wireless Headphone with CVC8.0 Noise Cancellation, 80 Hours Playtime with Charging Case",Earbud Headphones,6780,1,2,0,0,1,1,0,1,0,0,internal_oof
B00N1U2UNG,ACCESSORY,NOT_APPLICABLE,ACCESSORY,0.010227,0.99,strong_accessory_relation,WONFAST [Leaves Magnetic] Premium PU Leather Wallet Case with Stand Credit Card Holder Flip Case Cover for Samsung Galaxy S7 (Brown),Headphones & Earbuds,49,1,0,1,1,2,0,0,0,1,0,internal_oof
B01L2UOY4Y,ACCESSORY,NOT_APPLICABLE,ACCESSORY,0.015231,0.984769,accessory_taxonomy_and_context,Bistro Chef Kitchen Towel Set 7 Piece Towels Pot Holders Oven Mitt & Dishcloth Decorative Design Everyday Use,Adapters,4,1,0,0,0,1,0,1,0,0,0,internal_oof
B073QXT2TF,AMBIGUOUS,NOT_APPLICABLE,AMBIGUOUS,0.711696,0.0,no_headphone_subject_in_title,DiMarzio DP172C Twang King Neck Pickup Chrome w/Bonus Deluxe RIS Picks (x3) 663334010130,Headphones & Earbuds,1,1,0,0,0,0,0,0,0,1,0,internal_oof
B07CBNTT7C,ACCESSORY,NOT_APPLICABLE,ACCESSORY,0.044406,0.955594,model_accessory_below_threshold_with_accessory_context,"AGVEE USB-C to 3.5mm Headphones Adapter, Type-C Aux Jack Earbuds Splitter, USBC Audio TRRS Mic Earphones Dongle, PD & QC Charging for Samsung S21 S20, Note 20 10, iPad Pro, Pixel 2 3 4 XL",Adapters,62,1,3,0,0,1,0,1,0,0,0,internal_oof
B012V8DORE,DEVICE,EARBUD_INEAR,DEVICE,0.911737,0.911737,model_device_above_threshold_with_device_subject,"Granvela Dual Driver Hi Definition Ear Buds, V2 Musician's in Ear Headohones (Red",Headphones & Earbuds,40,1,1,0,0,0,0,0,0,1,0,internal_oof
B0792XNXQW,DEVICE,OVER_EAR,DEVICE,0.813794,0.813794,model_device_above_threshold_with_device_subject,Mokata Foldable Headphones Wireless Bluetooth Headphones Over Ear Built-in Mic SD Card Slot 3.5mm Audio Jack Cable for TV PC Tablet iPhone iPod Cellphone B015 Blue,Over-Ear Headphones,12,1,1,1,0,1,0,0,1,0,0,internal_oof
B085CC8KSJ,ACCESSORY,NOT_APPLICABLE,ACCESSORY,0.002124,0.997876,model_accessory_below_threshold_with_accessory_context,"Laffav AirPods 2 & 1 Case for Women Men (Front LED Visible) Soft Silicone Protective Cover Compatible with Apple AirPods 2 & 1, 2 Pack, Black, Lilac",Cases,12137,1,1,1,0,0,0,1,0,0,0,internal_oof
B0972KDLV9,DEVICE,EARBUD_INEAR,DEVICE,0.998289,0.998289,model_device_above_threshold_with_device_subject,"KBCASE Bluetooth Headphones Wireless Earbud Headphones in-Ear Earphones with Charging Case LED Power Display Earphones with Mic, Bluetooth Headset for Phone/Sport/Android",Earbud Headphones,166,1,4,0,0,1,1,0,1,0,0,internal_oof
B08T7CCTT3,ACCESSORY,NOT_APPLICABLE,ACCESSORY,0.003954,0.996046,model_accessory_below_threshold_with_accessory_context,KWUY Leather AirPods Case Headphone Case for Airpods Pro Earphone Bags Earpods Accessories - Navy Blue,Cases,12,1,4,1,0,0,0,1,0,0,0,internal_oof
B0BVHNLJGL,DEVICE,EARBUD_INEAR,DEVICE,0.997785,0.997785,model_device_above_threshold_with_device_subject,Wireless Earbuds Bluetooth 5.0 Headphones HiFi Stereo Noise Cancelling with Wireless Charging Case Digital LED Intelligence Display IPX5 Waterproof Earphones Built-in Mic Headset for Sports (Black),Earbud Headphones,55,1,4,0,0,1,1,0,1,0,0,internal_oof
B085CC7QK2,ACCESSORY,NOT_APPLICABLE,ACCESSORY,0.005545,0.994455,model_accessory_below_threshold_with_accessory_context,"Laffav Airpods Case Soft Silicone Protective Shockproof Wireless Charging Airpod Earbuds Case Cover Skin with Keychain kit Set for Apple AirPods 1 & 2, 2 Pack, Black, Sand Pink",Cases,12141,1,2,1,0,1,0,1,0,0,0,internal_oof
B002PU9U0E,ACCESSORY,NOT_APPLICABLE,ACCESSORY,0.806325,0.99,strong_accessory_relation,JayBird uSport Bluetooth Adapter for 3.5mm Devices - Bluetooth Headset - Retail Packaging - Black (Discontinued by Manufacturer),On-Ear Headphones,100,1,1,1,1,1,0,0,1,0,0,internal_oof
B07L641PTL,ACCESSORY,NOT_APPLICABLE,ACCESSORY,0.016525,0.99,strong_accessory_relation,co2crea Hard Travel Case for Sennheiser PXC 550-II PXC 550 NoiseGard Adaptive Noise Cancelling Bluetooth Headphone,Cases,171,1,1,1,1,0,0,1,0,0,0,internal_oof
B07W5N9DD2,ACCESSORY,NOT_APPLICABLE,ACCESSORY,0.00534,0.99466,model_accessory_below_threshold_with_accessory_context,"Joyleop(Luminous Ghost) Compatible with Airpods 1/ 2 Case Cover, 3D Cute Cartoon Funny Fun Cool Kawaii Fashion Chic, Silicone Airpod Character Design Skin Keychain,Girls Boys Teens, Case for Air pods",Cases,632,1,1,1,0,1,0,1,0,0,0,internal_oof
B08C6XS6S7,DEVICE,EARBUD_INEAR,DEVICE,0.990067,0.990067,model_device_above_threshold_with_device_subject,"KZ S2 Hybrid Dual Driver in Ear Earphones, TWS True Wireless Bluetooth 5.0 Earbuds with Microphone, 1DD+1BA HiFi Headsets for Sports/Workout/Game/Music (Black)",Earbud Headphones,30,1,3,0,0,0,0,0,1,0,0,internal_oof
B0071GSMKQ,ACCESSORY,NOT_APPLICABLE,AMBIGUOUS,0.052244,0.0,probability_or_semantics_not_decisive,3 New Black Ear Hooks for Motorola HK210 HK201 HK202 HK100 HK200 H12 H15 H270 H780 H620 H560 H390 H385 H375 H371 H790 H680 H681 H690 H691 H695 Bluetooth Headset Ear Loops Clips Stabilizers Earhooks Earloops Earclips Earstabilizers Replacement Replacement,Headphones & Earbuds,9,1,1,0,0,0,0,0,0,1,0,internal_oof
B07JMS1BHH,DEVICE,ON_EAR,DEVICE,0.928632,0.928632,model_device_above_threshold_with_device_subject,Professional Grade Headset Over The Head Boom Microphone Black Compatible with ZTE Z432,Headphones & Earbuds,1,1,1,0,0,0,0,0,0,1,0,internal_oof
B0BKP11CMJ,DEVICE,EARBUD_INEAR,DEVICE,0.982384,0.982384,model_device_above_threshold_with_device_subject,"SAMSUNG Galaxy Buds 2 True Wireless Earbuds Noise Cancelling Ambient Sound Bluetooth Lightweight Comfort Fit Touch Control US Version, Olive Green",Earbud Headphones,15312,1,2,0,0,0,0,0,1,0,0,internal_oof
B0BHNTTXJW,DEVICE,EARBUD_INEAR,DEVICE,0.851085,0.851085,model_device_above_threshold_with_device_subject,"Yunsailing 10 Pcs Donut Earbuds for Kids, Cute Earbud Kids Earbuds for School Earphones for Kids Wired Earbud Case for Boys and Girls Birthday Gifts Earphones Storage Case",Earbud Headphones,3,1,2,1,0,1,0,0,1,0,0,internal_oof
B09KLQ98CS,ACCESSORY,NOT_APPLICABLE,ACCESSORY,0.018136,0.99,strong_accessory_relation,"Nisyctk Charging Case for Samsung Galaxy Buds/Buds+ Plus, Charger Cradle Station Box with Type-C USB Cable for Galaxy Buds SM-R170, Galaxy Buds+ Plus SM-R175 Earbuds (Black)",Cases,10,1,2,1,1,2,0,1,0,0,0,internal_oof
B0BF8NMT9C,ACCESSORY,NOT_APPLICABLE,ACCESSORY,0.005097,0.994903,strong_accessory_relation,Cute Rabbit Case Compatible with Beats Fit Pro Clear Case with Kawaii Strawberry Bunny Keychain for Women Girls Kids Soft Silicone Anime Cover for Beats Fit Pro,Cases,7,1,0,1,1,0,0,1,0,0,0,internal_oof
B006E4NA6C,ACCESSORY,NOT_APPLICABLE,AMBIGUOUS,0.031448,0.0,no_headphone_subject_in_title,MFi Certified Cable 3FT 3FT 6FT 10FT Nylon Protable Braided USB Fast Charging& Syncing Cord Compatible Charger XS/MAX/XR/8/8 Plus/ 7/7 Plus/6s/27s Plus,Headphones & Earbuds,1,1,0,0,0,2,0,0,0,1,0,internal_oof
B07FPVVW6R,DEVICE,EARBUD_INEAR,DEVICE,0.939775,0.939775,model_device_above_threshold_with_device_subject,in Ear Headphones Soundtrack Wired Earbuds w/Mic Heavy Deep Bass Earphones with Non Tangle Fabric Braid Cord for Running Gym Work Out Compatible with 3.5MM Audio Jack Device,Earbud Headphones,6,1,3,1,0,1,0,0,1,0,0,internal_oof
B0868RZCNP,ACCESSORY,NOT_APPLICABLE,ACCESSORY,0.003087,0.996913,strong_accessory_relation,"Pink Gel Bottle Cartoon Case for Airpods, Funny Cute Cool Design for Girls Boys Kids Teens, Accessories Carabiner Protective Fun Fashion Character Skin Soft Silicone Cover for Air pods 2/1",Cases,275,1,1,1,1,1,0,1,0,0,0,internal_oof
B078P4XBQ4,ACCESSORY,NOT_APPLICABLE,AMBIGUOUS,0.39389,0.0,probability_or_semantics_not_decisive,"SMSL IQ Portable USB DAC and Headphone Amplifier,HiFi Audio Digital to Analog Converter with Balanced and Unbalanced Headphone Jack Hi-Res 32bit/768kHz DSD512 (Black)","Headphones, Earbuds & Accessories",6,1,1,0,0,0,0,0,0,1,0,internal_oof
B07GRTR6K7,DEVICE,EARBUD_INEAR,ACCESSORY,0.028978,0.971022,model_accessory_below_threshold_with_accessory_context,"Better 16 Core Silver Plated Wire Earphones Upgrade Cable,Earphone Replacement Cable,Exchange Audio Cable for UE900 SE215 SE315 SE846 SE425 TIN Audio T2 T2pro T3 f9 LZ etc.(Brown-MMCX 3.5mm)",Earbud Headphones,55,1,1,1,0,1,0,0,1,0,0,internal_oof
B008J8IDQ8,DEVICE,EARBUD_INEAR,DEVICE,0.91398,0.91398,model_device_above_threshold_with_device_subject,"GOODBONG Bass Stereo Sound Headphones Compatible with iPhone13 Pro Max 12Pro Max/iPhone 11Pro iPhone X/XS Max/XR/iPhone8/8Plus/iPhone7/7Plus,MFi Certified Earbuds with Microphone Controller(White)",Earbud Headphones,116,1,2,0,0,0,0,0,1,0,0,internal_oof
B093FNYZSQ,ACCESSORY,NOT_APPLICABLE,ACCESSORY,0.007145,0.992855,model_accessory_below_threshold_with_accessory_context,"for AirPods Case Cover with Keychain for AirPods 2&1, Novelty Anime Printing Shockproof Case Compatiable with Wireless Charging",Cases,7,1,1,1,0,0,0,1,0,0,0,internal_oof
B0BJQ524N7,DEVICE,EARBUD_INEAR,DEVICE,0.999484,0.999484,model_device_above_threshold_with_device_subject,"Wireless Earbuds Bluetooth Headphones, 30H Playtime with Charging Case Stereo Sound Earphones Touch Control in-Ear Sport Bluetooth Earbuds with Clear Built-in Noise Cancelling Mic for iPhone Android",Earbud Headphones,1489,1,3,0,0,1,1,0,1,0,0,internal_oof
B07ZX2JKNN,ACCESSORY,NOT_APPLICABLE,ACCESSORY,0.026605,0.99,strong_accessory_relation,Ultra Thick Soft Silicone Pink Case with Finger Strap for Apple Airpods 1 2 Air Pods Wireless Earbuds Protective 3D Cartoon Fun Cool Kids Teens Girls Boys,Cases,9,1,2,1,1,0,0,1,0,0,0,internal_oof
B0186RGG7E,DEVICE,EARBUD_INEAR,DEVICE,0.984149,0.984149,model_device_above_threshold_with_device_subject,Uiisii C100 Earphones with Microphone for Iphone and Android Devices (Pink),Earbud Headphones,33,1,1,0,0,0,0,0,1,0,0,internal_oof
B083449Q7Z,ACCESSORY,NOT_APPLICABLE,ACCESSORY,0.002276,0.997724,model_accessory_below_threshold_with_accessory_context,"Laffav AirPods 2 & 1 Case for Women Men (Front LED Visible) Soft Silicone Protective Cover Skin with Keychain kit Set Compatible with Apple AirPods 2 and 1, 2 Pack, Teal, Rose Pink",Cases,12166,1,1,1,0,1,0,1,0,0,0,internal_oof
B09MSYS959,ACCESSORY,NOT_APPLICABLE,ACCESSORY,0.005744,0.994256,strong_accessory_relation,Replacement Earpads Ear Cushions Ear Cups Earmuffs Repair Parts Compatible with JBL Synchros E40BT E40 E30 BT S400 S400BT T450 AKG K67 Wireless Bluetooth Headphones Memory Foam Ear Pads,Earpads,8,1,1,1,1,3,0,1,0,0,0,internal_oof
B001F51GVQ,DEVICE,EARBUD_INEAR,DEVICE,0.990098,0.990098,model_device_above_threshold_with_device_subject,C Crane Voz Earbuds 3.5mm Full Stereo Sound BWC (Black),Earbud Headphones,3,1,1,0,0,0,0,0,1,0,0,internal_oof
B00IF16L1I,ACCESSORY,NOT_APPLICABLE,AMBIGUOUS,0.813362,0.0,no_headphone_subject_in_title,Plantronics Ear Tip Kit for Discovery 640,Headphones & Earbuds,4,1,0,0,0,1,0,0,0,1,0,internal_oof
B07YJQXDW7,ACCESSORY,NOT_APPLICABLE,ACCESSORY,0.00623,0.99377,model_accessory_below_threshold_with_accessory_context,"Shark Teeth Camo Softshell Silicone AirPods IMD Case for Apple AirPods 2 & 1, Wireless Charging Case Protective Cover and Skin Supreme Girls Boys Women Kids Teens Airpods (Blue)",Cases,16939,1,1,1,0,2,0,1,0,0,0,internal_oof
B083FV8VPS,DEVICE,ON_EAR,DEVICE,0.950848,0.950848,model_device_above_threshold_with_device_subject,"Hongzan Bulk Headphones for Classroom 50 Pack, Wholesale Stereo School Headphones for Kids Students Children",On-Ear Headphones,137,1,1,0,0,0,0,0,1,0,0,internal_oof
B01HMCSOOM,DEVICE,ON_EAR,ACCESSORY,0.042101,0.957899,model_accessory_below_threshold_with_accessory_context,for Sennheiser RS120 On-Ear Wireless RF Headphones / HDR120 Supplemental HiFi Headphone + Charging Dock Hard EVA Protective Case Carrying Pouch Cover Bag by Hermitshell,On-Ear Headphones,1,1,1,0,0,1,1,0,1,0,0,internal_oof
B08Q3MFM2B,ACCESSORY,NOT_APPLICABLE,ACCESSORY,0.003213,0.996787,strong_accessory_relation,TOLUOHU Case for Jabra Elite (Active) 85t Earbuds Silicone Case Cover for Jabra Elite 85t Protector Skin Case for Jabra Elite Wireless Earbuds Accessories with Keychain-NOT FIT JABRA 75t,Cases,13,1,1,1,1,1,0,1,0,0,0,internal_oof
B07KM49S72,ACCESSORY,NOT_APPLICABLE,ACCESSORY,0.005223,0.994777,model_accessory_below_threshold_with_accessory_context,"Airpods Case, Music tracker Protective Thicken Airpods Cover Soft Silicone Chargeable Headphone Case with Anti-Lost Carabiner for Apple Airpods 1&2 Charging Case (Green)",Cases,20814,1,2,1,0,1,0,1,0,0,0,internal_oof
B00ISDC9PA,DEVICE,EARBUD_INEAR,DEVICE,0.922349,0.922349,model_device_above_threshold_with_device_subject,"Importer520 Super Bass Over Head Stereo Headset Headphones with Microphone for Amazon Kindle Fire HD 8.9"" Amazon Kindle, Kindle DX, Kindle Fire Phone, Kindle Fire HD 7 / HD 7 (2013) / HD 7 (2nd Generation), Fire HD 8.9 / HD 8.9"" 4G, Kindle Fire HDX 7 / HDX 8.9, Kindle Keyboard 3G / Paperwhite Kindle Fire Phone - Black",Headphones & Earbuds,9,1,2,0,0,0,0,0,0,1,0,internal_oof
B07WVX1XSC,ACCESSORY,NOT_APPLICABLE,ACCESSORY,0.012947,0.987053,model_accessory_below_threshold_with_accessory_context,Yingbei Creative Cute Corgi Dog Shape Yellow & Black with Carabiner Compatible Silicone AirPods Case (1st and 2nd Generation) (Black),Cases,7,1,1,0,0,0,0,1,0,0,0,internal_oof
B08DJ24VMB,ACCESSORY,NOT_APPLICABLE,ACCESSORY,0.003638,0.996362,strong_accessory_relation,"Filoto Case for Airpods, Airpod Case Cover for Apple Airpods 2&1 Charging Case, Cute Air Pods Silicone Protective Accessories Cases/Keychain/Pompom/Strap, Best Gift for Girls and Women, Fuchsia Pink",Cases,56706,1,1,1,1,1,0,1,0,0,0,internal_oof
B00QUG4XL0,DEVICE,EARBUD_INEAR,DEVICE,0.983333,0.983333,model_device_above_threshold_with_device_subject,Sony MDREX15LP/P In-Ear Headphone (Pink),Earbud Headphones,33087,1,1,0,0,0,0,0,1,0,0,internal_oof
B015ZE26FW,DEVICE,EARBUD_INEAR,DEVICE,0.985211,0.985211,model_device_above_threshold_with_device_subject,"Tomtom 9R0M.000.00 Spark Bluetooth Sport Headphones, Black",Earbud Headphones,219,1,1,0,0,0,0,0,1,0,0,internal_oof
B08HJXNWJ7,DEVICE,EARBUD_INEAR,DEVICE,0.960516,0.960516,model_device_above_threshold_with_device_subject,"2 Pack Earbuds/Headphones/Earphones with 3.5mm Wired in Ear Headphone Plug(Built-in Microphone & Volume Control) Compatible with iPhone,iPad,iPod,PC,MP3/4,Android -White [Apple MFi Certified]",Earbud Headphones,16,1,3,0,0,0,0,0,1,0,0,internal_oof
B087DXYH8F,DEVICE,EARBUD_INEAR,DEVICE,0.995266,0.995266,model_device_above_threshold_with_device_subject,"TCL Wireless Sports Earbuds, ACTV500TWS True Wireless Earbuds with Rich Bass, Noise Isolation, Bluetooth 5.0 Headphones, 33H Playtime, Waterproof, Wireless Charging Case, One Step Pairing, Workout",Earbud Headphones,97,1,2,0,0,1,0,0,1,0,0,internal_oof
B00KIJA7E2,ACCESSORY,NOT_APPLICABLE,AMBIGUOUS,0.40833,0.0,probability_or_semantics_not_decisive,DURAGADGET Black Case (Headphones NOT Included) - Compatible with AKG K44 | K601 | K603 | K501 | K271 | K271M | K2 | K272 | K272HD | 272 MKII | K240 | K240S | K242 MKIIs | K242HD | K121S & K540,Headphones & Earbuds,4,1,1,0,0,0,0,0,0,1,0,internal_oof
B016NEEU02,DEVICE,EARBUD_INEAR,DEVICE,0.98918,0.98918,model_device_above_threshold_with_device_subject,Bone Conduction Sports Bluetooth Headphone - IPX6 Grade Waterproof - Microphone Hands-Free Stereo Headset,Headphones & Earbuds,55,1,2,0,0,0,0,0,0,1,0,internal_oof
B0C37FPHVH,DEVICE,EARBUD_INEAR,DEVICE,0.944945,0.944945,model_device_above_threshold_with_device_subject,Apple Earbuds for iPhone Headphones Wired Earphones [Apple MFi Certified](Built-in Microphone & Volume Control) Noise Isolating Headsets for iPhone 14/13/12/11/XR/XS/X/8/7 Support All iOS System,Earbud Headphones,35,1,4,0,0,0,0,0,1,0,0,internal_oof
B0B5SYQ69Z,ACCESSORY,NOT_APPLICABLE,ACCESSORY,0.009874,0.990126,strong_accessory_relation,"Replacement Ear Pads Cushions, Ear Covers for Bose QuietComfort 45 QC45 QC35 QC35 ii QC25 Over-Ear Headphones (White)",Earpads,6,1,1,1,1,1,0,1,0,0,0,internal_oof
B07ZPH9BXW,ACCESSORY,NOT_APPLICABLE,ACCESSORY,0.00677,0.99323,model_accessory_below_threshold_with_accessory_context,"Spigen Urban Fit Designed for Airpods Pro Case Cover with Key Chain, Fabric Case for Airpods Pro - Black",Cases,11271,1,1,1,0,0,0,1,0,0,0,internal_oof
B07G9VMQVK,DEVICE,EARBUD_INEAR,DEVICE,0.946358,0.946358,model_device_above_threshold_with_device_subject,LINSOUL BGVP DMG 2DD+4BA Hybrid Drivers Hi-Res High Fidelity HiFi in-Ear Metal Earphones with Detachable MMCX Audio Cable for Musicians Audiophile (Red),Earbud Headphones,64,1,1,1,0,1,0,0,1,0,0,internal_oof
B085LCT6HY,ACCESSORY,NOT_APPLICABLE,ACCESSORY,0.008683,0.991317,model_accessory_below_threshold_with_accessory_context,"MOBOSI Military AirPods Case Cover Designed for AirPods 2 & 1, Full-Body Protective Vanguard Armor Series AirPod Case with Keychain for AirPods Wireless Charging Case, Black [Front LED Visible]",Cases,25274,1,1,1,0,1,0,1,0,0,0,internal_oof
B008R524G8,DEVICE,EARBUD_INEAR,DEVICE,0.875883,0.875883,model_device_above_threshold_with_device_subject,NoiseHush N780-11911 Over-The-Head Multi-Point Bluetooth Headset with Charging Base for All Cell Phones and Apple iPad/iPhone - Retail Packaging - Black,Headphones & Earbuds,84,1,1,0,0,0,0,0,0,1,0,internal_oof
B09K74MY72,ACCESSORY,NOT_APPLICABLE,ACCESSORY,0.008846,0.991154,model_accessory_below_threshold_with_accessory_context,"USB Type C to 3.5mm Female Headphone Jack Adapter, (3 Pack) USB C to Aux Audio Dongle Cable Cord Compatible with Samsung Galaxy S23 S23+ S22 S21 S20 Ultra S10 S9 Plus, Note 20 10, Pixel XL, iPad Pro",Adapters,66,1,1,0,0,3,0,1,0,0,0,internal_oof
B00BI99SDM,DEVICE,EARBUD_INEAR,DEVICE,0.939979,0.939979,model_device_above_threshold_with_device_subject,EarlyBirdSavings Black Headset Earphone With Mic for iPhone 5 4 iPod Touch Nano Headphone Earbuds,Headphones & Earbuds,1,1,4,0,0,0,0,0,0,1,0,internal_oof
B00K17NFO0,ACCESSORY,NOT_APPLICABLE,ACCESSORY,0.693056,0.99,strong_accessory_relation,Cellphone Waterproof Pouch Case for Samsung Galaxy Note 3 / Samsung S5 / Note 2 / Nokia Lumia / Sony Xperia Z2 + VanGoddy Headset With MIC (Pink#2),Headphones & Earbuds,1,1,1,1,1,0,0,0,0,1,0,internal_oof
B01MXZD76O,AMBIGUOUS,NOT_APPLICABLE,AMBIGUOUS,0.544107,0.0,taxonomy_device_but_title_has_no_device_subject,"Fujimoto Dengyo Trenztek 8 Outlets 90 Degree Design Network Grade PDU Power Strip Surge Protector, 1U/15A/120V Aluminum Alloy Power Distribution Unit with Rackmount and Screws",Earbud Headphones,26,1,0,0,0,0,0,0,1,0,1,internal_oof
B08343TRJN,ACCESSORY,NOT_APPLICABLE,ACCESSORY,0.003234,0.996766,model_accessory_below_threshold_with_accessory_context,"Laffav AirPods 2 & 1 Case for Women Men (Front LED Visible) Soft Silicone Protective Cover Skin with Keychain kit Set Compatible with Apple AirPods 2 and 1, 2 Pack, Black, Wine Red",Cases,12172,1,1,1,0,1,0,1,0,0,0,internal_oof
B00XK9DK3C,DEVICE,EARBUD_INEAR,DEVICE,0.927108,0.927108,model_device_above_threshold_with_device_subject,Kicker EB92S In-Ear MicroFit Phenom Series Aluminum Headphone Monitors (Silver),Earbud Headphones,22,1,1,0,0,0,0,0,1,0,0,internal_oof
B09G2SWPKC,ACCESSORY,NOT_APPLICABLE,ACCESSORY,0.030515,0.969485,model_accessory_below_threshold_with_accessory_context,"esbeecables 2 Pack for iPhone 3.5mm Headphones Adapter, Apple MFi Certified Lightning to 3.5mm Earphones/Headphones Jack Aux Audio Adapter Dongle for iPhone 14/13/12/11/XS/XR/X/8/7/SE, Support All iOS",Adapters,14733,1,2,0,0,1,0,1,0,0,0,internal_oof
B07WC9QZ7Q,DEVICE,EARBUD_INEAR,DEVICE,0.864498,0.864498,model_device_above_threshold_with_device_subject,"JYPS in Ear 3D Cute Cartoon Donut/Unicorn Horse Headphones Mic Earphone Case Hands-Free Apple,Samsung,Android Smartphones Mp3 (Donut)",Earbud Headphones,5,1,2,1,0,0,0,0,1,0,0,internal_oof
B0BJV71CDS,ACCESSORY,NOT_APPLICABLE,ACCESSORY,0.002746,0.997254,strong_accessory_relation,"okcsc MMCX Cable Replacement Upgrade Cable for Shure SE215 SE315 SE425 SE535 SE535LTD SE846 AONIC3 AONIC4,8 Core OFC Audio Cable MMCX Connector Cable for Stock 4 Feet Length with 3.5mm Plug",Extension Cords,22,1,0,1,1,1,0,1,0,0,0,internal_oof
B00LOULO0U,DEVICE,EARBUD_INEAR,DEVICE,0.928287,0.928287,model_device_above_threshold_with_device_subject,Premium Over-Head Stereo Headset Headphones with Microphone for Amazon Kindle Fire 2/ Fire Phone/Kindle Fire HD (2013)/ Kindle Fire HDX 7/ Kindle Fire HDX 8.9/ Kindle Fire HD 8.9/ HD 7,Headphones & Earbuds,9,1,2,0,0,0,0,0,0,1,0,internal_oof
B08C5HYHYB,DEVICE,EARBUD_INEAR,DEVICE,0.981066,0.981066,model_device_above_threshold_with_device_subject,Samsung Galaxy Buds-Live Active Noise-Cancelling Wireless Bluetooth 5.0 Earbuds (Mystic Black),Earbud Headphones,24849,1,2,0,0,0,0,0,1,0,0,internal_oof
B005R3CTZ4,DEVICE,ON_EAR,DEVICE,0.949488,0.949488,model_device_above_threshold_with_device_subject,Behind The Neck Folding Headphones With In Line Volume Control,Headphones & Earbuds,14,1,1,0,0,0,0,0,0,1,0,internal_oof
B002JAUNIS,DEVICE,EARBUD_INEAR,DEVICE,0.975551,0.975551,model_device_above_threshold_with_device_subject,"DBSound Black High Fidelity Noise Cancelling Stereo Headset with Microphone and On/off button for Nokia N86, N95, N97, E63 - Includes Zippered Case + 3 sizes Ear Buds",Headphones & Earbuds,3,1,2,0,0,0,0,0,0,1,0,internal_oof
B00GIYLG6E,AMBIGUOUS,NOT_APPLICABLE,AMBIGUOUS,0.890351,0.0,taxonomy_device_but_title_has_no_device_subject,"LA Linen 58"" by 58"" Damask Print Faux Burlap Table Overlay / Pack of 1 / Black on Natural",On-Ear Headphones,1,1,0,0,0,0,0,0,1,0,1,internal_oof
B0C7P9N98N,DEVICE,EARBUD_INEAR,DEVICE,0.907135,0.907135,model_device_above_threshold_with_device_subject,Houlyn Sleep Earbuds Invisible Bluetooth for Sleeping Smallest Buds Tiny Mini Side Sleepers Wireless Hidden Headphones Small Discreet Earpiece with Charging Case Black,Earbud Headphones,141,1,3,0,0,1,1,0,1,0,0,internal_oof
B09DFR876N,ACCESSORY,NOT_APPLICABLE,ACCESSORY,0.2399,0.7601,model_accessory_below_threshold_with_accessory_context,LiadFngKA Anti-Lost Strap Hanging Neck Rope Soft Silicone Headset Waterproof Sports Bracket for Beats-Studio Bud Wireless Earphones Bluetooth Headset (Green),Cases,9,1,2,0,0,0,0,1,0,0,0,internal_oof
B07DDLMYTN,ACCESSORY,NOT_APPLICABLE,ACCESSORY,0.039372,0.960628,model_accessory_below_threshold_with_accessory_context,"2 in 1 USB C to 3.5mm Headphone Jack Adapter and Charging, USB Type C to Aux Jack Adapte and Charging for Moto Z,Galaxy S9, Huawei P20 Pro/Mate 10 Pro, Xiaomi 8/MIX2S and More.",Adapters,47,1,1,0,0,1,0,1,0,0,0,internal_oof
B09F6J7MFN,DEVICE,EARBUD_INEAR,DEVICE,0.989093,0.989093,model_device_above_threshold_with_device_subject,"Argmao Bluetooth 5.2 True Wireless Earbuds, Qualcomm QCC3040 with 4 Mics CVC8.0 Call Noise Cancelling, 45H Playtime Earbuds with Type C Charging Case, Waterproof and Touch Control Earphones for Sport",Earbud Headphones,281,1,2,0,0,1,0,0,1,0,0,internal_oof
B081GHGJLJ,ACCESSORY,NOT_APPLICABLE,DEVICE,0.715606,0.715606,model_device_above_threshold_with_device_subject,"Headphone Covers, Ancable 2-Pairs Washable Flex Headset Earpad Cloth Cover for Gym, Training, Aviation, Racing, Gaming, etc More Over The Ear Headphones (Black)",Over-Ear Headphones,905,1,2,1,0,2,0,0,1,0,0,internal_oof
B00IM4LLPY,DEVICE,ON_EAR,DEVICE,0.908089,0.908089,model_device_above_threshold_with_device_subject,"DGL DGL-820-RA Candeez Razzles Headphone, Blue",Headphones & Earbuds,162,1,1,0,0,0,0,0,0,1,0,internal_oof
B0924XTV14,DEVICE,EARBUD_INEAR,DEVICE,0.954696,0.954696,model_device_above_threshold_with_device_subject,"UrbanX Street Buds Pro Bluetooth Earbuds for LG G8 ThinQ True Wireless, Noise Isolation, Charging Case, Quality Sound, Sweat Resistant, Silver White (US Version)",Earbud Headphones,1,1,1,0,0,1,0,0,1,0,0,internal_oof
B07GFBSYQJ,AMBIGUOUS,NOT_APPLICABLE,AMBIGUOUS,0.151905,0.0,no_headphone_subject_in_title,Gdcover Custom Hogwarts Pillow Covers Thick Heavy Throw Pillow Cases Decorative Cotton Linen Pillowcase Protecter with Zipper - 18x18 Inches,Headphones & Earbuds,5,1,0,0,0,0,0,0,0,1,0,internal_oof
B07F28X73M,ACCESSORY,NOT_APPLICABLE,ACCESSORY,0.009594,0.990406,accessory_taxonomy_and_context,"Phone Charger, Charging Cable, 5Pack (3/3/6/6/10FT) to Syncing Data and Nylon Braided Cord Charger Compatible with Phone/XS/XR/X/8/8Plus/7/7Plus/6S/6Plus/Pad More(Silver&White) (w27)",Adapters,7,1,0,0,0,2,0,1,0,0,0,internal_oof
B006G2CPLI,ACCESSORY,NOT_APPLICABLE,AMBIGUOUS,0.059555,0.0,no_headphone_subject_in_title,"Cable Up CU/YC202 1/4"" TS Female to Dual 1/4"" TS Male Audio Cable","Headphones, Earbuds & Accessories",3,1,0,0,0,1,0,0,0,1,0,internal_oof
B0B2KSRFCD,DEVICE,EARBUD_INEAR,DEVICE,0.988581,0.988581,model_device_above_threshold_with_device_subject,"SGNICS Wireless Earbuds, for Samsung Galaxy A13 5G Touch Control with Charging Case IPX5 Sweat-Proof TWS Stereo Earphones Hi-Fi Deep Bass Noise Cancellation Outdoor Indoor Sport - White",Earbud Headphones,14,1,2,0,0,1,1,0,1,0,0,internal_oof
B00KBWGXKS,DEVICE,EARBUD_INEAR,DEVICE,0.876329,0.876329,model_device_above_threshold_with_device_subject,Generic Wired Headset for All iPhone Product - Non-Retail Packaging - 10 Color,Headphones & Earbuds,529,1,1,0,0,0,0,0,0,1,0,internal_oof
B0087YPX9E,ACCESSORY,NOT_APPLICABLE,ACCESSORY,0.045184,0.99,strong_accessory_relation,TOOGOO(R) Mini Black 3.5mm Headphone Adapter Cable for iPhone,"Headphones, Earbuds & Accessories",23,1,1,1,1,2,0,0,0,1,0,internal_oof
B003XPF2P2,DEVICE,EARBUD_INEAR,DEVICE,0.873166,0.873166,model_device_above_threshold_with_device_subject,eForCity? 3.5MM INEAR HEADSET HEADPHONES Compatible With iPad Mini 3 / iPad Air 2 / Apple? iPad? Tablet PC,Earbud Headphones,165,1,2,0,0,0,0,0,1,0,0,internal_oof
B07T27T5QT,DEVICE,OVER_EAR,DEVICE,0.970902,0.970902,model_device_above_threshold_with_device_subject,"Wireless Headphones Over Ear with MIC, MUCRO Comfortable Stereo Bluetooth Headset Support Micro-SD/TF Card & 3.5mm Jack, Telescopic Headband,10H Playtime for Travel Work TV PC Cellphone - White",Over-Ear Headphones,29,1,2,0,0,0,0,0,1,0,0,internal_oof
B0B1Q2NNLK,DEVICE,EARBUD_INEAR,DEVICE,0.989864,0.989864,model_device_above_threshold_with_device_subject,"Ddidbi Wireless Earbud, Bluetooth 5.2 Headphones Touch Control Built-in Mic, 13mm Bluetooth Earphones with LED Digital Display, 32H Playtime with Charging Case Compatible with iOS, Android, IP7, White",Earbud Headphones,11588,1,3,1,0,1,1,0,1,0,0,internal_oof
B005KTIVF2,DEVICE,EARBUD_INEAR,AMBIGUOUS,0.778516,0.0,no_headphone_subject_in_title,Samsung WEP-490 Bluetooth Wireless Essential Kit w/ Horizontal Pouch Case Included (Retail Packaging),Headphones & Earbuds,2,1,0,0,0,0,0,0,0,1,0,internal_oof
B088R83DF1,ACCESSORY,NOT_APPLICABLE,ACCESSORY,0.013988,0.99,strong_accessory_relation,Hermitshell Hard Travel Case for Anker Soundcore Life Q20 / Q10 Hybrid Active Noise Cancelling Headphones (Blue),Cases,1688,1,1,1,1,0,0,1,0,0,0,internal_oof
B081CL4617,ACCESSORY,NOT_APPLICABLE,ACCESSORY,0.00115,0.99885,strong_accessory_relation,"Chofit Eartips Cover Compatible with Sony WF-1000XM3 Wireless Earbuds, Soft Silicone Protective Case Cover Ear Tips for WF-1000XM3 Earbuds Replacement Eartips Eargels (Black)",Earpads,88,1,1,1,1,3,0,1,0,0,0,internal_oof
B00FGSGNV6,DEVICE,EARBUD_INEAR,DEVICE,0.995183,0.995183,model_device_above_threshold_with_device_subject,Diginex Bluetooth Earbuds Wireless Magnetic Headset Sport Earphones for Running IPX7 Waterproof Headphones 9 Hours Playtime High Fidelity Stereo Sound and Noise Cancelling Mic 1 Hour Recharge,Earbud Headphones,1,1,4,0,0,0,0,0,1,0,0,internal_oof
B00C5JX30S,AMBIGUOUS,NOT_APPLICABLE,AMBIGUOUS,0.742866,0.0,no_headphone_subject_in_title,"Graphics and More Baseball Ball - Sports Home Button Stickers Fits Apple iPhone 4/4S/5/5C/5S, iPad, iPod Touch - Non-Retail Packaging - Clear",Headphones & Earbuds,3,1,0,0,0,0,0,0,0,1,0,internal_oof
B0B8NNSD5Q,DEVICE,EARBUD_INEAR,DEVICE,0.994824,0.994824,model_device_above_threshold_with_device_subject,"Open Ear Headphones,True Wireless Bluetooth Earbuds with Earhooks,30Hrs Playtime with Charging Case and LED Power Display,Sport Workout Earbuds Built in Mic Waterproof Bass Sound Headset",Earbud Headphones,171,1,3,0,0,1,1,0,1,0,0,internal_oof
B07JM4GZBZ,AMBIGUOUS,NOT_APPLICABLE,AMBIGUOUS,0.638306,0.0,taxonomy_device_but_title_has_no_device_subject,"Adecorty LED String Lights 66ft 200 LEDs 2 Pack Fairy Lights USB Powered Christmas String Lights with Remote,Twinkle Firefly Lights Starry String Lights for Bedroom Decor Wedding Party Indoor Outdoor",Earbud Headphones,10,1,0,0,0,0,0,0,1,0,1,internal_oof
B07BGTHJBK,ACCESSORY,NOT_APPLICABLE,ACCESSORY,0.005104,0.994896,model_accessory_below_threshold_with_accessory_context,ROSA&ROSE PU Leather AirPods Case with Keychain Portable Protective Cover Compatible for Apple AirPods Charging Case (White),"Headphones, Earbuds & Accessories",319,1,1,1,0,1,0,0,0,1,0,internal_oof
B07Q9KS2B4,AMBIGUOUS,NOT_APPLICABLE,AMBIGUOUS,0.996653,0.0,taxonomy_device_but_title_has_no_device_subject,Bml lgd,Over-Ear Headphones,27,1,0,0,0,0,0,0,1,0,1,internal_oof
B07N7P7V6V,ACCESSORY,NOT_APPLICABLE,ACCESSORY,0.02052,0.97948,model_accessory_below_threshold_with_accessory_context,"Cute AirPods Case Silicone Shockproof with Keychain Lightweight Silicone, Apple AirPods (White/Bunny)",Cases,6,1,1,0,0,0,0,1,0,0,0,internal_oof
B07RLLNKP1,DEVICE,EARBUD_INEAR,DEVICE,0.996705,0.996705,model_device_above_threshold_with_device_subject,"True Wireless Earbuds Bluetooth 5.0 Headphones, in-Ear TWS Stereo Headset w/Mic Extra Bass IPX5 Sweatproof Low Latency Instant Pairing 15H Battery Charging Case Noise Cancelling Earphones (Silver)",Earbud Headphones,606,1,4,0,0,1,0,0,1,0,0,internal_oof
B0C1S3F76V,DEVICE,EARBUD_INEAR,DEVICE,0.984858,0.984858,model_device_above_threshold_with_device_subject,"DPduct Wireless Earbuds with Charging Case, Waterproof Wireless Headphones for Sport/Work, Bluetooth Headphones Compatible with iPhone/Android/PC, (White).",Earbud Headphones,27,1,2,0,0,1,1,0,1,0,0,internal_oof
B01E6H5ZIE,DEVICE,EARBUD_INEAR,DEVICE,0.991726,0.991726,model_device_above_threshold_with_device_subject,Premium Stereo Bass Earphones for LG G4 H819 G Stylo G Flex D958 Zipper with Mic & Remote Control Microphone Wired Earbuds Headset Earphones Headphones Earpod (Black),Earbud Headphones,2,1,5,0,0,0,0,0,1,0,0,internal_oof
B075GQ3CMH,DEVICE,EARBUD_INEAR,ACCESSORY,0.004775,0.995225,model_accessory_below_threshold_with_accessory_context,"misodiko Pack of 3 Accessories for Apple AirPods, Soft Silicone Protective Case& Anti-Lost Strap& Ear Cover Hooks, Aqua","Headphones, Earbuds & Accessories",4,1,1,0,0,1,0,0,0,1,0,internal_oof
B09CR5SS3W,ACCESSORY,NOT_APPLICABLE,ACCESSORY,0.089635,0.99,strong_accessory_relation,"WixGear Headphone Stand, 2 in 1 PC Gaming Headset Stand Cup Holder, with Cable Organizer, 360° Adjustable & Rotating Arm Clamp Headphone Holder, Suitable for All Headphones and Drinks","Headphones, Earbuds & Accessories",122,1,2,1,1,3,0,0,0,1,0,internal_oof
B000NI9BUO,DEVICE,NEEDS_REVIEW,AMBIGUOUS,0.948557,0.0,no_headphone_subject_in_title,Motorola HT820 Bluetooth Talk and Tunes Wireless Internet Calling Kit with Stereo,Headphones & Earbuds,4,1,0,0,0,0,0,0,0,1,0,internal_oof
B086WNLZSH,ACCESSORY,NOT_APPLICABLE,ACCESSORY,0.008267,0.991733,model_accessory_below_threshold_with_accessory_context,"AirPods Pro Case, Full-Body Rugged Protective Cover, Resilient Shock Absorption Design, Durable Protective Case with Smooth Skin - Matte Black",Cases,15606,1,1,1,0,2,0,1,0,0,0,internal_oof
B09KC3JTJD,ACCESSORY,NOT_APPLICABLE,ACCESSORY,0.004906,0.995094,model_accessory_below_threshold_with_accessory_context,"ZenRich Airpods 3rd Generation Case 2021, zenrich Full-Body Hard Shell Protective Rugged Charging Cover Case with Keychain for AirPod 2021, Front LED Visible, Red",Cases,34,1,1,1,0,0,0,1,0,0,0,internal_oof
B07G6YJ2MZ,DEVICE,EARBUD_INEAR,DEVICE,0.995821,0.995821,model_device_above_threshold_with_device_subject,"Redragon Thunder Pro E200 Gaming & Music in-Ear Earbud Headphones,/Headset, Heavy Bass Earphones with in-line Mic, Super Audio with Noise Cancelling",Earbud Headphones,26,1,4,0,0,0,0,0,1,0,0,internal_oof
B07KNC7WR1,ACCESSORY,NOT_APPLICABLE,ACCESSORY,0.011539,0.99,strong_accessory_relation,CASEBUDi Leather USB Cable and Headphone Cord Wrap | Round Carabiner attaches and Keeps Your Cords Located,Cases,3,1,1,1,1,2,0,1,0,0,0,internal_oof
B00VBHOBWY,DEVICE,EARBUD_INEAR,DEVICE,0.954644,0.954644,model_device_above_threshold_with_device_subject,"QFX H-302MRE/RED Universal Hands Free Earphones with In-Line Microphone, Red",Headphones & Earbuds,3,1,1,0,0,0,0,0,0,1,0,internal_oof
B097GZ7Z9L,ACCESSORY,NOT_APPLICABLE,ACCESSORY,0.003126,0.996874,strong_accessory_relation,"Soft Silicon Case Cover, Full Body Protective Cover Compatible with Sony WF-1000XM4 True Wireless Earbuds Accessories (Blue)",Cases,43,1,1,1,1,0,0,1,0,0,0,internal_oof
B0BD3KSSQB,DEVICE,EARBUD_INEAR,DEVICE,0.988727,0.988727,model_device_above_threshold_with_device_subject,SGNICS for Samsung Galaxy A13 5G Wireless Earbuds Headphones with Charging Case & Dual Power Display Over-Ear Waterproof Earphones with Earhook Headset with Mic for Sport Running Workout Black,Earbud Headphones,4,1,4,0,0,1,1,0,1,0,0,internal_oof
B0BRZ7P6T1,DEVICE,EARBUD_INEAR,DEVICE,0.964228,0.964228,model_device_above_threshold_with_device_subject,"Creative Outlier Free Wireless Bone Conduction Headphones with Bluetooth 5.3, IPX5 Sweat and Water Splash Resistance, Multipoint Connectivity, Up to 10 Hours of Battery Life, Built-in Mic",Earbud Headphones,31,1,1,0,0,0,0,0,1,0,0,internal_oof
B07JJHJVBY,ACCESSORY,NOT_APPLICABLE,ACCESSORY,0.003961,0.996039,model_accessory_below_threshold_with_accessory_context,"Earbuds Case Storage ASMOTIM EVA Hard Headphone Case Earbud Holder Portable Travel Earphones Carrying Case for Headset Charger Cable USB Key with Durable Exterior,Soft Cloth Inner [2-Pack]",Cases,569,1,4,1,0,3,0,1,0,0,0,internal_oof
B0746H8HZV,ACCESSORY,NOT_APPLICABLE,ACCESSORY,0.444908,0.99,strong_accessory_relation,MAOTEWANG 50M 2.544 core 4 Wire Cable for Video intercom/Video Door Phone doorbell Cables/Wired Intercom Cable,Earbud Headphones,12,1,0,1,1,1,0,0,1,0,1,internal_oof
B0BGBKQPZ6,ACCESSORY,NOT_APPLICABLE,ACCESSORY,0.045672,0.954328,model_accessory_below_threshold_with_accessory_context,"Lanyard Compatible with AirPods Pro 2, 2022 New Wireless Bluetooth Headphones Anti-Lost Lanyard Earbuds Cover Braided Rope (Gray)",Cases,17,1,3,0,0,0,0,1,0,0,0,internal_oof
B0BWXJ6VY6,DEVICE,EARBUD_INEAR,DEVICE,0.996333,0.996333,model_device_above_threshold_with_device_subject,"Hi-Res Extra Bass Earbuds Noise Isolating in-Ear Headphones Wired Earbuds with Microphone for iPhone, iPad, MP3, Huawei, Samsung, Lightweight Earphones with Volume Control 3.5mm Jack Headphones",Headphones & Earbuds,12609,1,3,0,0,0,0,0,0,1,0,internal_oof
B009CRH0QE,DEVICE,EARBUD_INEAR,DEVICE,0.959884,0.959884,model_device_above_threshold_with_device_subject,Samsung HM1900 Bluetooth Headset (Dark Gray) (Discontinued by Manufacturer),Headphones & Earbuds,518,1,1,0,0,0,0,0,0,1,0,internal_oof
B0749NNKMH,DEVICE,EARBUD_INEAR,DEVICE,0.997438,0.997438,model_device_above_threshold_with_device_subject,Sport Inear Noise Cancelling Wired Earbuds - Cooiepa Waterproof in Ear Buds Earphones Remote Hand-free Microphone Bass Stereo Headphones For Running Jogging Apple iPhone Samsung Galaxy SONY LG - Black,Earbud Headphones,72,1,4,0,0,0,0,0,1,0,0,internal_oof
B08SLXBCG2,DEVICE,EARBUD_INEAR,AMBIGUOUS,0.282988,0.0,probability_or_semantics_not_decisive,EZICOK Compatible with Apple AirPods Pro Anti-Lost Earrings Fashion Ear Hook AirPods 2 1 Anti-Drop Sports Ear Clip Wireless Earphones Headphones Earbud Headset Accessories - Gold Snake-Shaped,Earbud Headphones,31,1,5,0,0,0,0,0,1,0,0,internal_oof
B07KLPFD61,ACCESSORY,NOT_APPLICABLE,ACCESSORY,0.002948,0.997052,model_accessory_below_threshold_with_accessory_context,"Airpods Case, Music tracker Protective Thicken Airpods Cover Soft Silicone Chargeable Headphone Case with Anti-Lost Carabiner for Apple Airpods 1&2 Charging Case (Blue)",Cases,20861,1,2,1,0,1,0,1,0,0,0,internal_oof
B00LOPVVJO,ACCESSORY,NOT_APPLICABLE,ACCESSORY,0.146967,0.853033,model_accessory_below_threshold_with_accessory_context,Headphone Adapter for iPhone X/XS/XS MAX/XR/8/ 8Plus/ 7/7 Plus Headset Adaptor Splitter Earphone Connector Convertor 2 in 1 Dongle Cable Accessories Cables Call Charge Music Wire Control iOS System.,On-Ear Headphones,20,1,3,1,1,2,1,0,1,0,0,internal_oof
B001THYVA8,DEVICE,EARBUD_INEAR,DEVICE,0.910269,0.910269,model_device_above_threshold_with_device_subject,Brand New OEM Verizon STEREO Hands-free Headset for At&t Lg Vu Cu920 / Cu915 (Att Cu-920/cu-915),Headphones & Earbuds,3,1,1,0,0,0,0,0,0,1,0,internal_oof
B08TZJN6GY,ACCESSORY,NOT_APPLICABLE,ACCESSORY,0.004564,0.995436,model_accessory_below_threshold_with_accessory_context,"RUNZOOM Airpods Pro Case, 3D Cute Cartoon Venom Premium Silicone Case for Apple Airpods Pro Shockproof Protective and Skin for Apple Airpods Charging Case (Venom)",Cases,38,1,1,1,0,2,0,1,0,0,0,internal_oof
B016K6BJ9S,ACCESSORY,NOT_APPLICABLE,ACCESSORY,0.0356,0.9644,model_accessory_below_threshold_with_accessory_context,Binmer(TM)Multi-purpose Bag Portable Earphone SD Card Macarons Bag Headphone Case Earbuds Carrying Pouch Beauty Necklace Beads Rings Earrings Storage Box (Pink),Cases,16,1,3,1,0,0,0,1,0,0,0,internal_oof
B08FSND2BR,DEVICE,EARBUD_INEAR,DEVICE,0.995127,0.995127,model_device_above_threshold_with_device_subject,"Wireless Bluetooth Earbuds with Mic, WSHDZ T7 Touch Control Waterproof Immersive Bass Stereo Long Battery Headphones, Portable Charging Case with LED Display, Headset for Sports, Android, Phone Black",Earbud Headphones,6619,1,3,1,0,1,0,0,1,0,0,internal_oof
B09PH1N67T,DEVICE,OVER_EAR,DEVICE,0.953007,0.953007,model_device_above_threshold_with_device_subject,"HIFIMAN Edition XS Full-Size Over-Ear Open-Back Planar Magnetic Hi-Fi Headphones with Stealth Magnets Design, Adjustable Headband, Detachable Cable for Audiophiles, Home, Studio-Black",Over-Ear Headphones,247,1,1,1,0,1,0,0,1,0,0,internal_oof
B0094S379U,DEVICE,OVER_EAR,DEVICE,0.934961,0.934961,model_device_above_threshold_with_device_subject,Logitech UE 6000 Headphones - White (Discontinued by Manufacturer),Headphones & Earbuds,334,1,1,0,0,0,0,0,0,1,0,internal_oof
B004GV7M6O,DEVICE,EARBUD_INEAR,DEVICE,0.968406,0.968406,model_device_above_threshold_with_device_subject,dB Logic EP-100 Earbud Headphones (Blue),Earbud Headphones,42,1,2,0,0,0,0,0,1,0,0,internal_oof
B0084BBYV6,ACCESSORY,NOT_APPLICABLE,ACCESSORY,0.135587,0.99,strong_accessory_relation,"Case Star cute witch PU Leather Carrying Bag/Hand bag Style Case with Shoulder Strap, Case Star Cellphone Bag-Pink",Earbud Headphones,5,1,0,1,1,0,0,0,1,0,1,internal_oof
B07K46N7BT,ACCESSORY,NOT_APPLICABLE,ACCESSORY,0.001565,0.998435,strong_accessory_relation,"Case for AirPods, Filoto Bling AirPod Silicone Case Cover Skin, AirPods 1st/2nd Generation Protective Glitter Case with Shiny Disco Ball Keychain (Baby Peach)",Cases,12311,1,1,1,1,1,0,1,0,0,0,internal_oof
B0812B68BP,ACCESSORY,NOT_APPLICABLE,ACCESSORY,0.001207,0.998793,model_accessory_below_threshold_with_accessory_context,Compatible with Airpods 2 & 1 – Shockproof TPU Gel Portable Protection Soft Case Cover Skin with Carabiner Clip Keychain (Wood Parquet Texture Herringbone),Cases,5,1,1,1,0,1,0,1,0,0,0,internal_oof
B0108N4LYE,ACCESSORY,NOT_APPLICABLE,AMBIGUOUS,0.606761,0.0,no_headphone_subject_in_title,Kiss Me In The Garden Moisturizing Dry Skin Shea Butter Balm Scented Refreshing Hand Cream 5.5 Ounce,Headphones & Earbuds,2,1,0,0,0,1,0,0,0,1,0,internal_oof
B00Y2ITG2O,DEVICE,ON_EAR,DEVICE,0.945225,0.945225,model_device_above_threshold_with_device_subject,Beats Solo 2 WIRED On-Ear Headphone - Blush Rose - NOT WIRELESS (Renewed),On-Ear Headphones,20,1,1,0,0,0,0,0,1,0,0,internal_oof
B09DYS45CN,ACCESSORY,NOT_APPLICABLE,ACCESSORY,0.000549,0.999451,strong_accessory_relation,"doeboe Case for Airpods 3rd Generation, Protective Rugged Case for Apple AirPod 3 2021, Shockproof Cover with Keychain for Air Pod 3 Gen Charging Case, 1 Pack Replacement Hard Case [Front LED Visible]",Cases,154,1,1,1,1,1,0,1,0,0,0,internal_oof
B08BYGPWRY,DEVICE,EARBUD_INEAR,DEVICE,0.998162,0.998162,model_device_above_threshold_with_device_subject,"SZSAGO Bluetooth-5.2-Wireless-Earbuds W5S True Wireless Earphones with USB C Metal Intelligence Charging case,IPX7 Waterproof Stereo Headphones in-Ear Built-in Mic Headset for iPhone/Samsung (Silver)",Earbud Headphones,52,1,4,0,0,1,0,0,1,0,0,internal_oof
B01EWMQVHM,AMBIGUOUS,NOT_APPLICABLE,AMBIGUOUS,0.43937,0.0,taxonomy_device_but_title_has_no_device_subject,"Car Sun Shade for Side Window ,Yoleo Car Sunshade Protector - Protect your kids and pets in the back seat from sun glare and heat. Blocks over 97% of harmful UV Rays (set of 2 )",Earbud Headphones,3,1,0,0,0,0,0,0,1,0,1,internal_oof
B084LFBQP5,DEVICE,OVER_EAR,DEVICE,0.976694,0.976694,model_device_above_threshold_with_device_subject,"Anker Soundcore Life Q10 Wireless Bluetooth Headphones, Over Ear and Foldable, Hi-Res Certified Sound, 60-Hour Playtime and Fast USB-C Charging, Deep Bass, Aux Input (Blue), Medium(Renewed)",Over-Ear Headphones,15,1,1,0,0,0,0,0,1,0,0,internal_oof
B00BHIRCIM,ACCESSORY,NOT_APPLICABLE,ACCESSORY,0.493991,0.99,strong_accessory_relation,Blue Carrying Case for Bose IE2 MIE2 MIE2I SIE2 SIE2I IE1 MIE1 In-Ear Headphones Mobile In-Ear Headset Stereo Wired Sport Bag Holder Pouch Hold Box Pocket Size Hard Hold Protection Protect Save + Black Sea International Logo Good Quality Micro Fiber Cleaning Cloth (random color),Earbud Headphones,13,1,2,1,1,2,0,0,1,0,0,internal_oof
B07JZTQZQS,DEVICE,EARBUD_INEAR,DEVICE,0.991815,0.991815,model_device_above_threshold_with_device_subject,"Echobox HiFi in-Ear Earphones Wired Earbuds - High Resolution Stereo Headphone, Solid Titanium Housings, Tangle Free Cable, W/O Mic",Earbud Headphones,114,1,3,0,0,1,0,0,1,0,0,internal_oof
B07NGM21R6,DEVICE,EARBUD_INEAR,DEVICE,0.995997,0.995997,model_device_above_threshold_with_device_subject,"Bluetooth Headphones, Waterproof Sports Earphones for Gym Running, Bluetooth 4.2 in-Ear Earphones w/Mic",Earbud Headphones,6,1,2,0,0,0,0,0,1,0,0,internal_oof
B00YCBE3HY,DEVICE,EARBUD_INEAR,DEVICE,0.976354,0.976354,model_device_above_threshold_with_device_subject,Samsung OEM 3.5mm Tangle Free Stereo Headset with Microphone for Samsung Galaxy S5 - Non-Retail Packaging - White,Headphones & Earbuds,491,1,1,0,0,0,0,0,0,1,0,internal_oof
B0BN6DVC5H,DEVICE,EARBUD_INEAR,DEVICE,0.941144,0.941144,model_device_above_threshold_with_device_subject,"SAMSUNG Galaxy Buds Pro True Wireless Bluetooth Earbuds w/ Noise Cancelling, Charging Case, IPX7 Water Resistant, Long Battery Life, Touch Control, US Version, Phantom Violet",Earbud Headphones,8707,1,2,0,0,1,0,0,1,0,0,internal_oof
B079DXVTXB,DEVICE,OVER_EAR,DEVICE,0.938787,0.938787,model_device_above_threshold_with_device_subject,Kids Headphones Children's Headphones for Kids Toddler Headphones Over Ear Headphones,Headphones & Earbuds,11,1,1,0,0,0,0,0,0,1,0,internal_oof
B0BNC1QBH6,DEVICE,ON_EAR,DEVICE,0.994109,0.994109,model_device_above_threshold_with_device_subject,"Sony Wireless Headphones WH-CH510: Wireless Bluetooth On-Ear Headset with Mic for phone-call, Blue",On-Ear Headphones,36452,1,2,0,0,0,0,0,1,0,0,internal_oof
B097BMKBZK,DEVICE,EARBUD_INEAR,DEVICE,0.99435,0.99435,model_device_above_threshold_with_device_subject,KZ SK10 Wireless Headset Touch Control Bluetooth 5.2 Headphones with Wireless Charging Case Waterproof TWS Stereo in-Ear Earphones for Gaming Work Sports Laptop(Black),Earbud Headphones,67,1,3,0,0,1,1,0,1,0,0,internal_oof
B00MV7IPQQ,DEVICE,EARBUD_INEAR,DEVICE,0.999512,0.999512,model_device_above_threshold_with_device_subject,Auvio Mono Earbud Headset with Mic,Earbud Headphones,4,1,2,0,0,0,0,0,1,0,0,internal_oof
B095VN2CPK,DEVICE,EARBUD_INEAR,DEVICE,0.893847,0.893847,model_device_above_threshold_with_device_subject,"Samsung Galaxy Buds+ Plus, True Wireless Earbuds w/Improved Battery and Call Quality (Wireless Charging Case Included w/Velvet Pouch) - White",Earbud Headphones,42,1,2,0,0,1,0,0,1,0,0,internal_oof
B07S8MXRY3,AMBIGUOUS,NOT_APPLICABLE,AMBIGUOUS,0.307919,0.0,no_headphone_subject_in_title,LTY Dog Bed Car Seat for Puppy Pet Booster Seat or Travel Safety Car Seat with Storage Pocket (Blue),Headphones & Earbuds,1,1,0,0,0,0,0,0,0,1,0,internal_oof
B005GLA1WU,DEVICE,EARBUD_INEAR,DEVICE,0.972927,0.972927,model_device_above_threshold_with_device_subject,Berlin Gear Bluetooth Headset BG320,Headphones & Earbuds,5,1,1,0,0,0,0,0,0,1,0,internal_oof
B01CXW5VR4,DEVICE,OVER_EAR,DEVICE,0.766434,0.766434,model_device_above_threshold_with_device_subject,"ASTELL & KERN AKT1P Beyerdynamic Tesla Balanced Semi-Open Back Stereo Headphones w/Bundle Includes, FiiO E12 Mont Blanc Portable Headphone Amplifier & 64GB MicroSDXC High-Speed Memory Card","Headphones, Earbuds & Accessories",1,1,1,0,0,0,0,0,0,1,0,internal_oof
B0BM9KCRHF,DEVICE,EARBUD_INEAR,DEVICE,0.996838,0.996838,model_device_above_threshold_with_device_subject,PocBuds Bluetooth Headphones Wireless Earbuds 50Hrs Playtime with Wireless Charging Case Dual Digital Display Waterproof Immersive Stereo in-Ear Earphones with Mic for Phone TV Computer Android White,Earbud Headphones,640,1,3,0,0,1,1,0,1,0,0,internal_oof
B07Z4T2DPJ,ACCESSORY,NOT_APPLICABLE,ACCESSORY,0.00959,0.99041,model_accessory_below_threshold_with_accessory_context,"KAKAO FRIENDS Official- Pom Pom Accessory Keyring, Compatible with AirPods Silicone Case (Apeach)",Cases,7,1,1,0,0,0,0,1,0,0,0,internal_oof
B07WLD86QZ,DEVICE,EARBUD_INEAR,DEVICE,0.998734,0.998734,model_device_above_threshold_with_device_subject,"TAOCOCO Wireless Bluetooth Headset, Bluetooth 5.0 Earbuds with Charging Case LED Battery Display TWS Stereo Wireless Headphone 90H Playtime Sweatproof in-Ear Built-in Mic Headset for Work Sport",Earbud Headphones,41,1,3,0,0,1,1,0,1,0,0,internal_oof
B002JF6W3I,DEVICE,EARBUD_INEAR,DEVICE,0.491288,0.491288,model_device_above_threshold_with_device_subject,BudFits for iPod and iPhone Earbuds (Clear and Blue Pairs) - not Compatible with New Apple EarPods,Earbud Headphones,12,1,2,0,0,0,0,0,1,0,0,internal_oof
B07RL2NXBY,ACCESSORY,NOT_APPLICABLE,ACCESSORY,0.07985,0.92015,model_accessory_below_threshold_with_accessory_context,"CaseSack Wireless Earbuds case for Samsung Galaxy Buds+ Plus, Galaxy Buds+ Plus 2020, Galaxy Buds, Galaxy Buds 2019, Rubber Black with Bubble Pattern, mesh Accessory Pocket (Black)",Cases,27,1,2,1,0,0,0,1,0,0,0,internal_oof
B0811LKBJ3,ACCESSORY,NOT_APPLICABLE,ACCESSORY,0.008859,0.991141,strong_accessory_relation,"Echo Buds Case,Hard Carrying Case with Keychain EVA Shockproof Water Resistant Outdoor Travel Full Body Protection Compatible for Amazon Echo Buds Wireless Earbuds (Black)",Cases,9,1,1,1,1,1,0,1,0,0,0,internal_oof
B07XRV5QS4,DEVICE,EARBUD_INEAR,DEVICE,0.997973,0.997973,model_device_above_threshold_with_device_subject,"Alead TX8 Bluetooth 5.0 True Wireless Earbuds (TWS) with Wireless Charging case, IP68 Waterproof, HiFi Sound, deep bass, auto Pairing, 5H Playtime, Built-in mic, Bluetooth in-Ear Earbuds for Sports",Earbud Headphones,33,1,1,0,0,1,1,0,1,0,0,internal_oof
B08MJC8XP9,AMBIGUOUS,NOT_APPLICABLE,AMBIGUOUS,0.682239,0.0,taxonomy_device_but_title_has_no_device_subject,"Waverly Spree Room Darkening Curtains for Bedroom - Fineapple 42"" x 84"" Thermal Insulated Single Panel Rod Pocket Light Blocking Curtains for Living Room, Multi",Earbud Headphones,19,1,0,0,0,0,0,0,1,0,1,internal_oof
B002UNLX38,ACCESSORY,NOT_APPLICABLE,DEVICE,0.743241,0.743241,model_device_above_threshold_with_device_subject,Samsung Headset Adapter,Headphones & Earbuds,2,1,1,0,0,1,0,0,0,1,0,internal_oof
B07BLM9GR9,AMBIGUOUS,NOT_APPLICABLE,AMBIGUOUS,0.566681,0.0,no_headphone_subject_in_title,"Ancient Egyptian Tapestry, Egypt Egyptian Character Wall Hanging Tapestry Backdrop, Home Dorm Living Room Guest Room Decoration HYC02-B-US W: 59"" x H: 51"" #9",Headphones & Earbuds,7,1,0,0,0,0,0,0,0,1,0,internal_oof
B00W98RIX8,DEVICE,OVER_EAR,DEVICE,0.963289,0.963289,model_device_above_threshold_with_device_subject,TDK Life on Record WR680 Wireless Bluetooth Headphones Black,Headphones & Earbuds,19,1,1,0,0,0,0,0,0,1,0,internal_oof
B079F684LF,AMBIGUOUS,NOT_APPLICABLE,AMBIGUOUS,0.611422,0.0,no_headphone_subject_in_title,AdirHome Wood Key Cabinet Box (Rattan Accent),Headphones & Earbuds,3,1,0,0,0,0,0,0,0,1,0,internal_oof
B06XBVR8XY,DEVICE,EARBUD_INEAR,DEVICE,0.967558,0.967558,model_device_above_threshold_with_device_subject,Stereo Bass Music Headset for G4 G10 Desire HD G11 Incredible S V10 H968 AKA H778 3.5mm Port with Mic Earphones,Headphones & Earbuds,33,1,2,0,0,0,0,0,0,1,0,internal_oof
B0833RKK73,DEVICE,EARBUD_INEAR,DEVICE,0.811859,0.811859,model_device_above_threshold_with_device_subject,OQ9 Earbuds Earphones Custom Made for Oculus Quest VR Headset Single Channel Separate Left and Right Calibrated,Earbud Headphones,298,1,3,0,0,0,0,0,1,0,0,internal_oof
B074C7NLQS,DEVICE,EARBUD_INEAR,DEVICE,0.991427,0.991427,model_device_above_threshold_with_device_subject,"Bestbeisiwo In-Ear Earbuds Heavy Bass Earphones with Noise Isolating Headphone for Smartphone, Pad",Earbud Headphones,8,1,3,0,0,0,0,0,1,0,0,internal_oof
B09R4KT2SR,ACCESSORY,NOT_APPLICABLE,ACCESSORY,0.006153,0.993847,strong_accessory_relation,"2 Pack Headphone Adapter for iPhone, [Apple MFi Certified] 2 in 1 Lightning to 3.5mm AUX Audio + Charger Splitter Compatible with iPhone 13/12/11/XS/XR/SE/X 8/7/8P/7P, Support PD Charge+Music Control",Adapters,3,1,1,1,1,1,0,1,0,0,0,internal_oof
B01N4BEKO1,DEVICE,OVER_EAR,DEVICE,0.993658,0.993658,model_device_above_threshold_with_device_subject,Sony MDR-1000X/B Black Hi-Res Bluetooth Wireless Noise Cancelling Headphones (Renewed),Over-Ear Headphones,212,1,1,0,0,0,0,0,1,0,0,internal_oof
B07K28HFGL,ACCESSORY,NOT_APPLICABLE,ACCESSORY,0.013083,0.99,strong_accessory_relation,KZ Copper Silver Mixed Plated Upgrade Cable Earphone Cable Wire Detachable Audio Cord MMCX for KZ Earphone ZST ZS10 ES3 ES4 AS10 BA10 ZS6 ZS5 ZS4 (Version MMCX: for MMCX Earphone),Extension Cords,36,1,1,1,1,2,0,1,0,0,0,internal_oof
B06XTXWP6C,ACCESSORY,NOT_APPLICABLE,AMBIGUOUS,0.023858,0.0,no_headphone_subject_in_title,MFi Certified Cable 3FT 3FT 6FT 10FT Nylon Protable Braided USB Fast Charging& Syncing Cord Compatible Charger XS/MAX/XR/8/8 Plus/ 7/7 Plus/6s/89s Plus,Headphones & Earbuds,2,1,0,0,0,2,0,0,0,1,0,internal_oof
B087226LSY,ACCESSORY,NOT_APPLICABLE,ACCESSORY,0.015596,0.984404,model_accessory_below_threshold_with_accessory_context,Ear Pads Cups Cushions Replacement Compatible with Avantree Audition/Audition PRO/Procast/HT4189/HT5009 Bluetooth Headphones Headset,Earpads,2,1,2,0,0,1,0,1,0,0,0,internal_oof
B07R3SCX7J,AMBIGUOUS,NOT_APPLICABLE,AMBIGUOUS,0.614165,0.0,no_headphone_subject_in_title,"Measuring Ruler, Woodworking Measure Tool, 1Pcs Portable 3D Miter Angle Measuring Square Ruler Green",Headphones & Earbuds,1,1,0,0,0,0,0,0,0,1,0,internal_oof
B07DGVQ65J,AMBIGUOUS,NOT_APPLICABLE,AMBIGUOUS,0.920736,0.0,no_headphone_subject_in_title,nd guarantee a Wa,Headphones & Earbuds,2,1,0,0,0,0,0,0,0,1,0,internal_oof
B001DDJYJG,DEVICE,NEEDS_REVIEW,AMBIGUOUS,0.645941,0.0,no_headphone_subject_in_title,BlueAnt InterPhone Bluetooth Helmet Kit (Black),Headphones & Earbuds,66,1,0,0,0,0,0,0,0,1,0,internal_oof
B001E5BFOA,DEVICE,EARBUD_INEAR,AMBIGUOUS,0.851966,0.0,no_headphone_subject_in_title,Samsung Comeback Cell Phone Handsfree AAEP435SBE AAEP485MBE,Headphones & Earbuds,193,1,0,0,0,0,0,0,0,1,0,internal_oof
B09H4HS3XF,DEVICE,EARBUD_INEAR,DEVICE,0.995548,0.995548,model_device_above_threshold_with_device_subject,"Wireless Earbuds Bluetooth,Waterproof IPX8 Earphones HiFi Stereo Sound Quality,Touch Contro Headphones with Wireless Charging Case, Digital LED Intelligence Display Built-in Mic Headset for Sport",Earbud Headphones,39,1,4,0,0,1,1,0,1,0,0,internal_oof
B0C6ZHNQK2,DEVICE,EARBUD_INEAR,DEVICE,0.997718,0.997718,model_device_above_threshold_with_device_subject,Hyyeosd Wireless Earbuds Bluetooth Headphones with Charging Case 60H Playtime Waterproof LED Digital Display in-Ear Earbuds with Microphone for iPhone Android Sports Gym Workout,Earbud Headphones,318,1,2,0,0,1,1,0,1,0,0,internal_oof
B09SHVFTWN,ACCESSORY,NOT_APPLICABLE,ACCESSORY,0.00559,0.99441,model_accessory_below_threshold_with_accessory_context,misodiko Upgraded Ear Pads Cushions Replacement for SHP9500 Over-Ear Headphones (Mesh),Earpads,18,1,1,0,0,1,0,1,0,0,0,internal_oof
B00HHNBKX4,ACCESSORY,NOT_APPLICABLE,AMBIGUOUS,0.046495,0.0,probability_or_semantics_not_decisive,2 Pack - Replacement for Sony MDR-IF240RK Battery - Compatible with Sony BP-HP550 Headphone Battery (700mAh 1.2V NI-MH),"Headphones, Earbuds & Accessories",9,1,1,0,0,0,0,0,0,1,0,internal_oof
B091JR3S9Q,DEVICE,EARBUD_INEAR,DEVICE,0.983327,0.983327,model_device_above_threshold_with_device_subject,"DOSS Earbuds, Retrobuds Bluetooth Headphones with Touch Control, Bluetooth 5.0, 24H Playtime, IPX5 Sweatproof, LED Displays Charging Case, in-Ear Earphones for Phone - Black",Earbud Headphones,29,1,3,0,0,1,0,0,1,0,0,internal_oof
B087JKPRJJ,ACCESSORY,NOT_APPLICABLE,ACCESSORY,0.001692,0.998308,strong_accessory_relation,"Case for Airpods Case, Airpod Case Cover for Apple Airpods 2 & 1, Airpods Hard Case Cover with Keychain Cute Airpod Case Best Gift for Kids Girls Teens Women Boys",Cases,159,1,1,1,1,0,0,1,0,0,0,internal_oof
B07H43T2HC,AMBIGUOUS,NOT_APPLICABLE,AMBIGUOUS,0.936862,0.0,taxonomy_device_but_title_has_no_device_subject,Raidmax Delta Prime Gaming Case Black,Earbud Headphones,15,1,0,0,0,0,0,0,1,0,1,internal_oof
B097D8D6L1,ACCESSORY,NOT_APPLICABLE,ACCESSORY,0.048707,0.951293,model_accessory_below_threshold_with_accessory_context,"KINGTOP 3.5mm Y Audio Mic Splitter Cable - Headphone Microphone Adapter - Compatible with Gaming Headsets, PS4, PS5, Xbox One S, Nintendo Switch, Tablet, Mobile Phone, New Version Laptop, and PC Jack",Adapters,16480,1,2,0,0,2,0,1,0,0,0,internal_oof
B09P9HP38P,DEVICE,EARBUD_INEAR,DEVICE,0.630788,0.630788,model_device_above_threshold_with_device_subject,"Bluetooth Headphones,Wireless Earbuds,Touch Control Earphones,IPX5 Waterproof audifonos bluetooth inalambricos with Microphone,TWS-G4 Airpods with LED Power Display Charging Case, Airpods for Sports",Earpads,11,1,4,0,0,1,0,1,0,0,0,internal_oof
B0032CYBTE,DEVICE,EARBUD_INEAR,DEVICE,0.951127,0.951127,model_device_above_threshold_with_device_subject,GTMax Silver 3.5mm Metal Stereo Headset Handsfree Soft Gel Earbud with Microphone for Palm Pixi / Pre / Treo Pro 850 / E2 Tungsten,Headphones & Earbuds,3,1,2,0,0,0,0,0,0,1,0,internal_oof
B09KFWXZSH,DEVICE,EARBUD_INEAR,DEVICE,0.988926,0.988926,model_device_above_threshold_with_device_subject,Skullcandy Push XT Ultra True Wireless in-Ear Earbud - True Black (Renewed),Earbud Headphones,292,1,1,0,0,0,0,0,1,0,0,internal_oof
B01JF4IUL2,DEVICE,EARBUD_INEAR,DEVICE,0.979573,0.979573,model_device_above_threshold_with_device_subject,DOT: Stereo Wireless Bluetooth Earbuds - Bluetooth 4.1 w/Mic & Noise Reduction Technology. Comes w/ 2-in-1 Power Bank Charging Case. World's Smallest as Seen on Indiegogo! Hands-Free Earphone Headset,Earbud Headphones,45,1,3,0,0,1,0,0,1,0,0,internal_oof
B01ETNEFOA,AMBIGUOUS,NOT_APPLICABLE,AMBIGUOUS,0.594904,0.0,taxonomy_device_but_title_has_no_device_subject,OriDecor Pack of 4 Reusable Recyclable Stainless Steel Drinking Straws with Washing Brush,Earbud Headphones,8,1,0,0,0,0,0,0,1,0,1,internal_oof
B096WPKZNR,DEVICE,EARBUD_INEAR,DEVICE,0.970482,0.970482,model_device_above_threshold_with_device_subject,"Sony WF-1000XM4 Industry Leading Noise Canceling Truly Wireless Earbud Headphones with Alexa Built-in, Black",Earbud Headphones,20602,1,2,0,0,0,0,0,1,0,0,internal_oof
B07GS15JQN,ACCESSORY,NOT_APPLICABLE,ACCESSORY,0.42628,0.99,strong_accessory_relation,"MMCX Connector Earphone Cable,Better 16 Core Silver Plated Wire Earphones Upgrade Cable,Exchange Audio Cable for UE900 SE215 SE315 SE846 SE535 SE425 TIN Audio T2 Fiio f9 LZ TRI etc.(Brown-MMCX 2.5mm)",Earbud Headphones,22,1,1,1,1,1,0,0,1,0,0,internal_oof
B00CYL21Y6,DEVICE,EARBUD_INEAR,DEVICE,0.897831,0.897831,model_device_above_threshold_with_device_subject,Blue Ant Q3PLCNENUS Q3 Premium BT Headset BK Grey,Headphones & Earbuds,4,1,1,0,0,0,0,0,0,1,0,internal_oof
B07TRPDPF4,ACCESSORY,NOT_APPLICABLE,ACCESSORY,0.765058,0.99,strong_accessory_relation,BTunes Wireless Bluetooth 5.0 Adapter for V-Moda Crossfade M100 Headphones (Black),Over-Ear Headphones,147,1,1,1,1,1,0,0,1,0,0,internal_oof
B08DWN51TQ,DEVICE,OVER_EAR,DEVICE,0.967767,0.967767,model_device_above_threshold_with_device_subject,August EP650 Bluetooth Wireless Over Ear Headphones with aptX LL Low Latency/Multipoint/NFC / 3.5mm Audio in/Headset Microphone - Blue,Over-Ear Headphones,16595,1,2,0,0,0,0,0,1,0,0,internal_oof
B00Y1UBOBE,AMBIGUOUS,NOT_APPLICABLE,AMBIGUOUS,0.195154,0.0,taxonomy_device_but_title_has_no_device_subject,for (2014) Alcatel One Touch Fierce 2 7040T Pop Icon A564C ITUFFY 2items: Stylus Pen+Dual Layer Impact Resistance Plastic Cover Soft Rubber Kickstand Hybrid Case (Butterfly Flower Vine),Earbud Headphones,174,1,0,0,0,0,0,0,1,0,1,internal_oof
B079J5PLTX,ACCESSORY,NOT_APPLICABLE,ACCESSORY,0.243923,0.99,strong_accessory_relation,adidas 30926 Originals Floral Snap Case/Cover for Apple iPhone 8/7/6S/6 -,Earbud Headphones,4,1,0,1,1,0,0,0,1,0,1,internal_oof
B0BWRW1VNT,DEVICE,EARBUD_INEAR,DEVICE,0.996424,0.996424,model_device_above_threshold_with_device_subject,ACEFAST T8 Wireless Earphones Bluetooth 5.3 Headphones LED Power Display Mini Crystal in-Ear Earbuds with Wireless Charging Case Touch Control Built-in Mic Headphone for Sports Waterproof Earphone,Earbud Headphones,143,1,3,0,0,1,1,0,1,0,0,internal_oof
B0BGMZCL54,DEVICE,EARBUD_INEAR,DEVICE,0.993556,0.993556,model_device_above_threshold_with_device_subject,Qiopertar Digital Display Touch-Control Wireless Bluetooth 5.0 Hi-Fi Earphones TWS Headphones Earbuds Headset IPX4 Waterproof Built-in Mic Noise Suppression Long Endurance with Charging Case,Earbud Headphones,1,1,4,0,0,1,1,0,1,0,0,internal_oof
B07S9W5F2L,DEVICE,EARBUD_INEAR,DEVICE,0.984614,0.984614,model_device_above_threshold_with_device_subject,"Foldable Bluetooth Headset, Beartwo Lightweight Retractable Bluetooth Headphones for Sports&Exercise, Noise Cancelling Stereo Neckband Wireless Headset (with carry case)",Earbud Headphones,14234,1,2,0,0,0,0,0,1,0,0,internal_oof
B07BQ8F82P,DEVICE,EARBUD_INEAR,DEVICE,0.990539,0.990539,model_device_above_threshold_with_device_subject,"Rowkin Micro Touch Control True Wireless Earbuds Headphones: 15+ Hours Bluetooth 5 Smallest Mini Earphones & Charging Case. Deep Bass Sound Headset, Mic & Noise Reduction for Android & iPhone (Black)",Earbud Headphones,543,1,4,0,0,1,1,0,1,0,0,internal_oof
B00LMAAS0Y,ACCESSORY,NOT_APPLICABLE,ACCESSORY,0.008084,0.991916,strong_accessory_relation,NewFantasia Replacement Audio Upgrade Cable for Sol Republic Master Tracks HD V8 / V10 / V12 / X3 Headphones,Extension Cords,98,1,1,1,1,1,0,1,0,0,0,internal_oof
B01459BC7G,DEVICE,ON_EAR,DEVICE,0.944417,0.944417,model_device_above_threshold_with_device_subject,"Tooks NextGen SPORTEC Band (Dryfit) - Headphone Headband with Integrated Removable Headphones | New Inline Remote with Microphone, Volume Adjust and Music/Call Control | Color: Black","Headphones, Earbuds & Accessories",38,1,1,0,0,0,0,0,0,1,0,internal_oof
B001QF5TH2,AMBIGUOUS,NOT_APPLICABLE,AMBIGUOUS,0.75691,0.0,no_headphone_subject_in_title,"Seventh Generation Auto Dish Pacs, Free & Clear-15ct",Headphones & Earbuds,3,1,0,0,0,0,0,0,0,1,0,internal_oof
B00OQR1ZWU,DEVICE,EARBUD_INEAR,DEVICE,0.912434,0.912434,model_device_above_threshold_with_device_subject,"Sony Bluetooth Headset, 3.5 mm Jack - Retail Packaging - Black",Headphones & Earbuds,5,1,1,0,0,0,0,0,0,1,0,internal_oof
B07CZTCCB6,DEVICE,ON_EAR,DEVICE,0.836029,0.836029,model_device_above_threshold_with_device_subject,Sony MDR-ZX110 Overhead Headphones - White,Headphones & Earbuds,14469,1,1,0,0,0,0,0,0,1,0,internal_oof
B078SXTDZH,DEVICE,EARBUD_INEAR,ACCESSORY,0.685372,0.99,strong_accessory_relation,"MEE audio BTC1 Bluetooth wireless adapter cable for MX PRO Series and M6 PRO in-ear monitors with Qualcomm aptX technology, microphone, and remote (Clear)",Earbud Headphones,40,1,1,1,1,2,0,0,1,0,0,internal_oof
B00558EBIO,DEVICE,ON_EAR,DEVICE,0.467887,0.467887,model_device_above_threshold_with_device_subject,Headphones for Runners (RS1UM) RunPhones Summer Blue One Size Fits Most,"Headphones, Earbuds & Accessories",15,1,1,0,0,0,0,0,0,1,0,internal_oof
B01EA3AGNS,ACCESSORY,NOT_APPLICABLE,ACCESSORY,0.084142,0.99,strong_accessory_relation,"S7 Case/Galaxy S7 Case,DIOS CASE(TM) Inner Hard Plastic with Outer Soft Rubber 3 in 1 Hybrid Impact Heavy Duty Protective Armor Defender Kickstand Cover for Samsung Galaxy S7/G9300 (Black/Blue)",Earbud Headphones,7,1,0,1,1,0,0,0,1,0,1,internal_oof
B074J94F4V,DEVICE,EARBUD_INEAR,DEVICE,0.977077,0.977077,model_device_above_threshold_with_device_subject,"Aokeo's SP-6 Bluetooth Wireless Headphones, Made For Sports, In-Ear Water Resistant, HD Quality Stereo, Sweat Proof Earbuds for Gym, Running, Workout, Etc. With 6 Hour Or More Battery Life",Earbud Headphones,23,1,2,0,0,0,0,0,1,0,0,internal_oof
B000X92E3E,DEVICE,OVER_EAR,DEVICE,0.968956,0.968956,model_device_above_threshold_with_device_subject,"Califone CA-2 Individual Stereo Headphones with Resealable Storage Bag, Adjustable, Beige",Over-Ear Headphones,64,1,1,0,0,0,0,0,1,0,0,internal_oof
B07TSD6DRC,ACCESSORY,NOT_APPLICABLE,ACCESSORY,0.002714,0.997286,strong_accessory_relation,Replacement Ear Pads Cushions Muffs Repair Parts Compatible with Plantronics GameCom 780 367 377 777 Gaming Headset. (Orange),Earpads,5,1,1,1,1,1,0,1,0,0,0,internal_oof
B07YBLMVXK,ACCESSORY,NOT_APPLICABLE,ACCESSORY,0.777978,0.99,strong_accessory_relation,Kanto H1 Universal Headphone Stand with Curved Silicone Padding | Black,On-Ear Headphones,319,1,1,1,1,1,0,0,1,0,0,internal_oof
B00456RWVK,ACCESSORY,NOT_APPLICABLE,AMBIGUOUS,0.251973,0.0,no_headphone_subject_in_title,Premium Black 3.5mm External Mini Microphone for Apple iPhone 3G 3G S 4 / iPod Touch 1st 2nd 3rd 4th Gen/iPod Classic/iPod Nano 4th 5th 6th Gen,Headphones & Earbuds,68,1,0,0,0,0,0,0,0,1,0,internal_oof
B07VXJK361,DEVICE,EARBUD_INEAR,DEVICE,0.992502,0.992502,model_device_above_threshold_with_device_subject,"Wireless Earbuds,Bluetooth Earbuds Stereo, Wireless Earphones with Mic Mini Earbuds Bluetooth 5.0 Earphones Sweatproof Sports Earbuds with Charging Case for Running Compatible IOS Android Smartphones",Earbud Headphones,6,1,2,1,0,1,1,0,1,0,0,internal_oof
B07BFNZ13C,ACCESSORY,NOT_APPLICABLE,ACCESSORY,0.023001,0.99,strong_accessory_relation,Poyatu S700 Ear Pads for JBL Synchros Slate Powered Over-Ear Headphones S500 S700 E50BT Headphones Replacement Ear Cushion Earpads Pillow Cover (Black),Earpads,95,1,1,1,1,3,0,1,0,0,0,internal_oof
B0BPCWL39Y,DEVICE,EARBUD_INEAR,DEVICE,0.997471,0.997471,model_device_above_threshold_with_device_subject,"Waterproof Bluetooth 5.0 Wireless Earbuds, Touch Control,30H Cyclic Playtime TWS Headphones with Charging Case and Mic in-Ear Stereo Earphones Headset",Earbud Headphones,7,1,4,0,0,1,1,0,1,0,0,internal_oof
B005MR6CMG,DEVICE,OVER_EAR,DEVICE,0.677851,0.677851,model_device_above_threshold_with_device_subject,"Philips O'Neill SHO9567GB/28 THE STRETCH""Scratch"" Headband Headset (Black/Blue)",Headphones & Earbuds,63,1,1,0,0,0,0,0,0,1,0,internal_oof
B098LH8WXB,ACCESSORY,NOT_APPLICABLE,ACCESSORY,0.00982,0.99018,strong_accessory_relation,"Maidea Case for Beats Studio Buds, Waterproof Case Cover Shockproof Protective Skin Silicone Case with Keychain for New Beats Studio Buds – True Wireless Noise Cancelling Earbuds (Black)",Cases,72,1,2,1,1,1,0,1,0,0,0,internal_oof
B0BNZ2785V,DEVICE,EARBUD_INEAR,DEVICE,0.992295,0.992295,model_device_above_threshold_with_device_subject,TAGRY Bluetooth Headphones True Wireless Earbuds 60H Playback LED Power Display Earphones with Wireless Charging Case IPX5 Waterproof in-Ear Earbuds with Mic for TV Smart Phone Computer Laptop Sports,Earbud Headphones,44742,1,3,0,0,1,1,0,1,0,0,internal_oof
B000R40QRG,DEVICE,OVER_EAR,DEVICE,0.969049,0.969049,model_device_above_threshold_with_device_subject,Creative Aurvana DJ Headphones (Discontinued by Manufacturer),Over-Ear Headphones,7,1,1,0,0,0,0,0,1,0,0,internal_oof
B005FDOGDE,DEVICE,EARBUD_INEAR,DEVICE,0.981743,0.981743,model_device_above_threshold_with_device_subject,"JVC HAFX30R Headphone, Marshmallow, Red (Discontinued by Manufacturer)",Earbud Headphones,35,1,1,0,0,0,0,0,1,0,0,internal_oof
B01KPG42FW,DEVICE,EARBUD_INEAR,DEVICE,0.973602,0.973602,model_device_above_threshold_with_device_subject,Rowkin Bit Charge Stereo: True Wireless Earbuds w/Charging Case. Bluetooth Headphones Smallest Cordless Hands-Free Mini Earphones Headset w/Mic & Noise Reduction for Android & iPhone (Gold),Earbud Headphones,143,1,4,0,0,1,0,0,1,0,0,internal_oof
B0721PJJ79,DEVICE,OVER_EAR,DEVICE,0.930056,0.930056,model_device_above_threshold_with_device_subject,"Active/Adaptive Noise Cancelling Isolation Headphones + Protection, Adjustable for Adults or Kids, Bluetooth Wireless or Wired, Foldable with Custom Carrying Case, Over Ear Stereo with Microphone",Over-Ear Headphones,68,1,1,0,0,1,1,0,1,0,0,internal_oof
B01IZ9ZKSE,ACCESSORY,NOT_APPLICABLE,AMBIGUOUS,0.25708,0.0,no_headphone_subject_in_title,"Geekria Audio Cable with Mic Compatible with Skullcandy Hesh Evo Hesh ANC Hesh 3 Crusher Evo Crusher Cable, 3.5mm Aux Replacement Stereo Cord with Inline Microphone and Volume Control (4 ft/1.2 m)",Headphones & Earbuds,1638,1,0,0,0,2,0,0,0,1,0,internal_oof
B005SINEWU,DEVICE,OVER_EAR,DEVICE,0.573144,0.573144,model_device_above_threshold_with_device_subject,Plantronics MDA200 Headset Communications Hub - Handset-/Computer-/Headset-Schalter,Headphones & Earbuds,11,1,1,0,0,0,0,0,0,1,0,internal_oof
B08T5LVJ43,ACCESSORY,NOT_APPLICABLE,ACCESSORY,0.015537,0.99,strong_accessory_relation,"Rayker Eartips Replacement for BOSE QuietComfort Noise Cancelling Earbuds BOSE Sport Earbuds, S/M/L Sizes Soft Silicone Eartips, Fit for BOSE QuietComfort Noise Cancelling Earbuds 2020 Max Tips, Black",Earpads,4,1,1,1,1,2,0,1,0,0,0,internal_oof
B00QX13ESU,ACCESSORY,NOT_APPLICABLE,ACCESSORY,0.03848,0.99,strong_accessory_relation,"Galaxy S5 Case,S5 Case,&Uncle.Y Cute Owl Hybrid TPU Silicone Soft + PC Hard Plastic Bumper Back Protective Skin Case for Samsung Galaxy S5 I9600 Blue",Earbud Headphones,94,1,0,1,1,1,0,0,1,0,1,internal_oof
B002GO647Q,DEVICE,EARBUD_INEAR,DEVICE,0.936029,0.936029,model_device_above_threshold_with_device_subject,Samsung WEP850 WEP 850 Multi Point Noise Canceling Premium Bluetooth Headset in Retail Packaging,Headphones & Earbuds,5,1,1,0,0,0,0,0,0,1,0,internal_oof
B08344B4G1,ACCESSORY,NOT_APPLICABLE,ACCESSORY,0.002166,0.997834,model_accessory_below_threshold_with_accessory_context,"Laffav Airpods Case Cover Protective AirPod Accessories Silicone Case Skin with Anti-Lost Carabiner (Front LED Visible) for Women Men Compatible with Apple AirPods 2 and 1, 2 Pack, Black, Purple",Cases,12139,1,1,1,0,1,0,1,0,0,0,internal_oof
B083GX9DHM,DEVICE,EARBUD_INEAR,DEVICE,0.989644,0.989644,model_device_above_threshold_with_device_subject,"SIMGOT MT1 in Ear Monitor Headphones with Dynamic Driver, HiFi Wired Earbuds Detachable Cable with Mic, Noise Isolating IEM Earphones Clear Sound and Depth, Gaming Earbuds for Phone Computer Tablet",Earbud Headphones,139,1,5,0,0,1,0,0,1,0,0,internal_oof
B0BV6SB6WD,DEVICE,EARBUD_INEAR,DEVICE,0.989736,0.989736,model_device_above_threshold_with_device_subject,"Siniffo Upgraded Bone Conduction Headphones Wireless Bluetooth 5.3 Open Ear Sports Earphones with Mic, Sweat Resistant Headset for Workout, Running, Gym, Hiking, Driving, Cycling, Climbing",Open-Ear Headphones,356,1,3,0,0,0,0,0,1,0,0,internal_oof
B01MEFYOF4,DEVICE,ON_EAR,DEVICE,0.984556,0.984556,model_device_above_threshold_with_device_subject,JVC HA-RX330 Deep Bass Adjustable Over Head On Ear Studio Stereo Headphones - Black,Headphones & Earbuds,261,1,1,0,0,0,0,0,0,1,0,internal_oof
B017L29MF8,DEVICE,EARBUD_INEAR,DEVICE,0.957691,0.957691,model_device_above_threshold_with_device_subject,Black Stereo 3.5mm Headset with Microphone for Cricket Alcatel OneTouch Idol 3 - Cricket HTC Desire 626s - Cricket LG Escape 2 - Cricket LG G Stylo,Earbud Headphones,2,1,1,0,0,0,0,0,1,0,0,internal_oof
B07YCS8J8F,DEVICE,EARBUD_INEAR,DEVICE,0.99653,0.99653,model_device_above_threshold_with_device_subject,Raycon The Everyday Bluetooth Wireless Earbuds with Microphone- Stereo Sound in-Ear Bluetooth Headset True Wireless Earbuds 32 Hours Playtime (Matte Blue),Earbud Headphones,21676,1,2,0,0,0,0,0,1,0,0,internal_oof
B00DP0QVV4,DEVICE,EARBUD_INEAR,DEVICE,0.963051,0.963051,model_device_above_threshold_with_device_subject,Samsung AAEP305SBE Hands-Free Mono Headset - Original OEM - Non-Retail Packaging - Black (Discontinued by Manufacturer),Headphones & Earbuds,5,1,1,0,0,0,0,0,0,1,0,internal_oof
B06XKQN2RX,ACCESSORY,NOT_APPLICABLE,ACCESSORY,0.014461,0.985539,model_accessory_below_threshold_with_accessory_context,"Geekria Shield Headphones Case for Compatible with Audio-Technica ATH-M50X, ATH-A900 Large-Sized Over-Ear Headphones, Replacement Hard Shell Travel Carrying Bag with Cable Storage (Dark Grey)",Cases,44,1,1,1,0,1,0,1,0,0,0,internal_oof
B081CDDL1P,ACCESSORY,NOT_APPLICABLE,ACCESSORY,0.000869,0.999131,model_accessory_below_threshold_with_accessory_context,"DGege AirPod Pro Case Mint Green Compatible with Apple AirPods Pro, Soft Silicone AirPods Skin for Women Men Protective Cases Cover for AirPods Pro with Keychain (Front LED Visible)",Cases,11642,1,1,1,0,1,0,1,0,0,0,internal_oof
B08P6959XC,DEVICE,OVER_EAR,DEVICE,0.967361,0.967361,model_device_above_threshold_with_device_subject,"Monoprice BT-600ANC Bluetooth Over Ear Headphones with Active Noise Cancelling (ANC), Qualcomm aptX HD Audio, AAC, Touch Controls, 40hr Playtime,Black",Over-Ear Headphones,114,1,1,0,0,0,0,0,1,0,0,internal_oof
B00F4NYP40,AMBIGUOUS,NOT_APPLICABLE,AMBIGUOUS,0.656061,0.0,no_headphone_subject_in_title,Safety 1st Crystal Clear Audio 49 Mhz Baby Monitor 600 Ft Range 08026 NEW Product Fast Shipping,Headphones & Earbuds,1,1,0,0,0,0,0,0,0,1,0,internal_oof
B01LYMYYTA,ACCESSORY,NOT_APPLICABLE,AMBIGUOUS,0.018498,0.0,no_headphone_subject_in_title,Woodies Bamboo Wood Bead Necklace,Adapters,4,1,0,0,0,0,0,1,0,0,0,internal_oof
B086HMYXJZ,DEVICE,EARBUD_INEAR,DEVICE,0.748652,0.748652,model_device_above_threshold_with_device_subject,"SIMOLIO Dual Wired Headphones for TV/PC with Volume Control, 14.9ft Long Cord TV Headphones, RCA and AUX Audio Output, Anti-drop Earphone with Mic, W/Headphone Splitter for 2 Wired Headsets -SM-901TVD",Earbud Headphones,3,1,3,0,0,1,0,0,1,0,0,internal_oof
B0BBFRYKSB,DEVICE,EARBUD_INEAR,DEVICE,0.912966,0.912966,model_device_above_threshold_with_device_subject,"LAUDTEC Sports Headband Sleep Headphones Compatible with Bluetooth Compatible,Wireless Music Sleeping Headphones Earbuds Perfect for Side Sleepers Running Insomnia Meditation Air Travel Yoga (Black)",Over-Ear Headphones,2,1,2,0,0,0,0,0,1,0,0,internal_oof
B08SPYDL6C,ACCESSORY,NOT_APPLICABLE,ACCESSORY,0.005944,0.994056,model_accessory_below_threshold_with_accessory_context,A50 Ear Pads Headband Compatible with Astro A50 a50 Gen 3 Gen 4 Gaming Headset I Replacement Ear Cushions (Not Suitable for Astro A50 Gen 1 Gen 2),Earpads,243,1,1,1,0,2,0,1,0,0,0,internal_oof
B018STNGGY,DEVICE,EARBUD_INEAR,DEVICE,0.950122,0.950122,model_device_above_threshold_with_device_subject,"Aircom A1 Airtube Stereo Headsets with HandsFree Microphone, Micro Earbuds, Noise Isolating Eartips, True Live Sound Listening for Phones, Tablets and MP3 Players",Headphones & Earbuds,58,1,2,0,0,2,0,0,0,1,0,internal_oof
B0009G6FQI,DEVICE,EARBUD_INEAR,DEVICE,0.961978,0.961978,model_device_above_threshold_with_device_subject,Creative EP-630 Earphones,Earbud Headphones,2617,1,1,0,0,0,0,0,1,0,0,internal_oof
B07DC2X911,ACCESSORY,NOT_APPLICABLE,ACCESSORY,0.036757,0.963243,model_accessory_below_threshold_with_accessory_context,"elago Ear Hooks Designed for AirPods Pro, AirPods 3 and AirPods 1, 2, Anti-Slip Earbud Accessories, Comfortable Fit, Ergonomic Design, Durable TPU Construction, Perfect for Exercising [Black]",Earpads,13316,1,2,0,0,0,0,1,0,0,0,internal_oof
B000G27E4M,DEVICE,EARBUD_INEAR,DEVICE,0.855317,0.855317,model_device_above_threshold_with_device_subject,Plantronics MX203S-X1S Stereo Mobile Headset for most MP3 Enabled Mobile Phones,Headphones & Earbuds,6,1,1,0,0,0,0,0,0,1,0,internal_oof
B01M73A32N,ACCESSORY,NOT_APPLICABLE,AMBIGUOUS,0.008957,0.0,no_headphone_subject_in_title,"GEEKRIA Audio Cable Compatible with Bose Around-Ear AE2, AE2i, AE2w Cable, 2.5mm Braided Nylon Replacement Stereo Cord (4 ft / 1.2 m)","Headphones, Earbuds & Accessories",46,1,0,0,0,2,0,0,0,1,0,internal_oof
B094V5VZ6Z,ACCESSORY,NOT_APPLICABLE,ACCESSORY,0.026425,0.99,strong_accessory_relation,CUCUDAI RipengPI Replacement Earphone Cable for Sennheiser- HD202 HD477 HD497 Headset Audios Cord for Headphone-1,Extension Cords,1,1,3,1,1,2,0,1,0,0,0,internal_oof
B010L56C00,ACCESSORY,NOT_APPLICABLE,ACCESSORY,0.005981,0.994019,accessory_taxonomy_and_context,"2019 JimBest Phone Charger Cable - MFi Certified - Fast Phone Charging Cable (6 Pack,3FT/6FT/10FT) Long Cord Compatible Phone XS/Max/XR/X/8/8 Plus/7/7 Plus/6/6 Plus (Silver)",Adapters,13,1,0,0,0,2,0,1,0,0,0,internal_oof
B076LRMHJP,DEVICE,OVER_EAR,DEVICE,0.99021,0.99021,model_device_above_threshold_with_device_subject,"Paw Patrol Skye and Everest Kids Headphones, Adjustable Headband, Stereo Sound, 3.5Mm Jack, Wired Headphones for Kids, Tangle-Free, Volume Control, Foldable, Childrens Headphones Over Ear for School H",Over-Ear Headphones,631,1,1,0,0,0,0,0,1,0,0,internal_oof
B08JG98W5V,ACCESSORY,NOT_APPLICABLE,ACCESSORY,0.002572,0.997428,strong_accessory_relation,"V.R.Hope Case Compatible with Samsung Galaxy Buds Live Case /Galaxy Buds Pro Case, Protective Carrying Case Cover Skin Compatible for Galaxy Buds Live Earbuds Case Accessories Women Girls Men",Cases,16,1,2,1,1,2,0,1,0,0,0,internal_oof
B006FS0M9K,DEVICE,EARBUD_INEAR,DEVICE,0.752944,0.752944,model_device_above_threshold_with_device_subject,Champion CWP-STHS-BLK 3.5mm Mono Black Headset with 2.5mm Adapter - Carrier Packaging - Black,Headphones & Earbuds,2,1,1,0,0,1,0,0,0,1,0,internal_oof
B0BRPZZCVS,DEVICE,EARBUD_INEAR,DEVICE,0.997897,0.997897,model_device_above_threshold_with_device_subject,"Wireless Earbuds Bluetooth 5.1 Headphones with Wireless Charging Case IPX7 Waterproof Stereo Earphones in-Ear Built-in Mic Headset, Auto Pairing Headphones for iPhone/Samsung/iOS/Android (White)",Earbud Headphones,4,1,4,0,0,1,1,0,1,0,0,internal_oof
B09K7FPSNL,DEVICE,EARBUD_INEAR,DEVICE,0.990116,0.990116,model_device_above_threshold_with_device_subject,"2 Pack iPhone Earbuds/Earphones,3.5mm in-Ear Wired Headphones with Built-in Microphone&Volume Control Noise Isolating Bass Compatible with iPhone 6s plus/6/5s/5c/iPad/Samsung/MP3/MP4/Computer/Android",Earbud Headphones,21,1,3,0,0,0,0,0,1,0,0,internal_oof
B08NYLDV1V,DEVICE,EARBUD_INEAR,ACCESSORY,0.029754,0.970246,model_accessory_below_threshold_with_accessory_context,"GEEKRIA USB Headphones Short Charger Cable Compatible with Bose Quietcomfort Ultra TWS QC Ultra QCSE QC45 EarbudsII Charger, USB to USB-C Replacement Power Charging Cord (1ft / 30cm 2Pack)",Earbud Headphones,26,1,1,0,0,2,0,0,1,0,0,internal_oof
B01LW6SWGG,ACCESSORY,NOT_APPLICABLE,ACCESSORY,0.029943,0.99,strong_accessory_relation,Senal 3' Replacement Cable for SMH-1000 Headphones (Straight)(2pack),"Headphones, Earbuds & Accessories",1,1,1,1,1,1,0,0,0,1,0,internal_oof
B0B85ZLHMG,ACCESSORY,NOT_APPLICABLE,ACCESSORY,0.00606,0.99394,model_accessory_below_threshold_with_accessory_context,Mainrenka Cute Kawaii AirPods 2nd 1st Generation Case Aesthetic for Women and Girls with Pearl Chain Smooth Soft Protective Cover,Cases,211,1,1,0,0,0,0,1,0,0,0,internal_oof
B000ETG0II,DEVICE,EARBUD_INEAR,DEVICE,0.972627,0.972627,model_device_above_threshold_with_device_subject,JVC HAFX55ZP Inner Ear Headphones (Red) (Discontinued by Manufacturer),Earbud Headphones,4,1,1,0,0,0,0,0,1,0,0,internal_oof
B08BFQ28L9,ACCESSORY,NOT_APPLICABLE,ACCESSORY,0.003341,0.996659,strong_accessory_relation,Replacement Ear Pads Cups Cushion Compatible with Corsair HS50 HS60 HS70 Pro Gaming Headset Headphones Earmuffs (Style 2),Earpads,14,1,2,1,1,1,0,1,0,0,0,internal_oof
B07Z3NMPJT,ACCESSORY,NOT_APPLICABLE,ACCESSORY,0.000672,0.999328,model_accessory_below_threshold_with_accessory_context,"Pierre Case AirPod Cases Cover Leather, AirPods Case Protective Shockproof Covers Compatible with Apple AirPods 1& 2nd Case (Orange)",Cases,192,1,1,0,0,0,0,1,0,0,0,internal_oof
B07CKR5SG4,ACCESSORY,NOT_APPLICABLE,ACCESSORY,0.024129,0.99,strong_accessory_relation,"SupDigital Case for Samsung Galaxy S8 Wallet Case Leather,Flower with Card Holders Magnetic Closure Design Protective Cover Case for Samsung Galaxy S8 (Black)",Earbud Headphones,7,1,0,1,1,1,0,0,1,0,1,internal_oof
B07MR9294Y,ACCESSORY,NOT_APPLICABLE,ACCESSORY,0.487472,0.99,strong_accessory_relation,adada Hard Travel Case for Jabra Elite Sport True Wireless Waterproof Fitness & Running Earbuds,Earbud Headphones,1,1,1,1,1,0,0,0,1,0,0,internal_oof
B09V6SZCP3,DEVICE,EARBUD_INEAR,DEVICE,0.979413,0.979413,model_device_above_threshold_with_device_subject,"HAYLOU Wireless Earbuds, GT1 2022 Bluetooth Earbuds Bluetooth 5.2 HD Stereo Sound, AI Clear Call Noise Cancellation/USB-C/25H /Touch Control for Gym/Office/Home",Earbud Headphones,7,1,1,0,0,0,0,0,1,0,0,internal_oof
B07W37Q9KS,ACCESSORY,NOT_APPLICABLE,ACCESSORY,0.101983,0.99,strong_accessory_relation,"Compatible for Wiko Ride Model Phone Case with [Tempered Glass Screen Protector], Premium Metallic Brushed Design Dual Layer Hybrid [Shock Proof] [Drop Tested] Cover Case (Neon Green)",Headphones & Earbuds,46,1,0,1,1,0,0,0,0,1,0,internal_oof
B076ZMWXXQ,DEVICE,EARBUD_INEAR,DEVICE,0.990752,0.990752,model_device_above_threshold_with_device_subject,Mayama Compatible with Apple Samsung Wired Headphones in Ear Magnetic Metal Sport Earbuds Sweatproof Headsets with Mic Noise Canceling HiFi Stereo Heavy Bass Earphones for Workout Run Gym (Rose Gold),Earbud Headphones,64,1,4,0,0,0,0,0,1,0,0,internal_oof
B07RL2TJ57,DEVICE,EARBUD_INEAR,DEVICE,0.989327,0.989327,model_device_above_threshold_with_device_subject,Wireless Bluetooth Headphones-Wireless in-Ear Headphones-Running Headphones for Women Men-Sport Bluetooth Earphones-Best Sport,Earbud Headphones,3,1,2,0,0,0,0,0,1,0,0,internal_oof
B07M59PR6F,DEVICE,EARBUD_INEAR,DEVICE,0.961573,0.961573,model_device_above_threshold_with_device_subject,HyperGear Low Rider Wired Earphones with Microphone. Comfort-fit Ear Gels to Block Out Noise and Seal in Sound. Hands-Free Calls & Music (Red/Black),Earbud Headphones,16,1,1,0,0,0,0,0,1,0,0,internal_oof
B08HQQXYWP,DEVICE,EARBUD_INEAR,DEVICE,0.9983,0.9983,model_device_above_threshold_with_device_subject,"Ankbit Wireless Earbuds with Mic, Bluetooth 5.0 Wireless Earbuds with USB-C Charging case, Water Resist TWS Stereo Headphones, Deep Bass for Sports, Black",Earbud Headphones,105,1,2,0,0,1,0,0,1,0,0,internal_oof
B006KLD2I0,ACCESSORY,NOT_APPLICABLE,ACCESSORY,0.253508,0.746492,model_accessory_below_threshold_with_accessory_context,"Woo Audio HPS-RS Universal Adjustable Height Aluminum Headphone Stands (Silver, Single)","Headphones, Earbuds & Accessories",19,1,1,0,0,1,0,0,0,1,0,internal_oof
B0987DGJL3,DEVICE,EARBUD_INEAR,DEVICE,0.936128,0.936128,model_device_above_threshold_with_device_subject,Official Galaxy S8 InEar Headphones EO-IG955BSEGW Tuned by AKG Remote Mic Earphones- Titanium Grey,Earbud Headphones,11385,1,2,0,0,0,0,0,1,0,0,internal_oof
B008I3KSVM,DEVICE,EARBUD_INEAR,DEVICE,0.990464,0.990464,model_device_above_threshold_with_device_subject,ebasy Headphones Earbuds with HD Mic 3.5mm Jack for Earbud Earphone Android PC Tablets MP3 MP4 PS4 Players Ergo-Fit in-Ear Sport Earphones Noise Isolating Stereo Pure Sound (White),Earbud Headphones,18,1,3,0,0,0,0,0,1,0,0,internal_oof
B009MP36P0,AMBIGUOUS,NOT_APPLICABLE,AMBIGUOUS,0.594435,0.0,no_headphone_subject_in_title,Large Wooden King Tut Pharaoh Pendant Bead Chain Necklace ALL GOOD WOOD STYLE! black,Headphones & Earbuds,4,1,0,0,0,0,0,0,0,1,0,internal_oof
B07HRMC4NQ,ACCESSORY,NOT_APPLICABLE,ACCESSORY,0.093886,0.906114,model_accessory_below_threshold_with_accessory_context,NEXTDRIVE Spectra Portable USB DAC - The World’s Smallest 32-bit DAC Headphone Amp for Truly Mastering Your Sound On-The-Go (Spectra X USB A),Amplifiers,31,1,1,0,0,0,0,1,0,0,0,internal_oof
B0C7V6PQ5D,DEVICE,OVER_EAR,DEVICE,0.990487,0.990487,model_device_above_threshold_with_device_subject,"Srhythm NC25 Wireless Headphones Bluetooth 5.3,Lightweight Noise Cancelling Headset Over-Ear with Low Latency,Game Mode",Over-Ear Headphones,23474,1,2,0,0,0,0,0,1,0,0,internal_oof
B00FP1C1HE,ACCESSORY,NOT_APPLICABLE,ACCESSORY,0.043011,0.99,strong_accessory_relation,"Galaxy S3 Case, [Drop Protection] Goospery Fancy Diary Wallet Synthetic Saffiano Leather Case [ID Credit Card Slots & Cash Compartment] with Stand Flip Cover for Samsung Galaxy S III - Black/Brown",Earbud Headphones,8,1,0,1,1,1,0,0,1,0,1,internal_oof
B0037M8AEQ,DEVICE,EARBUD_INEAR,DEVICE,0.972538,0.972538,model_device_above_threshold_with_device_subject,Samsung Mono Handsfree Headset for Select Samsung Cell Phones,Headphones & Earbuds,165,1,1,0,0,0,0,0,0,1,0,internal_oof
B0BVQM7FVY,DEVICE,EARBUD_INEAR,DEVICE,0.971781,0.971781,model_device_above_threshold_with_device_subject,Hoseili 2023new editionBluetooth Headphones.Bluetooth 5.2 Wireless Earphones in-Ear，LED Power Display IPX7 Waterproof Band Microphone Touch Control Portable Charging Case for iOS Android PC. YJA2,Earbud Headphones,4,1,2,1,0,1,0,0,1,0,0,internal_oof
B002VP4DRS,DEVICE,EARBUD_INEAR,DEVICE,0.867276,0.867276,model_device_above_threshold_with_device_subject,Motorola 89375N Motorola H560 Bluetooth Headset (Black) [Wireless Phone Accessory] - 1 Pack - Case - Carrier Packaging - Neutral,Headphones & Earbuds,19,1,1,0,0,0,0,0,0,1,0,internal_oof
B07517KGJ6,ACCESSORY,NOT_APPLICABLE,ACCESSORY,0.024123,0.975877,model_accessory_below_threshold_with_accessory_context,Poyatu Replacement Earbuds for Beats X BeatsX Wireless in-Ear Headphones Eartips Eargels Ear Buds Cushions (Blue),Earpads,14,1,3,0,0,2,0,1,0,0,0,internal_oof
B001VIX9PS,DEVICE,EARBUD_INEAR,DEVICE,0.990923,0.990923,model_device_above_threshold_with_device_subject,Samsung SBH500 Stereo Bluetooth Wireless Headset,Headphones & Earbuds,113,1,1,0,0,0,0,0,0,1,0,internal_oof
B0039YP2B6,DEVICE,EARBUD_INEAR,DEVICE,0.944099,0.944099,model_device_above_threshold_with_device_subject,Scosche Increased Dynamic Range Noise Isolation Earphones with Hands-Free Mic and Volume Control,Headphones & Earbuds,3,1,1,0,0,0,0,0,0,1,0,internal_oof
B07MSC23V1,DEVICE,ON_EAR,DEVICE,0.848129,0.848129,model_device_above_threshold_with_device_subject,"Sleep Headphones Eye Mask Perfect for Sleeping, Anti Snoring and The Best Headphones Sleep Design Ideas for Sports, Air Travel, Meditation and Relaxat (Black)",Headphones & Earbuds,49,1,1,0,0,0,0,0,0,1,0,internal_oof
B0C1BQCSMR,DEVICE,EARBUD_INEAR,DEVICE,0.857224,0.857224,model_device_above_threshold_with_device_subject,"Siumir Earbuds Cleaning Pen Kit Compatible with Airpods Bluetooth Earbuds Cleaning Putty Cleaning Cloth Wipes Cleaning Tools for Charging Case, Headphones Phone, Earbuds, Camera",Earbud Headphones,305,1,3,0,0,1,0,0,1,0,0,internal_oof
B0BH7GY54V,ACCESSORY,NOT_APPLICABLE,ACCESSORY,0.004706,0.995294,strong_accessory_relation,"COMPLY Foam Ear Tips for Apple AirPods Pro Generation 1 & 2, Ultimate Comfort| Unshakeable Fit| Small, 3 Pairs",Earpads,16568,1,1,1,1,1,0,1,0,0,0,internal_oof
B07TFK71M5,ACCESSORY,NOT_APPLICABLE,ACCESSORY,0.003063,0.996937,strong_accessory_relation,"Yeegewin Case Cover for Galaxy Buds, PC Protective Cover with Keychain, Anti-Scratch, Shockproof Nonslip Carabiner Charging Case Cover for Samsung Galaxy Buds - Black",Cases,47,1,1,1,1,1,0,1,0,0,0,internal_oof
B0BFF5787V,ACCESSORY,NOT_APPLICABLE,ACCESSORY,0.002189,0.997811,model_accessory_below_threshold_with_accessory_context,"AIIEKZ Compatible with AirPods Pro Case Cover, Soft Silicone Case with Gold Heart Pattern for AirPod Pro Case with Cute Butterfly Keychain for Girls Women (Black)",Cases,83,1,1,1,0,0,0,1,0,0,0,internal_oof
B01729FRMW,DEVICE,EARBUD_INEAR,DEVICE,0.676144,0.676144,model_device_above_threshold_with_device_subject,Multi Sport Audio Waterproof Headphones with short cords and carrying case,Earbud Headphones,12,1,1,0,0,2,0,0,1,0,0,internal_oof
B08MDCT3T9,DEVICE,EARBUD_INEAR,DEVICE,0.98798,0.98798,model_device_above_threshold_with_device_subject,LUDOS Ultra Earbuds Wired in Ear Headphones with Tangle-Free Cord Noise Isolating Earphones Deep Bass Case Ear Buds 3.5 mm Jack Plug - Orange,Earbud Headphones,16592,1,4,0,0,1,0,0,1,0,0,internal_oof
B01IM9AJR4,ACCESSORY,NOT_APPLICABLE,ACCESSORY,0.124708,0.99,strong_accessory_relation,Poyatu Upgraded Cable for HD598 HD558 HD518 Headphones Replacement Cable Cord with Microphone Volume Control Remote for Andriod,"Headphones, Earbuds & Accessories",31,1,1,1,1,2,0,0,0,1,0,internal_oof
B09HLGPB3D,DEVICE,EARBUD_INEAR,DEVICE,0.994283,0.994283,model_device_above_threshold_with_device_subject,"Sony MDRXB50AP Extra Bass Earbud Headphones/Headset with Mic for Phone Call, Red",Earbud Headphones,21632,1,3,0,0,0,0,0,1,0,0,internal_oof
B07SQQCHZD,ACCESSORY,NOT_APPLICABLE,ACCESSORY,0.038641,0.961359,model_accessory_below_threshold_with_accessory_context,"MASCARRY Earbuds Silicone Case for Jabra Elite 65t /Elite Active 65t True Wireless Sports Earbuds, Soft and Flexible, Anti-Scratch, Keychain Shockproof Nonslip Carabiner Charging Case(Black)",Cases,18,1,1,1,0,1,0,1,0,0,0,internal_oof
B0BG6QT53R,DEVICE,EARBUD_INEAR,DEVICE,0.998987,0.998987,model_device_above_threshold_with_device_subject,"welodorir Wireless Earbuds,True Bluetooth 5.1 Headphones Built-in Mic Headphones in-Ear Stereo Earphones Noise Cancelling Waterproof Earbuds Touch Control with Wireless Charging Case (Cool Black)",Earbud Headphones,29,1,3,0,0,1,1,0,1,0,0,internal_oof
B09L8NP1M5,ACCESSORY,NOT_APPLICABLE,ACCESSORY,0.001653,0.998347,accessory_taxonomy_and_context,Compatible with Beats Fit Pro Protector Case Cover 2021 Soft Pink Silicone Protective Skin - LEFXMOPHY,Cases,290,1,0,0,0,1,0,1,0,0,0,internal_oof
B017TABB88,DEVICE,EARBUD_INEAR,DEVICE,0.957984,0.957984,model_device_above_threshold_with_device_subject,SmithOutlet 500 Bulk Pack Earbuds Silver,Earbud Headphones,3,1,1,0,0,0,0,0,1,0,0,internal_oof
B0B1ZLMT2P,ACCESSORY,NOT_APPLICABLE,ACCESSORY,0.001585,0.998415,strong_accessory_relation,"Rqker Eartip Covers Fit in Case Compatible with Galaxy Buds Live SM-R180, 8 Pairs S/L Sizes Soft Silicone Replacement Ear Tips Covers Earbuds Covers Compatible with Galaxy Buds Live, 8 Pairs 4 Colors",Earpads,58,1,2,1,1,2,0,1,0,0,0,internal_oof
B0BPJYGQMP,DEVICE,EARBUD_INEAR,DEVICE,0.926021,0.926021,model_device_above_threshold_with_device_subject,"VOLT PLUS TECH Wireless Bluetooth Earbuds for iPhone 14/14Pro/14Pro Max/13/13Pro/13Pro Max/12 Pro/Pro Max /11 Pro/Pro Max/F9 TWS 10,2000mAh Charging case,8D Bass,IPX3 Touch Waterproof/Noise Reduction",Earbud Headphones,1,1,1,0,0,1,0,0,1,0,0,internal_oof
B089LR5S22,DEVICE,EARBUD_INEAR,DEVICE,0.980637,0.980637,model_device_above_threshold_with_device_subject,TicPods ANC Active Noise Cancellation True Wireless Earbuds Bluetooth 5.0 IPX5 Sweat and Water Resistant with Type C Charging for Running and Sports Charging Case Included-Ice,Earbud Headphones,533,1,1,0,0,1,0,0,1,0,0,internal_oof
B00WU79WMI,DEVICE,NEEDS_REVIEW,DEVICE,0.927392,0.927392,model_device_above_threshold_with_device_subject,Focal Spirit One S Premium Headphones - Closed,Headphones & Earbuds,52,1,1,0,0,0,0,0,0,1,0,internal_oof
B09XTT923Y,ACCESSORY,NOT_APPLICABLE,AMBIGUOUS,0.317741,0.0,probability_or_semantics_not_decisive,Hagibis Cleaning Pen for Airpods Pro 1 2 Multi-Function Cleaner Kit Soft Brush for Bluetooth Earphones Case Cleaning Tools for Lego Huawei Samsung MI Earbuds (White),"Headphones, Earbuds & Accessories",22644,1,3,0,0,0,0,0,0,1,0,internal_oof
B01N1ORYIW,ACCESSORY,NOT_APPLICABLE,ACCESSORY,0.008107,0.991893,model_accessory_below_threshold_with_accessory_context,"Synsen Replacement XL Memory Earpad Cushions for V-Moda Crossfade Series,Wireless, M-100, LP, LP2 Vocal Over-Ear Headphones",Earpads,29,1,1,0,0,2,0,1,0,0,0,internal_oof
B08Q2D3XR1,DEVICE,ON_EAR,DEVICE,0.981264,0.981264,model_device_above_threshold_with_device_subject,"Panasonic Headphones, On-Ear Lightweight Earphones with Microphone and XBS for Extra Bass and Clear, Natural Sound, 3.5mm Jack for Phones and Laptops, Work from Home - RP-HT21M (Black & Silver)",Over-Ear Headphones,28620,1,2,0,0,0,0,0,1,0,0,internal_oof
B0B9Z4RJ58,DEVICE,EARBUD_INEAR,DEVICE,0.918509,0.918509,model_device_above_threshold_with_device_subject,"SAMSUNG Galaxy Buds 2 Pro + 35W Dual Port Wall Charger Bundle, True Wireless Bluetooth Earbuds w/Noise Cancelling, Hi-Fi Sound, Graphite and USB C Adapter, Super Fast Charging Block, Black",Earbud Headphones,48,1,2,0,0,1,0,0,1,0,0,internal_oof
B08SK7KDG4,ACCESSORY,NOT_APPLICABLE,ACCESSORY,0.003262,0.996738,strong_accessory_relation,"Sixsop Replacement Ear Pads Cushions for Astro A40 A50 GEN1 GEN2 Gaming Headset (Not Compatible with A40TR, A50 GEN3, A50 GEN4)",Earpads,16,1,1,1,1,1,0,1,0,0,0,internal_oof
B085CCL7RH,ACCESSORY,NOT_APPLICABLE,ACCESSORY,0.010355,0.989645,model_accessory_below_threshold_with_accessory_context,"Laffav Airpods Case Soft Silicone Protective Shockproof Wireless Charging Airpod Earbuds Case Cover Skin with Keychain kit Set for Apple AirPods 1 & 2, 2 Pack, Black, Blue Gray",Cases,12142,1,2,1,0,1,0,1,0,0,0,internal_oof
B009X89LTQ,DEVICE,EARBUD_INEAR,DEVICE,0.997272,0.997272,model_device_above_threshold_with_device_subject,Mizco EKU-CHA2-RD Ecko Chaos 2 Stereo Earbud Headphones with In-Line Microphone - Red,Earbud Headphones,20,1,2,0,0,0,0,0,1,0,0,internal_oof
B07CBYV1R7,DEVICE,OVER_EAR,DEVICE,0.965718,0.965718,model_device_above_threshold_with_device_subject,"Active Noise Cancelling Headphones with Microphone,Barsone Hi-Fi Stereo Deep Bass Wired Wireless Foldable Over Ear Protein Earpads Bluetooth Headphones with Carrying Case for Gym Airplane(Black)",Headphones & Earbuds,59,1,1,1,0,3,0,0,0,1,0,internal_oof
B06XB1H427,ACCESSORY,NOT_APPLICABLE,AMBIGUOUS,0.395033,0.0,no_headphone_subject_in_title,Set of 6 Replacement Bluetooth Ear Loop Hook Clip Clear/Black (6mm) Comes with Free How to Live Stress Free Ebook,Headphones & Earbuds,27,1,0,0,0,0,0,0,0,1,0,internal_oof
B08Y91CMDK,ACCESSORY,NOT_APPLICABLE,ACCESSORY,0.00827,0.99173,model_accessory_below_threshold_with_accessory_context,"USB-C to 3.5 mm Headphone Jack Adapter[2 Pack Black], Type C to 3.5mm Aux Audio Earphone Dongle Jack Cable Adapter Connector for Samsung Galaxy/Huawei P30 Pro/Mate 10 Pro/iPad Pro/Google Pixel/OnePlus",Adapters,19,1,2,0,0,2,0,1,0,0,0,internal_oof
B0096CGTEY,DEVICE,EARBUD_INEAR,AMBIGUOUS,0.167944,0.0,probability_or_semantics_not_decisive,"2pcs Earhooks Bluetooth Wireless Headset Ear Hook Loop Hooks Clip Earhook Earloop Earclip Stabilizer Stabilizers , Black Sea International Logo Good Quality Micro Fiber Cleaning Cloth (Random Color)",Headphones & Earbuds,202,1,1,0,0,0,0,0,0,1,0,internal_oof
B0BRMCK569,DEVICE,EARBUD_INEAR,DEVICE,0.987023,0.987023,model_device_above_threshold_with_device_subject,True Wireless Earbuds Bluetooth Headphones 25H Playtime Built-in 4 Mics Deep Bass USB-C Fast Charge IPX5 Waterproof for Sport Work,Earbud Headphones,33,1,2,0,0,0,0,0,1,0,0,internal_oof
B09GYPRYQS,DEVICE,EARBUD_INEAR,DEVICE,0.997618,0.997618,model_device_above_threshold_with_device_subject,"BD&M Wireless Bluetooth Open-Ear Headphones Waterproof Headset Microphone Hanging Earphone Air Conduction Built-in with Mic for Sports Workouts and Running, Black",Open-Ear Headphones,90,1,3,0,0,0,0,0,1,0,0,internal_oof
B008MOTQT2,DEVICE,EARBUD_INEAR,DEVICE,0.763787,0.763787,model_device_above_threshold_with_device_subject,"Compatible with Apple iPhone 3G S iPhone 4S - AT&T, Sprint, Version 16GB 32GB 64GB Earphones Headphones with Mic - Golden Copper",Earbud Headphones,3,1,2,0,0,0,0,0,1,0,0,internal_oof
B0C9CBLTRF,ACCESSORY,NOT_APPLICABLE,ACCESSORY,0.005294,0.994706,strong_accessory_relation,"[Apple MFi Certified] iPhone Headphone Adapter, 2 Pack 2 in 1 Lightning to 3.5mm Aux Audio and Charge Jack Adapter Splitter Dongle for iPhone 14 13 12 11 Pro Max XS XR X 8 7 6 iPad, Support iOS 16",Adapters,22650,1,1,1,1,1,0,1,0,0,0,internal_oof
B011B0M6SQ,DEVICE,OVER_EAR,DEVICE,0.866989,0.866989,model_device_above_threshold_with_device_subject,"Sound Intone Max 2015 New Professional 3.5mm Pc Gaming Stereo Headset Noise Canelling Headphones with Volume Control Microphone for Online Gaming, Pc Computer Game,Desktop Pcs, Laptops (X7-Black)","Headphones, Earbuds & Accessories",6,1,2,0,0,0,0,0,0,1,0,internal_oof
B0BL4X7168,DEVICE,EARBUD_INEAR,DEVICE,0.966274,0.966274,model_device_above_threshold_with_device_subject,"Soundcore by Anker Liberty 2 Pro True Wireless Earbuds, Bluetooth Earbuds, ACAA Dynamic Driver and Armature Driver, in-Ear Studio Performance, 8H Playtime, HearID Personalized EQ, Wireless Charging",Earbud Headphones,7924,1,1,0,0,0,0,0,1,0,0,internal_oof
B0BV2BDGV7,DEVICE,EARBUD_INEAR,DEVICE,0.991304,0.991304,model_device_above_threshold_with_device_subject,"EarFun Wireless Earbuds, [2020 CES Award] Free Bluetooth 5.0 Earbuds with Wireless Charging Case, USB-C Quick Charge, IPX7 Waterproof in-Ear Wireless Headphones, Deep Bass, 30H Playtime",Earbud Headphones,16429,1,2,0,0,1,1,0,1,0,0,internal_oof
B0713MZC7P,DEVICE,OVER_EAR,DEVICE,0.931912,0.931912,model_device_above_threshold_with_device_subject,"OUTOS Cat Headphones, Rechargeable Cute Cat Ear Headphones with LED Flashing Glowing Lights Fold-able Over Ear Cos-Play Fancy Headsets for iPhone, PC, Laptop, MP3, MP4 and Android Phone(Pink)",Headphones & Earbuds,39,1,2,0,0,0,0,0,0,1,0,internal_oof
B007P51BSI,DEVICE,EARBUD_INEAR,DEVICE,0.991372,0.991372,model_device_above_threshold_with_device_subject,"Yurbuds Ironman Inspire In-Ear Earbud Sport Headphones with TwistLock Technology Earphones, Sweat Resistant, White",Earbud Headphones,207,1,3,0,0,0,0,0,1,0,0,internal_oof
B01GFAX0EQ,DEVICE,EARBUD_INEAR,DEVICE,0.950721,0.950721,model_device_above_threshold_with_device_subject,Stereo Music Headphones Ear Clip For Samsung Galaxy SII I9100 SII MINI TEOS with Mic & Remote Control Microphone Wired Earpods Ear Hooks,Headphones & Earbuds,1,1,2,0,0,0,0,0,0,1,0,internal_oof
B07XSL8WFG,ACCESSORY,NOT_APPLICABLE,ACCESSORY,0.779758,0.99,strong_accessory_relation,"Audio-Technica AT-HPS700 Headphone Stand, Aluminum",Over-Ear Headphones,68,1,1,1,1,1,0,0,1,0,0,internal_oof
B09SFSCLQ4,ACCESSORY,NOT_APPLICABLE,ACCESSORY,0.03279,0.96721,model_accessory_below_threshold_with_accessory_context,"NewFantasia 3m/10ft 4.4mm Balanced Cable 6N OCC Copper Silver Plated Cord Walnut Wood Shell Compatible with Hifiman Sundara, Ananda, Arya, HE400SE, HE4XX, HE-400i Headphone (2 x 3.5mm Version)",Extension Cords,6,1,1,0,0,2,0,1,0,0,0,internal_oof
B09H3J5F4C,ACCESSORY,NOT_APPLICABLE,ACCESSORY,0.003395,0.996605,model_accessory_below_threshold_with_accessory_context,"Gtinna 3D Cute Cartoon Lucky Cat Airpods Cover Soft Silicone Rechargeable Airpods Cases,AirPods Case Protective Silicone Cover and Skin for Apple Airpods 1st/2nd Charging Case (White)",Cases,1606,1,1,1,0,2,0,1,0,0,0,internal_oof
B095GFVX6T,DEVICE,EARBUD_INEAR,DEVICE,0.989161,0.989161,model_device_above_threshold_with_device_subject,"BEARTWO Bluetooth Headphones, Upgraded Foldable Wireless Neckband Headset with Retractable Earbuds, Noise Cancelling Stereo Earphones with Mic for Workout, Running, Driving (with Carry Case)",Earbud Headphones,16023,1,4,0,0,0,0,0,1,0,0,internal_oof
B091GDFM2W,DEVICE,EARBUD_INEAR,AMBIGUOUS,0.994874,0.0,taxonomy_device_but_title_has_no_device_subject,realme Buds air2 neo Black,Earbud Headphones,11486,1,0,0,0,0,0,0,1,0,1,internal_oof
B07MTPTNRY,DEVICE,EARBUD_INEAR,DEVICE,0.976969,0.976969,model_device_above_threshold_with_device_subject,"Wearhaus Beam Wireless Bluetooth Sharing Earbuds, HiFi Bass Stereo in-Ear Sweatproof Sports Headset w/Mic, Color Changing LED Light, Lightweight Case for Gym Running Gaming Travel Work (Black+White)",Earbud Headphones,1,1,2,1,0,0,0,0,1,0,0,internal_oof
B01GZADPMI,ACCESSORY,NOT_APPLICABLE,ACCESSORY,0.365779,0.99,strong_accessory_relation,"Moto Z Force Droid Case, Cimo [Grip] Premium Slim Protective Cover for Motorola Moto Z Force Droid (2016) - Blue",Earbud Headphones,50,1,0,1,1,0,0,0,1,0,1,internal_oof
B00Y2TDSTK,ACCESSORY,NOT_APPLICABLE,ACCESSORY,0.054142,0.945858,model_accessory_below_threshold_with_accessory_context,6 PCS Mini Earphone SD Card Macarons Bag Storage Box colorful organizer,Cases,38,1,1,0,0,0,0,1,0,0,0,internal_oof
B0915C35CH,DEVICE,EARBUD_INEAR,DEVICE,0.990885,0.990885,model_device_above_threshold_with_device_subject,"KBEAR KS2 in Ear Monitors,H HIFIHEAR 1BA 1DD Stereo in Ear Earphones, HiFi in Ear Ear Earbud Headset Noise Cancelling Hybrid Earphone with Removable Cable for Running Walking (with mic, KS2 Cyan) …",Earbud Headphones,461,1,4,1,0,1,0,0,1,0,0,internal_oof
B07Y9V13VQ,ACCESSORY,NOT_APPLICABLE,AMBIGUOUS,0.422367,0.0,taxonomy_device_but_title_has_no_device_subject,"EXMRAT Compatible with Jabra Elite Active 65t Charging Case, Charging Dock Station for Jabra Elite Active 65t & Jabra Elite 65t",Earbud Headphones,31,1,0,0,0,1,0,0,1,0,1,internal_oof
B01BMUJZUC,DEVICE,EARBUD_INEAR,DEVICE,0.924921,0.924921,model_device_above_threshold_with_device_subject,"Samsung Gear VR Virtual Reality Headset - SM-R322NZWAXAR - Ear Buds/Bag Bundle Includes Gear VR Headset, Metal Ear Buds and Gadget Bag",Headphones & Earbuds,4,1,2,0,0,0,0,0,0,1,0,internal_oof
B00B5I9282,DEVICE,OVER_EAR,DEVICE,0.942305,0.942305,model_device_above_threshold_with_device_subject,Myth Labs Eclipse Headphones - Personalized Headphones - Passive Noise Canceling,Over-Ear Headphones,6,1,1,0,0,0,0,0,1,0,0,internal_oof
B088NSDX6Q,ACCESSORY,NOT_APPLICABLE,ACCESSORY,0.684677,0.99,strong_accessory_relation,KZ APTX HD CSR8675 Bluetooth 5.0 IPV5 Waterproof Noise Reduction Bluetooth Module Upgrade Cable for ZSX/ZSN/ZSNPRO/ZSNProX/ZS10PRO/AS12/AS16(C Pin),Earbud Headphones,41,1,0,1,1,1,0,0,1,0,1,internal_oof
B01H2KEMM2,AMBIGUOUS,NOT_APPLICABLE,AMBIGUOUS,0.858448,0.0,taxonomy_device_but_title_has_no_device_subject,"Rimmel The Only One Lipstick, You're All Mine, (Pack of 2)",Earbud Headphones,1,1,0,0,0,0,0,0,1,0,1,internal_oof
B00CU4LG3O,DEVICE,ON_EAR,DEVICE,0.939229,0.939229,model_device_above_threshold_with_device_subject,Subjekt TNT Headphones + Mic - Hot Pink,Headphones & Earbuds,22,1,1,0,0,0,0,0,0,1,0,internal_oof
B0821XLRHT,DEVICE,OVER_EAR,DEVICE,0.870938,0.870938,model_device_above_threshold_with_device_subject,"Sujeetec Microphone Headset Discreet Headworn Earset Over Ear Mic for Shure Wireless System Bodypack Transmitter, Ideal for Lectures, Live Performance, Theater, Podcasts",Earbud Headphones,3,1,1,0,0,0,0,0,1,0,0,internal_oof
B01M71I961,ACCESSORY,NOT_APPLICABLE,AMBIGUOUS,0.019005,0.0,no_headphone_subject_in_title,Joymee Set of 6 Winter Snowflake Woven PVC Placemat for Dining Table Heat Insulation Stain-resistant Kitchen Placemats Simple Style Christmas Gift,Adapters,6,1,0,0,0,0,0,1,0,0,0,internal_oof
B00N7B10DA,ACCESSORY,NOT_APPLICABLE,ACCESSORY,0.024243,0.99,strong_accessory_relation,ESEN Replacement Earpad Ear Pad Cushion for Marshall Major On-Ear Pro Stereo Headphones(White),Earpads,3,1,1,1,1,2,0,1,0,0,0,internal_oof
B06XJRZMDN,DEVICE,OVER_EAR,DEVICE,0.931813,0.931813,model_device_above_threshold_with_device_subject,Audio-Technica Solid Bass Wireless Over-Ear Headphones w/Built-in Mic & Control (ATH-WS99BT) with Universal Wood Headphone Stand & Slappa HardBody PRO Full Sized Headphone Case Black,On-Ear Headphones,2,1,1,1,0,1,0,0,1,0,0,internal_oof
B072V1M85N,ACCESSORY,NOT_APPLICABLE,ACCESSORY,0.007812,0.992188,strong_accessory_relation,"elago Silicone Case with Keychain Compatible with Apple AirPods Case 1 & 2, Front LED Visible, Supports Wireless Charging, Protective Silicone [Dark Grey]",Cases,12481,1,1,1,1,0,0,1,0,0,0,internal_oof
B0B84WGV37,DEVICE,EARBUD_INEAR,DEVICE,0.995504,0.995504,model_device_above_threshold_with_device_subject,"zivsivc Wireless Earbuds Bluetooth 5.1 Button Control Headphones with Built-in Mic,3500 mAh LCD Wireless Charging Case,IPX7 Waterproof Earphones,CVC8.0 Noise Cancelling Wireless (Q82-41)",Earbud Headphones,832,1,3,0,0,1,0,0,1,0,0,internal_oof
B08XPWDSWW,DEVICE,EARBUD_INEAR,DEVICE,0.995426,0.995426,model_device_above_threshold_with_device_subject,TOZO T10 Bluetooth 5.3 Wireless Earbuds with Wireless Charging Case IPX8 Waterproof Stereo Headphones in Ear Built in Mic Headset Premium Sound with Deep Bass for Sport White (2022 Upgraded),Earbud Headphones,349254,1,3,0,0,1,1,0,1,0,0,internal_oof
B00YKV6UTA,ACCESSORY,NOT_APPLICABLE,AMBIGUOUS,0.360988,0.0,probability_or_semantics_not_decisive,Cable with remote and mic for iphone ipod ipad to Sony MDR-Z1000 MDR-7520 Mdr-X10 X920 Xb900 MDR-1RNC MDR-1RBT ZX700 MDR-ZX750dc MDR-NC50 mdr-nc600d HDR-MV1 nc500d MDR-1R MDR-10R MDR-1A headphones,"Headphones, Earbuds & Accessories",7,1,1,0,0,1,0,0,0,1,0,internal_oof
B00WUA4ANG,DEVICE,EARBUD_INEAR,DEVICE,0.963006,0.963006,model_device_above_threshold_with_device_subject,iFrogz Flex Sport Over the Ear Earbuds with Microphone - Black/Pink,Headphones & Earbuds,4,1,1,0,0,0,0,0,0,1,0,internal_oof
B072L3P3JD,ACCESSORY,NOT_APPLICABLE,ACCESSORY,0.154807,0.99,strong_accessory_relation,"Xawy iPhone 7 Case, iPhone 8 case, [Premium Flexible] Shock Absorption TPU Bumper Cushion + Scratch Resistant Mobile Phone Case for iPhone 7/iPhone582",Earbud Headphones,1,1,0,1,1,0,0,0,1,0,1,internal_oof
B0075D1NEW,ACCESSORY,NOT_APPLICABLE,AMBIGUOUS,0.101767,0.0,no_headphone_subject_in_title,"GadgetBrat Compatible Upgrade Earhook for Jawbone ERA ""Unbreakable"" (3 Pcs) Shadow Box / Midnight ""Comfortable / Heavy Duty"". Exclusive Design. Labeled Package","Headphones, Earbuds & Accessories",76,1,0,0,0,0,0,0,0,1,0,internal_oof
B00GP6YPOA,ACCESSORY,NOT_APPLICABLE,AMBIGUOUS,0.353102,0.0,probability_or_semantics_not_decisive,Love and Peace Red - Decal Style Vinyl Skin fits Sony MDR ZX100 Headphones (Headphones NOT Included),"Headphones, Earbuds & Accessories",1,1,1,0,0,2,0,0,0,1,0,internal_oof
B09ZY91W9K,DEVICE,EARBUD_INEAR,DEVICE,0.878754,0.878754,model_device_above_threshold_with_device_subject,"iPhone Earphones Wired, Built-in Mic,Support Volume Control Calling Siri Compatible with iPhone 13/12/11 Pro Max/Xs Max/XR/7/8 Plus More",Earbud Headphones,4,1,1,0,0,0,0,0,1,0,0,internal_oof
B008VVY9DO,ACCESSORY,NOT_APPLICABLE,AMBIGUOUS,0.020539,0.0,no_headphone_subject_in_title,Imitation Silver Leaf EN: 200 sheets (Loose Leaf Only),Adapters,6,1,0,0,0,0,0,1,0,0,0,internal_oof
B01KA2FZLG,ACCESSORY,NOT_APPLICABLE,AMBIGUOUS,0.553502,0.0,no_headphone_subject_in_title,FEIDOL Audio Cable 5,Headphones & Earbuds,2,1,0,0,0,1,0,0,0,1,0,internal_oof
B07FTDNTLM,DEVICE,EARBUD_INEAR,DEVICE,0.991335,0.991335,model_device_above_threshold_with_device_subject,"Solonic Wired Earbuds HiFi Stereo Earphones with Mic & Volume Control, Tangle-Free, Noise Isolation for Devices with 3.159mm Jack [Upgraded Drive Units]",Earbud Headphones,1,1,2,0,0,0,0,0,1,0,0,internal_oof
B07BDSMHJZ,DEVICE,OVER_EAR,DEVICE,0.954584,0.954584,model_device_above_threshold_with_device_subject,"Egghead EGG-IAG-1007-1019-SO-PK Stereo School Headphones with Boom Microphone and Dual 3.5 mm Plugs and Bonus Adapter, Silver",Over-Ear Headphones,7,1,1,0,0,1,0,0,1,0,0,internal_oof
B008P8EWI0,DEVICE,ON_EAR,DEVICE,0.866698,0.866698,model_device_above_threshold_with_device_subject,JVC HAS140W Flat Foldable Headphones,Headphones & Earbuds,67,1,1,0,0,0,0,0,0,1,0,internal_oof
B00CH5A3VM,ACCESSORY,NOT_APPLICABLE,ACCESSORY,0.007833,0.992167,model_accessory_below_threshold_with_accessory_context,"(4 Pack) ebasy 3.5mm Headphone Compatible Phone 5,6,7,8-red&Black i048",Adapters,7,1,1,0,0,0,0,1,0,0,0,internal_oof
B094ZNRZMD,DEVICE,OVER_EAR,DEVICE,0.963464,0.963464,model_device_above_threshold_with_device_subject,"Perytong Sleep Headphones, Bluetooth Sports Headband Headphones with Ultra-Thin HD Stereo Speakers Perfect for Sleeping,Workout,Jogging,Yoga,Insomnia, Air Travel, Meditation",Over-Ear Headphones,44164,1,1,0,0,0,0,0,1,0,0,internal_oof
B01EH7YSS6,ACCESSORY,NOT_APPLICABLE,ACCESSORY,0.14476,0.99,strong_accessory_relation,"iPhone 6s Plus Case, ALPHABETT [Hybrid Bumper Cove] Scratch Resistant Drop Protective Super Thin Case for Apple iPhone 6 Plus & 6s Plus (Black/Grey)",Earbud Headphones,6,1,0,1,1,0,0,0,1,0,1,internal_oof
B005TTIPMW,ACCESSORY,NOT_APPLICABLE,AMBIGUOUS,0.810656,0.0,no_headphone_subject_in_title,Super Mini Bluetooth USB Dongle (Black) for Viewsonic tablet,Headphones & Earbuds,1,1,0,0,0,0,0,0,0,1,0,internal_oof
B0C42VXNHH,DEVICE,EARBUD_INEAR,DEVICE,0.995016,0.995016,model_device_above_threshold_with_device_subject,ANINUALE Wireless Earbuds Bluetooth Ear Buds with Mic Wireless Charging Case 58Hrs Playtime LED Display Headphones Over Ear Earhooks IPX7 Waterproof Sport Earphones Wireless Bluetooth 5.3 Earbuds,Earbud Headphones,7,1,4,0,0,1,0,0,1,0,0,internal_oof
B08V4H741T,DEVICE,EARBUD_INEAR,DEVICE,0.993894,0.993894,model_device_above_threshold_with_device_subject,"Origem HS-3pro Bluetooth Headphones, Wireless Sport Earphones with HDR Audio, Strong Bass, Noise Cancelling,Bluetooth 5.0 with mic, IPX5 Waterproof, Wireless Earbuds for Sports, Workout, Gym (Black)",Earbud Headphones,116,1,3,0,0,0,0,0,1,0,0,internal_oof
B07D2CQCPS,ACCESSORY,NOT_APPLICABLE,ACCESSORY,0.008094,0.991906,model_accessory_below_threshold_with_accessory_context,"USB C to 3.5mm Audio Adapter, Drift USB Type C Male to 3.5mm Female Extension Headphone Audio Stereo Cord Adapter Compatible with Google Pixel 2/2XL, HTC U11, Moto Z and More Type C Device (Black)",Adapters,24,1,1,0,0,2,0,1,0,0,0,internal_oof
B0BMGMWPD4,DEVICE,EARBUD_INEAR,DEVICE,0.996972,0.996972,model_device_above_threshold_with_device_subject,"Hntmao True Wireless Earbuds, IPX6 Waterproof Bluetooth Earbuds, 30H Cyclic Playtime Headphones with Charging Case and mic for iPhone Android, in-Ear Stereo Earphones Headset for Sport Black",Earbud Headphones,1568,1,4,0,0,1,1,0,1,0,0,internal_oof
B07S9GVDHB,DEVICE,OVER_EAR,DEVICE,0.990024,0.990024,model_device_above_threshold_with_device_subject,U Wireless Headphones Bluetooth With Carrying Case Built In Microphone 12Hr Playback Time Noise Cancellation Enhanced Bass,Over-Ear Headphones,2,1,1,0,0,1,0,0,1,0,0,internal_oof
B07VMPXJ9L,ACCESSORY,NOT_APPLICABLE,ACCESSORY,0.001992,0.998008,model_accessory_below_threshold_with_accessory_context,Airpods Case - Airspo 7 in 1 Airpods Accessories Set Compatible with Airpods 1 & 2 Protective Silicone Cover Floral Print Cute Case (Flamingo),Cases,8961,1,1,0,0,0,0,1,0,0,0,internal_oof
B07XTZ7T54,DEVICE,EARBUD_INEAR,DEVICE,0.942975,0.942975,model_device_above_threshold_with_device_subject,"JVC Truly Wireless Earbuds Headphones, Bluetooth 5.0, Water Resistance(Ipx5), Long Battery Life (4+10 Hours), Secure and Comfort Fit with Memory Foam Earpieces - HAA10TB (Black)",Earbud Headphones,1623,1,3,0,0,0,0,0,1,0,0,internal_oof
B0855M9MXW,DEVICE,EARBUD_INEAR,DEVICE,0.874436,0.874436,model_device_above_threshold_with_device_subject,Anker A3201ZF1 Soundcore Life NC Headphones,Earbud Headphones,8,1,1,0,0,0,0,0,1,0,0,internal_oof
B08Q3PCT5J,ACCESSORY,NOT_APPLICABLE,ACCESSORY,0.008578,0.991422,model_accessory_below_threshold_with_accessory_context,"Lightning to 3.5mm Headphone Jack Adapter, iPhone Apple MFi Certified 2 in 1 Charger and Aux Sudio Splitter for iPhone 12/11/X/XR/XS/8/8Plus/7/7Plus",Adapters,694,1,1,0,0,1,0,1,0,0,0,internal_oof
B00JQFN4OY,ACCESSORY,NOT_APPLICABLE,ACCESSORY,0.00147,0.99853,model_accessory_below_threshold_with_accessory_context,Dongle Headphone Jack Adapter for Phone 128 Adapter Charger Adapter AUX Audio,Adapters,1,1,1,1,0,1,0,1,0,0,0,internal_oof
B016IVB756,ACCESSORY,NOT_APPLICABLE,AMBIGUOUS,0.253597,0.0,no_headphone_subject_in_title,LuettBiden S1 Tempered Glass Screen Protector 321,Headphones & Earbuds,1,1,0,0,0,0,0,0,0,1,0,internal_oof
B0076Z3F9A,DEVICE,EARBUD_INEAR,DEVICE,0.946861,0.946861,model_device_above_threshold_with_device_subject,Samsung HM1700 Bluetooth Headset (Blue),Headphones & Earbuds,270,1,1,0,0,0,0,0,0,1,0,internal_oof
B0B38WLYJ7,DEVICE,EARBUD_INEAR,DEVICE,0.995617,0.995617,model_device_above_threshold_with_device_subject,CASCHO Wireless Earbuds Bluetooth Headphones 60Hrs Playtime HD Stereo Audio Digital LED Display Over-Ear Earphones with Earhook Waterproof Headset with Mic for Sport Running Workout,Earbud Headphones,12476,1,4,0,0,0,0,0,1,0,0,internal_oof
B000OZQM8A,DEVICE,EARBUD_INEAR,DEVICE,0.98317,0.98317,model_device_above_threshold_with_device_subject,Harman Kardon 710 Noise Isolating Earphones (Black),Earbud Headphones,4,1,1,0,0,0,0,0,1,0,0,internal_oof
B09YLJ9B6P,ACCESSORY,NOT_APPLICABLE,ACCESSORY,0.005872,0.994128,model_accessory_below_threshold_with_accessory_context,"Luckvan Earbuds Tips for Jabra Elite 85t Ear Tips Replacement for Jabra 85t True Wireless Earbuds, Black",Earpads,25,1,1,1,0,1,0,1,0,0,0,internal_oof
B07TCKB383,ACCESSORY,NOT_APPLICABLE,ACCESSORY,0.002682,0.997318,model_accessory_below_threshold_with_accessory_context,"CTYBB for Airpod Case,Silicone Airpods Case Cover with Fur Ball Keychain Compatible with Apple Airpods 2/1 (Front LED Visible) Line Green",Cases,24990,1,1,1,0,0,0,1,0,0,0,internal_oof
B01BA3AVWW,DEVICE,EARBUD_INEAR,DEVICE,0.967674,0.967674,model_device_above_threshold_with_device_subject,Fenzer Black Headphones w/Mic Earphones Earbuds Headset for Apple iPhone 3 3G 4 4S 5 5C 5S 6 Plus,Headphones & Earbuds,12,1,4,0,0,0,0,0,0,1,0,internal_oof
B00KUEQIUW,DEVICE,EARBUD_INEAR,DEVICE,0.921416,0.921416,model_device_above_threshold_with_device_subject,Purple HandsFree EarPhone HeadPhones HeadSet With Mic. For Nokia Lumia 521 / 520,Headphones & Earbuds,4,1,3,0,0,0,0,0,0,1,0,internal_oof
B0145R1WZK,ACCESSORY,NOT_APPLICABLE,ACCESSORY,0.001721,0.998279,accessory_taxonomy_and_context,Car Charger Car Adapter Cable 3.5mm Jack Adaptor UDGEGS813,Adapters,9,1,0,0,0,2,0,1,0,0,0,internal_oof
B083SRWSMN,DEVICE,EARBUD_INEAR,DEVICE,0.992645,0.992645,model_device_above_threshold_with_device_subject,"TREBLAB N8 – Magnetic Neckband Bluetooth Earphones | 7H Playtime, Lightweight, IPX5 | Noise Canceling Wireless Headphones w/Mic | Magnetic Bluetooth Earbuds for Running, Workout, Sports, Gym (Black)",Earbud Headphones,78,1,3,0,0,0,0,0,1,0,0,internal_oof
B09MYTQQY1,ACCESSORY,NOT_APPLICABLE,ACCESSORY,0.003552,0.996448,model_accessory_below_threshold_with_accessory_context,NINANMY Moon Phases Airpods Case Compatible with AirPods 1 & 2 Charging Case Full Protective TPU Skin Airpods Accessories Cover Cute Bluetooth Headset Case with Anti-Lost Keychain for Women Men,Cases,5,1,2,1,0,2,0,1,0,0,0,internal_oof
B08LFWDF2L,DEVICE,EARBUD_INEAR,DEVICE,0.972633,0.972633,model_device_above_threshold_with_device_subject,"JVC HAA50TB Truly Wireless Earbuds Noise Cancelling Earbuds with Memory Foam Earpieces, 32H Battery Life with Charging Case, Touch & Talk, Bluetooth 5.0, Touch Sensor Control, Waterproof IPX4, Black",Earbud Headphones,316,1,2,0,0,1,1,0,1,0,0,internal_oof
B016JCBDCQ,ACCESSORY,NOT_APPLICABLE,DEVICE,0.664623,0.664623,model_device_above_threshold_with_device_subject,SOL REPUBLIC Interchangeable Headband for Tracks Headphones (Yellow),Headphones & Earbuds,19,1,1,0,0,0,0,0,0,1,0,internal_oof
B077T4737M,DEVICE,ON_EAR,DEVICE,0.99157,0.99157,model_device_above_threshold_with_device_subject,JBL T460BT Extra Bass Wireless On-Ear Headphones with 11 Hours Playtime & Mic - Black,On-Ear Headphones,15368,1,1,0,0,0,0,0,1,0,0,internal_oof
B0999LWFPD,ACCESSORY,NOT_APPLICABLE,ACCESSORY,0.001985,0.998015,model_accessory_below_threshold_with_accessory_context,"Yatchen for AirPod 2/1 Case,Cute 3D Cartoon Boba Milk Tea Cow Cover Kawaii Soft Silicone Protective Cover with Keychain Shockproof Charging Case for AirPods 2nd Generation for Girls Women",Cases,200,1,1,1,0,1,0,1,0,0,0,internal_oof
B07W2VS2PP,ACCESSORY,NOT_APPLICABLE,ACCESSORY,0.053926,0.946074,model_accessory_below_threshold_with_accessory_context,"[6 Pairs] Earphone Tips for Sennheiser IE800 Westone FEYCH Premium Replacement Memory Foam Earbud Tips Noise Isolation Foam Tips Suit for 3.5-4.0mm in-Ear Earphones with Storage Box(Large, Black)",Earpads,176,1,2,0,0,0,0,1,0,0,0,internal_oof
B0033ZJ898,ACCESSORY,NOT_APPLICABLE,ACCESSORY,0.317494,0.99,strong_accessory_relation,"Retractable 3.5mm Aux Auxiliary Cord for iPod, Mp3 Players, Cell Phones, PDA's or any device with a standard 3.5 mm headphone jack ~ White ~","Headphones, Earbuds & Accessories",18,1,1,1,1,1,0,0,0,1,0,internal_oof
B00THJAETC,ACCESSORY,NOT_APPLICABLE,ACCESSORY,0.407302,0.99,strong_accessory_relation,University of Colorado iPhone 6 Plus Cargo Case - University of Colorado Buffaloes Cargo Case For Your iPhone 6 Plus,Earbud Headphones,1,1,0,1,1,0,0,0,1,0,1,internal_oof
B0C5BFJKJL,DEVICE,ON_EAR,DEVICE,0.994157,0.994157,model_device_above_threshold_with_device_subject,Skullcandy Riff Wired On-Ear Headphones - Black,Over-Ear Headphones,14921,1,1,0,0,0,0,0,1,0,0,internal_oof
B07TFTG47X,ACCESSORY,NOT_APPLICABLE,ACCESSORY,0.001896,0.998104,model_accessory_below_threshold_with_accessory_context,"CTYBB for Airpod Case,Silicone Airpods Case Cover with Fur Ball Keychain Compatible with Apple Airpods 2/1 (Front LED Visible) Rose",Cases,24991,1,1,1,0,0,0,1,0,0,0,internal_oof
B01BLT1SU4,ACCESSORY,NOT_APPLICABLE,ACCESSORY,0.220131,0.99,strong_accessory_relation,"LG K7 Case, LG Tribute 5 Case, CoverON [DuraShield Series] Drop Proof Phone Cover Grip + Bumper + Stand Hybrid Case For LG K7 / Tribute 5 - Black & Black",Earbud Headphones,9,1,0,1,1,1,0,0,1,0,1,internal_oof
B01M8KDEHN,ACCESSORY,NOT_APPLICABLE,ACCESSORY,0.085779,0.99,strong_accessory_relation,"Huawei Honor 5X Case, Slim Hard Back Phone Cover For Huawei Honor 5X GR5 GR 5 KIW KIW-AL10 KIW-UL00 KIW-L24 Shockproof Robot Armor Hybrid Rugged TPU Shell Coque with Stand Function (Gold)",Earbud Headphones,2,1,0,1,1,1,0,0,1,0,1,internal_oof
B07YSNK364,ACCESSORY,NOT_APPLICABLE,ACCESSORY,0.036047,0.99,strong_accessory_relation,"Forky Case for Airpods 1st/2nd, 3D Cute Cartoon Character Silicone Airpod Cover, Fun Cool Keychain Design Skin, Toy Story 4 Forky Bag Pendant Decor Keychain Airpods Case (Forky) (No Face Man)",Earbud Headphones,646,1,1,1,1,1,0,0,1,0,0,internal_oof
B08927TCR5,ACCESSORY,NOT_APPLICABLE,ACCESSORY,0.010353,0.989647,model_accessory_below_threshold_with_accessory_context,"Hongloon Headphone Splitter, 3.5mm Audio Stereo Y Splitter Cable, 3.5mm Male to 2 Ports Female Dual Headphone Jack Adapter Headset Splitter for iPhone, iPad, Tablet, Laptop, PS4 & More",Adapters,22,1,2,0,0,2,0,1,0,0,0,internal_oof
B07WWXDFJ8,DEVICE,EARBUD_INEAR,DEVICE,0.945501,0.945501,model_device_above_threshold_with_device_subject,LUU Earphones/Earbuds/Headphones 2Pack Black Compatible with iPhone/Galaxy S10/S10+/S10e S9/S9+ S8/S8+ Note8 / Android in-Ear Headphones Remote + Mic Hands- Free Earphones,Earbud Headphones,95,1,3,0,0,0,0,0,1,0,0,internal_oof
B0BG4GQ85K,ACCESSORY,NOT_APPLICABLE,ACCESSORY,0.007321,0.992679,model_accessory_below_threshold_with_accessory_context,"JPLFYRE Lanyard for AirPods Pro 2nd Generation, Wireless Bluetooth Earbuds Protective Case Soft Silicone Anti-Lost Compatible with (Grey) White",Cases,85,1,2,0,0,1,0,1,0,0,0,internal_oof
B08HLWLP97,ACCESSORY,NOT_APPLICABLE,ACCESSORY,0.121995,0.878005,model_accessory_below_threshold_with_accessory_context,"Linsoul XDUOO Link2 Bal Max CS43131*2 DSD256 USB DAC&Balanced Portable Headphone Amplifier with USB Type-C Input, 3.5/4.4mm Dual Output for Music, Movies, Switch Games (Green)",Amplifiers,140,1,1,0,0,0,0,1,0,0,0,internal_oof
B0BNJTYLTQ,ACCESSORY,NOT_APPLICABLE,ACCESSORY,0.004148,0.995852,model_accessory_below_threshold_with_accessory_context,Proof Labs 3 Pairs for AirPods Pro Ear Hooks Covers [Added Storage Pouch] Accessories Compatible with Apple AirPods Pro Generation 1 (White),Earpads,19919,1,1,0,0,0,0,1,0,0,0,internal_oof
B004SNS1SS,DEVICE,EARBUD_INEAR,DEVICE,0.97518,0.97518,model_device_above_threshold_with_device_subject,Jawbone PRIME Bluetooth Headset (Black),Headphones & Earbuds,55,1,1,0,0,0,0,0,0,1,0,internal_oof
B076VW3PQJ,DEVICE,EARBUD_INEAR,DEVICE,0.977332,0.977332,model_device_above_threshold_with_device_subject,Plantronics Voyager Edge Wireless Bluetooth Headset with Charging Case - Black (Renewed),Earbud Headphones,96,1,1,0,0,1,1,0,1,0,0,internal_oof
B01N54IDEL,ACCESSORY,NOT_APPLICABLE,ACCESSORY,0.142559,0.857441,model_accessory_below_threshold_with_accessory_context,Geekria Headphones Monitor Mount Hanger/Monitor Clamp Headphone Holder/Headset Stick-on Hook (White),Cases,40,1,2,1,0,2,0,1,0,0,0,internal_oof
B07Q59SBZ7,DEVICE,OVER_EAR,DEVICE,0.92531,0.92531,model_device_above_threshold_with_device_subject,"Audio-Technica ATH-M50x Professional Studio Monitor Headphones (Black) with Carrying Case, 6Ave Cleaning Kit",Over-Ear Headphones,5,1,1,0,0,1,0,0,1,0,0,internal_oof
B087ZLYVX8,ACCESSORY,NOT_APPLICABLE,ACCESSORY,0.026003,0.973997,model_accessory_below_threshold_with_accessory_context,New Funny Cute Fashion Silicone Soft Headset Case for Airpod 1/2 Pro Case Wireless Bluetooth Earphone Case (Style Pro),Cases,5,1,3,1,0,0,0,1,0,0,0,internal_oof
B09G6C9JCD,ACCESSORY,NOT_APPLICABLE,ACCESSORY,0.004819,0.995181,strong_accessory_relation,2 Pairs Ear Pads - Replacement Ear Cushion Compatible with Sennheiser HD 4.50BT HD 4.40BT HD 4.30BT HD458 Bluetooth Headphone,Earpads,1,1,1,1,1,2,0,1,0,0,0,internal_oof
B00TFSJUKO,DEVICE,EARBUD_INEAR,DEVICE,0.961404,0.961404,model_device_above_threshold_with_device_subject,iQualTech Sports Earphones for iPhone - with Microphone for Handsfree Calling and Remote Track Control Silver/White,Headphones & Earbuds,45,1,1,0,0,0,0,0,0,1,0,internal_oof
B09J2ND79C,DEVICE,EARBUD_INEAR,DEVICE,0.996062,0.996062,model_device_above_threshold_with_device_subject,"Nautica T400 True Wireless Earbuds, Bluetooth v5.1 TWS in-Ear Earphones with Built-in Mic, Wireless Bluetooth Earbuds with Charging case Touch Control, Ergonomic Design Sweat-Proof USB-C (Navy)",Earbud Headphones,26,1,2,0,0,1,1,0,1,0,0,internal_oof
B005T4J2LA,DEVICE,EARBUD_INEAR,DEVICE,0.666558,0.666558,model_device_above_threshold_with_device_subject,iHip AquaVibe Underwater Earbuds Durable and Lightweight Down to 25 Meters,Headphones & Earbuds,36,1,1,0,0,0,0,0,0,1,0,internal_oof
B0C6QCKDB3,DEVICE,EARBUD_INEAR,DEVICE,0.953616,0.953616,model_device_above_threshold_with_device_subject,"KZ ZAR in-Ear Monitor IEM Headphones,1DD+7BA Hybrid Technology Driver Wired Earbuds Headphone with Silver-Plated Cable for Audiophile Musician (KZ ZAR-Black, with Mic)…",Earbud Headphones,49,1,4,1,0,1,0,0,1,0,0,internal_oof
B07QVH2LV8,AMBIGUOUS,NOT_APPLICABLE,AMBIGUOUS,0.370908,0.0,no_headphone_subject_in_title,"10X Antique Copper Handheld Magnifying Glass with Wooden Handle and Real Glass,Best Reading Magnifier for Elderly,Macular Degeneration",Headphones & Earbuds,4,1,0,0,0,0,0,0,0,1,0,internal_oof
B09Y1V2DC2,DEVICE,EARBUD_INEAR,DEVICE,0.974928,0.974928,model_device_above_threshold_with_device_subject,"Kinboofi HZSOUND Waist Drum in-Ear Monitor, φ6mm DD HiFi Earphone, Stainless Stell Stereod·Mirror Finish Earbuds Wired Headphones with Unique Balance Hole Desigh for Musician Church(No Mic, Silver)",Earbud Headphones,2,1,4,0,0,0,0,0,1,0,0,internal_oof
B07WTTZMRM,DEVICE,EARBUD_INEAR,DEVICE,0.997818,0.997818,model_device_above_threshold_with_device_subject,"True Wireless Earbuds TWS Stereo Wireless Headphones Bluetooth 5.0 in-Ear Headset with Strong Connection, Noise Cancelling Mini Earphones Charging Case IPX5 Waterproof 58H Playtime Sports Earpiece",Earbud Headphones,468,1,5,0,0,1,0,0,1,0,0,internal_oof
B0045TNIW4,DEVICE,EARBUD_INEAR,DEVICE,0.944883,0.944883,model_device_above_threshold_with_device_subject,Maverick Nica Sunrise v2 Bluetooth Headset - Metallic Red,Headphones & Earbuds,15,1,1,0,0,0,0,0,0,1,0,internal_oof
B08X73BBPT,DEVICE,EARBUD_INEAR,DEVICE,0.978649,0.978649,model_device_above_threshold_with_device_subject,"Lady house Kindpack Earbuds Headphones, IPX5 Waterproof Headset Hi-Fi Stereo in-Ear Earphones with 350Mah Charging Case for Travel, Dark Gray",Earbud Headphones,20,1,4,1,0,1,0,0,1,0,0,internal_oof
B0017T4L1C,DEVICE,EARBUD_INEAR,DEVICE,0.987633,0.987633,model_device_above_threshold_with_device_subject,SM100B Bluetooth Headset Black Dual Mic with Auto Noise Reduction,Headphones & Earbuds,4,1,1,0,0,0,0,0,0,1,0,internal_oof
B0BGHQYY6V,DEVICE,EARBUD_INEAR,DEVICE,0.972714,0.972714,model_device_above_threshold_with_device_subject,TITACUTE Wireless Earbuds Bluetooth Headphone for iPhone 13 Pro Max 14 11 Samsung S22 Ultra S23 S21 S20 Galaxy A53 A54 A14 Google Pixel 6 7 6a 7a Android in-Ear Headset Noise Canceling USB C Earphone,Earbud Headphones,140,1,4,0,0,0,0,0,1,0,0,internal_oof
B0079FQQ0W,DEVICE,EARBUD_INEAR,DEVICE,0.987058,0.987058,model_device_above_threshold_with_device_subject,Sport Earphones for Running IPX7 Waterproof Headphones 9 Hours Playtime,Earbud Headphones,1,1,2,0,0,0,0,0,1,0,0,internal_oof
B00IKFB3XA,ACCESSORY,NOT_APPLICABLE,AMBIGUOUS,0.861492,0.0,no_headphone_subject_in_title,Sony Remote and Handset Brh10,Headphones & Earbuds,52,1,0,0,0,0,0,0,0,1,0,internal_oof
B0928R4WXG,DEVICE,EARBUD_INEAR,DEVICE,0.997081,0.997081,model_device_above_threshold_with_device_subject,"TOZO NC2 Hybrid Active Noise Cancelling Wireless Earbuds, in-Ear Detection Headphones, IPX6 Waterproof Bluetooth 5.2 Stereo Earphones, Immersive Sound Premium Deep Bass Headset, Black",Earbud Headphones,29217,1,4,0,0,0,0,0,1,0,0,internal_oof
B07MSBCPWM,DEVICE,EARBUD_INEAR,DEVICE,0.428001,0.428001,model_device_above_threshold_with_device_subject,"SOL REPUBLIC Shadow Fusion Bluetooth Earbuds, Grey 10-Hour Playtime Comfortable Knit Tech Fiber Collar Magnetic Connection Earbuds Flexible Compact Storage Convenient Carrying Case, Gray",Earbud Headphones,394,1,1,0,0,1,0,0,1,0,0,internal_oof
B0B7GKJKZB,DEVICE,EARBUD_INEAR,DEVICE,0.996855,0.996855,model_device_above_threshold_with_device_subject,"Cvozo Bluetooth Headphones, Bluetooth 5.0 Wireless Earphones in-Ear Stereo Sound Microphone Mini Wireless Earbuds with Headphones and Portable Charging Case for iOS Android PC planb3",Earbud Headphones,21,1,3,1,0,1,0,0,1,0,0,internal_oof
B07791N123,AMBIGUOUS,NOT_APPLICABLE,AMBIGUOUS,0.317794,0.0,no_headphone_subject_in_title,Vintage Canvas Laptop Messenger Bag Men Business Shoulder bag Briefcase (Grey),Headphones & Earbuds,1,1,0,0,0,0,0,0,0,1,0,internal_oof
B07GNW9DJ6,DEVICE,OVER_EAR,DEVICE,0.636444,0.636444,model_device_above_threshold_with_device_subject,"Sennheiser HD 300 Pro Headphones, Black with Headphone Holder & Stereo 1/4"" Male Phone TRS Headphone Extension Cable 10'",Over-Ear Headphones,21,1,1,1,0,2,0,0,1,0,0,internal_oof
B0925LWBFH,ACCESSORY,NOT_APPLICABLE,ACCESSORY,0.003193,0.996807,strong_accessory_relation,"[5 Pack] Benazcap Portable Case for AirTag Key Wallet Finder, Compatible with AirTag Loop Holder, Mini Locator Tracker Cover Skin for Backpacks Car Key AirPods Device, Soft AirTags Case, Multicolor",Cases,156,1,1,1,1,2,0,1,0,0,0,internal_oof
B00A9YU7ZK,DEVICE,EARBUD_INEAR,DEVICE,0.956708,0.956708,model_device_above_threshold_with_device_subject,"Earphones with Remote Control and Mic For Apple iPhone, iPad, iPod",Headphones & Earbuds,1,1,1,0,0,0,0,0,0,1,0,internal_oof
B01G8JO5F2,DEVICE,EARBUD_INEAR,DEVICE,0.997366,0.997366,model_device_above_threshold_with_device_subject,"Senso Bluetooth Headphones, Best Wireless Sports Earbuds w/Mic IPX7 Waterproof HD Stereo Sweatproof Earphones for Gym Running Workout Noise Cancelling Earphones Earbuds Noise Cancelling Headsets",Earbud Headphones,42824,1,4,0,0,0,0,0,1,0,0,internal_oof
B08CR6QTXF,ACCESSORY,NOT_APPLICABLE,ACCESSORY,0.00197,0.99803,model_accessory_below_threshold_with_accessory_context,"CTYBB for Airpod Case,Silicone Airpods Case Cover with Fur Ball Keychain Compatible with Apple Airpods 2/1 (Front LED Visible) Orange",Cases,25365,1,1,1,0,0,0,1,0,0,0,internal_oof
B004R9PSL6,DEVICE,EARBUD_INEAR,DEVICE,0.993793,0.993793,model_device_above_threshold_with_device_subject,Samsung HM6450 Stereo Bluetooth Wireless Headset,Headphones & Earbuds,251,1,1,0,0,0,0,0,0,1,0,internal_oof
B08CGJ721T,DEVICE,EARBUD_INEAR,DEVICE,0.930912,0.930912,model_device_above_threshold_with_device_subject,"JBL Tune 125TWS True Wireless In-Ear Headphones - Pure Bass Sound, 32H Battery, Bluetooth, Fast Pair, Comfortable, Wireless Calls, Music, Native Voice Assistant (White)",Earbud Headphones,33434,1,1,0,0,0,0,0,1,0,0,internal_oof
B014JUW4P0,ACCESSORY,NOT_APPLICABLE,ACCESSORY,0.494959,0.99,strong_accessory_relation,"Coureo Multi-Pocket Art Portfolio Case 24” x 36” x 0” | Heavy-Duty Carrying Bag for Students, Artists, and Professionals | Black",Earbud Headphones,3,1,0,1,1,0,0,0,1,0,1,internal_oof
B0784322T6,DEVICE,EARBUD_INEAR,DEVICE,0.995495,0.995495,model_device_above_threshold_with_device_subject,"Bluetooth Earbuds,True Wireless Stereo Headphones Kelodo w/Microphone Earphones for Call Noise Cancelling Mini in Ear Magnetic Headset with Long Battery Charging Case for Running Sports White",Earbud Headphones,33,1,4,1,0,1,0,0,1,0,0,internal_oof
B0036ZXATO,DEVICE,ON_EAR,DEVICE,0.812631,0.812631,model_device_above_threshold_with_device_subject,"TOOKS SPORTEC Skully Performance Skull Cap with Built-in Removable Headphones - Color: Black, Comfortable 100% Prostretch (Dryfit) Keeps You Cool","Headphones, Earbuds & Accessories",7,1,1,0,0,0,0,0,0,1,0,internal_oof
B01LSAZEVK,ACCESSORY,NOT_APPLICABLE,ACCESSORY,0.001113,0.998887,model_accessory_below_threshold_with_accessory_context,ADSRO 2X 60mm LR Ear Pads Earpad Cover Pad Replacement Headphones 6CM PAD,Earpads,7,1,1,0,0,2,0,1,0,0,0,internal_oof
B0BYNSJFF3,DEVICE,EARBUD_INEAR,DEVICE,0.810486,0.810486,model_device_above_threshold_with_device_subject,"MAS CARNEY 【2 Pack Black+White】 WH5 Semi in-Ear Headphones with Microphone, Compatible with MP3/MP4, iPad, iPod, Huawei, Samsung Galaxy, Computers, Laptops and All 3.5mm Headphone Devices",Earbud Headphones,439,1,1,0,0,0,0,0,1,0,0,internal_oof
B08QFXB2Y9,DEVICE,EARBUD_INEAR,DEVICE,0.945371,0.945371,model_device_above_threshold_with_device_subject,"ASTRUM ET320 Earbuds – True Wireless Earbuds with Type-C Charging Case, Bluetooth V5.1 Earbuds with a Comfortable, Secure Fit, Long Battery Life, Great Sound, Auto Pair & Touch Control - White",Earbud Headphones,18,1,1,0,0,1,0,0,1,0,0,internal_oof
B08BY7PYM3,ACCESSORY,NOT_APPLICABLE,ACCESSORY,0.005319,0.994681,model_accessory_below_threshold_with_accessory_context,"AirPods Pro Case, Full-Body Rugged Protective Cover, Resilient Shock Absorption Design, Durable Smooth Skin Case with Keychain for AirPod Pro 2019 - Midnight Blue",Cases,15657,1,1,1,0,1,0,1,0,0,0,internal_oof
B09WTY86N6,DEVICE,ON_EAR,DEVICE,0.969293,0.969293,model_device_above_threshold_with_device_subject,"iClever HS01 Food Grade Kids Headphones with Microphone, 85/94dB Volume Limiter, Cat Ear Headphones for Kids Boys Girls, Wired Childrens Headphones for School/Travel/Tablet/E-Learning/iPad, Green",On-Ear Headphones,15463,1,1,0,0,0,0,0,1,0,0,internal_oof
B00IP2QT5A,AMBIGUOUS,NOT_APPLICABLE,AMBIGUOUS,0.796329,0.0,no_headphone_subject_in_title,Lizbeth Cordonnet Cotton Thread Size 20: Dusty Rose Light,Headphones & Earbuds,3,1,0,0,0,0,0,0,0,1,0,internal_oof
B00YCC47DI,DEVICE,EARBUD_INEAR,DEVICE,0.955862,0.955862,model_device_above_threshold_with_device_subject,Samsung EO-HS3303WE Samsung Galaxy S4 Headset 3.5mm Stereo with Volume Key - Non-Retail Packaging - White,Headphones & Earbuds,84,1,1,0,0,0,0,0,0,1,0,internal_oof
B07MM8MDT6,ACCESSORY,NOT_APPLICABLE,ACCESSORY,0.006491,0.993509,model_accessory_below_threshold_with_accessory_context,igsticker Skins Compatible with Airpods Sticker Decal Stylish Covers for Protection & Customization 010407 Chemistry Pattern White Black,Cases,25,1,1,0,0,2,0,1,0,0,0,internal_oof
B071V8DFB4,ACCESSORY,NOT_APPLICABLE,ACCESSORY,0.011074,0.988926,model_accessory_below_threshold_with_accessory_context,Studio1.0 Replacement Top Headband Foam Cushion Pad Repair Parts Compatible with Beats Studio 1.0 Studio (1st Gen) Wired Wireless Over Ear Headphone Black,Earpads,13,1,1,0,0,0,0,1,0,0,0,internal_oof
B0B55XFVSD,DEVICE,EARBUD_INEAR,DEVICE,0.997687,0.997687,model_device_above_threshold_with_device_subject,"UGREEN HiTune Wireless Earbuds Bluetooth 5.0, Aptx HiFi Stereo Wireless Headphones with Built-in Mic, CVC 8.0 Clear Call Bluetooth Earbuds, Wireless Earphones with Deep Bass, 27H Playtime Rosegold",Earbud Headphones,16296,1,3,0,0,0,0,0,1,0,0,internal_oof
B0832BWCYM,DEVICE,EARBUD_INEAR,DEVICE,0.993647,0.993647,model_device_above_threshold_with_device_subject,True Wireless Wireless Waterproof Earbuds Super bass Earphone Earbuds HD Stereo Sound Bluetooth Wireless Earphone with Charging Case(White),Earbud Headphones,4,1,2,0,0,1,1,0,1,0,0,internal_oof
B09K67QXKT,DEVICE,EARBUD_INEAR,DEVICE,0.994762,0.994762,model_device_above_threshold_with_device_subject,"Bluetooth Earbuds Wireless Active Noise Canceling Headphones in-Ear Earphones with 4 Mics for Sports, Enhanced Deep Bass, 30Hrs Playtime, IPX8 Waterproof, Touch Control, USB-C Quick Charging Case",Earbud Headphones,61,1,3,0,0,1,0,0,1,0,0,internal_oof
B0BB7MJL2D,ACCESSORY,NOT_APPLICABLE,ACCESSORY,0.005485,0.994515,model_accessory_below_threshold_with_accessory_context,"Lopnord for AirPods Pro Ear Tip [2 Pairs], Memory Foam Replacement Premium/Silicone Ear Tips for Apple Airpods Pro 2 Wireless Earbuds, Comfort Ear Tips for Airpods Pro (Size M, 2 Pairs,Black+White)",Earpads,110,1,2,1,0,1,0,1,0,0,0,internal_oof
B00YB31A56,DEVICE,OVER_EAR,DEVICE,0.931425,0.931425,model_device_above_threshold_with_device_subject,PRO Mental Beats Expert DJ Noise Cancelling Headphones w/ Microphone - 00545,Headphones & Earbuds,11,1,1,0,0,0,0,0,0,1,0,internal_oof
B0186HAA58,ACCESSORY,NOT_APPLICABLE,AMBIGUOUS,0.230585,0.0,no_headphone_subject_in_title,Circle Orange Powdercoat Radiator Cover Grille fits: 2014-2016 Polaris RZR 1000 - Ferreus Industries - GRL-147-08-Orange-b,Headphones & Earbuds,1,1,0,0,0,0,0,0,0,1,0,internal_oof
B0085OETSM,DEVICE,EARBUD_INEAR,DEVICE,0.835233,0.835233,model_device_above_threshold_with_device_subject,Sentry Budz Noise Reduction Ear Buds Color Varies - Sentry HO105,Earbud Headphones,4,1,1,0,0,0,0,0,1,0,0,internal_oof
B07CTBGM6M,ACCESSORY,NOT_APPLICABLE,ACCESSORY,0.181495,0.99,strong_accessory_relation,"SHINESTAR Universal Adjustable Heat Shield Plate Tent & Burner Tube, Stainless Steel Flame Tamer Burner Cover for Gas Grill Extend from 11.75"" up to 21"" L, Burners Extend from 12"" up to 17.5""(3 Set)",Earbud Headphones,7,1,0,1,1,0,0,0,1,0,1,internal_oof
B0BJBXCNWD,DEVICE,EARBUD_INEAR,DEVICE,0.996338,0.996338,model_device_above_threshold_with_device_subject,Airor Bluetooth Wireless Noise Cancelling Earbuds for iPhone | in-Ear Headphones with Portable Silicone Charging case | Hi-Fi Stereo Microphone Wireless Earbuds for Waterproof for Sport(Pink),Earbud Headphones,15,1,2,0,0,1,0,0,1,0,0,internal_oof
B07CRLP7CQ,AMBIGUOUS,NOT_APPLICABLE,AMBIGUOUS,0.753968,0.0,no_headphone_subject_in_title,"DIPOOX Pet Grooming Scissors Set (5-Piece Kit) Professional Balance & Ergonomic Control | Versatile Straight and Curved Blades, 7” Length | Cat and Dog Hair Trimming",Headphones & Earbuds,1,1,0,0,0,0,0,0,0,1,0,internal_oof
B0058C6LA8,DEVICE,OVER_EAR,DEVICE,0.953688,0.953688,model_device_above_threshold_with_device_subject,iHip DJRASTAHP DJ Style Rasta Headphones - Red/Yellow/Green/Black (Discontinued by Manufacturer),Over-Ear Headphones,60,1,1,0,0,0,0,0,1,0,0,internal_oof
B016D9TRQE,ACCESSORY,NOT_APPLICABLE,AMBIGUOUS,0.036441,0.0,no_headphone_subject_in_title,Mingao 16 Inches High Simulation Boy Doll's Clothes Fleece Hooded Suit Rose,Adapters,3,1,0,0,0,0,0,1,0,0,0,internal_oof
B0B6C9QK1P,DEVICE,EARBUD_INEAR,DEVICE,0.997548,0.997548,model_device_above_threshold_with_device_subject,DAFO Wireless Earbuds Bluetooth 5.0 Headphones with Charging Case Noise Cancelling 3D Stereo Headsets Built in Mic in Ear Ear Buds IPX5 Waterproof Air Buds for iPhone/Android,Earbud Headphones,13,1,4,0,0,1,1,0,1,0,0,internal_oof
B00WUOEKN2,DEVICE,OVER_EAR,DEVICE,0.977391,0.977391,model_device_above_threshold_with_device_subject,Sennheiser HD-201 Lightweight Over Ear Headphones (Discontinued by Manufacturer),Over-Ear Headphones,15039,1,1,0,0,0,0,0,1,0,0,internal_oof
B0BCVWXKQV,ACCESSORY,NOT_APPLICABLE,ACCESSORY,0.002785,0.997215,model_accessory_below_threshold_with_accessory_context,TaiZiChangQin Upgrade Ear Pads Ear Cushions Replacement Compatible with Boltune BT-BH010 Headphone (Fabric Earpads),Earpads,9,1,1,0,0,3,0,1,0,0,0,internal_oof
B09QXBV33D,ACCESSORY,NOT_APPLICABLE,ACCESSORY,0.01262,0.98738,model_accessory_below_threshold_with_accessory_context,"Baseball Print Airpods Case Compatiable with Airpods pro - Airpods pro Cover with Key Chain, Full Protective Durable Shockproof Personalize Wireless Headphone Case",Cases,48,1,2,1,0,0,0,1,0,0,0,internal_oof
B072KZCNPC,ACCESSORY,NOT_APPLICABLE,AMBIGUOUS,0.042069,0.0,no_headphone_subject_in_title,MFi Certified Cable 3FT 3FT 6FT 10FT Nylon Protable Braided USB Fast Charging& Syncing Cord Compatible Charger XS/MAX/XR/8/8 Plus/ 7/7 Plus/6s/105s Plus,Headphones & Earbuds,1,1,0,0,0,2,0,0,0,1,0,internal_oof
B002J79MYM,ACCESSORY,NOT_APPLICABLE,AMBIGUOUS,0.567958,0.0,no_headphone_subject_in_title,Stereo Audio Converter (Straight Connector) for T-Mobile G1,Headphones & Earbuds,2,1,0,0,0,0,0,0,0,1,0,internal_oof
B0C2W6QZX2,DEVICE,EARBUD_INEAR,DEVICE,0.998073,0.998073,model_device_above_threshold_with_device_subject,JBL T210 Signature Sound Pure Bass Headphones in Ear Earphones with Microphone Black,Earbud Headphones,11500,1,2,0,0,0,0,0,1,0,0,internal_oof
B0091TBFW8,DEVICE,ON_EAR,DEVICE,0.943295,0.943295,model_device_above_threshold_with_device_subject,Beyerdynamic DTX 501P Mobile Headphone White,On-Ear Headphones,39,1,1,0,0,0,0,0,1,0,0,internal_oof
B00AQOM9Z4,ACCESSORY,NOT_APPLICABLE,ACCESSORY,0.581511,0.99,strong_accessory_relation,1pc Left 1pc Right Side Large Size StayHear Ear Tips for Bose IE2 MIE2 MIE2I SIE2 SIE2I IE1 MIE1 In-Ear Headphones Mobile In-Ear Headset Stereo Wired Sport Eargel Earbud Eartip Ear Gel Bud Tip Gels Buds Tips Eargels Earbuds Eartips + Black Sea International Logo Good Quality Micro Fiber Cleaning Cloth (random color),Earbud Headphones,3,1,3,1,1,2,0,0,1,0,0,internal_oof
B00GSLQI24,DEVICE,EARBUD_INEAR,DEVICE,0.690067,0.690067,model_device_above_threshold_with_device_subject,Soul Electronics Headphones S-Cable for Samsung Devices,Earbud Headphones,6,1,1,1,0,1,0,0,1,0,0,internal_oof
B09CPMM949,ACCESSORY,NOT_APPLICABLE,ACCESSORY,0.005614,0.994386,model_accessory_below_threshold_with_accessory_context,"UGREEN USB C to 3.5mm Audio Adapter Type C to Headphone Aux Jack Dongle 24bit/96kHz HiFi DAC Braided Cable Cord Compatible with iPad Pro Air Mini, Galaxy S23 Ultra S22 S21 S20, Pixel 7 Pro, Red",Adapters,11576,1,1,0,0,3,0,1,0,0,0,internal_oof
B000FFS9V2,DEVICE,EARBUD_INEAR,DEVICE,0.971016,0.971016,model_device_above_threshold_with_device_subject,V-MODA Remix In-Ear Noise-Isolating Metal Headphone (Hot Pink) (Discontinued by Manufacturer),Earbud Headphones,22,1,1,0,0,0,0,0,1,0,0,internal_oof
B00NIBK9NG,DEVICE,EARBUD_INEAR,DEVICE,0.975882,0.975882,model_device_above_threshold_with_device_subject,intone Sound Ip950 Stereo Folding Stretchable Headphones Adjustable Headband Headset Kids Earphones or Adults Lightweight Headsets with in-line Mic for Iphone/ipad/tablet/andriod/mp3/mp4/laptop,Headphones & Earbuds,36,1,3,0,0,0,0,0,0,1,0,internal_oof
B0851C5KLV,DEVICE,EARBUD_INEAR,DEVICE,0.997642,0.997642,model_device_above_threshold_with_device_subject,"UGREEN HiTune Wireless Earbuds Bluetooth 5.0, Wireless Headphones with Built-in Mic, CVC 8.0 Clear Call Bluetooth Earbuds, Aptx HiFi Stereo Wireless Earphones with Deep Bass, 2 EQ Modes, 27H Playtime",Earbud Headphones,16325,1,3,0,0,0,0,0,1,0,0,internal_oof
B07FKNC4KJ,DEVICE,OVER_EAR,DEVICE,0.987129,0.987129,model_device_above_threshold_with_device_subject,"Mogic HS06 Bluetooth Over Ear Headphones with Mic, Foldable Design, Long Battery Life",Over-Ear Headphones,2,1,1,0,0,0,0,0,1,0,0,internal_oof
B07MC7657Y,ACCESSORY,NOT_APPLICABLE,ACCESSORY,0.006233,0.993767,model_accessory_below_threshold_with_accessory_context,"Airpods Case, Music tracker Protective Thicken Airpods Cover Soft Silicone Chargeable Headphone Case with Anti-Lost Carabiner for Apple Airpods 1&2 Charging Case (Gray)",Cases,20857,1,2,1,0,1,0,1,0,0,0,internal_oof
B07TCN3GTD,ACCESSORY,NOT_APPLICABLE,ACCESSORY,0.003308,0.996692,model_accessory_below_threshold_with_accessory_context,"CTYBB for Airpod Case,Silicone Airpods Case Cover with Fur Ball Keychain Compatible with Apple Airpods 2/1 (Front LED Visible) Olive Green",Cases,25105,1,1,1,0,0,0,1,0,0,0,internal_oof
B003I8V6GS,DEVICE,EARBUD_INEAR,DEVICE,0.887001,0.887001,model_device_above_threshold_with_device_subject,"Cellet HTC Mono Headset for HTC XV6175 OZONE, myTouch 3G, Dash 3G, Touch Pro2 (GSM) & G1 - Black",Headphones & Earbuds,1,1,1,0,0,0,0,0,0,1,0,internal_oof
B07SZS3BNK,ACCESSORY,NOT_APPLICABLE,ACCESSORY,0.042033,0.957967,model_accessory_below_threshold_with_accessory_context,"NewFantasia Replacement Audio Upgrade Cable Compatible with Audio-Technica ATH-M50xBT, ATH-AR3BTBK, ATH-SR50BT, ATH-ANC7B, ATH-ANC9, ATH-S700BT, ATH-SR5BTBK Headphones 1.5meters/4.9ft",Extension Cords,274,1,1,0,0,1,0,1,0,0,0,internal_oof
B07ZWL3SF1,ACCESSORY,NOT_APPLICABLE,ACCESSORY,0.000874,0.999126,strong_accessory_relation,"Alvhntr Protective Cover for AirPods Pro Case, [Visible Front LED] Bounce Carrying Case with Keychain for AirPods Pro Charging Case, Shock-Absorbing Soft Slim Silicone Case Skin 2019 (White)",Cases,1,1,1,1,1,3,0,1,0,0,0,internal_oof
B0C2TGNB6R,DEVICE,EARBUD_INEAR,DEVICE,0.938176,0.938176,model_device_above_threshold_with_device_subject,"KZ ZSX in-Ears Monitors 5BA+1DD 6 Driver Hybrid in-Ear Headphones HiFi Earphones with Zinc Alloy Faceplate, 0.75mm 2 Pin Detachable Cable for Audiophile Musician (Without Mic,Black)",Earbud Headphones,6,1,2,1,0,1,0,0,1,0,0,internal_oof
B00Q2HFW3U,ACCESSORY,NOT_APPLICABLE,ACCESSORY,0.076537,0.99,strong_accessory_relation,SamWay 3PACK 3.5mm 800 AUX Cable Cord for Dr Dre Headphones Monster Solo Beats Studio 1.2m,"Headphones, Earbuds & Accessories",127,1,1,1,1,2,0,0,0,1,0,internal_oof
B00O7U586U,ACCESSORY,NOT_APPLICABLE,ACCESSORY,0.017894,0.982106,model_accessory_below_threshold_with_accessory_context,12pcs (CL-BL)- S/M/L Replacement Set Earbuds Eartips Compatible with Jaybird Bluebuds X in Ear Earphones/Headphones,"Headphones, Earbuds & Accessories",12,1,3,0,0,2,0,0,0,1,0,internal_oof
B0B2L8GG83,DEVICE,EARBUD_INEAR,DEVICE,0.908273,0.908273,model_device_above_threshold_with_device_subject,"Naxa Electronics NG-1500 Gaming True Wireless Bluetooth Earbuds with Charging Case for Up to 2 Hours Play Time, Touchable Controls, Includes USB Type C Charge Cable, Black",Earbud Headphones,3,1,1,1,0,2,1,0,1,0,0,internal_oof
B07YXQ78MK,DEVICE,EARBUD_INEAR,DEVICE,0.99534,0.99534,model_device_above_threshold_with_device_subject,"Wireless Earbuds Bluetooth 5.0 Headset with Wireless Charging Case, LFS Mini Sweatproof Sport Denoise in-Ear Headsets Built-in Mic 15+ Hours Playtime, One-Step Pairing with Button-Control Operation",Earbud Headphones,8,1,2,0,0,1,1,0,1,0,0,internal_oof
B00ZLTBXSS,DEVICE,EARBUD_INEAR,DEVICE,0.960746,0.960746,model_device_above_threshold_with_device_subject,Samsung Eo-Eg920Bw White Headset/Handsfree/Headphone/Earphone with Volume Control for Galaxy Phones (Non Retail Packaging - Bulk Packaging),Earbud Headphones,15696,1,3,0,0,0,0,0,1,0,0,internal_oof
B002ACP29A,DEVICE,NEEDS_REVIEW,AMBIGUOUS,0.949297,0.0,no_headphone_subject_in_title,Jensen Deluxe Bluetooth Hands Free Kit with A2DP Music Transfer,Headphones & Earbuds,10,1,0,0,0,0,0,0,0,1,0,internal_oof
B0C2TXG41Y,DEVICE,EARBUD_INEAR,DEVICE,0.995133,0.995133,model_device_above_threshold_with_device_subject,"PALOVUE Wireless Earbuds in-Ear Earphones with Bluetooth 5.3 Built-in Mic Headphones Deep Bass Stereo with Lightweight Compact Charging Case for Sport/Work Compatible with iPhone Android, White…",Earbud Headphones,15,1,3,1,0,1,0,0,1,0,0,internal_oof
B01MSZO0TJ,DEVICE,EARBUD_INEAR,DEVICE,0.823924,0.823924,model_device_above_threshold_with_device_subject,Panasonic Canal type earphone High resolution sound source compatible RP-HDE3M-K （Black)(Japan Domestic genuine products),Earbud Headphones,15,1,1,0,0,0,0,0,1,0,0,internal_oof
B07331RJXV,ACCESSORY,NOT_APPLICABLE,ACCESSORY,0.051492,0.948508,model_accessory_below_threshold_with_accessory_context,"Wireless Headphones Charging Case for Bluetooth Earphones Htronics Round Shaped , Lightweight Universal Carrying Bag Power External Battery Charger for Fit PowerBeats Bose JBL (Black）",Cases,9,1,2,1,0,1,0,1,0,0,0,internal_oof
B00XP5JETU,ACCESSORY,NOT_APPLICABLE,ACCESSORY,0.159907,0.99,strong_accessory_relation,uxcell Stainless Steel 304 KF25 Flange to 10mm Hose Barb Adapter for Vacuum,Earbud Headphones,10,1,0,1,1,1,0,0,1,0,1,internal_oof
B09H23TPRY,ACCESSORY,NOT_APPLICABLE,ACCESSORY,0.0128,0.9872,model_accessory_below_threshold_with_accessory_context,"Syncwire Headphone Splitter, Nylon-Braided 3.5mm Extension Cable Audio Stereo Y Splitter (Hi-Fi Sound), 3.5mm Male to 2 Ports 3.5mm Female Headset Splitter for Apple, Samsung & More - Silver",Adapters,28619,1,2,0,0,1,0,1,0,0,0,internal_oof
B00CETJINU,DEVICE,EARBUD_INEAR,DEVICE,0.906743,0.906743,model_device_above_threshold_with_device_subject,Kikkerland US041 Robot Key Earbuds,Headphones & Earbuds,7,1,1,0,0,0,0,0,0,1,0,internal_oof
B07FKKQYZR,ACCESSORY,NOT_APPLICABLE,ACCESSORY,0.012314,0.987686,model_accessory_below_threshold_with_accessory_context,QC35 Replacement Pads Parts QC35 ii Earpads Ear Cushion Accessories Compatible with QuietComfort 35 II QuietComfort 35 (Series I) Wireless Gaming Headset.(Black),Earpads,155,1,1,0,0,3,0,1,0,0,0,internal_oof
B00DETGQIE,ACCESSORY,NOT_APPLICABLE,ACCESSORY,0.120667,0.99,strong_accessory_relation,12 S/M/L Black Replacement Eartips Compatible with Monster Beats Dr.Dre Tour Powerbeats urBeats 2 Heartbeats 2 DiddyBeats Turbine Pro Gratitude DNA Diesel VEKTR iSport Victory Immersion Inspiration,Earbud Headphones,7,1,0,1,1,2,0,0,1,0,1,internal_oof
B0BR7Q3X4J,DEVICE,EARBUD_INEAR,DEVICE,0.962088,0.962088,model_device_above_threshold_with_device_subject,VIDONN Open Ear Headphones Wireless Bluetooth 5.2 OpenBuds T2 Sport Open Earbuds Non Bone Conduction with Earhook and Charging Case for Sports Running Headphones Exercise Around Ea (Black),Earbud Headphones,11,1,2,1,0,1,0,0,1,0,0,internal_oof
B00BY5GY2S,DEVICE,EARBUD_INEAR,DEVICE,0.994612,0.994612,model_device_above_threshold_with_device_subject,"Jabra TAG Wireless Bluetooth Stereo Headset, Black (Discontinued by Manufacturer)",Headphones & Earbuds,125,1,1,0,0,0,0,0,0,1,0,internal_oof
B009XHW5O0,DEVICE,OVER_EAR,DEVICE,0.955307,0.955307,model_device_above_threshold_with_device_subject,Able Planet NC180PKM MUSICIANS CHOICE NEON Around the Ear Active Noise Canceling Headphones with Award-Winning LINX AUDIO,Over-Ear Headphones,1,1,1,0,0,0,0,0,1,0,0,internal_oof
B071WC62WV,DEVICE,EARBUD_INEAR,DEVICE,0.972641,0.972641,model_device_above_threshold_with_device_subject,"New Fashion Women Girl Rhinestone Jewelry Design Pearl Necklace Earphones,Super Bass HIFI Wired Earbuds Headphones with Mic Stereo Sound Music Earpiece for IOS and Android Smartphone (multicolor)",Earbud Headphones,50,1,4,0,0,0,0,0,1,0,0,internal_oof
B01N350QU0,AMBIGUOUS,NOT_APPLICABLE,AMBIGUOUS,0.633579,0.0,no_headphone_subject_in_title,aes Peace (Standard) Flag 3x5ft Poly,Headphones & Earbuds,1,1,0,0,0,0,0,0,0,1,0,internal_oof
B089CKQFTR,DEVICE,EARBUD_INEAR,DEVICE,0.998039,0.998039,model_device_above_threshold_with_device_subject,"Wireless Earbuds, Bluetooth 5.0 Headphones in-Ear, IPX7 Waterproof Sport Running Earphones with Charging Case, Bass Stereo/40H Playing Time,Built-in Mic Single/Twin Mode for iPhone/Android",Earbud Headphones,61,1,3,0,0,1,1,0,1,0,0,internal_oof
B07L652RX9,ACCESSORY,NOT_APPLICABLE,ACCESSORY,0.009886,0.990114,strong_accessory_relation,"Earbud Case, Coffea Earphone Storage Bag Silicone Airpods Accessories Storage Case Portable Cord Organizer Universal Carrying Punch Case for Cables Flash Drive and More (Black)",Cases,267,1,3,1,1,3,0,1,0,0,0,internal_oof
B07JZT6YMB,ACCESSORY,NOT_APPLICABLE,ACCESSORY,0.066269,0.933731,model_accessory_below_threshold_with_accessory_context,EarBuddyz 2.0 Ear Hooks and Covers Accessories Compatible with Apple AirPods 1 & 2 or EarPods Headphones/Earphones/ Earbuds (3 Pairs) (Pretty in Pink),Earpads,16830,1,5,0,0,0,0,1,0,0,0,internal_oof
B00C5K7T34,AMBIGUOUS,NOT_APPLICABLE,AMBIGUOUS,0.694356,0.0,no_headphone_subject_in_title,"Graphics and More POW MIA Military Veteran Home Button Stickers Fits Apple iPhone 4/4S/5/5C/5S, iPad, iPod Touch - Non-Retail Packaging - Clear",Headphones & Earbuds,1,1,0,0,0,0,0,0,0,1,0,internal_oof
B08F7773WT,DEVICE,ON_EAR,DEVICE,0.989386,0.989386,model_device_above_threshold_with_device_subject,"gorsun Wireless Bluetooth 5.0 Headphones, Stereo On-Ear Headset Foldable Lightweight with Soft Memory-Protein Earmuffs for Phones,Built-in Microphone, Wired Mode/Wireless Mode (Black Silver)",Over-Ear Headphones,5,1,2,0,0,0,0,0,1,0,0,internal_oof
B01MS28QJ1,DEVICE,EARBUD_INEAR,DEVICE,0.955642,0.955642,model_device_above_threshold_with_device_subject,MEE Audio M6 PRO Noise-Isolating Limited Edition Blue in-Ear Monitors w/Detachable Cables,Earbud Headphones,115,1,1,0,0,1,0,0,1,0,0,internal_oof
B016YTNVGK,DEVICE,EARBUD_INEAR,DEVICE,0.908821,0.908821,model_device_above_threshold_with_device_subject,Motorola in Ear Headphones Earbuds in 3.5mm Jack Universal Headset - Original Retail Packing,Earbud Headphones,8,1,3,0,0,0,0,0,1,0,0,internal_oof
B0BX5288JQ,DEVICE,EARBUD_INEAR,DEVICE,0.994471,0.994471,model_device_above_threshold_with_device_subject,"Monster DNA Fit Wireless Bluetooth Earbuds - Noise Cancelling Earbuds with Wireless Charging Case & Built-in Microphone, Water Resistant Bluetooth Headphones & Ear Buds",Earbud Headphones,124,1,3,0,0,1,1,0,1,0,0,internal_oof
B07BXWZ184,ACCESSORY,NOT_APPLICABLE,AMBIGUOUS,0.349567,0.0,no_headphone_subject_in_title,"Retro POP Handset for iPhone, iPad, iPod, and Android Phones - Soft Touch (Blue)",Headphones & Earbuds,206,1,0,0,0,0,0,0,0,1,0,internal_oof
B097MRW46F,DEVICE,EARBUD_INEAR,DEVICE,0.985487,0.985487,model_device_above_threshold_with_device_subject,"Soundcore by Anker Life P3 Noise Cancelling Earbuds, Ultra Long 50H Playtime, Fast Charging, Big Bass, Multi-Mode Noise Cancelling, AI-Enhanced Calls, Wireless Charging, App Control, Bluetooth 5.2",Earbud Headphones,23931,1,1,0,0,0,0,0,1,0,0,internal_oof
B09MMPVM36,ACCESSORY,NOT_APPLICABLE,ACCESSORY,0.001305,0.998695,model_accessory_below_threshold_with_accessory_context,"MOBOSI Compatible with AirPods Pro Case, Secure Lock Clip Full Body Shockproof Hard Shell Protective, Carbon Fiber Case Cover with Keychain for AirPod Pro (2019), Black",Cases,11782,1,1,1,0,0,0,1,0,0,0,internal_oof
B01H41G3CG,DEVICE,EARBUD_INEAR,DEVICE,0.98399,0.98399,model_device_above_threshold_with_device_subject,"Jabra Halo Smart Wireless Bluetooth Headset, Black/Silver",Earbud Headphones,93,1,1,0,0,0,0,0,1,0,0,internal_oof
B07LC189X3,DEVICE,OVER_EAR,DEVICE,0.87512,0.87512,model_device_above_threshold_with_device_subject,"beyerdynamic DT 770-PRO Studio Headphones 80 Ohms Closed Dynamic (474746) with Full Size Headphone Case, Headphone Stand & Microfiber Cleaning Cloth",Over-Ear Headphones,48,1,1,1,0,1,0,0,1,0,0,internal_oof
B0015CO3XW,DEVICE,ON_EAR,DEVICE,0.778166,0.778166,model_device_above_threshold_with_device_subject,MAX190402 - Maxell Lightweight Compact Folding Headphones,Headphones & Earbuds,1,1,1,0,0,0,0,0,0,1,0,internal_oof
B000XHDA8Y,DEVICE,EARBUD_INEAR,DEVICE,0.963993,0.963993,model_device_above_threshold_with_device_subject,Plantronics UPCALISTO Bluetooth Headset (Discontinued by Manufacturer),Headphones & Earbuds,156,1,1,0,0,0,0,0,0,1,0,internal_oof
B085QH8S3H,ACCESSORY,NOT_APPLICABLE,ACCESSORY,0.007515,0.992485,strong_accessory_relation,"[Apple MFi Certified] Headphone Adapter & Splitter for iPhone, 2 in 1 Lightning to 3.5mm Earphone Audio & Charger Compatible for iPhone 11/11 Pro/X/XR/XS/8, iPad, Support Calling + Sync +Music Control",Adapters,1057,1,2,1,1,1,0,1,0,0,0,internal_oof
B09LR28DMJ,ACCESSORY,NOT_APPLICABLE,ACCESSORY,0.001181,0.998819,model_accessory_below_threshold_with_accessory_context,"Inesore AirPods 3rd Generation Case Cover 2021 New, [Secure Lock] Hard Shell Full-Body TPU Armor Military Protective Case for AirPods 3 Case Cover Accessories with Keychain Carabiner for Men, Black",Cases,14,1,1,1,0,1,0,1,0,0,0,internal_oof
B00A78LMXE,DEVICE,EARBUD_INEAR,DEVICE,0.957715,0.957715,model_device_above_threshold_with_device_subject,"JVC HAFX1X Headphone Xtreme-Xplosivs, Black, Red",Earbud Headphones,11915,1,1,0,0,0,0,0,1,0,0,internal_oof
B01590EAL0,DEVICE,ON_EAR,DEVICE,0.943266,0.943266,model_device_above_threshold_with_device_subject,"TOOKS NextGen POLARCAP Fleece Headphone Beanie with Built-in Removable Headphones | New Inline Remote with Microphone, Volume Adjust and Music/Call Control | Color: Black","Headphones, Earbuds & Accessories",2,1,1,0,0,0,0,0,0,1,0,internal_oof
B098P7ZRPJ,DEVICE,EARBUD_INEAR,DEVICE,0.999521,0.999521,model_device_above_threshold_with_device_subject,"A SLICE RED Wireless Earbuds with Charging Case Built-in Microphone Stereo Sound in-Ear Bluetooth Headphones Premium Deep Bass Headset, Black",Earbud Headphones,65,1,3,0,0,1,1,0,1,0,0,internal_oof
B08R8VZK9R,ACCESSORY,NOT_APPLICABLE,ACCESSORY,0.001181,0.998819,model_accessory_below_threshold_with_accessory_context,"AirPods Case,Doboli Silicone Airpod Case Cover Compatible with Airpods 2 &1 (Front LED Visible) Pink",Cases,68349,1,1,1,0,0,0,1,0,0,0,internal_oof
B005MWVOJ2,AMBIGUOUS,NOT_APPLICABLE,AMBIGUOUS,0.304378,0.0,no_headphone_subject_in_title,Chubleez Noodle Buddy Dog,"Headphones, Earbuds & Accessories",57,1,0,0,0,0,0,0,0,1,0,internal_oof
B004SQ3AL8,DEVICE,EARBUD_INEAR,DEVICE,0.998453,0.998453,model_device_above_threshold_with_device_subject,"Wireless Earbuds, iFuntec Bluetooth Headphones Stereo Wireless Earphones with Mic Mini in-Ear Earphones Earpiece Anti-Sweat Sports Earburds with Charging Case Portable for Android Smartphones, Black",Earbud Headphones,2,1,4,0,0,1,1,0,1,0,0,internal_oof
B073X3H66B,DEVICE,EARBUD_INEAR,DEVICE,0.640503,0.640503,model_device_above_threshold_with_device_subject,"SAMSUNG Earphones Corded Tuned by AKG (Galaxy S8 and S8+ Inbox replacement), Grey",Earbud Headphones,11623,1,1,0,0,0,0,0,1,0,0,internal_oof
B09KVFZXVP,ACCESSORY,NOT_APPLICABLE,ACCESSORY,0.015991,0.984009,model_accessory_below_threshold_with_accessory_context,"Case Cover Replacement for TOZO NC2 Hybrid Active Noise Cancelling Wireless Earbuds, Black Silicone Protective Skin Sleeve - LEFXMOPHY",Cases,388,1,1,0,0,1,0,1,0,0,0,internal_oof
B07QJ6CZ4C,AMBIGUOUS,NOT_APPLICABLE,AMBIGUOUS,0.435662,0.0,no_headphone_subject_in_title,"Bow Tie Dog Collar - Cute Plaid Sturdy Soft Cotton&Leather Dog Collars for Small Medium Large Dogs Breed Puppies Adjustable 18 Colors and 3 Sizes (Gray Plaid, M 13""-18"")",Headphones & Earbuds,1,1,0,0,0,0,0,0,0,1,0,internal_oof
B0C8BHW3D3,DEVICE,EARBUD_INEAR,DEVICE,0.967279,0.967279,model_device_above_threshold_with_device_subject,"Guudsoud Bone Conduction Earphones Wireless, sweatproof and Waterproof Earphones Suitable for Running, Cycling",Open-Ear Headphones,13,1,1,0,0,0,0,0,1,0,0,internal_oof
B09P5MDGHK,ACCESSORY,NOT_APPLICABLE,ACCESSORY,0.189744,0.810256,model_accessory_below_threshold_with_accessory_context,"Geekria Comfort Headphones Headband Pressure Relief Pads, Mesh Fabric Headband Cushion Pad for Tight On-Ear/Over-Ear Headsets, Headband Nuggets Damage Free Easy DIY Installation (4 Pack)",Earpads,5,1,2,0,0,0,0,1,0,0,0,internal_oof
B01MTEGYY1,DEVICE,EARBUD_INEAR,DEVICE,0.950282,0.950282,model_device_above_threshold_with_device_subject,Earphones Colorful Durable Earbuds with Volume Control Wrapped Handmade Cute for iphone Apple Youth Design Red Blue by OrangePenguin (with Microphone),Earbud Headphones,3,1,2,0,0,0,0,0,1,0,0,internal_oof
B01M8PX8O0,ACCESSORY,NOT_APPLICABLE,ACCESSORY,0.025722,0.974278,model_accessory_below_threshold_with_accessory_context,"Carrying Headset Headphones Hard Bag Box Cover Case Compatible with Beats Solo3 Beats EP Bose 35 Beats Studio3 Wireless On-Ear Headphone -Extra Space for Phone ,Power Band & Cables (Golden)",Cases,42,1,2,1,0,1,0,1,0,0,0,internal_oof
B0029VFB6Q,DEVICE,EARBUD_INEAR,DEVICE,0.991302,0.991302,model_device_above_threshold_with_device_subject,Aliph Jawbone 2 II Black Bluetooth Headset with NoiseAssassin,Headphones & Earbuds,6,1,1,0,0,0,0,0,0,1,0,internal_oof
B07718V6S8,ACCESSORY,NOT_APPLICABLE,ACCESSORY,0.00107,0.99893,model_accessory_below_threshold_with_accessory_context,AhaStyle AirPods Case Cover Plus Hand Strap Silicone Protective Case Cover Accessories Compatible with Apple AirPods 2 & 1 for Man Wonen Girls(Black),Cases,46024,1,1,0,0,1,0,1,0,0,0,internal_oof
B004I557KQ,ACCESSORY,NOT_APPLICABLE,ACCESSORY,0.062113,0.99,strong_accessory_relation,AUX AUXILIARY AUDIO CABLE CORD for MP3 iPhone 4 4G IOS4 [Electronics],"Headphones, Earbuds & Accessories",5,1,0,1,1,2,0,0,0,1,0,internal_oof
B008Q3ZRAG,ACCESSORY,NOT_APPLICABLE,AMBIGUOUS,0.868009,0.0,no_headphone_subject_in_title,Aluratek AIS02F Universal Bluetooth Sport Clip - Retail Packaging - Black,Headphones & Earbuds,15,1,0,0,0,0,0,0,0,1,0,internal_oof
B0010R6MFY,AMBIGUOUS,NOT_APPLICABLE,AMBIGUOUS,0.852011,0.0,no_headphone_subject_in_title,"Jason Jojoba Oil, 100% Organic-1, oz.",Headphones & Earbuds,1,1,0,0,0,0,0,0,0,1,0,internal_oof
B07Z5PW12R,DEVICE,EARBUD_INEAR,DEVICE,0.920377,0.920377,model_device_above_threshold_with_device_subject,FiiO FA7 Quad Balanced Armature Driver Over The Ear Earphones Hi-Res High Fidelity with Detachable Cable Design for Smartphones/PC Tablet(Smoke),Over-Ear Headphones,15,1,1,0,0,1,0,0,1,0,0,internal_oof
B085T66DGL,ACCESSORY,NOT_APPLICABLE,ACCESSORY,0.005239,0.994761,model_accessory_below_threshold_with_accessory_context,"Mulafnxal for Airpods 1&2 Case, Cute 3D Funny Cartoon Soft Silicone Protective Airpod Cover, Fun Food Biscuit Design Shockproof Skin, Fashion Cases for Girls Kids Teens Boys Air pods (Green Cookies)",Cases,182,1,1,0,0,1,0,1,0,0,0,internal_oof
B0058K2F9Q,AMBIGUOUS,NOT_APPLICABLE,AMBIGUOUS,0.94473,0.0,taxonomy_device_but_title_has_no_device_subject,NP Napoleon Perdis Set Manchester Eyelashes,Earbud Headphones,1,1,0,0,0,0,0,0,1,0,1,internal_oof
B007003IO8,DEVICE,EARBUD_INEAR,DEVICE,0.912327,0.912327,model_device_above_threshold_with_device_subject,Aftershokz AS300 Wraparound Sport Headphones with Bone Conduction Technology - Dark Gray (Discontinued by Manufacturer),Headphones & Earbuds,187,1,1,0,0,0,0,0,0,1,0,internal_oof
B00WXEH70M,DEVICE,EARBUD_INEAR,DEVICE,0.542222,0.542222,model_device_above_threshold_with_device_subject,"VOJO RABBIT, Apple Earpods Cover Sport Skin with Silicone Earbuds Sleeves [Grey & Clear](2 Pairs) Sweat & Water Proof Ear Phones Hook Grips Earphones Earbuds for Apple iPhone 6 6s plus 5s 5 se 5c Cool","Headphones, Earbuds & Accessories",23,1,3,1,0,1,0,0,0,1,0,internal_oof
B07N645XHW,DEVICE,EARBUD_INEAR,DEVICE,0.940048,0.940048,model_device_above_threshold_with_device_subject,RevoNext in Ear Monitor Colourful RX8S IEM Earphones Dynamic Triple Driver with a Silicone Storage Case Sport Earphones Running Earbuds,Earbud Headphones,43,1,4,0,0,1,0,0,1,0,0,internal_oof
B00D9ILY5K,ACCESSORY,NOT_APPLICABLE,ACCESSORY,0.602446,0.99,strong_accessory_relation,BlueAnt SP-093801-651 Large Eartips for Q3/Q2/Q1/Endure/T1 Bluetooth Headsets - Pack of 4 - Retail Packaging - Large,Earbud Headphones,39,1,1,1,1,2,0,0,1,0,0,internal_oof
B09CYTF3KZ,ACCESSORY,NOT_APPLICABLE,ACCESSORY,0.001833,0.998167,model_accessory_below_threshold_with_accessory_context,Halloween Horror Movies Airpods Case 1&2 Cover with Keychain Protective Cover for Men Women Teens Adults-3,Cases,2,1,1,1,0,0,0,1,0,0,0,internal_oof
B07YYWM2LN,DEVICE,EARBUD_INEAR,DEVICE,0.996304,0.996304,model_device_above_threshold_with_device_subject,Skullcandy Indy True Wireless In-Ear Earbuds - Black,Earbud Headphones,30576,1,1,0,0,0,0,0,1,0,0,internal_oof
B0BLJN53ZK,ACCESSORY,NOT_APPLICABLE,ACCESSORY,0.036255,0.963745,model_accessory_below_threshold_with_accessory_context,"WOFRO Anti-Lost Strap for Google Pixel Buds Pro Earbuds (2022), Sports Soft Silicone Lanyard Accessories Compatible with Google Pixel Buds Pro - Noise Canceling Earbuds Neck Rope Cord (Orange)",Cases,1,1,2,0,0,1,0,1,0,0,0,internal_oof
B0B4JBYCH8,DEVICE,EARBUD_INEAR,DEVICE,0.997774,0.997774,model_device_above_threshold_with_device_subject,"Wireless Earbuds, Bluetooth Wireless Earphones- Noise Cancelling Premium Deep Bass Earpods with Waterproof Charging Case Built-in Mic for Sports Home 30 Hrs Playtime",Earbud Headphones,6,1,3,0,0,1,0,0,1,0,0,internal_oof
B09P33H79J,ACCESSORY,NOT_APPLICABLE,ACCESSORY,0.005019,0.994981,model_accessory_below_threshold_with_accessory_context,TaiZiChangQin Life Q30 / Q35 BT Earpads Cushion Replacement Compatible with Anker Soundcore Life Q30 / Q35 Bluetooth Headphone (Protein Leather Ear Pads + Headband Covers),Earpads,33,1,1,0,0,2,0,1,0,0,0,internal_oof
B00DEF4X9M,DEVICE,EARBUD_INEAR,DEVICE,0.948572,0.948572,model_device_above_threshold_with_device_subject,T-Mobile 32665 Original Tangle Free 3.5mm Premium Stereo Headset - Non-Retail Packaging - Black,Headphones & Earbuds,4,1,1,0,0,0,0,0,0,1,0,internal_oof
B002RYSDVA,DEVICE,EARBUD_INEAR,DEVICE,0.983769,0.983769,model_device_above_threshold_with_device_subject,"JOVERS Earbuds,3.5mm Microphone Earphones Stereo Headphones Noise Isolating Headset Fit Compatible with Earbud Xs/XR/XS Max/Earphones",Earbud Headphones,2,1,4,0,0,0,0,0,1,0,0,internal_oof
B0033PRON0,DEVICE,EARBUD_INEAR,DEVICE,0.854384,0.854384,model_device_above_threshold_with_device_subject,Pioneer SE-CE10-XK Portable Audio Earbud Headphones with Carrying Case (Black),Earbud Headphones,3,1,2,0,0,1,0,0,1,0,0,internal_oof
B08CVMXPGY,DEVICE,EARBUD_INEAR,DEVICE,0.984881,0.984881,model_device_above_threshold_with_device_subject,"OnePlus Buds - True Wireless Earbuds with Charging Case, White - Fast Charging, Long Battery Life and Deep Bass",Earbud Headphones,10232,1,1,0,0,1,1,0,1,0,0,internal_oof
B0BGP46WQQ,DEVICE,EARBUD_INEAR,DEVICE,0.984618,0.984618,model_device_above_threshold_with_device_subject,"Wireless Earbud, Sport Bluetooth 5.3 Earbud with Earhook Wireless Earphones in-Ear with Immersive Sound, Bluetooth Headphones IP7 Waterproof, Dual LED Display, 48H Playtime, Noise Cancelling, Rose Red",Earbud Headphones,16450,1,3,0,0,0,0,0,1,0,0,internal_oof
B00UXT6TTO,DEVICE,ON_EAR,DEVICE,0.873938,0.873938,model_device_above_threshold_with_device_subject,SmithOutlet 100 Pack Over The Head Low Cost Headphones in Bulk,Headphones & Earbuds,33,1,1,0,0,0,0,0,0,1,0,internal_oof
B013LKL25W,DEVICE,EARBUD_INEAR,DEVICE,0.975184,0.975184,model_device_above_threshold_with_device_subject,LG Electronics Tone Active Premium Wireless Stereo Headset - Retail Packaging - Blue,Earbud Headphones,624,1,1,0,0,0,0,0,1,0,0,internal_oof
B08K9YT25X,DEVICE,EARBUD_INEAR,DEVICE,0.986067,0.986067,model_device_above_threshold_with_device_subject,"OnePlus Buds Z - True Wireless in-Ear Earbuds with Charging Case, White – Fast Charging, Deep Bass, Comfortable and Lightweight, IP55,Glossy White",Earbud Headphones,3577,1,1,0,0,1,1,0,1,0,0,internal_oof
B009TGN1KW,DEVICE,EARBUD_INEAR,DEVICE,0.928845,0.928845,model_device_above_threshold_with_device_subject,LG Electronics Tone+ HBS-730 Bluetooth Headset - Retail Packaging - Black,Headphones & Earbuds,58,1,1,0,0,0,0,0,0,1,0,internal_oof
B0156JEQ22,DEVICE,NEEDS_REVIEW,DEVICE,0.9655,0.9655,model_device_above_threshold_with_device_subject,Acatim Headphone with Remote & Mic,Headphones & Earbuds,8,1,1,0,0,0,0,0,0,1,0,internal_oof
B07G759W23,DEVICE,EARBUD_INEAR,DEVICE,0.985754,0.985754,model_device_above_threshold_with_device_subject,"Mix Hero Wireless Earbuds, Bluetooth 5.2 Headphones with 1800mAh Charging Case",Earbud Headphones,244,1,2,0,0,1,0,0,1,0,0,internal_oof
B09X159LJW,DEVICE,EARBUD_INEAR,DEVICE,0.997992,0.997992,model_device_above_threshold_with_device_subject,"TOZO NC9 Pro 2022 Version Hybrid Active Noise Cancelling Wireless Earbuds IPX6 Waterproof Bluetooth in Ear Headphones Bluetooth 5.2 Stereo Earphones, Immersive Sound Premium Deep Bass Headset",Earbud Headphones,143,1,4,0,0,0,0,0,1,0,0,internal_oof
B07CV5P311,DEVICE,EARBUD_INEAR,DEVICE,0.994611,0.994611,model_device_above_threshold_with_device_subject,"Raycon E70 Pro Best True Wireless Earbuds with Built-in Mic and Charging Case, Bluetooth Headphones for iPhone, Samsung, iPad, Android (Black)",Earbud Headphones,15,1,2,0,0,1,0,0,1,0,0,internal_oof
B01GSJQ5IW,ACCESSORY,NOT_APPLICABLE,ACCESSORY,0.177876,0.822124,model_accessory_below_threshold_with_accessory_context,"12pcs (BMF-BNMH-Sc)- S/M/L Premium Memory Foam and Noise Isolation Replacement Earbuds Eartips Compatible with Powerbeats 3, Powerbeats 2 Wireless, Powerbeats 2 and 1 in-Ear Earphones/Headphones","Headphones, Earbuds & Accessories",9,1,3,0,0,2,0,0,0,1,0,internal_oof
B01JO7ASRY,DEVICE,ON_EAR,DEVICE,0.910702,0.910702,model_device_above_threshold_with_device_subject,"iClever Kids Headphones for Christmas, Wired On-Ear Headsets with Removable Deer Horn, 85dB Volume Limited, Food Grade Silicone, 3.5mm Audio Jack, Children headphones for Tablets/Phones/Laptop",Over-Ear Headphones,43,1,2,0,0,0,0,0,1,0,0,internal_oof
B09KT2Q34R,DEVICE,EARBUD_INEAR,DEVICE,0.993368,0.993368,model_device_above_threshold_with_device_subject,JBL Tune 230NC TWS True Wireless In-Ear Noise Cancelling Headphones - Black,Earbud Headphones,11164,1,1,0,0,0,0,0,1,0,0,internal_oof
B073XZJJZ5,DEVICE,EARBUD_INEAR,DEVICE,0.959855,0.959855,model_device_above_threshold_with_device_subject,Earphones/Earbuds/Headphones 2Pack Black Compatible with iPhone/Galaxy S10/S10+/S10e S9/S9+ S8/S8+ Note8 / Note10/Note10+ Android in-Ear Headphones Remote + Mic Hands-Free Earphones,Earbud Headphones,4,1,3,0,0,0,0,0,1,0,0,internal_oof
B093C6DW8H,ACCESSORY,NOT_APPLICABLE,ACCESSORY,0.001032,0.998968,model_accessory_below_threshold_with_accessory_context,Airpod Case AIRSPO Airpods Case Cover for Apple AirPods 2&1 Cute Airpod Case for Girls Silicone Protective Skin Airpods Accessories with Keychain (Black/Cow),Cases,12028,1,1,1,0,1,0,1,0,0,0,internal_oof
B09SZ5FQQJ,DEVICE,OVER_EAR,DEVICE,0.983433,0.983433,model_device_above_threshold_with_device_subject,"SAMONPOW Kids Headphones, Bluetooth Headphones for Kids Wireless Headphone with Microphone Multiple Color LED Light Ideal Gift Wireless Headset for School Travel Christmas New Year",Over-Ear Headphones,28,1,2,0,0,0,0,0,1,0,0,internal_oof
B08CR4Q3WH,ACCESSORY,NOT_APPLICABLE,ACCESSORY,0.0033,0.9967,model_accessory_below_threshold_with_accessory_context,"CTYBB for Airpod Case,Silicone Airpods Case Cover with Fur Ball Keychain Compatible with Apple Airpods 2/1 (Front LED Visible) Deep Purple",Cases,24993,1,1,1,0,0,0,1,0,0,0,internal_oof
B08R8WYN14,ACCESSORY,NOT_APPLICABLE,ACCESSORY,0.001895,0.998105,model_accessory_below_threshold_with_accessory_context,"AirPods Case,Doboli Silicone Airpod Case Cover Compatible with Airpods 2 &1 (Front LED Visible) Turquoise",Cases,68418,1,1,1,0,0,0,1,0,0,0,internal_oof
B00MP0NE1A,ACCESSORY,NOT_APPLICABLE,ACCESSORY,0.036827,0.963173,model_accessory_below_threshold_with_accessory_context,12 Medium Clear Replacement Earbuds Compatible with Motorola S9 S9hd S10 S10hd Bluetooth Stereo Headset (,Earpads,1,1,2,0,0,0,0,1,0,0,0,internal_oof
B08GSQ7B9Z,DEVICE,EARBUD_INEAR,DEVICE,0.908603,0.908603,model_device_above_threshold_with_device_subject,"Xiaomi Mi True Wireless Earbuds Basic 2, 12 hours of Battery, Switch Between Single and Double-ear, Compatible with iPhone, Samsung and Android, High Performance Touch Control, Bluetooth 5.0",Earbud Headphones,14641,1,1,0,0,0,0,0,1,0,0,internal_oof
B07X2GPDWG,ACCESSORY,NOT_APPLICABLE,ACCESSORY,0.035828,0.99,strong_accessory_relation,"Silicone Case for Sony WF-1000XM3 Wireless Earbud, Conjoined Protective Skin Cover with Keychain for Truly Wireless Noise Canceling Earphone, Anti-Lost & Shockproof (Red)",Cases,4,1,2,1,1,1,0,1,0,0,0,internal_oof
B00DXP8XJO,ACCESSORY,NOT_APPLICABLE,ACCESSORY,0.1669,0.8331,model_accessory_below_threshold_with_accessory_context,"10 Large (L) Soft Replacement Mushroom Domes Eartips Earbuds Compatible with Etymotic ER 4 MicroPro, hf5, hf3, hf2, mc5, mc3, mc2, etyBLU2 and ETY Kids in-Ear Earphones","Headphones, Earbuds & Accessories",2,1,2,0,0,2,0,0,0,1,0,internal_oof
B0B24HS7TT,DEVICE,EARBUD_INEAR,DEVICE,0.997899,0.997899,model_device_above_threshold_with_device_subject,"BFMODFAF Wireless Bluetooth Earbuds Microphone Active Noise Cancellation Stereo Portable with Charging case Headset IPX7 Waterproof Earphones,Sport Music Game Call ，for iPhone Android (Black)",Earbud Headphones,99,1,3,0,0,1,1,0,1,0,0,internal_oof
B0837C3CMW,ACCESSORY,NOT_APPLICABLE,ACCESSORY,0.004506,0.995494,strong_accessory_relation,"Case for Airpods Pro / 3, Silicone AirPods Pro Case Cover, Cute Airpods 3 Charging Case, Airpods Pro Protective Cover with Carabiner [Front LED Visible], Best Gift for Girls Teens Boys, Black Right",Cases,45,1,1,1,1,1,0,1,0,0,0,internal_oof
B08N69D984,ACCESSORY,NOT_APPLICABLE,DEVICE,0.431748,0.431748,model_device_above_threshold_with_device_subject,Anti-Slip Earhook Cover- Soft & Comfortable Silicone Earbuds Cover Compatible with Almost All Wired/ Wireless Earbuds (3 Pairs in a Pack) (White),Earbud Headphones,8,1,1,1,0,0,0,0,1,0,0,internal_oof
B09S6Y5BRG,DEVICE,EARBUD_INEAR,DEVICE,0.996339,0.996339,model_device_above_threshold_with_device_subject,"Otium Bluetooth Earbuds Wireless Headphones Bluetooth Headphones, Sports Earbuds, IPX7 Waterproof Stereo Earphones for Gym Running 15 Hours Playtime Sound Isolation Headsets",Earbud Headphones,16471,1,4,0,0,0,0,0,1,0,0,internal_oof
B000MT0HQQ,DEVICE,NEEDS_REVIEW,AMBIGUOUS,0.904082,0.0,no_headphone_subject_in_title,BebeSounds TV Listener,Headphones & Earbuds,12,1,0,0,0,0,0,0,0,1,0,internal_oof
B003AY35O6,DEVICE,EARBUD_INEAR,DEVICE,0.999393,0.999393,model_device_above_threshold_with_device_subject,"Wireless Earbuds, 486D Stereo Sound Wireless Headphones Wireless Sport Earbud with Breathing Mini in-Ear Sports Earphones Noise Cancelling Headsets, Bluetooth Earbuds",Earbud Headphones,1,1,4,0,0,0,0,0,1,0,0,internal_oof
B004QPS59I,DEVICE,EARBUD_INEAR,DEVICE,0.73169,0.73169,model_device_above_threshold_with_device_subject,"Pro Executive Solid Black High Quality Stereo Handsfree Headset Mic Earphone for Apple iPhone 3G 3GS, 4, Cricket M6000 Zio, Dell Streak, HTC Inspire 4G, ADR6275 Desire, ADR6300 Incredible, Aria, EVO 4G, Shift, HD2, Hero, myTouch 3G 3.5mm jack, Fender, myTouch 3G Slide, LG GS390 Prime, VS740 Ally, VS750 Fathom, Motorola A955 Droid 2, MB502 Charm, MB810 Droid X, WX404 Grasp, BlackBerry 9300 Curve 3G, 9800 Torch, Samsung D700 Epic 4G, i500 Fascinate, NXS Nexus S",Headphones & Earbuds,6,1,2,0,0,0,0,0,0,1,0,internal_oof
B00O4GAHFY,ACCESSORY,NOT_APPLICABLE,ACCESSORY,0.237982,0.762018,model_accessory_below_threshold_with_accessory_context,Set OEM 14 EarGels and 1 FitClip for Jabra Sport Wireless+ Jabra Sport Sport+ Bluetooth Headset Ear Buds Ear Gels Stabilizers Eargels Earbuds Eartips Earstabilizers Replacement,Earbud Headphones,39,1,3,0,0,2,0,0,1,0,0,internal_oof
B07TGTHC8D,ACCESSORY,NOT_APPLICABLE,ACCESSORY,0.003409,0.996591,model_accessory_below_threshold_with_accessory_context,"CTYBB for Airpod Case,Silicone Airpods Case Cover with Fur Ball Keychain Compatible with Apple Airpods 2/1 (Front LED Visible) Dark Grey",Cases,24857,1,1,1,0,0,0,1,0,0,0,internal_oof
B07GNYYDSP,DEVICE,OVER_EAR,DEVICE,0.705341,0.705341,model_device_above_threshold_with_device_subject,HIFIMAN HE6se Full-Size Over Ear Planar Magnetic Audiophile Adjustable Headphone with Comfortable Earpads Open-Back Design Easy Cable Swapping,Over-Ear Headphones,4,1,1,0,0,3,0,0,1,0,0,internal_oof
B0BFJXSM5T,DEVICE,EARBUD_INEAR,DEVICE,0.984932,0.984932,model_device_above_threshold_with_device_subject,Hoseili?2022new edition Bluetooth 5.0 Earphones in-Ear Stereo Sound Microphone Mini Wireless Earbuds with Headphones and Portable Charging Case for iOS Android PC. XGB16,Earbud Headphones,22,1,3,1,0,1,0,0,1,0,0,internal_oof
B00JL8WZAK,ACCESSORY,NOT_APPLICABLE,ACCESSORY,0.060447,0.939553,model_accessory_below_threshold_with_accessory_context,Case Star 3 in 1 Red Earphone Handsfree Hard EVA Case Plus Round Earphone Organizer and Silver Carabiner With Case Star Cost-free Cell Phone Bag,Cases,6,1,1,0,0,0,1,1,0,0,0,internal_oof
B07LGY8V4B,ACCESSORY,NOT_APPLICABLE,ACCESSORY,0.78016,0.99,strong_accessory_relation,Hermitshell Travel Case for WYZE Noise-Cancelling Headphones Wireless Over The Ear Bluetooth Headphones,Over-Ear Headphones,193,1,1,1,1,0,0,0,1,0,0,internal_oof
B00OBRC1WI,DEVICE,EARBUD_INEAR,DEVICE,0.941993,0.941993,model_device_above_threshold_with_device_subject,"Bluetooth Headphones with NFC Technology and Touch Control Pad for Volume/Pause/Track Forward - Backward. for iPhone, iPad, PC, Mac and Android (Red) by RIF6 TM",Earbud Headphones,22,1,1,0,0,0,0,0,1,0,0,internal_oof
B013QMNNAW,DEVICE,EARBUD_INEAR,DEVICE,0.995783,0.995783,model_device_above_threshold_with_device_subject,DZT1968 3.5mm Stereo in Ear Clip Ear Earphone Headphone Headset with Mic (Gray),Earbud Headphones,1,1,3,0,0,0,0,0,1,0,0,internal_oof
B09PV14XYK,ACCESSORY,NOT_APPLICABLE,ACCESSORY,0.005093,0.994907,strong_accessory_relation,"LTGEM EVA Hard Case for Beats Fit Pro/Beats Fit Pro x, Detachable Hand Strap and Built-in Mesh Pocket- Travel Protective Carrying Storage Bag",Cases,12,1,0,1,1,0,0,1,0,0,0,internal_oof
B079L6CH9C,DEVICE,EARBUD_INEAR,DEVICE,0.995923,0.995923,model_device_above_threshold_with_device_subject,NoiseHush NX80 Earphones Premium Bass Stereo Headphones In-Ear with Tangle Free Cable Inline Microphone Earbuds - White/Red,Earbud Headphones,1418,1,3,0,0,1,0,0,1,0,0,internal_oof
B0B7MLPW3K,DEVICE,EARBUD_INEAR,DEVICE,0.993494,0.993494,model_device_above_threshold_with_device_subject,"Bluetooth Wireless Headphones Earbuds with Wireless Charging Case,with Earhooks Headset Built-in Mic for Sport,Clear Calls,Work, Music (Black)",Earbud Headphones,1,1,3,0,0,1,1,0,1,0,0,internal_oof
B002TG3OWE,DEVICE,EARBUD_INEAR,DEVICE,0.959565,0.959565,model_device_above_threshold_with_device_subject,Midland TH3 Tactical Series Earhook Headset,Earbud Headphones,3,1,1,0,0,0,0,0,1,0,0,internal_oof
B00KAM80PA,ACCESSORY,NOT_APPLICABLE,ACCESSORY,0.083862,0.99,strong_accessory_relation,Replacement cable with Remote Mic connect iphone to SHURE SE535 SE425 SE315 215,"Headphones, Earbuds & Accessories",58,1,0,1,1,1,0,0,0,1,0,internal_oof
B0BZ3WYJL1,DEVICE,EARBUD_INEAR,DEVICE,0.992217,0.992217,model_device_above_threshold_with_device_subject,Wireless Earbuds Bluetooth Headphones 120H Playtime IPX7 Waterproof in-Ear Earphones Power Display Ear Buds with Mic and 2600mAh Charging Case for Sports Workout Laptop TV Computer Phone Gaming Black,Earbud Headphones,2169,1,4,1,0,1,0,0,1,0,0,internal_oof
B07YF9V9D5,ACCESSORY,NOT_APPLICABLE,ACCESSORY,0.010046,0.989954,model_accessory_below_threshold_with_accessory_context,"Yonocosta Cute Airpods Case, Airpods 2 Case, Fashion Funny 3D Cartoon Animals White Lucky Cat Kitty Shaped Full Protection Shockproof Soft Silicone Charging Case Cover with Keychain for Airpods 1&2",Cases,118,1,1,1,0,1,0,1,0,0,0,internal_oof
B07G23V23Y,DEVICE,OVER_EAR,DEVICE,0.996665,0.996665,model_device_above_threshold_with_device_subject,Picun P26 Bluetooth Headphones Over Ear 80H Playtime Hi-Fi Stereo Wireless Headphones Deep Bass Foldable Wired/Wireless/TF for Cell Phone/PC Bluetooth 5.0 Wireless Headset with Mic (Black Red),Over-Ear Headphones,11977,1,2,0,0,0,0,0,1,0,0,internal_oof
B003UDG0TO,ACCESSORY,NOT_APPLICABLE,AMBIGUOUS,0.014762,0.0,no_headphone_subject_in_title,2 Earhooks for Jabra BT125 BT135 BT8010 BT5010 Bluetooth,Earpads,97,1,0,0,0,0,0,1,0,0,0,internal_oof
B01GH5XI5U,DEVICE,EARBUD_INEAR,DEVICE,0.709964,0.709964,model_device_above_threshold_with_device_subject,Lovinstar Size 5 Earphone Earbuds Cover for Yurbuds 2Pair Black,Earbud Headphones,1,1,2,1,0,0,0,0,1,0,0,internal_oof
B0B1LSDYBM,ACCESSORY,NOT_APPLICABLE,ACCESSORY,0.00707,0.99293,model_accessory_below_threshold_with_accessory_context,"ICARERSPACE Ear Hooks Compatible with Apple AirPods 1, 2, 3, Pro and Pro 2, Anti-Slip Sports Ear Hooks for AirPods 1, 2, 3, Pro and Pro 2 - Transparent",Earpads,15807,1,1,0,0,0,0,1,0,0,0,internal_oof
B01LZUNBZY,DEVICE,EARBUD_INEAR,ACCESSORY,0.06429,0.93571,model_accessory_below_threshold_with_accessory_context,20 Pack Fireboomoon Cord Organizer Headset Headphone Earphone Wrap Winder/ Cord Manager/ Cable Winder/Cable Saver Protector/Earphones Saver,"Headphones, Earbuds & Accessories",2,1,3,0,0,2,0,0,0,1,0,internal_oof
B07PG13KNX,ACCESSORY,NOT_APPLICABLE,ACCESSORY,0.023271,0.99,strong_accessory_relation,"LASMEX Bose QuietComfort Replacement Cord with Mic and Remote, QC35 QC25 SoundLink SoundTrue Aux Cable 2.5mm to 3.5mm Male to Male Wire Compatible with Audio-Technica, JBL, AKG Headphones and iPhone",Extension Cords,9,1,1,1,1,2,0,1,0,0,0,internal_oof
B0CGX38ZS7,DEVICE,EARBUD_INEAR,DEVICE,0.997464,0.997464,model_device_above_threshold_with_device_subject,Wireless Earbuds Bluetooth Headphones IPX7 Waterproof Bluetooth Earbuds 30H Playtime Headset with Charging Case Wireless Bluetooth Earphones with Mic for iPhone/Samsung/Android (White),Earbud Headphones,17,1,4,0,0,1,1,0,1,0,0,internal_oof
B07JN5T13C,AMBIGUOUS,NOT_APPLICABLE,AMBIGUOUS,0.54016,0.0,no_headphone_subject_in_title,"Sunflower Blue Ceramic Dresser Drawer, Door, Cabinet Knob Pull - Pack of 12",Headphones & Earbuds,3,1,0,0,0,0,0,0,0,1,0,internal_oof
B07WTXFKP5,DEVICE,EARBUD_INEAR,DEVICE,0.88951,0.88951,model_device_above_threshold_with_device_subject,"Altec Lansing MZX634 True Evo Air Wireless Earbuds with Wireless Charging Case | Durable Bluetooth Earbuds, Portable Charging Case, Long Battery Life, IPX-6 Protection from Sweat and Rain (Black)",Earbud Headphones,35,1,1,0,0,1,1,0,1,0,0,internal_oof
B08DKGPW9Y,ACCESSORY,NOT_APPLICABLE,ACCESSORY,0.002857,0.997143,model_accessory_below_threshold_with_accessory_context,CAGOS Compatible with Galaxy Buds+ Plus Case (2020) Cute Protective Hard Skin Case Cover for Samsung Galaxy Buds Plus Wireless Earbuds Case with Carabiner for Girl Women (NOT for Buds 2019) - Gravel,Cases,313,1,2,1,0,1,0,1,0,0,0,internal_oof
B096XQTRHN,DEVICE,EARBUD_INEAR,DEVICE,0.99613,0.99613,model_device_above_threshold_with_device_subject,"Wireless Earbuds Bluetooth 5.0 Headphones,ME-100 Rotatable Single Ear Hook Earphone with Microphone Premium Deep Bass Headset for Phone Black Blue One Size",Earbud Headphones,1,1,4,0,0,0,0,0,1,0,0,internal_oof
B0BKFXK1CB,ACCESSORY,NOT_APPLICABLE,ACCESSORY,0.003322,0.996678,model_accessory_below_threshold_with_accessory_context,The Si.mps.ons AirPods Pro Case Cute Anime Airpod Pro Charging Case Only Full Protective Shockproof Anti-Lost PC Hard Portable AirPods Pro case with Keychain for AirPods Pro Charging Case for Men,Cases,3,1,1,1,0,1,0,1,0,0,0,internal_oof
B00IHS8DY2,DEVICE,EARBUD_INEAR,DEVICE,0.99022,0.99022,model_device_above_threshold_with_device_subject,BLUE HandsFree EarPhone HeadPhones HeadSet With Mic For HTC Windows Phone 8X,Headphones & Earbuds,1,1,3,0,0,0,0,0,0,1,0,internal_oof
B01FY8DHTI,ACCESSORY,NOT_APPLICABLE,AMBIGUOUS,0.85247,0.0,no_headphone_subject_in_title,"Naim Grille for Mu-so Qb Wireless Compact Music System, Blue",Headphones & Earbuds,1,1,0,0,0,0,0,0,0,1,0,internal_oof
B0833DNGLX,DEVICE,EARBUD_INEAR,DEVICE,0.944797,0.944797,model_device_above_threshold_with_device_subject,"TWS Headphones Wireless Compatible with Amazon Fire HD 10 (2019) Tablet, Earbuds Earphones True Wireless Stereo Headset Hands-Free Mic Charging Case for Fire HD 10 (2019 Model ONLY)",Earbud Headphones,29,1,4,1,0,1,0,0,1,0,0,internal_oof
B081NDCRV2,DEVICE,EARBUD_INEAR,DEVICE,0.994209,0.994209,model_device_above_threshold_with_device_subject,"Urbanista Paris True Wireless Earphones 20H Playtime Wireless Charging Case and Bluetooth 5.0, Noise Cancelling Earphones with Touch Controls + Built-in Mic, Compatible with Android and iOS – Black",Earbud Headphones,1125,1,1,0,0,1,0,0,1,0,0,internal_oof
B09P1773NX,DEVICE,EARBUD_INEAR,DEVICE,0.995433,0.995433,model_device_above_threshold_with_device_subject,"Cotogni Wireless Earbuds, P3 Earphones Wireless, Hi-Fi Stereo Sound Touch Control Bluetooth Headphones with Volume Control, 40 Hs Play Time, IPX6 Waterproof (Red)",Earbud Headphones,258,1,3,0,0,0,0,0,1,0,0,internal_oof
B08BZKBVQX,ACCESSORY,NOT_APPLICABLE,ACCESSORY,0.165236,0.99,strong_accessory_relation,"Eashion Charge and Sync Cable Charger, Nylon Braided Charger Cable for Charging and Syncing",Earbud Headphones,269,1,0,1,1,1,0,0,1,0,1,internal_oof
B01IBXTJG8,DEVICE,EARBUD_INEAR,DEVICE,0.988493,0.988493,model_device_above_threshold_with_device_subject,Beats by Dr dre Powerbeats2 Wireless In-Ear Bluetooth Headphone with Mic - Shock Yellow (Renewed),Earbud Headphones,376,1,1,0,0,0,0,0,1,0,0,internal_oof
B00GBQ501Q,DEVICE,EARBUD_INEAR,DEVICE,0.947348,0.947348,model_device_above_threshold_with_device_subject,JVC Xtreme Xplosives HA-FX3X Earphone,Earbud Headphones,189,1,1,0,0,0,0,0,1,0,0,internal_oof
B00M1MUJZQ,DEVICE,EARBUD_INEAR,DEVICE,0.828488,0.828488,model_device_above_threshold_with_device_subject,"GVKAR(TM) 3.5mm Noise-Isolation Stereo Earbuds with Microphone For Samsung Galaxy S5 Active / ATIV SE / Galaxy Note 3 / Galaxy Mega / Galaxy S5 S V / Galaxy Note 2 N7100 Android Smartphone Tablet and For All Apple Ipads, Ipods, Iphones, Androids, Mp3 Players, And All Audio Devices Using A 3.5 mm Other Cellphone Smartphone (black)",Headphones & Earbuds,6,1,1,0,0,0,0,0,0,1,0,internal_oof
B08KCQBSYJ,DEVICE,EARBUD_INEAR,DEVICE,0.989795,0.989795,model_device_above_threshold_with_device_subject,"TCL S200 True Wireless Earbuds with 4 Microphones, Bluetooth Headphones, Echo Noise Cancellation, Clear Sound, Type C Charging Case, Touch Control, Waterproof Earphones for Work, Home Office, Black",Earbud Headphones,41,1,3,0,0,1,0,0,1,0,0,internal_oof
B0BFHJPYLD,DEVICE,EARBUD_INEAR,DEVICE,0.989863,0.989863,model_device_above_threshold_with_device_subject,Hoseili?2022new edition Bluetooth 5.0 Wireless Earphones in-Ear Stereo Sound Microphone Mini Wireless Earbuds with Headphones and Portable Charging Case for iOS Android PC. XGB8,Earbud Headphones,16,1,3,1,0,1,0,0,1,0,0,internal_oof
B07S764D9V,DEVICE,EARBUD_INEAR,DEVICE,0.951892,0.951892,model_device_above_threshold_with_device_subject,"Panasonic ErgoFit Wired Earbuds, In-Ear Headphones with Microphone and Call Controller, Ergonomic Custom-Fit Earpieces (S/M/L), 3.5mm Jack for Phones and Laptops - RP-TCM125-A (Blue)",Earbud Headphones,136251,1,3,0,0,0,0,0,1,0,0,internal_oof
B07T3X36F5,ACCESSORY,NOT_APPLICABLE,ACCESSORY,0.005407,0.994593,strong_accessory_relation,"Aotao Silicone Case for Galaxy Buds 2019, Soft and Flexible, Scratch/Shock Resistant Silicone Cover with Carabiner for Galaxy Buds (Red)",Cases,810,1,1,1,1,0,0,1,0,0,0,internal_oof
B01FVVS63U,DEVICE,EARBUD_INEAR,DEVICE,0.732906,0.732906,model_device_above_threshold_with_device_subject,"Generic Sport Headphones Bluetooth 4.0 Headsets with Magnet Design and Sweatproof for iPhone 6/6S Plus, Samsung Galaxy S7 and More (Gray)",Headphones & Earbuds,3,1,2,0,0,0,0,0,0,1,0,internal_oof
B07FVY8549,DEVICE,EARBUD_INEAR,DEVICE,0.982801,0.982801,model_device_above_threshold_with_device_subject,"Accessonico Earbuds Compatible with Samsung Galaxy S9, Compatible with Galaxy S8 Active Earphones, Headphones Microphone Phone Call in-Ear Stereo Sound Music Noise Cancelling Wired Control",Earbud Headphones,14,1,3,0,0,0,0,0,1,0,0,internal_oof
B07TF5XCH3,DEVICE,EARBUD_INEAR,DEVICE,0.880025,0.880025,model_device_above_threshold_with_device_subject,"Linsoul Peacock Audio P1 Dynamic HiFi in-Ear Earphones, Custom Hand Made Earbuds for Audiophile DJ Musician with Detachable 2Pin 0.78mm Cable (11-Rainbow)",Earbud Headphones,12,1,2,0,0,1,0,0,1,0,0,internal_oof
B002PU9ORS,DEVICE,ON_EAR,DEVICE,0.943856,0.943856,model_device_above_threshold_with_device_subject,AKG K480NC Active Noise Reducing Mini Headphones (Black) (Discontinued by Manufacturer),On-Ear Headphones,10,1,1,0,0,0,0,0,1,0,0,internal_oof
B0BHWYQ47Y,DEVICE,EARBUD_INEAR,DEVICE,0.99913,0.99913,model_device_above_threshold_with_device_subject,"kurdene Bluetooth Wireless Earbuds, S8 Deep Bass Sound 38H Playtime IPX8 Waterproof Earphones Call Clear with Microphone in-Ear Bluetooth Headphones Comfortable for iPhone, Android",Earbud Headphones,63672,1,3,0,0,0,0,0,1,0,0,internal_oof
B00XMP7BU2,DEVICE,EARBUD_INEAR,DEVICE,0.985733,0.985733,model_device_above_threshold_with_device_subject,"JAZZA ANC-J1 Foldable Stereo Active Noise Cancelling Headphones,40mw Rated Power 90mw Max,Strong Bass, Folding and Lightweight Travel Headset(Black)",Earbud Headphones,4,1,2,0,0,0,0,0,1,0,0,internal_oof
B077FFLMRG,ACCESSORY,NOT_APPLICABLE,DEVICE,0.688717,0.688717,model_device_above_threshold_with_device_subject,Hermitshell Hard EVA Travel Case Fits Nakeey Noise Cancelling Stereo Wireless Headset,Headphones & Earbuds,8,1,1,0,0,0,0,0,0,1,0,internal_oof
B0112Y6Y3O,AMBIGUOUS,NOT_APPLICABLE,AMBIGUOUS,0.722828,0.0,no_headphone_subject_in_title,Jelly Belly Bean Boozled 3.5oz Dispenser Game (3 PACK),Headphones & Earbuds,1,1,0,0,0,0,0,0,0,1,0,internal_oof
B00QVUQQN8,DEVICE,EARBUD_INEAR,DEVICE,0.877494,0.877494,model_device_above_threshold_with_device_subject,Green LED Flashing Earbuds w/ In-Line Microphone,Headphones & Earbuds,7,1,1,0,0,0,0,0,0,1,0,internal_oof
B09QX6XP2K,DEVICE,EARBUD_INEAR,DEVICE,0.994804,0.994804,model_device_above_threshold_with_device_subject,"Xiaomi Wireless Earbuds Redmi Buds 3 Lite, Wireless Earphones Bluetooth 5.2 Latency Stereo Game Headphones with Mic, Sweatproof Sport in-Ear Earphones with Charging Battery Case (White)",Earbud Headphones,13062,1,3,0,0,0,0,0,1,0,0,internal_oof
B07F32W8WL,ACCESSORY,NOT_APPLICABLE,ACCESSORY,0.02416,0.97584,model_accessory_below_threshold_with_accessory_context,"ZALU Compatible for AirPods Case, 0.8mm Ultra-Thin Version, Premium Protective Silicone Cover Skin for AirPods Charging Case 2 & 1 [Front LED Visible] [Wireless Rechargeable] (Black)","Headphones, Earbuds & Accessories",51,1,1,1,0,2,0,0,0,1,0,internal_oof
B07MW4YJLW,DEVICE,EARBUD_INEAR,DEVICE,0.97387,0.97387,model_device_above_threshold_with_device_subject,"Type-C Headphone Port in-Ear Headphones, Gedun Stereo Running Noise Reduction, with Remote Control and Microphone Remote Control, for Glory 9 Huawei P20 Pro Millet 6 Mi6 Letv 2 pro 2 max2 (White)",Earbud Headphones,4,1,1,0,0,0,0,0,1,0,0,internal_oof
B008FZBLI2,DEVICE,EARBUD_INEAR,DEVICE,0.96717,0.96717,model_device_above_threshold_with_device_subject,Fusion Pink/Dark Gunmetal Headset for iPhone/Droid/Smartphones with mic,Headphones & Earbuds,2,1,1,0,0,0,0,0,0,1,0,internal_oof
B07T85W8P7,DEVICE,EARBUD_INEAR,DEVICE,0.965701,0.965701,model_device_above_threshold_with_device_subject,"Sony WF-1000XM3 Industry Leading Noise Canceling Truly Wireless Earbuds Headset/Headphones with Alexa Voice Control And Mic For Phone Call, Silver",Earbud Headphones,22855,1,3,0,0,0,0,0,1,0,0,internal_oof
B09NPLVMMG,DEVICE,EARBUD_INEAR,DEVICE,0.992028,0.992028,model_device_above_threshold_with_device_subject,Bluetooth 5.0 Wireless Earbuds Super Portable True Wireless Stereo Headphones in Ear Deep Bass Built in Mic IPX6 Waterproof with Charging Case (Only 50g) 40H Playtime for Workout Running (White),Earbud Headphones,10,1,2,0,0,1,1,0,1,0,0,internal_oof
B07KM4WYRB,ACCESSORY,NOT_APPLICABLE,ACCESSORY,0.234835,0.99,strong_accessory_relation,GeeRic Protective Cover Compatible with Earphone,Earbud Headphones,111,1,1,1,1,0,0,0,1,0,0,internal_oof
B00ETI275K,DEVICE,ON_EAR,DEVICE,0.954592,0.954592,model_device_above_threshold_with_device_subject,Beats Solo HD Wired On-Ear Headphone - Matte Black (Discontinued by Manufacturer),On-Ear Headphones,1804,1,1,0,0,0,0,0,1,0,0,internal_oof
B00689BUOM,DEVICE,EARBUD_INEAR,DEVICE,0.930846,0.930846,model_device_above_threshold_with_device_subject,"Jlab Go 4 GB Waterproof, Sweatproof, Sports MP3 Player Headphones (White/Gray)",Headphones & Earbuds,504,1,1,0,0,0,0,0,0,1,0,internal_oof
B01EG6WOD4,AMBIGUOUS,NOT_APPLICABLE,AMBIGUOUS,0.814433,0.0,no_headphone_subject_in_title,ViiAN Yo-Kai Watch Series 1 Wazzat Medal,Headphones & Earbuds,12,1,0,0,0,0,0,0,0,1,0,internal_oof
B008CC3ZM8,ACCESSORY,NOT_APPLICABLE,ACCESSORY,0.875896,0.99,strong_accessory_relation,Budkeeper Earphone Case and Earbuds Case with Carabineer,Earbud Headphones,58,1,2,1,1,0,0,0,1,0,0,internal_oof
B08T89SQBY,ACCESSORY,NOT_APPLICABLE,ACCESSORY,0.057851,0.99,strong_accessory_relation,"Cose Jack Compatible with Samsung Galaxy A02S Case,Crystal Clear Case with 4 Corners Shockproof Protection Soft Scratch-Resistant TPU Cover for Galaxy A02S Phone. (PinkTeal)",Earbud Headphones,35,1,0,1,1,0,0,0,1,0,1,internal_oof
B07MVVJPGJ,DEVICE,EARBUD_INEAR,DEVICE,0.976228,0.976228,model_device_above_threshold_with_device_subject,"Sabbat E12 3D Clear Sound True Wireless Earbuds Blutooth 5.0 TWS Stereo Earphones A week's Endurance with Built-in Mic and Charging Case for iPhone, Samsung, iPad, Android(Dark Brown)",Earbud Headphones,12,1,2,1,0,1,0,0,1,0,0,internal_oof
B010MG57R2,DEVICE,EARBUD_INEAR,DEVICE,0.977431,0.977431,model_device_above_threshold_with_device_subject,Trinity Hyperion - Micro Dynamic in-Ear Headphone,Headphones & Earbuds,9,1,1,0,0,0,0,0,0,1,0,internal_oof
B0C7BGF4QZ,ACCESSORY,NOT_APPLICABLE,ACCESSORY,0.006549,0.993451,strong_accessory_relation,"Wireless Charging Case Only Compatible for Air Pods Pro 1st & 2nd Generation, Charger Replacement Case with Bluetooth Pairing Sync Button",Cases,98,1,0,1,1,1,0,1,0,0,0,internal_oof
B018MZWBSI,DEVICE,ON_EAR,DEVICE,0.947635,0.947635,model_device_above_threshold_with_device_subject,Brookstone Compact Wireless Headphones,On-Ear Headphones,9,1,1,0,0,0,0,0,1,0,0,internal_oof
B085T299YM,DEVICE,EARBUD_INEAR,DEVICE,0.9975,0.9975,model_device_above_threshold_with_device_subject,"dyplay Sports True Wireless Earbuds, IPX7 Waterproof in Ear TWS Stereo Sound Bluetooth 5.0 Headphones with Charging Case and Mic 40H Playtime Sports Earphones for Running Gym Workout Fitness Exercise",Earbud Headphones,483,1,3,0,0,1,1,0,1,0,0,internal_oof
B07WFY1T9R,ACCESSORY,NOT_APPLICABLE,ACCESSORY,0.021788,0.978212,model_accessory_below_threshold_with_accessory_context,"Apple AirPods Case Cover with Keychain, Enhenstre Airpod Case Cute Color and Quality Silicone 2 Pack (AirPods Case 2 Pack, Mint Green + Black)",Cases,58,1,1,1,0,0,0,1,0,0,0,internal_oof
B00DQ5NU4O,DEVICE,EARBUD_INEAR,DEVICE,0.922375,0.922375,model_device_above_threshold_with_device_subject,"Plantronics M165 Marque 2 Ultralight Wireless Bluetooth Headset - Compatible with iPhone, Android, and Other Leading Smartphones - White",Headphones & Earbuds,1023,1,1,0,0,0,0,0,0,1,0,internal_oof
B0738NCHMF,ACCESSORY,NOT_APPLICABLE,ACCESSORY,0.409414,0.99,strong_accessory_relation,"ZZoo Ear Gels Earplugs Cover for Samsung Galaxy S6/S6 Edge Stereo Headset Earphones, ZZoo Silicone Cover Ear Gels Anti Slip for Samsung S6 S7 Edge Headphones 4 Pairs",Earbud Headphones,22,1,3,1,1,0,0,0,1,0,0,internal_oof
B01G9WA67Y,ACCESSORY,NOT_APPLICABLE,ACCESSORY,0.284942,0.99,strong_accessory_relation,"Alcatel One Touch Fierce XL Case, Balaji Folio Flip Leather Case Cover For Alcatel One Touch Fierce XL, Black",Earbud Headphones,1,1,0,1,1,0,0,0,1,0,1,internal_oof
B076Q79NDT,ACCESSORY,NOT_APPLICABLE,ACCESSORY,0.003257,0.996743,strong_accessory_relation,Benks Compatible with Splitter Charger Cord for Apple Lightning Ports for iPhone XR XS Max X 10 8 7 Plus,Adapters,43,1,0,1,1,1,0,1,0,0,0,internal_oof
B07GV2WKFZ,ACCESSORY,NOT_APPLICABLE,ACCESSORY,0.003981,0.996019,strong_accessory_relation,"WC Wicked Cushions Replacement Ear Pads for Beats Studio 2 & 3 (B0501, B0500) Wired & Wireless | Does NOT Fit Beats Solo | Softer PU Leather, Enhanced Foam & Stronger Adhesive | Titanium",Earpads,15311,1,0,1,1,1,0,1,0,0,0,internal_oof
B07HJF8WK1,DEVICE,EARBUD_INEAR,DEVICE,0.972256,0.972256,model_device_above_threshold_with_device_subject,Compatible with Stylo 4 Plus - Premium Sound Earbuds Hands-Free Earphones w Mic Metal Headphones Headset in-Ear Wired [3.5mm] [White] for LG Stylo 4 Plus,Earbud Headphones,10,1,4,0,0,0,0,0,1,0,0,internal_oof
B07ZFSBZLG,ACCESSORY,NOT_APPLICABLE,ACCESSORY,0.002936,0.997064,model_accessory_below_threshold_with_accessory_context,"CTYBB for Airpod Case,Silicone Airpods Case Cover with Fur Ball Keychain Compatible with Apple Airpods 2/1 (Front LED Visible) Alaskan Blue",Cases,25376,1,1,1,0,0,0,1,0,0,0,internal_oof
B000M23HVU,DEVICE,EARBUD_INEAR,DEVICE,0.7497,0.7497,model_device_above_threshold_with_device_subject,Nextel Cosmos VN250 ENV3 VX9200 VX-9200 RUMOR LX260 UX260 Accolade VX5600 I1 ENV2 VX-9100 W755 VOYAGER VX10K VX10000 Barrage V860 VX8300 VX-8300 Motorola OEm Cell Phone Hands-Free Headset (Silver) HS120 / CHYN4516A,Headphones & Earbuds,18,1,1,0,0,0,0,0,0,1,0,internal_oof
B073ZDYTX7,ACCESSORY,NOT_APPLICABLE,ACCESSORY,0.116618,0.99,strong_accessory_relation,"Rainbow Unicorn Samsung G360 Case,Awin 3D Cute Kids Girls Cartoon Rainbow Unicorn Horse Animal Soft Silicone Rubber Case for Samsung Galaxy Core Prime G360 /J1 J100 2015 Release (Rainbow Unicorn)",Headphones & Earbuds,16,1,0,1,1,0,0,0,0,1,0,internal_oof
B06WW9C2QT,ACCESSORY,NOT_APPLICABLE,ACCESSORY,0.02677,0.97323,model_accessory_below_threshold_with_accessory_context,"Stouch Strap Compatible Airpods, Magnetic Strap Compatible Airpods iPhone 7 / iPhone 7 Plus AirPods Sports Strap Wire Cable Connector Compatible for Apple Airpods, Like a Necklace with Your AirPods.","Headphones, Earbuds & Accessories",58,1,1,0,0,1,0,0,0,1,0,internal_oof
B00Y167WXC,AMBIGUOUS,NOT_APPLICABLE,AMBIGUOUS,0.738091,0.0,no_headphone_subject_in_title,Florida Gators Pretty in Pink Tshirt (Medium),Headphones & Earbuds,6,1,0,0,0,0,0,0,0,1,0,internal_oof
B082SLT38T,ACCESSORY,NOT_APPLICABLE,ACCESSORY,0.002702,0.997298,model_accessory_below_threshold_with_accessory_context,"CTYBB for Airpod Case,Silicone Airpods Case Cover with Fur Ball Keychain Compatible with Apple Airpods 2/1 (Front LED Visible) Black",Cases,24859,1,1,1,0,0,0,1,0,0,0,internal_oof
B0C235B94P,DEVICE,EARBUD_INEAR,DEVICE,0.931674,0.931674,model_device_above_threshold_with_device_subject,Apple AirPods Pro (Renewed),Earbud Headphones,17372,1,1,0,0,0,0,0,1,0,0,internal_oof
B00LIAQ9QK,DEVICE,EARBUD_INEAR,DEVICE,0.931524,0.931524,model_device_above_threshold_with_device_subject,Tok Tok Designs 25 Quantity Pack - goBulk Stereo Earbud (Neodymium Speaker),Earbud Headphones,24,1,1,0,0,0,0,0,1,0,0,internal_oof
B07T6GWDGR,ACCESSORY,NOT_APPLICABLE,ACCESSORY,0.001866,0.998134,strong_accessory_relation,"Hamile Cover Compatible with AirPods Case, Soft Silicone Protective Covers Skin (Front LED Visible) Designed for Airpod 2/ AirPod 1 Cases with Keychain Accessories, Women Girls Men Boys,Milk Yellow",Cases,36522,1,1,1,1,1,0,1,0,0,0,internal_oof
B083DLHYPN,ACCESSORY,NOT_APPLICABLE,ACCESSORY,0.014613,0.985387,model_accessory_below_threshold_with_accessory_context,"AirPods Pro Case, KMMIN Airpods Pro Case Protective Cover 2020 Upgraded Silicone Case Fits AirPods Pro with Accessories Dust-Proof Scratch-Proof, Wireless Charging Available-Black (Purple)",Cases,7,1,1,0,0,0,0,1,0,0,0,internal_oof
B004Y3XOIY,DEVICE,EARBUD_INEAR,DEVICE,0.940039,0.940039,model_device_above_threshold_with_device_subject,Scosche HP153MD Increased Dynamic Range Earphone with Volume and Mic (Discontinued by Manufacturer),Headphones & Earbuds,15,1,1,0,0,0,0,0,0,1,0,internal_oof
B081DRN2B6,ACCESSORY,NOT_APPLICABLE,ACCESSORY,0.001389,0.998611,model_accessory_below_threshold_with_accessory_context,"Lerobo Compatible with AirPods Pro Case Cover, Full Protective Shockproof Washable Silicone Skin Cover Case for Airpods pro Supports Wireless Charging with Carabiner Front LED Visible,Navy Blue",Cases,15065,1,1,1,0,1,0,1,0,0,0,internal_oof
B09YV9YG5J,DEVICE,EARBUD_INEAR,DEVICE,0.995187,0.995187,model_device_above_threshold_with_device_subject,OKEEFE Bluetooth Headphones 48Hrs Playback Wireless Earbuds with Wireless Charging Case and Earhooks Over Ear Waterproof Earphones with Mic for Sports Running Workout iOS Android TV Phone Purple,Earbud Headphones,11104,1,3,0,0,1,1,0,1,0,0,internal_oof
B09GVGGZTT,ACCESSORY,NOT_APPLICABLE,ACCESSORY,0.016487,0.99,strong_accessory_relation,"PROKTH Case for Nothing Ear(1) Earbuds, Silicone Earphones Case, Lightweight Protective Cover for Nothing Ear(1) Earbuds",Cases,19,1,2,1,1,0,0,1,0,0,0,internal_oof
B07RQRX7RW,DEVICE,EARBUD_INEAR,DEVICE,0.95128,0.95128,model_device_above_threshold_with_device_subject,"HAYLOU True Wireless Earbuds, GT1 Bluetooth 5.0 Sports HD Stereo Touch Control Ear Buds with IPX5 Waterproof/Fast Connection/Mini Case(Only 30g)/Total 12H Playtime (Black)",Earbud Headphones,12255,1,2,0,0,0,0,0,1,0,0,internal_oof
B00D75AB6I,DEVICE,EARBUD_INEAR,DEVICE,0.980821,0.980821,model_device_above_threshold_with_device_subject,Sennheiser Cx 180 Street Ii in-Ear Headphone Black,Earbud Headphones,62456,1,1,0,0,0,0,0,1,0,0,internal_oof
B00JEPYRL0,ACCESSORY,NOT_APPLICABLE,ACCESSORY,0.010801,0.99,strong_accessory_relation,Replacement Audio Cable Cord for BOSE AE2 AE2i AE2w Headphones With IT IS Logo Headphone Cable Cord Clip,"Headphones, Earbuds & Accessories",585,1,1,1,1,2,0,0,0,1,0,internal_oof
B08TRV6KXT,DEVICE,EARBUD_INEAR,DEVICE,0.948945,0.948945,model_device_above_threshold_with_device_subject,"Gabba Goods Bluetooth Stereo Earbuds Truebds Elite, with Travel Charging case, Built-in mic and up to 8 Hours of plying time",Earbud Headphones,15,1,1,0,0,1,0,0,1,0,0,internal_oof
B083Y256TY,DEVICE,EARBUD_INEAR,DEVICE,0.981093,0.981093,model_device_above_threshold_with_device_subject,Arylic True Wireless Bluetooth 5.0 Low Latency HiFi Stereo Game Earbuds with Large Battery Capaticy Charging Case and Mic M500,Earbud Headphones,5,1,1,0,0,1,0,0,1,0,0,internal_oof
B0050UNO44,DEVICE,NEEDS_REVIEW,DEVICE,0.94253,0.94253,model_device_above_threshold_with_device_subject,Bionic Ear - 100 Meters Sound Distance + Quality Headphone,Headphones & Earbuds,1,1,1,0,0,0,0,0,0,1,0,internal_oof
B0CCLR6GCC,DEVICE,EARBUD_INEAR,DEVICE,0.997182,0.997182,model_device_above_threshold_with_device_subject,Jicjocy Wireless Earbuds Active Noise Cancelling Bluetooth Earbuds Stereo Clear Calls Wireless Ear Buds in-Ear Headphones with Charging Case LED Display Waterproof Earphones for Sports Work (White),Earbud Headphones,156,1,4,0,0,1,1,0,1,0,0,internal_oof
B0C68MFDN2,DEVICE,EARBUD_INEAR,DEVICE,0.989141,0.989141,model_device_above_threshold_with_device_subject,CTEX 2 Packs Earbuds for Headphones Wired Earphones,Earbud Headphones,52,1,3,0,0,0,0,0,1,0,0,internal_oof
B014DYJ67Q,DEVICE,EARBUD_INEAR,DEVICE,0.965531,0.965531,model_device_above_threshold_with_device_subject,"SAMSUNG (2 Pack) OEM Wired 3.5mm White Headset with Microphone, Volume Control, and Call Answer End Button [EO-EG920BW] for SAMSUNG Galaxy S6 Edge+ / S5, Galaxy Note 5/4 / Edge (Bulk Packaging)",Earbud Headphones,11299,1,1,0,0,0,0,0,1,0,0,internal_oof
B0BZSP3Y1G,DEVICE,EARBUD_INEAR,DEVICE,0.988171,0.988171,model_device_above_threshold_with_device_subject,"Jirtec Sports Pro Wireless Earbuds Bluetooth 5.3 Headphones | 120hrs Playtime with Charging Case LED Battery Display | Waterproof Stereo Over-Ear Earphones | Ear Hooks for Running, Sport, Gym Workout",Earbud Headphones,48,1,3,0,0,1,1,0,1,0,0,internal_oof
B0749PSTN1,ACCESSORY,NOT_APPLICABLE,ACCESSORY,0.006337,0.993663,model_accessory_below_threshold_with_accessory_context,Memory Foam Protein Leather Ear Pads Earbuds Cushion Replacement for Beats SOLO 2 / 3 Wireless On Ear Headphones ONLY (Black),Earpads,4,1,2,0,0,1,0,1,0,0,0,internal_oof
B01MY4R4NX,DEVICE,EARBUD_INEAR,DEVICE,0.958961,0.958961,model_device_above_threshold_with_device_subject,"TOMANTEK TK-EM203 Earphones Headphones, High Definition, in-ear, Tangle Free, Noise Isolating with Microphone & 3.5mm Cable for iPhone, iPod, iPad, MP3 Players, Samsung Galaxy etc, Silver",Earbud Headphones,4,1,2,1,0,1,0,0,1,0,0,internal_oof
B002RWJGXQ,DEVICE,EARBUD_INEAR,DEVICE,0.873957,0.873957,model_device_above_threshold_with_device_subject,"Pineapple's Rumble X Vibrating earphone, Ultimate Gaming, Movie watching - White",Headphones & Earbuds,4,1,1,0,0,0,0,0,0,1,0,internal_oof
B09CL8ZWDK,DEVICE,EARBUD_INEAR,DEVICE,0.997257,0.997257,model_device_above_threshold_with_device_subject,"Hntmao True Wireless Earbuds, IPX7 Waterproof Bluetooth Earbuds, 30H Cyclic Playtime Headphones with Charging Case and mic for iPhone Android, in-Ear Stereo Earphones Headset for Sport Grey",Earbud Headphones,26,1,4,0,0,1,1,0,1,0,0,internal_oof
B085NL5Y39,ACCESSORY,NOT_APPLICABLE,ACCESSORY,0.015847,0.99,strong_accessory_relation,WERJIA Hard EVA Travel Case for Sony Wi-Xb400/Wi-C200/ WI-C310 Wireless in-Ear Headphones. Earphone Carrying Case MP3 Player Case Headphone Small Storage Pouch,Cases,36,1,2,1,1,1,0,1,0,0,0,internal_oof
B0785GFTW8,DEVICE,OVER_EAR,DEVICE,0.986184,0.986184,model_device_above_threshold_with_device_subject,"Turcom Over Ear Wired Gaming Headphones, DJ-Style Monitor Headphone, Stereo Studio Sound 50 mm drivers and 100 dB, Lightweight Adjustable Professional Headset with Microphone Auxiliary Cable (TS-823)",Over-Ear Headphones,44,1,2,0,0,1,0,0,1,0,0,internal_oof
B0151741AQ,ACCESSORY,NOT_APPLICABLE,ACCESSORY,0.060564,0.939436,model_accessory_below_threshold_with_accessory_context,Cosmos Set of 5 Premium Gray Travel Carry Drawstring Headphones Pouch Bag (Gray Color),Cases,88,1,1,0,0,0,0,1,0,0,0,internal_oof
B073PV5YHL,ACCESSORY,NOT_APPLICABLE,AMBIGUOUS,0.035257,0.0,no_headphone_subject_in_title,"Digital Voice Recorder,Activated Sound Audio Recorder Dictaphone",Earpads,1,1,0,0,0,0,0,1,0,0,0,internal_oof
B006C230V6,ACCESSORY,NOT_APPLICABLE,AMBIGUOUS,0.124195,0.0,no_headphone_subject_in_title,Your Cable Store 6 Foot 2.5mm Stereo IR Remote/Camera Cable Male/Male,"Headphones, Earbuds & Accessories",1,1,0,0,0,1,0,0,0,1,0,internal_oof
B082Y6TQLX,ACCESSORY,NOT_APPLICABLE,ACCESSORY,0.008883,0.991117,model_accessory_below_threshold_with_accessory_context,Youkamoo 4.4mm to 4 pin XLR Female Balanced Headphone Audio Headphone 8 Core Silver Plated Adapter Cable 15CM [ 4.4mm Balanced 5 Pole Male ] Male to Female,Adapters,38,1,1,0,0,2,0,1,0,0,0,internal_oof
B08RTN8KZC,DEVICE,EARBUD_INEAR,DEVICE,0.98812,0.98812,model_device_above_threshold_with_device_subject,"1MORE Triple Driver In-Ear Earphones Hi-Res Headphones with High Resolution, Bass Driven Sound, MEMS Mic, In-Line Remote, High Fidelity for Smartphones/PC/Tablet - Silver",Earbud Headphones,11913,1,2,0,0,0,0,0,1,0,0,internal_oof
B071DS8W3P,AMBIGUOUS,NOT_APPLICABLE,AMBIGUOUS,0.432877,0.0,no_headphone_subject_in_title,Graduation Party Favor Decorative Stickers/Labels for Hershey's Kisses (Red & White),Headphones & Earbuds,5,1,0,0,0,0,0,0,0,1,0,internal_oof
B01GYBY5RM,ACCESSORY,NOT_APPLICABLE,ACCESSORY,0.081751,0.99,strong_accessory_relation,audio-technica in-Ear Headphone case AT-HPP300 SV,Cases,1,1,1,1,1,0,0,1,0,0,0,internal_oof
B08H52NP67,DEVICE,EARBUD_INEAR,DEVICE,0.994216,0.994216,model_device_above_threshold_with_device_subject,"Wireless Earbuds Bluetooth 5.0 Headphones with Digital Intelligence LED Display Charging Case, 35Hrs Playtime Stereo Sound, IPX5 Waterproof, Headsets with Built-in Microphone for Sports, Work, Home",Earbud Headphones,74,1,3,0,0,1,0,0,1,0,0,internal_oof
B00405GNPC,DEVICE,EARBUD_INEAR,DEVICE,0.972113,0.972113,model_device_above_threshold_with_device_subject,GTMax Black 3.5mm Metal Stereo Headset Handsfree Soft Gel Earbud with Microphone for AT&T BlackBerry Torch 9800,Headphones & Earbuds,3,1,2,0,0,0,0,0,0,1,0,internal_oof
B09FX3WFGF,DEVICE,ON_EAR,DEVICE,0.9905,0.9905,model_device_above_threshold_with_device_subject,JBL Tune 660NC: Wireless On-Ear Headphones with Active Noise Cancellation - Black (Renewed),On-Ear Headphones,127,1,1,0,0,0,0,0,1,0,0,internal_oof
B09TK6GV64,ACCESSORY,NOT_APPLICABLE,ACCESSORY,0.027663,0.972337,model_accessory_below_threshold_with_accessory_context,Pro Headphones Ear Cushions Replacement Earpads Compatible with Monster Beats by Dr Dre Pro Detox Over-Ear Headphones (Red),Earpads,39,1,1,1,0,3,0,1,0,0,0,internal_oof
B003O7YB4M,DEVICE,EARBUD_INEAR,DEVICE,0.770155,0.770155,model_device_above_threshold_with_device_subject,Universal Bluetooth Handsfree Headset for Motorola H700,Headphones & Earbuds,4,1,1,0,0,0,0,0,0,1,0,internal_oof
B091TXJDPR,DEVICE,EARBUD_INEAR,DEVICE,0.993584,0.993584,model_device_above_threshold_with_device_subject,LeLerat Wireless Earbuds Bluetooth 5.0 Headphones Noise canceling Earphone Wireless with Charging Case 3D Stereo Earpods Auto Pairing Built-in Mic 24H Play Time Bluetooth Earplugs for iPhone/Android,Earbud Headphones,33,1,4,0,0,1,1,0,1,0,0,internal_oof
B00C6ACRPI,DEVICE,OVER_EAR,DEVICE,0.932872,0.932872,model_device_above_threshold_with_device_subject,Bowers & Wilkins P3 Headphones - Blue/Grey,Over-Ear Headphones,39,1,1,0,0,0,0,0,1,0,0,internal_oof
B006LM6S16,ACCESSORY,NOT_APPLICABLE,ACCESSORY,0.526237,0.99,strong_accessory_relation,"CASEBUDi White - Limited Edition - Small case for Your Earbuds, iPod Shuffle, iPhone Charger, Coins, or Small Bluetooth Headset",Headphones & Earbuds,18,1,2,1,1,0,0,0,0,1,0,internal_oof
B01M5EUN6U,DEVICE,ON_EAR,DEVICE,0.956899,0.956899,model_device_above_threshold_with_device_subject,"TOOKS Wireless SPORTEC BAND (FLEECE) Headphone Headband With Built-In Removable Headphones | Integrated Mic, Volume and Music/Call Control | Listen To Music and Handle Phone Calls Remotely",Headphones & Earbuds,5,1,1,0,0,0,0,0,0,1,0,internal_oof
B0B9JWWGQY,ACCESSORY,NOT_APPLICABLE,ACCESSORY,0.004311,0.995689,model_accessory_below_threshold_with_accessory_context,"YeLoveHaw Designed for AirPods 3 Case for Women Girls Men, Glitter Pearly-Lustre Pattern, Soft Cute Full Body Protective Cover with Pearl Shell Keychain for Airpods 3rd Generation 2021 (Colorful)",Cases,29,1,1,1,0,0,0,1,0,0,0,internal_oof
B00QX13D36,ACCESSORY,NOT_APPLICABLE,ACCESSORY,0.049523,0.99,strong_accessory_relation,"Galaxy S5 Case,S5 Case,&Uncle.Y Cute Owl Hybrid TPU Silicone Soft + PC Hard Plastic Bumper Back Protective Skin Case for Samsung Galaxy S5 I9600 Purple",Earbud Headphones,95,1,0,1,1,1,0,0,1,0,1,internal_oof
B0833RK2XW,DEVICE,EARBUD_INEAR,DEVICE,0.996868,0.996868,model_device_above_threshold_with_device_subject,Professional Metal Headphone in Ear Wired Earphone Heavy Bass Sound Quality Music Sport Headset Headsets with Built-in Microphone 3.5mm in-Ear Wired Earphone,Earbud Headphones,27,1,3,0,0,0,0,0,1,0,0,internal_oof
B0BG2BF2WL,ACCESSORY,NOT_APPLICABLE,ACCESSORY,0.002472,0.997528,model_accessory_below_threshold_with_accessory_context,"OLEBAND Airpods Pro 2nd Generation Case 2022,Silicone Protective Cover with Cute Bracelet Keychain Accessories for Apple iPods Pro 2,for Women Girls,Green",Cases,1,1,1,1,0,0,0,1,0,0,0,internal_oof
B0817JL1S1,ACCESSORY,NOT_APPLICABLE,ACCESSORY,0.004658,0.995342,strong_accessory_relation,"Ztotop Case for AirPods Pro 2019, Designed with Full Tough Silicone+Shock-Resistant Protective Cover, Front LED Visible, Durable Armor Case with Smooth Skin - Black",Cases,5601,1,1,1,1,1,0,1,0,0,0,internal_oof
B07D7799JY,DEVICE,EARBUD_INEAR,DEVICE,0.937949,0.937949,model_device_above_threshold_with_device_subject,2-Pack Premium Earphones/Earbuds/Headphones with Stereo Mic&Remote Control for Galaxy S7/S7 Edge and More Android Smartphones Compatible with 3.5 mm Headphone White,Earbud Headphones,97,1,3,0,0,0,0,0,1,0,0,internal_oof
B09HSF6NXG,ACCESSORY,NOT_APPLICABLE,AMBIGUOUS,0.581013,0.0,taxonomy_device_but_title_has_no_device_subject,"Microsoft Xbox Series X 1TB SSD Video Game Console + 1 Wireless Gaming Controller, Black - 16GB GDDR6 RAM, 8X Cores Zen 2 CPU, RDNA 2 GPU, 4K UHD Blu-Ray, 8K HDR, 802.11AC WiFi - USB Extension Cable",Over-Ear Headphones,4,1,0,0,0,1,0,0,1,0,1,internal_oof
B00Q7AR69U,DEVICE,OVER_EAR,DEVICE,0.842623,0.842623,model_device_above_threshold_with_device_subject,"Jabra PC and Smartphone Headphones with Active Environmental Noise Canceling, Mic - Evolve 80 - PC Compatible Softphones and Apps - Cisco Jabber, Webex, Skype, Dragon, Audio Streaming",Headphones & Earbuds,21,1,1,0,0,0,0,0,0,1,0,internal_oof
B07SKLLYTW,DEVICE,EARBUD_INEAR,DEVICE,0.943715,0.943715,model_device_above_threshold_with_device_subject,Apple AirPods 2 with Charging Case - White (Renewed),Earbud Headphones,13642,1,1,0,0,1,0,0,1,0,0,internal_oof
B01EP895Z8,ACCESSORY,NOT_APPLICABLE,ACCESSORY,0.16453,0.99,strong_accessory_relation,Replacement Earpad Cushions for Sennheiser Momentum Over-Ear Headphone with ITIS Cable Clip (Brown),Over-Ear Headphones,2,1,1,1,1,3,0,0,1,0,0,internal_oof
B07H3L7XBN,DEVICE,EARBUD_INEAR,DEVICE,0.994129,0.994129,model_device_above_threshold_with_device_subject,"Arisen Phantom Metallic Bluetooth 4.1 Headphones, 11Hrs Playtime Magnetic Workout Wireless Earbuds HD Sound w/Bass, Sweatproof Running Sport Earphones with Mic for iPhone Samsung Android (Ore Grey)",Earbud Headphones,19,1,3,0,0,0,0,0,1,0,0,internal_oof
B098MX1QKG,DEVICE,EARBUD_INEAR,DEVICE,0.986077,0.986077,model_device_above_threshold_with_device_subject,"Jabra Elite Active 75t True Wireless Bluetooth Earbuds, Titanium Black – Wireless Earbuds for Running and Sport, Charging Case Included, Active Noise Cancelling Sport Earbuds (Renewed)",Earbud Headphones,53,1,1,0,0,1,0,0,1,0,0,internal_oof
B01MU1CBIY,DEVICE,OVER_EAR,DEVICE,0.921203,0.921203,model_device_above_threshold_with_device_subject,eKids Marvel Guardians of The Galaxy Vol 2 Marvel Movie iHome Over The Ear Headphones with Built in Microphone,Over-Ear Headphones,7,1,1,0,0,0,0,0,1,0,0,internal_oof
B07G9CPZ3Z,AMBIGUOUS,NOT_APPLICABLE,AMBIGUOUS,0.717225,0.0,no_headphone_subject_in_title,"Midi Ribbon Gingham Check Ribbon - 5/8"" X 25 Yards/Pack - Yellow",Headphones & Earbuds,1,1,0,0,0,0,0,0,0,1,0,internal_oof
B082DNS4FD,ACCESSORY,NOT_APPLICABLE,ACCESSORY,0.021605,0.978395,model_accessory_below_threshold_with_accessory_context,Cable Matters Premium Braided USB C Audio Adapter Sound Card with 3.5mm Headphone Mic Combo Jack and 60W Charging for Laptop and Smartphone,Adapters,69,1,1,0,0,2,0,1,0,0,0,internal_oof
B0179H8SDC,DEVICE,OVER_EAR,DEVICE,0.759994,0.759994,model_device_above_threshold_with_device_subject,"Juboury Solace Battery Active Noise Canceling Over-Ear Headsets for iOS, Samsung Andorid Phones,Tablets,Portable Music Players,Laptop, PC, in-Flight Entertainment Devices with Carrying Case",Headphones & Earbuds,163,1,1,0,0,1,0,0,0,1,0,internal_oof
B09W24BTZY,DEVICE,EARBUD_INEAR,DEVICE,0.996073,0.996073,model_device_above_threshold_with_device_subject,"Wireless Earbuds,Thohia Bluetooth Earphones Wireless Charging/Type-C, Hi-Fi Stereo&Silicone Ear-Cap,White Wireless Earphones Bluetooth, Bluetooth Earbuds for iPhone Android,Touch Control, 3 Modes",Earbud Headphones,68,1,2,0,0,0,0,0,1,0,0,internal_oof
B07Q2VFNFM,ACCESSORY,NOT_APPLICABLE,ACCESSORY,0.006737,0.993263,model_accessory_below_threshold_with_accessory_context,"Type C to 3.5mm Headphone Jack Adapter, ACCGUYS USB C to Aux Audio Dongle Cable Audio Jack Adapter Compatible with Samsung Galaxy S20 S20 Ultra S20+ S21 Note 20 10 S10, Pixel 2 3 4 XL",Adapters,71,1,1,0,0,2,0,1,0,0,0,internal_oof
B07VXDV8CY,ACCESSORY,NOT_APPLICABLE,ACCESSORY,0.004782,0.995218,strong_accessory_relation,Coffea Protective Silicone Case with Keychain for Apple AirPods 1 & 2 (Front LED Not Visible) Alaskan Blue,Cases,15101,1,1,1,1,0,0,1,0,0,0,internal_oof
B08B69PG8T,ACCESSORY,NOT_APPLICABLE,ACCESSORY,0.00261,0.99739,strong_accessory_relation,"Silicone Case Cover for Anker Air 2 Wireless Earbuds Case , GEEMEE Protective Silicone Case Cover Hard Carrying Travel Case for Anker Air2 Wireless Bluetooth Earphone Charger Case Accessories （Black）",Cases,6,1,2,1,1,0,0,1,0,0,0,internal_oof
B08RCKF5TT,ACCESSORY,NOT_APPLICABLE,ACCESSORY,0.009624,0.990376,model_accessory_below_threshold_with_accessory_context,"elago AW5 Compatible with AirPods Case 1 & 2, Classic Game Player Design Case with Keychain, Durable Silicone Construction (Sand Pink) [US Patent Registered]",Cases,16852,1,1,1,0,0,0,1,0,0,0,internal_oof
B07VHXK77N,DEVICE,EARBUD_INEAR,DEVICE,0.967649,0.967649,model_device_above_threshold_with_device_subject,"iFrogz Audio - Airtime TWS - Wireless Earbud and Charging Case - Black, 304003083",Earbud Headphones,50,1,1,0,0,1,0,0,1,0,0,internal_oof
B089M9DCCR,ACCESSORY,NOT_APPLICABLE,ACCESSORY,0.089885,0.99,strong_accessory_relation,Compatible with iPhone 11 Case with Built-in 360° Rotatable Ring Holder Kickstand Supports Magnetic Car Mount Slim Shockproof for iPhone 11(6.1 Inch)-Rose glod,Headphones & Earbuds,12,1,0,1,1,2,0,0,0,1,0,internal_oof
B0BQRB32GF,DEVICE,EARBUD_INEAR,DEVICE,0.959796,0.959796,model_device_above_threshold_with_device_subject,"2 Pack Wired Earcups, Stereo Earphone with Microphone, Automatic Noise Reduction, Bass Surround, Suitable for All 3.5mm Interface Devices",Earbud Headphones,8,1,1,0,0,0,0,0,1,0,0,internal_oof
B07R8PR5YZ,DEVICE,OVER_EAR,DEVICE,0.965244,0.965244,model_device_above_threshold_with_device_subject,"Picun Bluetooth Headphones Wireless Headphones Over Ear Hybrid HiFi Stereo Headset w/HD Mic, 4 Driver Units EQ Bass 40 Hours Playtime Soft Protein Earpads for Cellphone Gym Workout Home Office -Black",Earbud Headphones,568,1,2,1,0,2,0,0,1,0,0,internal_oof
B093CWPWFC,ACCESSORY,NOT_APPLICABLE,ACCESSORY,0.006631,0.993369,strong_accessory_relation,"Twelve South AirSnap Twill | Protective Case/Cover with Loss Prevention Clip for AirPods & Wireless Charging Case for AirPods, Smoke Grey",Cases,110,1,1,1,1,2,0,1,0,0,0,internal_oof
B0B5ZJ8XR8,DEVICE,EARBUD_INEAR,DEVICE,0.995586,0.995586,model_device_above_threshold_with_device_subject,"Wireless Earbud Bluetooth 5.0 Headphones with Charging Case, IPX8 Waterproof, 3D Stereo Air Buds in-Ear Ear Buds Built-in Mic, Open Lid Auto Pairing for Android/Samsung/Apple iPhone - Black",Earbud Headphones,63,1,3,0,0,1,1,0,1,0,0,internal_oof
B07RYNFR2B,ACCESSORY,NOT_APPLICABLE,ACCESSORY,0.006584,0.993416,model_accessory_below_threshold_with_accessory_context,"AirPods Case, Full Protective Silicone AirPods Accessories Cover Compatible with Apple AirPods 1&2 Wireless and Wired Charging Case(Front LED Visible),Matcha",Cases,24347,1,1,1,0,1,0,1,0,0,0,internal_oof
B00DU4MR1I,ACCESSORY,NOT_APPLICABLE,AMBIGUOUS,0.012052,0.0,no_headphone_subject_in_title,Corelle Coordinates Twilight Grove Rectangular Tray,Adapters,9,1,0,0,0,0,0,1,0,0,0,internal_oof
B0BZCPSL51,DEVICE,EARBUD_INEAR,DEVICE,0.995471,0.995471,model_device_above_threshold_with_device_subject,"Bone Conduction Headphones, Open Ear Sports Wireless Earphones Bluetooth 5.0 with Built-in Mic for Running, Cycling, Hiking, Driving",Earbud Headphones,5,1,2,0,0,0,0,0,1,0,0,internal_oof
B095X5ZW48,DEVICE,EARBUD_INEAR,DEVICE,0.996882,0.996882,model_device_above_threshold_with_device_subject,"NYZ Wireless Earbuds, [2022 Upgraded] True Wireless Bluetooth Headphones in-Ear Earphones HiFi Stereo Cordless Earbuds with Microphone for iPhone,Android,Windows (Space C1)",Earbud Headphones,12022,1,3,0,0,0,0,0,1,0,0,internal_oof
B07FPG94RP,DEVICE,EARBUD_INEAR,DEVICE,0.99573,0.99573,model_device_above_threshold_with_device_subject,PASONOMI Bluetooth Earbuds Wireless Headphones Bluetooth Headset Wireless Earphones IPX7 Waterproof Bluetooth 5.0 Stereo Hi-Fi Sound with 2200mA Charging Case [2019 Version] (Black),Earbud Headphones,8696,1,4,0,0,1,0,0,1,0,0,internal_oof
B0046CHCB8,DEVICE,EARBUD_INEAR,DEVICE,0.965766,0.965766,model_device_above_threshold_with_device_subject,Cobra 2:1 Mono and Stereo Bluetooth Headset with Streaming Music Capability - Bluetooth Headset - Retail Packaging - Black,Headphones & Earbuds,6,1,1,0,0,0,0,0,0,1,0,internal_oof
B08CRD8PH3,ACCESSORY,NOT_APPLICABLE,ACCESSORY,0.002633,0.997367,model_accessory_below_threshold_with_accessory_context,"CTYBB for Airpod Case,Silicone Airpods Case Cover with Fur Ball Keychain Compatible with Apple Airpods 2/1 (Front LED Visible) Rainbow",Cases,25374,1,1,1,0,0,0,1,0,0,0,internal_oof
B0BMPKQQN1,DEVICE,EARBUD_INEAR,DEVICE,0.995794,0.995794,model_device_above_threshold_with_device_subject,"FOF Bluetooth 5.3 True Wireless Earbuds, ENC Noise Cancelling in-Ear Earphones with 4 Microphones, 50H Endurance TWS Headset with LED Power Display Charging Case(500mAh), IPX6 Waterproof, Dual Mode",Earbud Headphones,8,1,3,0,0,1,0,0,1,0,0,internal_oof
B08CRCJHRM,ACCESSORY,NOT_APPLICABLE,ACCESSORY,0.002244,0.997756,model_accessory_below_threshold_with_accessory_context,"CTYBB for Airpod Case,Silicone Airpods Case Cover with Fur Ball Keychain Compatible with Apple Airpods 2/1 (Front LED Visible) Blue",Cases,24859,1,1,1,0,0,0,1,0,0,0,internal_oof
B010JQJ3VQ,ACCESSORY,NOT_APPLICABLE,AMBIGUOUS,0.034542,0.0,no_headphone_subject_in_title,MFi Certified Cable 3FT 3FT 6FT 10FT Nylon Protable Braided USB Fast Charging& Syncing Cord Compatible Charger XS/MAX/XR/8/8 Plus/ 7/7 Plus/6s/67s Plus,Headphones & Earbuds,1,1,0,0,0,2,0,0,0,1,0,internal_oof
B00M53UTWY,AMBIGUOUS,NOT_APPLICABLE,AMBIGUOUS,0.709069,0.0,no_headphone_subject_in_title,Cobra PhoneLynx Bluetooth Cell to Home Phone Connection System (BT 215),Headphones & Earbuds,649,1,0,0,0,0,0,0,0,1,0,internal_oof
B08MWWNGYG,DEVICE,EARBUD_INEAR,DEVICE,0.950668,0.950668,model_device_above_threshold_with_device_subject,"SAMSUNG Galaxy Buds Pro, Bluetooth Earbuds, True Wireless, Noise Cancelling, Charging Case, Quality Sound, Water Resistant, Phantom Silver (US Version)",Earbud Headphones,4629,1,2,0,0,1,0,0,1,0,0,internal_oof
B000S0THPG,DEVICE,EARBUD_INEAR,DEVICE,0.950321,0.950321,model_device_above_threshold_with_device_subject,LG Electronics HBM-730 Bluetooth Headset,Headphones & Earbuds,3,1,1,0,0,0,0,0,0,1,0,internal_oof
B0BSLYLP42,DEVICE,EARBUD_INEAR,DEVICE,0.995072,0.995072,model_device_above_threshold_with_device_subject,Wireless Earbuds Bluetooth Headphones 60H Playtime Ear Buds with LED Power Display Charging Case Earphones in-Ear Earbud with Microphone for Android Cell Phone Gaming Computer Laptop Sport Black,Earbud Headphones,3623,1,4,0,0,1,0,0,1,0,0,internal_oof
B074H3F7PX,ACCESSORY,NOT_APPLICABLE,ACCESSORY,0.04265,0.95735,model_accessory_below_threshold_with_accessory_context,"Headphones Case 6 Pack, Multifunction Protective Hard Travel Carrying Case, Portable Storage Bag for Wireless Wired Headset Earphone Earbuds",Cases,1,1,4,1,0,1,0,1,0,0,0,internal_oof
B07C97R2NY,ACCESSORY,NOT_APPLICABLE,ACCESSORY,0.046625,0.953375,model_accessory_below_threshold_with_accessory_context,"6amLifestyle Universal Gaming Headset Headphone Hook Stand Hanger Holder Mount, Under Desk On Over Ear Headphones Desk Clamp for All Headphones, White",Cases,394,1,2,0,0,3,0,1,0,0,0,internal_oof
B0BKL752ZG,DEVICE,EARBUD_INEAR,DEVICE,0.982403,0.982403,model_device_above_threshold_with_device_subject,"Wireless Bluetooth 5.3 Ear-Mounted Sport Headphone, Charging Case Digital LED Intelligence Display, 9D Stereo HiFi Stereo,with Mic Waterproof Low Latency Headphone, for iOS Android",Earbud Headphones,2,1,1,0,0,1,0,0,1,0,0,internal_oof
B001U6PUCG,DEVICE,EARBUD_INEAR,DEVICE,0.922079,0.922079,model_device_above_threshold_with_device_subject,Earbud Style High Fidelity Stereo headphones for iPod/Zune/Sansa/iPhone,Earbud Headphones,5,1,2,0,0,0,0,0,1,0,0,internal_oof
B00X3GZDB4,DEVICE,ON_EAR,DEVICE,0.866986,0.866986,model_device_above_threshold_with_device_subject,"iLive Wireless Headphones - Wireless - Bluetooth, Black (IAHB16B)","Headphones, Earbuds & Accessories",7,1,1,0,0,0,0,0,0,1,0,internal_oof
B0B12M3MQK,ACCESSORY,NOT_APPLICABLE,ACCESSORY,0.31343,0.99,strong_accessory_relation,"HeadponeMate Replacement Headband Cover for Parrot Zik, Zik 1.0, Zik 2.0 & Zik 3,0 Headphones",Over-Ear Headphones,1,1,1,1,1,0,0,0,1,0,0,internal_oof
B00Q5VBPDY,DEVICE,OVER_EAR,DEVICE,0.945403,0.945403,model_device_above_threshold_with_device_subject,"AUSDOM Lightweight Wired Over-Ear HD Stereo Headset Sports Music Headphone Mic with a Microphone Headset Soft Leather Ear Cups, Stereo Gaming Headphone Headset with In-line Mic compatible for iPhone iPad Samsung PC (Green)","Headphones, Earbuds & Accessories",177,1,2,0,0,0,0,0,0,1,0,internal_oof
B07CL2VLVF,DEVICE,EARBUD_INEAR,DEVICE,0.992787,0.992787,model_device_above_threshold_with_device_subject,"Crazybaby Air Nano True Wireless in-Ear Headphones Lightweight Mini Colorful TWS Bluetooth 5.0 Earbuds Sport Earphones Snug Fit, LED, Noise Isolation, Charging Case, Phone Control, Mic - Black",Earbud Headphones,7,1,3,0,0,1,0,0,1,0,0,internal_oof
B01N015LGV,DEVICE,EARBUD_INEAR,DEVICE,0.963448,0.963448,model_device_above_threshold_with_device_subject,"BearsFire Wireless Music Hat Beanie with Bluetooth Headphone Earphone Speaker Mic Hands-Free, Men Women Winter Warm Thick Skull Cap Outdoor Sport Running Knit Hat for Iphone Android Cell Phones",Earbud Headphones,49,1,2,0,0,0,0,0,1,0,0,internal_oof
B0071369M2,DEVICE,EARBUD_INEAR,AMBIGUOUS,0.976078,0.0,taxonomy_device_but_title_has_no_device_subject,Skullcandy S2IKDY-133 Ink'd 2.0 Mic'd with Mic1,Earbud Headphones,11999,1,0,0,0,0,0,0,1,0,1,internal_oof
B01A07ANMM,ACCESSORY,NOT_APPLICABLE,AMBIGUOUS,0.007266,0.0,no_headphone_subject_in_title,Qbcntu Dual Jack 2 in 1,Adapters,12,1,0,0,0,0,0,1,0,0,0,internal_oof
B00HX98BA2,AMBIGUOUS,NOT_APPLICABLE,AMBIGUOUS,0.62547,0.0,no_headphone_subject_in_title,"Skque 3.5mm USB Dancing Water Show LED Light Music Fountain Speaker For PC Laptop Cellphone MP3 MP4,WHITE",Headphones & Earbuds,1,1,0,0,0,0,0,0,0,1,0,internal_oof
B084FZZLM1,DEVICE,EARBUD_INEAR,DEVICE,0.867484,0.867484,model_device_above_threshold_with_device_subject,Linsoul ThieAudio Voyager3 Triple Balanced Armatures 3BA in-Ear Earphones with Detachable Cable for Audiophile Musician,Earbud Headphones,8,1,1,1,0,1,0,0,1,0,0,internal_oof
B089KGTNRS,ACCESSORY,NOT_APPLICABLE,ACCESSORY,0.007612,0.992388,model_accessory_below_threshold_with_accessory_context,"i-Blason Duchess Series Designed for Airpods Pro Case, Full-Body Stylish Protective Case Cover Compatiable with Apple AirPods Pro (2019) (Gold)",Cases,212,1,1,0,0,1,0,1,0,0,0,internal_oof
B0B62FJF1J,DEVICE,EARBUD_INEAR,DEVICE,0.989444,0.989444,model_device_above_threshold_with_device_subject,"Bose SoundSport, Wireless Earbuds, (Sweatproof Bluetooth Headphones for Running and Sports), Black",Earbud Headphones,39355,1,2,0,0,0,0,0,1,0,0,internal_oof
B091TBH7QD,ACCESSORY,NOT_APPLICABLE,ACCESSORY,0.001521,0.998479,model_accessory_below_threshold_with_accessory_context,"Compatible with AirPods 3 Generation Case, Clip Full Body Shockproof Hard Shell Protective, Shock-Absorbing Protective Case, Carbon Fiber Case Cover with Keychain for AirPod 3 (2021), Gray",Cases,9,1,1,1,0,1,0,1,0,0,0,internal_oof
B09JBJD3GX,DEVICE,EARBUD_INEAR,DEVICE,0.956156,0.956156,model_device_above_threshold_with_device_subject,"Bytech iHome True Wireless Earbuds Charging Case Music Phone Conference Calls, 15 Hours Playtime",Earbud Headphones,26,1,1,0,0,1,0,0,1,0,0,internal_oof
B0BZ6XH3LC,DEVICE,EARBUD_INEAR,DEVICE,0.988301,0.988301,model_device_above_threshold_with_device_subject,"ZIUTY Wireless Earbuds, Bluetooth 5.3 Headphones 50H Playtime with LED Digital Display Charging Case, IPX5 Waterproof Earphones with Mic for Android iOS Cell Phone Computer Laptop Sports (White)",Earbud Headphones,11237,1,3,0,0,1,0,0,1,0,0,internal_oof
B089RFCRBK,ACCESSORY,NOT_APPLICABLE,ACCESSORY,0.010783,0.99,strong_accessory_relation,"BackBeat Pro 2 Earpads, JARMOR Replacement Protein Leather & Memory Foam Ear Cushion Pad Cover for Plantronics BackBeat Pro 2 Wireless Noise Cancelling Headphones - Black",Earpads,13,1,1,1,1,3,0,1,0,0,0,internal_oof
B07VRPHLCG,DEVICE,EARBUD_INEAR,DEVICE,0.98747,0.98747,model_device_above_threshold_with_device_subject,"Dudios True Wireless Headphone, Bluetooth 5.0 Earbuds HiFi Stereo Sound Mini in-Ear Headset (One-Button Control, 15 hrs Playtime, Auto Pairing)-Upgraded Version",Earbud Headphones,2878,1,3,0,0,0,0,0,1,0,0,internal_oof
B00YXZKFRG,ACCESSORY,NOT_APPLICABLE,ACCESSORY,0.487256,0.99,strong_accessory_relation,Magpul Carrying Case for Apple iPhone 6/6s - Retail Packaging - Flat Dark Earth,Earbud Headphones,365,1,0,1,1,1,0,0,1,0,1,internal_oof
B07TDNY712,ACCESSORY,NOT_APPLICABLE,ACCESSORY,0.002963,0.997037,model_accessory_below_threshold_with_accessory_context,"CTYBB for Airpod Case,Silicone Airpods Case Cover with Fur Ball Keychain Compatible with Apple Airpods 2/1 (Front LED Visible) White",Cases,25368,1,1,1,0,0,0,1,0,0,0,internal_oof
B00Y0VO83K,DEVICE,EARBUD_INEAR,DEVICE,0.887583,0.887583,model_device_above_threshold_with_device_subject,Luminous Univesal Headphone Earphone with Microphone 3.5mm Stereo Plug Compatible with iPhone Samsung Nokia HTC etc. (Black),Headphones & Earbuds,1,1,2,0,0,0,0,0,0,1,0,internal_oof
B096L4YLZ1,DEVICE,EARBUD_INEAR,DEVICE,0.987922,0.987922,model_device_above_threshold_with_device_subject,Wireless Earbuds Bluetooth 5.0 Headphones Noise Cancelling Earphones with Charging Case 3D Stereo Earpods Pop-Up Auto Pairing Ear Buds Earbuds for iPhone/Sumsung/Android Earbuds (Pro 3),Earbud Headphones,12,1,5,0,0,1,1,0,1,0,0,internal_oof
B0B3F8JPDD,DEVICE,EARBUD_INEAR,DEVICE,0.992235,0.992235,model_device_above_threshold_with_device_subject,"Bang & Olufsen Beoplay E8 Sport True Wireless in-Ear Bluetooth Earphones with Customizable Comfort Fit, Microphones and Touch Control and Wireless Charging Case, Black (Renewed Premium)",Earbud Headphones,3,1,1,0,0,1,0,0,1,0,0,internal_oof
B0031RD3YY,DEVICE,OVER_EAR,AMBIGUOUS,0.992744,0.0,taxonomy_device_but_title_has_no_device_subject,beyerdynamic T 1 HiFi-Stereo Kopfhörer,Over-Ear Headphones,76,1,0,0,0,0,0,0,1,0,1,internal_oof
B00OD2I562,DEVICE,EARBUD_INEAR,DEVICE,0.962078,0.962078,model_device_above_threshold_with_device_subject,"ROCK JAW ME-PA-F-003 V2 ARCANA v2 In-Ear Headphones, Silver and Wood",Earbud Headphones,54,1,1,0,0,0,0,0,1,0,0,internal_oof
B08JG4P8BC,ACCESSORY,NOT_APPLICABLE,ACCESSORY,0.059416,0.99,strong_accessory_relation,Poyatu Earpads for Skullcandy Crusher Bluetooth Wireless Crusher EVO ANC Over-Ear Headphones Replacement Ear Cushions Hesh 3 / EVO/ANC Venue ANC Ear Pads Repair Parts (Deep Red),Earpads,69,1,1,1,1,3,0,1,0,0,0,internal_oof
B0756VVVF5,DEVICE,OVER_EAR,DEVICE,0.982112,0.982112,model_device_above_threshold_with_device_subject,Skullcandy Hesh 3 Wireless Over-Ear Headphone - Gray,Over-Ear Headphones,1664,1,1,0,0,0,0,0,1,0,0,internal_oof
B074WG1WWP,DEVICE,EARBUD_INEAR,DEVICE,0.819225,0.819225,model_device_above_threshold_with_device_subject,ECS Dictaphone 878862 Transcriber Headset Ear Cushions (3 Pair),Earbud Headphones,4,1,1,0,0,1,0,0,1,0,0,internal_oof
B0BQYZJ9S5,DEVICE,EARBUD_INEAR,DEVICE,0.953514,0.953514,model_device_above_threshold_with_device_subject,HYDZXINGW 2-in-1 Smart Watchs with Earbuds Build-in TWS Wireless BT5.0 Earphone Fitness Sports Health Monitor Black,Earbud Headphones,19,1,2,0,0,0,0,0,1,0,0,internal_oof
B003TO52BG,DEVICE,ON_EAR,DEVICE,0.928466,0.928466,model_device_above_threshold_with_device_subject,Jaybird Sportsband Stereo Bluetooth Headphone - Bulk Packaging - Runners Red (Discontinued by Manufacturer),Headphones & Earbuds,77,1,1,0,0,0,0,0,0,1,0,internal_oof
B00F4EOO40,ACCESSORY,NOT_APPLICABLE,AMBIGUOUS,0.877709,0.0,no_headphone_subject_in_title,"ARCTIC S113BT NFC/Bluetooth 4.0 Stereo Speaker, AAC/aptX, Build-in Microphone for Hands-Free Calls, Orange",Headphones & Earbuds,12,1,0,0,0,0,0,0,0,1,0,internal_oof
B00DC477OI,ACCESSORY,NOT_APPLICABLE,AMBIGUOUS,0.792466,0.0,taxonomy_device_but_title_has_no_device_subject,Wolfe Fx Professional (12) 30g Face Paint with Protective Case,Earbud Headphones,4,1,0,0,0,1,0,0,1,0,1,internal_oof
B0BG5GXR4D,DEVICE,EARBUD_INEAR,DEVICE,0.987029,0.987029,model_device_above_threshold_with_device_subject,"KOSETON E10 True Wireless Earbuds, Mini Pink – Wireless in-Ear Headphones with Charging Case for HD Calls & Music – Bluetooth Earbuds with Superior Sound & Premium Comfort",Earbud Headphones,519,1,2,1,0,1,1,0,1,0,0,internal_oof
B000VQU3N2,DEVICE,EARBUD_INEAR,DEVICE,0.980358,0.980358,model_device_above_threshold_with_device_subject,Scosche IUHP3 Sport Ear Buds (Discontinued by Manufacturer),Earbud Headphones,29,1,1,0,0,0,0,0,1,0,0,internal_oof
B07DK7ZWZ2,DEVICE,EARBUD_INEAR,DEVICE,0.979509,0.979509,model_device_above_threshold_with_device_subject,"KZ ES4 in-Ear Headphones,Ollivan Deep Bass Earbuds HiFi Noise Isolating Headset Armature with Dynamic Hybrid Driver 0.75mm 2 Pins Universal Detachable Cable for iPhone and Android(Green Without Mic)",Earbud Headphones,766,1,3,1,0,1,0,0,1,0,0,internal_oof
B01E81IO3G,AMBIGUOUS,NOT_APPLICABLE,AMBIGUOUS,0.296855,0.0,no_headphone_subject_in_title,Disney Haunted Mansion Poster Samsung Galaxy S7 TPU Rubber Case,Headphones & Earbuds,2,1,0,0,0,0,0,0,0,1,0,internal_oof
B0BTLSMVNY,DEVICE,EARBUD_INEAR,DEVICE,0.977714,0.977714,model_device_above_threshold_with_device_subject,"Audiovance EU501 Earbuds, Wireless Headphones Bluetooth Ear Buds for iPhone Android, ANC Noise Cancelling, Immersive Sound, Clear Calls, Comfort Fit, Wireless Charging, Waterproof, 24H Battery.",Earbud Headphones,52,1,3,0,0,0,0,0,1,0,0,internal_oof
B085HMZ9YZ,DEVICE,EARBUD_INEAR,DEVICE,0.940587,0.940587,model_device_above_threshold_with_device_subject,"Linsoul LETSHUOER Tape Pro Composite Electrostatic Dynamic Driver HiFi in-Ear Earphone with Adjustable Bass, Detachable 2Pin Cable for Audiophile Musicians (Silver)",Earbud Headphones,286,1,1,1,0,1,0,0,1,0,0,internal_oof
B008N1MPDS,AMBIGUOUS,NOT_APPLICABLE,AMBIGUOUS,0.868372,0.0,taxonomy_device_but_title_has_no_device_subject,1Z Einszett Klima-Cleaner Air Conditioner Treatment 3 Pack,Earbud Headphones,2,1,0,0,0,0,0,0,1,0,1,internal_oof
B07WXZXWDV,DEVICE,EARBUD_INEAR,DEVICE,0.997105,0.997105,model_device_above_threshold_with_device_subject,"Sony WI-XB400 Wireless In-Ear Extra Bass Headset/Headphones with mic for phone call, Black",Earbud Headphones,48792,1,2,0,0,0,0,0,1,0,0,internal_oof
B09SG8GJNW,DEVICE,EARBUD_INEAR,DEVICE,0.996969,0.996969,model_device_above_threshold_with_device_subject,ROITON Wireless Earbuds Bluetooth 5.0 Headphones with 30H Cycle Playtime Built-in Mic IPX6 Waterproof Headsets with Charging Case for in-Ear Buds Stereo Earphones for Android etc,Earbud Headphones,723,1,5,1,0,1,1,0,1,0,0,internal_oof
B010KM5B1U,DEVICE,OVER_EAR,DEVICE,0.93618,0.93618,model_device_above_threshold_with_device_subject,Beats Studio 2.0 WIRED Over-Ear Headphone - Titanium NOT WIRELESS (Refurbished),Earbud Headphones,38,1,1,0,0,0,0,0,1,0,0,internal_oof
B01N911ICB,ACCESSORY,NOT_APPLICABLE,ACCESSORY,0.026362,0.99,strong_accessory_relation,"LG X Power Case, AnoKe [Card Slots Holder][Not Wallet] Hard Silicone Rubber Hybrid Armor Shockproof Protective Holster Cover Case for Sprint/Boost Mobile LG X Power- KLS Metal Slate",Earbud Headphones,24,1,0,1,1,1,0,0,1,0,1,internal_oof
B0747YHPGD,DEVICE,OVER_EAR,DEVICE,0.611844,0.611844,model_device_above_threshold_with_device_subject,YAMAHA HPH-MT5W Headphones (White) w/Cleaning Cloth and Extension Cable,Over-Ear Headphones,4,1,1,0,0,1,0,0,1,0,0,internal_oof
B01M0A7CHQ,AMBIGUOUS,NOT_APPLICABLE,AMBIGUOUS,0.523307,0.0,no_headphone_subject_in_title,Inspirational Stamped Bracelet You Were Given This Life Because You Are Strong Enough To Live It,Headphones & Earbuds,2,1,0,0,0,0,0,0,0,1,0,internal_oof
B07Z8BQHQK,DEVICE,OVER_EAR,DEVICE,0.933571,0.933571,model_device_above_threshold_with_device_subject,"Kids Headphones,Snowwicase - Wired Headphones for Kids,with LED Glowing Cat Ears Headphones,Foldable Over-Ear Gaming Headsets for Kindle/iPad/Children/Teens/Boys/Girls (Rose)",Over-Ear Headphones,95,1,2,0,0,0,0,0,1,0,0,internal_oof
B01790BL9M,ACCESSORY,NOT_APPLICABLE,ACCESSORY,0.148579,0.99,strong_accessory_relation,"Headphone Case, Pretid Portable PU Leather Carrying Hard Case for Headphone Earbud MP3, Black (Black-2)",Earbud Headphones,3,1,2,1,1,0,0,0,1,0,0,internal_oof
B075D5T161,ACCESSORY,NOT_APPLICABLE,ACCESSORY,0.068575,0.99,strong_accessory_relation,"Carrying Bag Cover Case for Sony WH-CH700N WH1000XM2 WH1000XM3,Sony MDRXB650BT/B, iFecco, Picun P7, BestGot, Sound Intone CX-05, Leesentec T1 Wireless Bluetooth Headphone (Black)",Cases,7,1,1,1,1,0,0,1,0,0,0,internal_oof
B094NL7R1S,DEVICE,OVER_EAR,DEVICE,0.984464,0.984464,model_device_above_threshold_with_device_subject,Sony Noise Cancelling Headphones WHCH700N: Wireless Bluetooth Over The Ear Headset with Mic for Phone-Call and Alexa Voice Control W/GM 7- in-1 Accessories (Gray),Over-Ear Headphones,22,1,2,0,0,0,0,0,1,0,0,internal_oof
B093883PG8,ACCESSORY,NOT_APPLICABLE,AMBIGUOUS,0.032212,0.0,no_headphone_subject_in_title,"ScreenTech 2 Packs Portable Protective Sleeve TPU Environmentally Friendly Material Suitable for Apple AirTag(AirTag not Included),Scratch-Resistant and Light-Weight Protective Keychain (Blue/Red)",Cases,64,1,0,0,0,0,0,1,0,0,0,internal_oof
B00APEG8NE,AMBIGUOUS,NOT_APPLICABLE,AMBIGUOUS,0.660663,0.0,no_headphone_subject_in_title,Kensington K39565US Proximo Fob and Tag Starter Kit for iPhone 4S/5 - Retail Packaging - Black,Headphones & Earbuds,98,1,0,0,0,0,0,0,0,1,0,internal_oof
B0CB8SYL1Z,ACCESSORY,NOT_APPLICABLE,ACCESSORY,0.032061,0.99,strong_accessory_relation,"Wzsipod Cooling-Gel Replacement Earpad for Logitech G933 Gaming Headset, Also Fits G933S G935 G930 G635 G633 G633S G533 G430 G431 G432 G433 Headphone, Ear Pad for G332 G230 G231 G233 Headset (Black)",Earpads,49,1,2,1,1,2,0,1,0,0,0,internal_oof
B078JG8R37,ACCESSORY,NOT_APPLICABLE,ACCESSORY,0.04736,0.99,strong_accessory_relation,"Replacement Earpad Cushions Compatible for Bose QuietComfort15 QC2 QC15 QC25 QC35 AE2, AE2i, AE2 Wireless, AE2-W, SoundTrue, SoundLink (Around-Ear Only) Headphones (QC15 Earpads)",Earbud Headphones,77,1,1,1,1,2,0,0,1,0,0,internal_oof
B07XXPB18M,ACCESSORY,NOT_APPLICABLE,ACCESSORY,0.910347,0.99,strong_accessory_relation,Aftershokz Magnetic Charging Cable for Aeropex Bone Conduction Wireless Bluetooth Headphones,Over-Ear Headphones,105,1,1,1,1,1,0,0,1,0,0,internal_oof
B0B6G46NF3,DEVICE,EARBUD_INEAR,DEVICE,0.995574,0.995574,model_device_above_threshold_with_device_subject,"kurdene W01 Diamond Wireless Earbuds Bluetooth, Immersive Hi-Fi Stereo Sound with Wireless Charging Case Bluetooth 5.3 Ear Buds Built-in Microphone IPX5 Waterproof Headphone for iPhone, Android",Earbud Headphones,10,1,3,0,0,1,1,0,1,0,0,internal_oof
B08BCK86SM,DEVICE,EARBUD_INEAR,DEVICE,0.999088,0.999088,model_device_above_threshold_with_device_subject,TOZO T10 Bluetooth 5.0 Wireless Earbuds with Wireless Charging Case IPX8 Waterproof Stereo Headphones in Ear Built in Mic Headset Premium Sound with Deep Bass for Sport Black (Renewed),On-Ear Headphones,17,1,3,0,0,1,1,0,1,0,0,internal_oof
B08CR4L4K8,ACCESSORY,NOT_APPLICABLE,ACCESSORY,0.002904,0.997096,model_accessory_below_threshold_with_accessory_context,"CTYBB for Airpod Case,Silicone Airpods Case Cover with Fur Ball Keychain Compatible with Apple Airpods 2/1 (Front LED Visible) Lavender Purple",Cases,24855,1,1,1,0,0,0,1,0,0,0,internal_oof
B0BR96V55Q,DEVICE,ON_EAR,DEVICE,0.977736,0.977736,model_device_above_threshold_with_device_subject,"iClever Kids Headphones with Microphone for Girls - 85/94dB Volume Control - Wired Headphones for Kids, Adjustable Headband, Foldable - Childrens Headphones for School/iPad/Tablet/Airplane, Rose",On-Ear Headphones,16172,1,1,0,0,0,0,0,1,0,0,internal_oof
B016PBBKT2,ACCESSORY,NOT_APPLICABLE,AMBIGUOUS,0.001801,0.0,no_headphone_subject_in_title,dreamGEAR Slim Guard Soft Silicone Protective Cover - Xbox One,Adapters,10,1,0,0,0,0,0,1,0,0,0,internal_oof
B0BCJKKZD4,DEVICE,OVER_EAR,DEVICE,0.967628,0.967628,model_device_above_threshold_with_device_subject,"Perytong Sleeping Headphones Bluetooth Headband, Soft Sleep Headband Headphones Long Time Play Sleep Headphones Bluetooth with Built in Speakers Perfect for Sleep,Workout,Running,Yoga,Travel",Over-Ear Headphones,12958,1,1,0,0,0,0,0,1,0,0,internal_oof
B00A82DTU8,DEVICE,EARBUD_INEAR,AMBIGUOUS,0.131953,0.0,probability_or_semantics_not_decisive,Four Pieces Large Replacement kit for Jawbone ERA 1 Hook Loop Clip and 3 Spout Earbuds,Headphones & Earbuds,3,1,1,0,0,0,0,0,0,1,0,internal_oof
B002P0VT0S,DEVICE,EARBUD_INEAR,AMBIGUOUS,0.830718,0.0,no_headphone_subject_in_title,Jawbone Prime Scarlet Red,Headphones & Earbuds,2,1,0,0,0,0,0,0,0,1,0,internal_oof
B074PNJ1G9,DEVICE,EARBUD_INEAR,DEVICE,0.991575,0.991575,model_device_above_threshold_with_device_subject,in Ear Headphones Wired Earbud with Line-in Microphone Heavy Bass Dynamic Driver Earphones with Non Tangle Fabric Braid for Running Gym Android Phones Music Player Dark Chrome E1,Earbud Headphones,1,1,3,0,0,0,0,0,1,0,0,internal_oof
B00CFPJVS0,DEVICE,EARBUD_INEAR,DEVICE,0.985585,0.985585,model_device_above_threshold_with_device_subject,"JOVERS Earbuds, Microphone Earphones Stereo Headphones Noise Isolating Headset Fit Compatible with Earbud Xs/XR/XS Max/Earbud 7/7 Plus Earbud X",Earbud Headphones,5,1,4,0,0,0,0,0,1,0,0,internal_oof
B00HV1SVX4,ACCESSORY,NOT_APPLICABLE,ACCESSORY,0.479834,0.99,strong_accessory_relation,"HeadphoneMate Inline Remote Control Microphone Cable for Bose OE2 OE2i, SoundTrue Around-Ear, SoundTrue On-Ear, QC25, QC 25, Soundlink On-Ear Headphones and Samsung, Android Smartphones","Headphones, Earbuds & Accessories",38,1,1,1,1,1,0,0,0,1,0,internal_oof
B07TQKLXD5,ACCESSORY,NOT_APPLICABLE,ACCESSORY,0.005211,0.994789,model_accessory_below_threshold_with_accessory_context,"AirPods Case Soft TPU Shockproof Cover Case for Apple Airpods 2 & 1,One Piece Zoro Unique Design Skin Kits Cases with Carabiner Holder for Girls Kids Teens Smooth Wireless Charging Air Pods (Zoro)",Cases,89,1,1,1,0,2,0,1,0,0,0,internal_oof
B01L8S6NE4,DEVICE,OVER_EAR,DEVICE,0.980696,0.980696,model_device_above_threshold_with_device_subject,JinSun G2000 Gaming Headset Headphone Stereo Over-ear Game Bass Headset Headband Earphone with Mic and LED Light for PS4 Laptop PC Tablet Smartphones (White),Headphones & Earbuds,14,1,3,0,0,0,0,0,0,1,0,internal_oof
B09Y1K2WVJ,DEVICE,EARBUD_INEAR,DEVICE,0.990929,0.990929,model_device_above_threshold_with_device_subject,RUMIXI Wireless Earbuds with Immersive Sound True 5.0 Bluetooth in-Ear Earphones with 2000mAh Charging Case Easy-Pairing Stereo Calls/Touch Control/Built-in Micro/IPX7 Waterproof/Deep Bass for Sports,Earbud Headphones,20955,1,2,0,0,1,0,0,1,0,0,internal_oof
B093GSGWSS,DEVICE,EARBUD_INEAR,DEVICE,0.923532,0.923532,model_device_above_threshold_with_device_subject,"Soundcore Anker Life Dot 2 True Wireless Earbuds, 100 Hour Playtime, 8mm Drivers, Superior Sound, Secure Fit with AirWings, Bluetooth 5, Comfortable Design for Commute, Sports",Earbud Headphones,12356,1,1,0,0,0,0,0,1,0,0,internal_oof
B08NYGQRKX,ACCESSORY,NOT_APPLICABLE,ACCESSORY,0.009869,0.990131,model_accessory_below_threshold_with_accessory_context,"Crusher 360 Earpads - defean Replacement Brown Ear Pads Cover Cushion Compatible with Skullcandy Crusher 360 Bluetooth S6MBW-J373 Headphones,High-Density Noise Cancelling Foam",Earpads,13,1,1,0,0,2,0,1,0,0,0,internal_oof
B004N622LC,AMBIGUOUS,NOT_APPLICABLE,ACCESSORY,0.221822,0.99,strong_accessory_relation,OP/TECH USA 4701102 Media Keeper Black- Leather Media Card Holder with 2 pockets - Attaches Easily to Camera Strap or Belt,Headphones & Earbuds,79,1,0,1,1,1,0,0,0,1,0,internal_oof
B00UB1Y91O,ACCESSORY,NOT_APPLICABLE,AMBIGUOUS,0.836799,0.0,no_headphone_subject_in_title,Samsung Link Level 2 Way Bluetooth Dongle,Headphones & Earbuds,48,1,0,0,0,0,0,0,0,1,0,internal_oof
B08M93NRK3,DEVICE,EARBUD_INEAR,DEVICE,0.995412,0.995412,model_device_above_threshold_with_device_subject,"Earphones, Wired Earbuds with Microphone and Volume Control, in-Ear Stereo Sound Headphones Compatible with 3.5mm Headphones Devices",Earbud Headphones,10,1,3,0,0,0,0,0,1,0,0,internal_oof
B004FV67XO,DEVICE,EARBUD_INEAR,DEVICE,0.971338,0.971338,model_device_above_threshold_with_device_subject,"JVC HAF150B Headphone, Gumy, Cord-Match Olive Black (Discontinued by Manufacturer)",Earbud Headphones,345,1,1,0,0,1,0,0,1,0,0,internal_oof
B097LXLQNL,ACCESSORY,NOT_APPLICABLE,ACCESSORY,0.003527,0.996473,strong_accessory_relation,"Sloop Keychain Holder Case Compatible for Air Tag GPS Tracker - with Screen Protector - Protect GPS Trackers Against Dust, Scratches, Secure Fit - Attach to Keychains, Bags, Pet Collars & Leash",Cases,17,1,0,1,1,1,0,1,0,0,0,internal_oof
B00ZUDTX1O,ACCESSORY,NOT_APPLICABLE,ACCESSORY,0.107766,0.99,strong_accessory_relation,"Galaxy S6 Edge Case,Samsung Galaxy S6 Edge case,OHOHNEW [shockproof][drop resestance][dirt proof] super protective,Scratch Resistant Bumper Case with Stylish -Friendly Packaging - Ultra Rugged Case for Samsung Galaxy S6 Edge(Silver+black)",Earbud Headphones,1,1,0,1,1,0,0,0,1,0,1,internal_oof
B0716K8XRS,ACCESSORY,NOT_APPLICABLE,ACCESSORY,0.010055,0.989945,model_accessory_below_threshold_with_accessory_context,EarSkinz EarPod Covers (ES2) - Jet Black - for Apple iPhone X / 8/7 / 6S / 6 / 5S / 5SE / 5C / 5,Earpads,139,1,1,0,0,0,0,1,0,0,0,internal_oof
B01N9F9Q5P,ACCESSORY,NOT_APPLICABLE,ACCESSORY,0.024377,0.99,strong_accessory_relation,"iPhone 7 Case, JAHOLAN Pink Purple Rose Flower Design Slim Shockproof Flexible Smooth TPU Soft Case Rubber Silicone Skin Cover for Apple iPhone 7 (2016)",Headphones & Earbuds,3,1,0,1,1,1,0,0,0,1,0,internal_oof
B0865T9PTH,ACCESSORY,NOT_APPLICABLE,ACCESSORY,0.003553,0.996447,model_accessory_below_threshold_with_accessory_context,Airpod Case AIRSPO Airpods Case Cover for Apple AirPods 2&1 Silicone Protective Skin Cute Airpod Case for Girls with Pom Pom Fur Ball Keychain/Strap/Accessories (Black Rose+Fur Ball),Cases,1176,1,1,1,0,1,0,1,0,0,0,internal_oof
B08J7WFPZV,ACCESSORY,NOT_APPLICABLE,ACCESSORY,0.010909,0.99,strong_accessory_relation,"(Apple MFi Certified) 3 Pack for iPhone Headphone Adapter,3.5mm Dongle Earphones/Headphone Jack Aux Audio Cable Compatible with iPhone11/Xs MAX/XR/X/8/7/ipad/iPod Support All iOS",Adapters,45,1,2,1,1,2,0,1,0,0,0,internal_oof
B005SK5YVW,DEVICE,EARBUD_INEAR,DEVICE,0.918224,0.918224,model_device_above_threshold_with_device_subject,AIAIAI Teenage Engineering PX-0 Earbuds - with In-line Mic Compatible with iPod/iPad/iPhone/Android Devices In-ear Earbuds Headphones for OP-1 Synthesizer,Earbud Headphones,36,1,2,0,0,0,0,0,1,0,0,internal_oof
B0B3MM9KKP,DEVICE,EARBUD_INEAR,DEVICE,0.980467,0.980467,model_device_above_threshold_with_device_subject,"Bone Conduction Headphones - Wireless Swimming Headphones Comfortable Fit, Hi-Fi Sound Bluetooth 5.2 Open Ear Sports Headphones with MP3 Play 16G Memory for Gym Yoga Workout",Earbud Headphones,36,1,1,0,0,0,0,0,1,0,0,internal_oof
B010P9GSEM,ACCESSORY,NOT_APPLICABLE,AMBIGUOUS,0.105382,0.0,taxonomy_device_but_title_has_no_device_subject,"Aomax For Microsoft Nokia Lumia 640 XL Tempered Glass Screen Protector [Superslim 0.26mm,2.5D Round Edge,9H Hardness] [Retail Package] Lumia 640XL Glass",Earbud Headphones,2,1,0,0,0,0,0,0,1,0,1,internal_oof
B004BSFSTA,DEVICE,OVER_EAR,DEVICE,0.966422,0.966422,model_device_above_threshold_with_device_subject,Marshall Major Headphones - Black,Over-Ear Headphones,279,1,1,0,0,0,0,0,1,0,0,internal_oof
B001L674SI,DEVICE,EARBUD_INEAR,DEVICE,0.945884,0.945884,model_device_above_threshold_with_device_subject,"Sennheiser CX300 II CX 300 II Precision Enhanced Bass Earbuds, Black (Discontinued by Manufacturer)",Earbud Headphones,12747,1,1,0,0,0,0,0,1,0,0,internal_oof
B0026HK8SE,ACCESSORY,NOT_APPLICABLE,AMBIGUOUS,0.870738,0.0,no_headphone_subject_in_title,Sonic Bomb Blue Hook Bluetooth 2 Hooks (GM-CLBHK2),Headphones & Earbuds,1,1,0,0,0,0,0,0,0,1,0,internal_oof
B002N8LIB2,DEVICE,EARBUD_INEAR,DEVICE,0.909989,0.909989,model_device_above_threshold_with_device_subject,"Samsung Stereo Headset with Answer/End for Samsung SCH-R600 Hue 2, SGH-T939, SCH-R850, and SPH-M900",Headphones & Earbuds,8,1,1,0,0,0,0,0,0,1,0,internal_oof
B08D3XLFY7,ACCESSORY,NOT_APPLICABLE,ACCESSORY,0.008954,0.991046,model_accessory_below_threshold_with_accessory_context,HongTai for Airpods 1/2 Pro Cute Cartoon Animal Crossing Earphone Case for AirPods 3 / Pro Bluetooth Headphone Soft Silicone Cover (Color : for airpod 1 2 Green),Cases,4,1,3,1,0,0,0,1,0,0,0,internal_oof
B0BM5353Z3,DEVICE,ON_EAR,DEVICE,0.912581,0.912581,model_device_above_threshold_with_device_subject,"LilGadgets Connect+ Kids Wired Headphones with Microphone, Volume Limiting for Safe Listening, Adjustable Headband, Cushioned Earpads to Ensure Comfort, for Kids, Toddlers, Boys & Girls, Pink",On-Ear Headphones,14603,1,1,0,0,2,0,0,1,0,0,internal_oof
B0BXX85J3Y,DEVICE,OVER_EAR,DEVICE,0.978189,0.978189,model_device_above_threshold_with_device_subject,"Avantree Audition Pro 40 hr Bluetooth Over Ear Headphones with Mic for Music, Calls & TV, APTX Low Latency, Multipoint, Foldable Headset, Wireless & Wired for PC Computer Phone",Over-Ear Headphones,11747,1,2,0,0,0,0,0,1,0,0,internal_oof
B094XR749T,DEVICE,EARBUD_INEAR,DEVICE,0.93297,0.93297,model_device_above_threshold_with_device_subject,"USB C Earbuds,ivoros Type-C Headphones HiFi in-Ear Stereo Earphones with Volume Control,Work for iPad Pro/Air/Mini,Google Pixel 6/5/4/3/2/XL,Samsung Galaxy S22+Ultra/Note 20/S21/S20/Tab S7/S8-Black",Earbud Headphones,24,1,3,0,0,0,0,0,1,0,0,internal_oof
B09G2KSYRN,ACCESSORY,NOT_APPLICABLE,AMBIGUOUS,0.639094,0.0,taxonomy_device_but_title_has_no_device_subject,"Cosmos Retro Handset Cell Phone Receiver MIC Microphone Speaker for Smartphone Cellphone with 3.5 mm Socket, Black Color with Marble Pattern Carrying Bag",Earbud Headphones,29,1,0,0,0,0,0,0,1,0,1,internal_oof
B07KLW94QG,ACCESSORY,NOT_APPLICABLE,ACCESSORY,0.24237,0.99,strong_accessory_relation,GeeRic Protective Cover Compatible with Earphone,Earbud Headphones,536,1,1,1,1,0,0,0,1,0,0,internal_oof
B00RQ6QWGM,DEVICE,EARBUD_INEAR,DEVICE,0.484459,0.484459,model_device_above_threshold_with_device_subject,Zipi Magnetic Earbud Strap & Cord Organizer (Black),Headphones & Earbuds,39,1,1,0,0,1,0,0,0,1,0,internal_oof
B07ZWJR9GD,DEVICE,EARBUD_INEAR,DEVICE,0.992059,0.992059,model_device_above_threshold_with_device_subject,XClear Wireless Earbuds with Immersive Sounds True 5.0 Bluetooth in-Ear Headphones with Charging Case/Quick-Pairing Stereo Calls/Built-in Microphones/IPX5 Sweatproof/Pumping Bass for Sports Black,Earbud Headphones,20428,1,2,0,0,1,1,0,1,0,0,internal_oof
B00Y0NU2T2,AMBIGUOUS,NOT_APPLICABLE,AMBIGUOUS,0.484423,0.0,no_headphone_subject_in_title,Ubest Original Windows 8.1 Meegopad T02 Mini PC Computer Stick TV Box Quad Core Intel 64bit CPU 2GB Ram 32GB Storage Upgrade Windows10 W100238 (Meegopad T02 With Original Windows 8.1),Headphones & Earbuds,1,1,0,0,0,0,0,0,0,1,0,internal_oof
B004BN40AS,DEVICE,EARBUD_INEAR,DEVICE,0.929691,0.929691,model_device_above_threshold_with_device_subject,Motorola S10-HD Bluetooth Stereo Headphones - Retail Packaging,Headphones & Earbuds,4248,1,1,0,0,0,0,0,0,1,0,internal_oof
B01CY8FOFG,ACCESSORY,NOT_APPLICABLE,ACCESSORY,0.072983,0.99,strong_accessory_relation,"Galaxy S7 Case,CASELAND Samsung Galaxy S7 Case Wallet PU Leather Stand Flip Case for Samsung Galaxy S7 - Campanula",Earbud Headphones,1,1,0,1,1,1,0,0,1,0,1,internal_oof
B003VQJL5U,DEVICE,EARBUD_INEAR,DEVICE,0.92344,0.92344,model_device_above_threshold_with_device_subject,Premium Mono Headset for HTC EVO 4G,Headphones & Earbuds,2,1,1,0,0,0,0,0,0,1,0,internal_oof
B01JR9M8G8,AMBIGUOUS,NOT_APPLICABLE,AMBIGUOUS,0.370571,0.0,no_headphone_subject_in_title,Hallmark Humorous Discover Pants Felt claymation Card Bees Hill who 6ft Need,Headphones & Earbuds,13,1,0,0,0,0,0,0,0,1,0,internal_oof
B003U4TYN2,DEVICE,EARBUD_INEAR,DEVICE,0.989732,0.989732,model_device_above_threshold_with_device_subject,Michael Jackson Ear Buds,Earbud Headphones,9,1,1,0,0,0,0,0,1,0,0,internal_oof
B07GN6PKDT,ACCESSORY,NOT_APPLICABLE,ACCESSORY,0.041266,0.99,strong_accessory_relation,Hard Carrying Travel Case compatible with Hatteker Women's 3 in 1 Hair Removal Ladies Electric Shaver Razor Epilator by Aproca,Headphones & Earbuds,2,1,0,1,1,0,0,0,0,1,0,internal_oof
B00G3KZJ34,DEVICE,OVER_EAR,DEVICE,0.889056,0.889056,model_device_above_threshold_with_device_subject,"Sony Long Range Wireless Stereo Headphones with Wide Comfortable Headband, Volume Control and Mute Switch for all Sony KDL-40BX450, KDL-46BX450, KDL-55HX850, KDL-46HX850, KDL-46EX645, KDL-50EX645 & KDL-60EX645 LED LCD HDTV Flat Screen Television - Works Up To 26 feet Away",Over-Ear Headphones,22,1,1,0,0,0,0,0,1,0,0,internal_oof
B08P4ZKQGX,ACCESSORY,NOT_APPLICABLE,ACCESSORY,0.00424,0.99576,model_accessory_below_threshold_with_accessory_context,"Cartoon 3D Silicone Earphone Protective Case for Airpods 1/2/Pro, Wireless Bluetooth Headset Case Cover Soft Shell (for AirPods Pro)",Cases,22,1,3,1,0,1,0,1,0,0,0,internal_oof
B0BHN6DCR9,DEVICE,EARBUD_INEAR,DEVICE,0.98308,0.98308,model_device_above_threshold_with_device_subject,TAGRY Wireless Headsets with Charging Case IPX7 Waterproof for Sports,Earbud Headphones,26,1,1,0,0,1,1,0,1,0,0,internal_oof
B091K4WYD1,DEVICE,OVER_EAR,DEVICE,0.988331,0.988331,model_device_above_threshold_with_device_subject,"OneOdio Over Ear Headphone, Wired Bass Headsets with 50mm Driver, Foldable Lightweight Headphones with Shareport and Mic for Recording Monitoring Podcast Guitar PC TV - (Red)",Over-Ear Headphones,60653,1,2,0,0,0,0,0,1,0,0,internal_oof
B08D2M4RBG,DEVICE,EARBUD_INEAR,DEVICE,0.979653,0.979653,model_device_above_threshold_with_device_subject,[2 Pack] 3.5mm Earbuds/Headphones/Earphones with Microphone in-Ear Earbuds Noise Isolation Headsets Heavy Bass Earphones Compatible iPhone iPad iPod S10 Android All 3.5 mm Audio Devices,Earbud Headphones,2,1,4,0,0,0,0,0,1,0,0,internal_oof
B09P4S868Q,ACCESSORY,NOT_APPLICABLE,ACCESSORY,0.004654,0.995346,strong_accessory_relation,"Heyeke Charging Case Compatible with Beats Studio Buds, Replacement USB-C Charger Case Dock Cradle for Beats Studio Buds Wireless Earbuds (Black)",Cases,24,1,2,1,1,1,0,1,0,0,0,internal_oof
B09LGX5R9J,ACCESSORY,NOT_APPLICABLE,ACCESSORY,0.006595,0.993405,strong_accessory_relation,"[3 Pack] iPhone Adapter, [Apple MFi Certified] Lightning to 3.5mm Jack Headphone Adapter Aux Audio Adapter Dongle Earphones Connector Compatible with iPhone 13/12/11/XS/Max/8 7 Support All iOS System",Adapters,35,1,2,1,1,1,0,1,0,0,0,internal_oof
B06VV7K55Z,DEVICE,EARBUD_INEAR,DEVICE,0.975682,0.975682,model_device_above_threshold_with_device_subject,Earbuds In Ear Headphones with Mic DT108 Memory Foam 3.5mm Stereo Super Bass Earphones in Line Remote Control for iPhone iPad Samsung Android Cell Phones Tablets Laptop Computer (Silver),Earbud Headphones,3,1,3,0,0,0,0,0,1,0,0,internal_oof
B018WZ8NAI,DEVICE,EARBUD_INEAR,DEVICE,0.894419,0.894419,model_device_above_threshold_with_device_subject,KeyZone 1PC Macarons headphones Headset For All Phone MP3 Tablet Laptop Blue,Headphones & Earbuds,3,1,2,0,0,0,0,0,0,1,0,internal_oof
B00HDPWI1O,ACCESSORY,NOT_APPLICABLE,ACCESSORY,0.071015,0.99,strong_accessory_relation,Lazerwood Wood Cover for Beats Studio Headset/Cherry,"Headphones, Earbuds & Accessories",4,1,1,1,1,0,0,0,0,1,0,internal_oof
B09XQMRYBJ,DEVICE,ON_EAR,DEVICE,0.987571,0.987571,model_device_above_threshold_with_device_subject,"Kids Headphones with Mic, Share Port, Foldable Stereo On-Ear Kids Headset, 91dB Volume Limited, Adjustable Headband Headphones for Kids Teens Adults, School Headphones for iPad Tablet, Pink & Green",Over-Ear Headphones,259,1,2,0,0,0,0,0,1,0,0,internal_oof
B00ODYZFOU,DEVICE,EARBUD_INEAR,DEVICE,0.993951,0.993951,model_device_above_threshold_with_device_subject,"CLUBLIFE CL51-1-09 CL-5 Maximal In-Ear Headphones with Mic, Red",Earbud Headphones,6,1,1,0,0,0,0,0,1,0,0,internal_oof
B0B6W84GST,ACCESSORY,NOT_APPLICABLE,ACCESSORY,0.065313,0.934687,model_accessory_below_threshold_with_accessory_context,WH-1000XM4 Ear Cushions Replacement Noise Isolation Ear Pads Compatible with Sony WH1000XM4 Wireless Noise Canceling Over-Ear Headphones- Added Thickness & Plastic Stick,Earpads,26,1,1,0,0,2,0,1,0,0,0,internal_oof
B09PRC3WC5,DEVICE,EARBUD_INEAR,DEVICE,0.991027,0.991027,model_device_above_threshold_with_device_subject,"TOZO A1 Mini Wireless Earbuds Bluetooth 5.3 in Ear Light-Weight Headphones Built-in Microphone, IPX5 Waterproof, Immersive Premium Sound Long Distance Connection Headset with Charging Case, Black",Earbud Headphones,57772,1,3,0,0,1,1,0,1,0,0,internal_oof
B009AHDGHS,ACCESSORY,NOT_APPLICABLE,AMBIGUOUS,0.978826,0.0,no_headphone_subject_in_title,TASCAM IM2X Rotatable X-Y Stereo Microphone for Apple iOS (Discontinued by Manufacturer),Headphones & Earbuds,18,1,0,0,0,0,0,0,0,1,0,internal_oof
B0BMXMNG7G,DEVICE,EARBUD_INEAR,DEVICE,0.998094,0.998094,model_device_above_threshold_with_device_subject,"TOZO NC9 2022 Version Hybrid Active Noise Cancelling Wireless Earbuds, in Ear Headphones IPX6 Waterproof Bluetooth 5.3 Stereo Earphones, Immersive Sound Premium Deep Bass Headset Matte White",Earbud Headphones,29995,1,4,0,0,0,0,0,1,0,0,internal_oof
B06XRWWJNL,DEVICE,OVER_EAR,DEVICE,0.886358,0.886358,model_device_above_threshold_with_device_subject,"Cat Ear Headphones Glowing Light with USB Charging for Phone, Computer, Tablet",Headphones & Earbuds,41,1,1,0,0,0,0,0,0,1,0,internal_oof
B08L32S7C2,ACCESSORY,NOT_APPLICABLE,ACCESSORY,0.018783,0.981217,model_accessory_below_threshold_with_accessory_context,UGREEN Headphone Splitter for Computer 3.5mm Female to 2 Dual 3.5mm Male Braided Audio Splitter Cable Microphone Stereo Jack Earphones Port Cord Gaming Headset to PC Laptop Adapter Black,Adapters,17345,1,3,0,0,3,0,1,0,0,0,internal_oof
B01NA6O3E3,ACCESSORY,NOT_APPLICABLE,ACCESSORY,0.07486,0.92514,model_accessory_below_threshold_with_accessory_context,DURAGADGET Collapsible Metal Headphone Desk Stand (Headphones NOT Included) - Compatible with SteelSeries Arctis 3 & Arctis 5,"Headphones, Earbuds & Accessories",2,1,1,0,0,1,0,0,0,1,0,internal_oof
B091D3QY51,ACCESSORY,NOT_APPLICABLE,ACCESSORY,0.015563,0.984437,model_accessory_below_threshold_with_accessory_context,"Headphone Audio Cable, Double Needle 8 Core Balanced OCC Silver Plated Audio Cable for Sennheiser HD600 HD580 HD650 HD660s Silver-Plated Headphone Cable(2.5MM)",Extension Cords,34,1,1,1,0,1,0,1,0,0,0,internal_oof
B0BS9PQ8XX,DEVICE,EARBUD_INEAR,DEVICE,0.997498,0.997498,model_device_above_threshold_with_device_subject,"OPN SOUND - Aria Open Ear Headset with Charging Case - Headphones with Bluetooth, Wireless Earbud with Noise Cancelling - Upgraded Stereo Ear Phones - Long-Term Comfort for Sports/Workout - Black",Over-Ear Headphones,28,1,3,0,0,1,1,0,1,0,0,internal_oof
B0BVR81LYV,DEVICE,EARBUD_INEAR,DEVICE,0.995945,0.995945,model_device_above_threshold_with_device_subject,"Tiksounds Wireless Earbuds, Bluetooth Headphones with Microphone, IPX7 Waterproof, 35H Playtime with LED Power Display, High-Fidelity Stereo Earphones for Sports and Work",Earbud Headphones,26924,1,3,0,0,0,0,0,1,0,0,internal_oof
B0B1MBQ4FC,ACCESSORY,NOT_APPLICABLE,ACCESSORY,0.008656,0.991344,strong_accessory_relation,Iphone Dual Lightning Headphone Adapter(2pack)Audio Charge Dongle Jack Splitter 2in1 Charger AUX Music Earbud Adaptador Para Apple MFI Certified Compatible for 7 8Plus X 13 12 11 Pro Max Mini Xs Se Xr,Adapters,22,1,2,1,1,1,0,1,0,0,0,internal_oof
B08FF6SFZ3,DEVICE,EARBUD_INEAR,DEVICE,0.998379,0.998379,model_device_above_threshold_with_device_subject,"Wireless Gear Bluetooth 5.0 True Wireless Stereo Earbuds with Charging Case, Black",Earbud Headphones,22,1,1,0,0,1,1,0,1,0,0,internal_oof
B09Z2JYPVM,DEVICE,ON_EAR,DEVICE,0.968403,0.968403,model_device_above_threshold_with_device_subject,"Kids Headphones Wired Ｈeadset for School with Adjustable Headband,3.5mm Jack Foldable On-Ear Headphones with Sharing Cable for Girls Boys Teens Children,Pink",On-Ear Headphones,36,1,1,1,0,1,0,0,1,0,0,internal_oof
B007P5R2IG,AMBIGUOUS,NOT_APPLICABLE,AMBIGUOUS,0.805554,0.0,no_headphone_subject_in_title,Hallmark Star Wars SHP3006 Hear You Nothing That I Say? Sound Button,Headphones & Earbuds,3,1,0,0,0,0,0,0,0,1,0,internal_oof
B076KLJYKC,DEVICE,EARBUD_INEAR,DEVICE,0.934504,0.934504,model_device_above_threshold_with_device_subject,"Wired Kids Headphones, Foldable Cute Cat Headphones with Flash LED Ears Cosplay Earphone for Teens Girls Toddlers Kids Adults,Compatible with MP3 iPhone Android Smartphone Tablet PC (White&Pink)",On-Ear Headphones,59,1,2,0,0,0,0,0,1,0,0,internal_oof
B07RMGSX63,ACCESSORY,NOT_APPLICABLE,ACCESSORY,0.000721,0.999279,accessory_taxonomy_and_context,Yoidesu 2 Pcs 2-Inch Replacement Foam Pad EarPad Ear Cover Ear Pads Cushions Cover Cups Repair Parts for AKG K450-K430-K420-K480,Earpads,19,1,0,0,0,2,0,1,0,0,0,internal_oof
B00N5E108O,ACCESSORY,NOT_APPLICABLE,DEVICE,0.66891,0.66891,model_device_above_threshold_with_device_subject,"2 Pack of Bose QuietComfort 3 Battery for QuietComfort 3 Headphone (200mAh, 3.7V, Li-Ion) Olympia Battery",Headphones & Earbuds,5,1,1,0,0,0,0,0,0,1,0,internal_oof
B06XY5ZDXX,ACCESSORY,NOT_APPLICABLE,ACCESSORY,0.072998,0.99,strong_accessory_relation,"JAHOLAN iPhone 5 Case, iPhone 5S Case Green Jade Marble Design Slim Shockproof Clear Bumper TPU Soft Case Rubber Silicone Cover Phone Case for iPhone 5 5S SE",Earbud Headphones,14,1,0,1,1,0,0,0,1,0,1,internal_oof
B00VQIGB6C,DEVICE,EARBUD_INEAR,DEVICE,0.997288,0.997288,model_device_above_threshold_with_device_subject,i-Bud IBud Stereo Headset,Headphones & Earbuds,2,1,1,0,0,0,0,0,0,1,0,internal_oof
B07RWP3F22,ACCESSORY,NOT_APPLICABLE,ACCESSORY,0.001297,0.998703,model_accessory_below_threshold_with_accessory_context,SaNGaiMEi AirPods Case Leather Protectvie Cover Compatible with Apple AirPods 1 & 2 Charging Case with Keychain(Pink),Cases,86,1,1,1,0,1,0,1,0,0,0,internal_oof
B0170RBJ9Q,DEVICE,EARBUD_INEAR,DEVICE,0.856468,0.856468,model_device_above_threshold_with_device_subject,"sephia SP3060 Earbuds - HD Bass Driven Audio, Lightweight Aluminum in Ear Headphone, S/M/L Ear Bud Tips, Earphone Case, 3.5mm Tangle-Free Cord - for Music, Podcasts, and More (Without Mic)",Earbud Headphones,33336,1,4,1,0,1,0,0,1,0,0,internal_oof
B074KYCSD5,DEVICE,ON_EAR,DEVICE,0.780938,0.780938,model_device_above_threshold_with_device_subject,"Jabra Evolve 65 Stereo Bluetooth Wireless UC Headphones Bundle - Global Teck Mic Cushions, USB Dongle, Charging Stand, Compatible with Softphones, Streaming Music, Smartphones, Tablets, PC, MAC",On-Ear Headphones,12,1,1,0,0,1,0,0,1,0,0,internal_oof
B00C5JWB2E,AMBIGUOUS,NOT_APPLICABLE,AMBIGUOUS,0.699341,0.0,no_headphone_subject_in_title,"Graphics and More Tennis Ball - Tennis Home Button Stickers Fits Apple iPhone 4/4S/5/5C/5S, iPad, iPod Touch - Non-Retail Packaging - Clear",Headphones & Earbuds,2,1,0,0,0,0,0,0,0,1,0,internal_oof
B071VYSPG4,AMBIGUOUS,NOT_APPLICABLE,AMBIGUOUS,0.252418,0.0,taxonomy_device_but_title_has_no_device_subject,Mordoa Nail Polish Display Fashion 4 Tiers Cosmetic Makeup Display Stand Rack Holder Organizer Storage Box Nail Polish Rack A12,On-Ear Headphones,10,1,0,0,0,2,0,0,1,0,1,internal_oof
B091LXKW6C,DEVICE,EARBUD_INEAR,DEVICE,0.999081,0.999081,model_device_above_threshold_with_device_subject,"Tribit Wireless Earbuds, 100H Playtime Bluetooth 5.0 IPX8 Waterproof Touch Control True Wireless Bluetooth Earbuds with Mic Earphones in-Ear Deep Bass Built-in Mic Bluetooth Headphones, FlyBuds 3",Earbud Headphones,26678,1,3,0,0,0,0,0,1,0,0,internal_oof
B083ZLMZ4K,ACCESSORY,NOT_APPLICABLE,ACCESSORY,0.003511,0.996489,model_accessory_below_threshold_with_accessory_context,"Ear Hooks Earbuds Spare Replacement for Plantronics Voyager Edge Bluetooth Headset, 2 Hooks, Silicone Covers Ear-Gels Tips S/M/L",Earpads,15,1,2,0,0,0,0,1,0,0,0,internal_oof
B00768AXIS,DEVICE,EARBUD_INEAR,DEVICE,0.926869,0.926869,model_device_above_threshold_with_device_subject,OEM Apple 3.5mm Earphones with Mic and Volume Control (Newest Version) Includes a FREE BLACK Iphone 4/4s Bumper Case (Different Colors Avaliable),Headphones & Earbuds,22,1,1,0,0,0,0,0,0,1,0,internal_oof
B01JKIIB6M,ACCESSORY,NOT_APPLICABLE,AMBIGUOUS,0.018147,0.0,no_headphone_subject_in_title,"9"" x 6"" x 3"" Yoga Exercise Blocks",Adapters,38,1,0,0,0,0,0,1,0,0,0,internal_oof
B09NMN3H6R,DEVICE,EARBUD_INEAR,DEVICE,0.986154,0.986154,model_device_above_threshold_with_device_subject,"Acuvar Fully Wireless Bluetooth 5.0 Rechargeable iPX5 Water & Sweat Proof Earbud Headphones w Microphone, Touch Controls, Smart LCD Charging Case, Surround Stereo Bass and Noise Cancelling (White)",Earbud Headphones,5,1,2,0,0,1,0,0,1,0,0,internal_oof
B07QHXKR97,DEVICE,EARBUD_INEAR,AMBIGUOUS,0.359506,0.0,probability_or_semantics_not_decisive,"iMangoo Earphone Wire Slider, [10 Pack] Universal 2mm Hole Slide Block Headphone Cable Splitting Chuck Earbuds Sliding Divider Earphone Cord Branching Accessories Mini Slider Black & White",Earbud Headphones,27,1,3,1,0,2,0,0,1,0,0,internal_oof
B000ZSSQVW,AMBIGUOUS,NOT_APPLICABLE,AMBIGUOUS,0.743846,0.0,no_headphone_subject_in_title,(Boredom Breakers) NATURALS Carrotys (200g),Headphones & Earbuds,206,1,0,0,0,0,0,0,0,1,0,internal_oof
B09KQC7Z4S,DEVICE,OVER_EAR,DEVICE,0.976993,0.976993,model_device_above_threshold_with_device_subject,"Bose QuietComfort 35 II Wireless Bluetooth Headphones, Noise-Cancelling, with Alexa Voice Control - Black",Over-Ear Headphones,62404,1,1,0,0,0,0,0,1,0,0,internal_oof
B001ELEFYG,ACCESSORY,NOT_APPLICABLE,ACCESSORY,0.003729,0.996271,strong_accessory_relation,3.5mm (Male) To 2.5mm (Female) Stereo Audio Jack Adapter for,Adapters,7,1,0,1,1,1,0,1,0,0,0,internal_oof
B088GJ1L5Z,DEVICE,OVER_EAR,DEVICE,0.991583,0.991583,model_device_above_threshold_with_device_subject,"Sony Noise Cancelling Headphones WHCH710N: Wireless Bluetooth Over the Ear Headset with Mic for Phone-Call, Blue (Amazon Exclusive)",Over-Ear Headphones,22859,1,2,0,0,0,0,0,1,0,0,internal_oof
B0033PKETG,AMBIGUOUS,NOT_APPLICABLE,AMBIGUOUS,0.800233,0.0,taxonomy_device_but_title_has_no_device_subject,Krylon Crystal Clear Acrylic Coating Spray 6 Ounces 1303A (3-Pack),Earbud Headphones,5,1,0,0,0,0,0,0,1,0,1,internal_oof
B007NPT98Y,ACCESSORY,NOT_APPLICABLE,ACCESSORY,0.455551,0.99,strong_accessory_relation,ExpertPower® USB Programming Cable for Kenwood TK-2140 TK-2180 TK-280 TK-285 TK-290 TK-3140 TK-3180 TK-380 TK-385 TK-390 TK-480 TK-490 TK3185 (KPG-36U),Earbud Headphones,7,1,0,1,1,1,0,0,1,0,1,internal_oof
B07KCPQTX3,DEVICE,EARBUD_INEAR,DEVICE,0.979784,0.979784,model_device_above_threshold_with_device_subject,"Wearhaus Beam Wireless Bluetooth Sharing Earbuds, HiFi Bass Stereo in-Ear Sweatproof Sports Headset w/Mic, Color Changing LED Light, Lightweight Case for Gym Running Gaming Travel Work (White)",Earbud Headphones,4,1,2,1,0,0,0,0,1,0,0,internal_oof
B07TGTDVGQ,ACCESSORY,NOT_APPLICABLE,ACCESSORY,0.002764,0.997236,model_accessory_below_threshold_with_accessory_context,"CTYBB for Airpod Case,Silicone Airpods Case Cover with Fur Ball Keychain Compatible with Apple Airpods 2/1 (Front LED Visible) Light Pink",Cases,24858,1,1,1,0,0,0,1,0,0,0,internal_oof
B0C1ZHJRGB,DEVICE,EARBUD_INEAR,DEVICE,0.996288,0.996288,model_device_above_threshold_with_device_subject,Wireless Earbuds Bluetooth Headphones 48hrs Play Back Sport Earphones with LED Display Over-Ear Buds with Earhooks Built-in Mic Headset for Workout Blue BMANI-VEAT00L,Earbud Headphones,29423,1,5,0,0,0,0,0,1,0,0,internal_oof
B002MS68QI,DEVICE,EARBUD_INEAR,DEVICE,0.931955,0.931955,model_device_above_threshold_with_device_subject,OrionGadgets Retractable Stereo Headphones for Samsung Solstice A887 (Black),Headphones & Earbuds,4,1,1,0,0,0,0,0,0,1,0,internal_oof
B09XV6XJ6C,DEVICE,EARBUD_INEAR,DEVICE,0.989982,0.989982,model_device_above_threshold_with_device_subject,"LASUNEY Wireless Earbuds Bluetoth Headphones, Touch Control Stereo Sound Bluetoth Earbuds with Mic, 35H Playtime Waterproof Wireless Ear Buds with Type C Charging Case for iPhone Android (Green)",Earbud Headphones,19,1,3,1,0,1,0,0,1,0,0,internal_oof
B0BMLQ87K7,ACCESSORY,NOT_APPLICABLE,ACCESSORY,0.025305,0.974695,model_accessory_below_threshold_with_accessory_context,"sovunis Headphone Splitter Adapter, 3-in-1 Pack 3.5mm Male to 2 Port 3.5mm Female & 3.5mm Female to 2 Port 3.5mm Male Aux Stereo Y Jack Cable for PS4, Xbox, Phone, PC, Tablet, Laptop, Gaming Headset",Adapters,52,1,2,1,0,2,0,1,0,0,0,internal_oof
B00V5QFUHG,DEVICE,EARBUD_INEAR,DEVICE,0.947455,0.947455,model_device_above_threshold_with_device_subject,Stoga Wireless Bluetooth Headset Tsong TH-009 Universal Stereo Music Bluetooth V4.1 Headphone Eearphone for iphone 4/4S/5/5S/6 Samsung HTC,Headphones & Earbuds,10,1,2,0,0,0,0,0,0,1,0,internal_oof
B06WRSXCNN,ACCESSORY,NOT_APPLICABLE,AMBIGUOUS,0.376256,0.0,no_headphone_subject_in_title,CellularOutfitter LG G5 Ultrasuede Folding Wallet Case - Slide-Out Card Holder and Wrist-strap - Hot Pink,Headphones & Earbuds,1,1,0,0,0,1,0,0,0,1,0,internal_oof
B001GAHBCI,DEVICE,EARBUD_INEAR,DEVICE,0.985277,0.985277,model_device_above_threshold_with_device_subject,Bluetrek Metal Bluetooth Headset,Headphones & Earbuds,6,1,1,0,0,0,0,0,0,1,0,internal_oof
B07ZZ3FJSV,ACCESSORY,NOT_APPLICABLE,ACCESSORY,0.02051,0.99,strong_accessory_relation,"elago Original Case Compatible with Apple AirPods Pro Case - Protective Silicone Cover, Anti-Slip Coating, Precise Cutout, Supports Wireless Charging (Lavender Gray)",Cases,13988,1,1,1,1,0,0,1,0,0,0,internal_oof
B07GH4SQ4L,ACCESSORY,NOT_APPLICABLE,ACCESSORY,0.012649,0.987351,model_accessory_below_threshold_with_accessory_context,"2 Pack USB C to 3.5mm Headphone Jack Adapter, Type C to Audio Jack Converter, for MacBook Pro Pixel and XL Motorola Moto Z Xiaomi 8 Le Pro 3 and Other (not Compatible with Pixel 2/HTC Phones)",Adapters,59,1,1,0,0,1,0,1,0,0,0,internal_oof
B07MR5C4NW,DEVICE,EARBUD_INEAR,DEVICE,0.997297,0.997297,model_device_above_threshold_with_device_subject,Raycon E50 Wireless Earbuds Bluetooth Headphones - Bluetooth 5.0 Bluetooth Earbuds Bluetooth Headset True Wireless Earbuds 30 Hours Playtime with Charging Case Built-in Mic White,Earbud Headphones,232,1,3,0,0,1,1,0,1,0,0,internal_oof
B0C3R2WCKX,DEVICE,EARBUD_INEAR,DEVICE,0.99757,0.99757,model_device_above_threshold_with_device_subject,"comiso Wireless Earbuds Bluetooth Headphones, True Wireless in Ear Bluetooth 5.1 Earbuds with Microphone, Deep Bass, IPX7 Waterproof Loud Voice Earphones for Sport Outdoor Running Gym Workout(Black)",Earbud Headphones,14043,1,3,0,0,0,0,0,1,0,0,internal_oof
B08M5GFDTR,ACCESSORY,NOT_APPLICABLE,ACCESSORY,0.004433,0.995567,strong_accessory_relation,"TOLUOHU for JBL Tune 225TWS/220TWS Case Cover,Carry/Shockproof/Waterproof Silicone Protect Skin Case Cover for JBL Tune 225TWS/220TWS Wireless Earbuds Accessories with Keychain",Cases,746,1,1,1,1,1,0,1,0,0,0,internal_oof
B0BSL3VQHX,DEVICE,EARBUD_INEAR,DEVICE,0.997858,0.997858,model_device_above_threshold_with_device_subject,"GODCRYSTAL Wireless Earbuds,IPX5 Waterproof Bluetooth Earbuds Stereo Earphone, Bluetooth 5.0 in-Ear Earbuds with Wireless Bluetooth Headphone 30H Playtime, for iPhone/Android",Earbud Headphones,21,1,3,0,0,0,0,0,1,0,0,internal_oof
B002M7KF4U,DEVICE,EARBUD_INEAR,DEVICE,0.945971,0.945971,model_device_above_threshold_with_device_subject,Wireless Peltor WS Bluetooth Comms Protector Headset + XP Boom Mic!,Headphones & Earbuds,2,1,1,0,0,0,0,0,0,1,0,internal_oof
B089D1ZPT3,ACCESSORY,NOT_APPLICABLE,ACCESSORY,0.0033,0.9967,strong_accessory_relation,Coffea Protective Silicone Case with Keychain for Apple AirPods 2 (Black),Cases,16190,1,1,1,1,0,0,1,0,0,0,internal_oof
B09WMDYYCT,DEVICE,EARBUD_INEAR,DEVICE,0.998398,0.998398,model_device_above_threshold_with_device_subject,"RUSAM TWS AR30 True Wireless Earbuds,Bluetooth 5.2 Headphones,Touch Control Stereo Earphones,in-Ear Built-in Mic Headset,Premium Deep Bass for Music Sport Game,White",Earbud Headphones,90,1,4,0,0,0,0,0,1,0,0,internal_oof
B083TLZ1LL,ACCESSORY,NOT_APPLICABLE,ACCESSORY,0.002525,0.997475,model_accessory_below_threshold_with_accessory_context,"Laffav AirPods Case Silicone Protective Cover (Front LED Visible) for Women Men Compatible with Apple AirPods 2 & 1 , 2 Pack, Navy Blue, Black",Cases,12170,1,1,0,0,0,0,1,0,0,0,internal_oof
B0BDF4DVXC,ACCESSORY,NOT_APPLICABLE,ACCESSORY,0.008607,0.991393,model_accessory_below_threshold_with_accessory_context,"USB Type C to 3.5mm Female Headphone Jack Adapter, JSAUX USB C to Aux Audio Dongle Cable Cord Compatible with Pixel 4 3 2 XL, Samsung Galaxy S22 S21 S20 Ultra S20+ Note 10 S10 S9 Plus, iPad Pro(Black)",Adapters,26267,1,1,0,0,3,0,1,0,0,0,internal_oof
B08KRC18S8,DEVICE,EARBUD_INEAR,DEVICE,0.944343,0.944343,model_device_above_threshold_with_device_subject,"Galaxy Buds True Wireless Earbuds (Wireless Charging Case included), Silver â€“ US Version",Earbud Headphones,43999,1,2,0,0,1,0,0,1,0,0,internal_oof
B07BBKDDLR,DEVICE,EARBUD_INEAR,DEVICE,0.992639,0.992639,model_device_above_threshold_with_device_subject,"monque HIFi In-ear Stereo Headphones with Dual Drivers Earbuds High-fidelity Audio and Deep Bass Wired Earphones with Mic for Hands-free Calling,Mobile Phones",Headphones & Earbuds,1,1,3,0,0,0,0,0,0,1,0,internal_oof
B074K8H2GV,DEVICE,OVER_EAR,DEVICE,0.968051,0.968051,model_device_above_threshold_with_device_subject,NOON VR PRO with PC-to-VR Streaming & Built-in Stereo Headphones for Cinematic & Gaming Experience,Over-Ear Headphones,31,1,1,0,0,0,0,0,1,0,0,internal_oof
B01FG7RJAA,DEVICE,NEEDS_REVIEW,DEVICE,0.996098,0.996098,model_device_above_threshold_with_device_subject,Headphones Headset Earphone,Headphones & Earbuds,36,1,3,0,0,0,0,0,0,1,0,internal_oof
B00USOK166,DEVICE,ON_EAR,DEVICE,0.844071,0.844071,model_device_above_threshold_with_device_subject,"iLive iAHK55SP Safe Volume Headphones, Pink/White",Headphones & Earbuds,5,1,1,0,0,0,0,0,0,1,0,internal_oof
B07VRDNQR3,DEVICE,OVER_EAR,DEVICE,0.982714,0.982714,model_device_above_threshold_with_device_subject,"Plantronics Voyager 104 Bluetooth Headset, Over The Head Headset with Microphone Built for Truckers (Renewed)",Over-Ear Headphones,393,1,1,0,0,0,0,0,1,0,0,internal_oof
B07DG6D7K3,DEVICE,EARBUD_INEAR,DEVICE,0.995673,0.995673,model_device_above_threshold_with_device_subject,XKDUN Sports Headphones Wireless Earbuds Anti Falling Off Bluetooth Earphones for Exercise with Charging Case Sweatproof HD Stereo Sound in Ear with Microphone 6 Hrs Running Gym iOS Android Black,Earbud Headphones,86,1,3,0,0,1,1,0,1,0,0,internal_oof
B09P7C8KZD,ACCESSORY,NOT_APPLICABLE,ACCESSORY,0.001638,0.998362,model_accessory_below_threshold_with_accessory_context,Leather Cushion Earpads Compatible withJBL E65BTNC Duet NC LIVE650 Headset Earmuffs Memory Foam Cover Headphone Ear Pads earpads Replacements,Earpads,1,1,2,0,0,2,0,1,0,0,0,internal_oof
B00CWFMUM2,DEVICE,EARBUD_INEAR,DEVICE,0.996232,0.996232,model_device_above_threshold_with_device_subject,Creative Hitz MA-350 In-Ear Noise Isolating Headphones with 9mm Driver and In-Line Mic and Volume Control (Green) (Discontinued by Manufacturer),Earbud Headphones,1,1,1,0,0,0,0,0,1,0,0,internal_oof
B008F5JZVC,ACCESSORY,NOT_APPLICABLE,ACCESSORY,0.042439,0.99,strong_accessory_relation,Asobilor Audio Cable for QuietComfort 15 Headphones,"Headphones, Earbuds & Accessories",471,1,1,1,1,1,0,0,0,1,0,internal_oof
B07DGL38ZK,DEVICE,EARBUD_INEAR,DEVICE,0.967393,0.967393,model_device_above_threshold_with_device_subject,"Skullcandy Ink'd 2.0 in-Ear Earbud - Camo, Green",Earbud Headphones,12001,1,1,0,0,0,0,0,1,0,0,internal_oof
B001DLAKIC,DEVICE,EARBUD_INEAR,DEVICE,0.607322,0.607322,model_device_above_threshold_with_device_subject,Plantronics Voyager 520 Bluetooth Headset (75859-01) with gift for Samsung SGH-A717 Samsung SGH-A727 Samsung A737 Samsung Beat SGH-T539 Samsung Blackjack 2 Samsung Blast SGH-T729 Samsung SGH-D900 Black Carbon Samsung Gleam Glyde U1036,Headphones & Earbuds,1,1,1,0,0,0,0,0,0,1,0,internal_oof
B00O76IEGA,AMBIGUOUS,NOT_APPLICABLE,AMBIGUOUS,0.460271,0.0,no_headphone_subject_in_title,"Gskyer Telescope, Instruments Infinity 60mm AZ Refractor Telescope, German Technology Travel Scope",Headphones & Earbuds,37,1,0,0,0,0,0,0,0,1,0,internal_oof
B00BIKJMNW,ACCESSORY,NOT_APPLICABLE,ACCESSORY,0.012774,0.987226,model_accessory_below_threshold_with_accessory_context,Yurbuds Earbuds Covers Size 7 Large Red,Earpads,59,1,1,0,0,0,0,1,0,0,0,internal_oof
B08SH82975,ACCESSORY,NOT_APPLICABLE,ACCESSORY,0.006289,0.993711,model_accessory_below_threshold_with_accessory_context,"Airpods Pro Case, Ztacking Airpods Pro Case Cover Full-Body Protective Rugged Shock Absorbtion Wireless Charging Durable Case LED Visible with Carabiner for Airpods Pro 3rd gen - Blue",Cases,25,1,1,0,0,0,0,1,0,0,0,internal_oof
B08JZNWCNH,ACCESSORY,NOT_APPLICABLE,ACCESSORY,0.00486,0.99514,model_accessory_below_threshold_with_accessory_context,"URBAN ARMOR GEAR UAG Compatible with AirPods (1st & 2nd Gen) Case Full-Body Protective Soft-Touch Silicone Case with Detachable Carabiner, Standard Issue Hard Case_001, Black/Grey",Cases,147,1,1,1,0,0,0,1,0,0,0,internal_oof
B01N2N993M,DEVICE,EARBUD_INEAR,DEVICE,0.885527,0.885527,model_device_above_threshold_with_device_subject,"WaveWall 'Airtubes', Anti Radiation Earphones, Tested and Designed to Shield Radiations to Head, Reduced Exposure from EMF & RF Waves, Noise Isolating Headphones, with High Sensitivity Microphone",Earbud Headphones,27,1,2,0,0,0,0,0,1,0,0,internal_oof
B07RWJ531B,DEVICE,EARBUD_INEAR,DEVICE,0.968787,0.968787,model_device_above_threshold_with_device_subject,"SoundPEATS Bluetooth Earphones, Wireless 4.1 Magnetic Earphones, in-Ear IPX6 Sweatproof Headphones with Mic (Superior Sound with Upgraded Drivers, APTX, 8 Hours Working Time, Secure Fit Design)",Earbud Headphones,131,1,2,0,0,0,0,0,1,0,0,internal_oof
B001TLNJPW,AMBIGUOUS,NOT_APPLICABLE,AMBIGUOUS,0.818637,0.0,no_headphone_subject_in_title,Parrot PARTY Bluetooth Speakers Black,Headphones & Earbuds,4,1,0,0,0,0,0,0,0,1,0,internal_oof
B078S34QZD,DEVICE,EARBUD_INEAR,DEVICE,0.971541,0.971541,model_device_above_threshold_with_device_subject,Sony Mdr Xb-450 Extra Bass Foldable Headphones Black,Earbud Headphones,54454,1,1,0,0,0,0,0,1,0,0,internal_oof
B0967K92BJ,ACCESSORY,NOT_APPLICABLE,ACCESSORY,0.028194,0.971806,model_accessory_below_threshold_with_accessory_context,QKIIP Studio 2 Headband Replacement Parts Accessories Studio 2.0 Top Headband Repair Fix Parts Compatible with Studio 3 Wireless Studio 2 B0501B0500 WiredWireless Over Ear Headphones(Titanium),Earpads,2,1,1,0,0,0,0,1,0,0,0,internal_oof
B0C72D4J46,DEVICE,EARBUD_INEAR,DEVICE,0.99318,0.99318,model_device_above_threshold_with_device_subject,occiam Wireless Earbuds Bluetooth Headphones 48H Play Back Earphones in Ear Waterproof with Microphone LED Display for Sports Running Workout Pink,Earbud Headphones,46903,1,3,0,0,0,0,0,1,0,0,internal_oof
B0BL6LSDLM,DEVICE,EARBUD_INEAR,DEVICE,0.99855,0.99855,model_device_above_threshold_with_device_subject,"bakibo Wireless Earbuds, Bluetooth 5.3 in-Ear Earphones with Built-in 6 Mic Waterproof Ear Buds Deep Bass Stereo Headphones, 32 Hours Play Time Type-C Fast Charging Case for iPhone Android, White",Earbud Headphones,24,1,4,1,0,1,0,0,1,0,0,internal_oof
B07PWHF7PJ,DEVICE,EARBUD_INEAR,DEVICE,0.987049,0.987049,model_device_above_threshold_with_device_subject,"TREBLAB X5 - True Wireless Earbuds - Signature HD Sound w/Beryllium Speakers, 30 Hour Battery + Charging Case, Noise Cancelling Mic, Waterproof IPX4, Bluetooth Headphones (Renewed)",Earbud Headphones,149,1,2,0,0,1,1,0,1,0,0,internal_oof
B078XNJZKK,AMBIGUOUS,NOT_APPLICABLE,AMBIGUOUS,0.488703,0.0,no_headphone_subject_in_title,Anauto Motorcycle Seat Bolt Mounting Screws Anodized Aluminum 5 Colors for Harley Davidson 1996 & Late(blue),Headphones & Earbuds,1,1,0,0,0,0,0,0,0,1,0,internal_oof
B0BPCF1D41,DEVICE,EARBUD_INEAR,DEVICE,0.964807,0.964807,model_device_above_threshold_with_device_subject,"realme TechLife Buds T100 Bluetooth Truly Wireless in Ear Earbuds with mic, AI ENC for Calls, Google Fast Pair, 28 Hours Total Playback with Fast Charging and Low Latency Gaming Mode (Black)",Earbud Headphones,13705,1,1,0,0,0,0,0,1,0,0,internal_oof
B00110LSOA,DEVICE,EARBUD_INEAR,DEVICE,0.846285,0.846285,model_device_above_threshold_with_device_subject,"Earbuds/Earphones/Headphones,Wired Ear Buds with Remote Control Perfect for iPhone XS Max/XR/X/8 Plus/8/7S/7 Samung S10/S10e/S10+/S9/S8 iPad IOS Note10/9/8/Tablet and Other Compatible Devices,2 Pack",Earbud Headphones,1,1,4,0,0,0,0,0,1,0,0,internal_oof
B08W4YFY9M,DEVICE,EARBUD_INEAR,DEVICE,0.989203,0.989203,model_device_above_threshold_with_device_subject,Wireless Earbuds + Charging CASE,Earbud Headphones,2,1,1,0,0,1,1,0,1,0,0,internal_oof
B019IDX344,DEVICE,EARBUD_INEAR,DEVICE,0.953978,0.953978,model_device_above_threshold_with_device_subject,Sownd A108B (Blue) Audio Premium w/ Reflective Cable In-Ear Noise-isolating Earbuds w/Mic,Earbud Headphones,5,1,1,0,0,1,0,0,1,0,0,internal_oof
B07Q7NJPVW,ACCESSORY,NOT_APPLICABLE,ACCESSORY,0.006561,0.993439,strong_accessory_relation,"Fintie Carrying Hard Case for Beats Solo 3, Solo 2 Headphones, Premium Vegan Leather Protective Cover Portable Travel Bag for Beats Solo3, Solo2 Wireless On-Ear Headphones, Rose Gold",Cases,29,1,1,1,1,0,0,1,0,0,0,internal_oof
B0BKLDJXJ9,DEVICE,EARBUD_INEAR,DEVICE,0.965214,0.965214,model_device_above_threshold_with_device_subject,JVC HA-EB75S Sports Ear Clip Headphones Silver,Earbud Headphones,14190,1,1,0,0,0,0,0,1,0,0,internal_oof
B00JWWZSWC,AMBIGUOUS,NOT_APPLICABLE,AMBIGUOUS,0.690655,0.0,no_headphone_subject_in_title,Google Glass XE V2 | Reading Glass Frame (4 Options) (Cotton White),Headphones & Earbuds,1,1,0,0,0,0,0,0,0,1,0,internal_oof
B00ND5ZPD6,AMBIGUOUS,NOT_APPLICABLE,AMBIGUOUS,0.913423,0.0,taxonomy_device_but_title_has_no_device_subject,Marvel Captain America Flying Shield,Earbud Headphones,309,1,0,0,0,0,0,0,1,0,1,internal_oof
B0035CVLJY,DEVICE,EARBUD_INEAR,DEVICE,0.8491,0.8491,model_device_above_threshold_with_device_subject,"Premium Stereo Headset Hands-free for LG Xenon GR500, GR700 (Vu Plus), GS505 (Sentio), GD710 (Shine II), GT950 (Arena), GW820 (eXpo), LG CF360",Headphones & Earbuds,6,1,1,0,0,0,0,0,0,1,0,internal_oof
B077FHQJ4R,DEVICE,ON_EAR,DEVICE,0.90605,0.90605,model_device_above_threshold_with_device_subject,Hearts Emoji and Unicorn Fatheads Folding Stereo Headphones,Headphones & Earbuds,3,1,1,0,0,0,0,0,0,1,0,internal_oof
B00TKJVXJY,ACCESSORY,NOT_APPLICABLE,ACCESSORY,0.050652,0.949348,model_accessory_below_threshold_with_accessory_context,Astro A40 Ear Pad / Ear Cushion (2 Pack / 1 Pair) - Genuine Astro A40 Gaming Headset Part,Earpads,39,1,1,0,0,2,0,1,0,0,0,internal_oof
B08B5FZP1N,DEVICE,EARBUD_INEAR,DEVICE,0.989281,0.989281,model_device_above_threshold_with_device_subject,"Kirababy Earbuds Wired with Microphone Pack of 5, Noise Isolating in-Ear Headphones, Powerful Heavy Bass, High Definition, Earphones Compatible with Most 3.5mm Jack",Earbud Headphones,14055,1,3,0,0,0,0,0,1,0,0,internal_oof
B07KSPDR2K,DEVICE,EARBUD_INEAR,DEVICE,0.963361,0.963361,model_device_above_threshold_with_device_subject,"Bose SoundSport in-ear headphones for Samsung and Android devices, Charcoal",Earbud Headphones,14024,1,1,0,0,0,0,0,1,0,0,internal_oof
B0037U7SG4,DEVICE,EARBUD_INEAR,DEVICE,0.711307,0.711307,model_device_above_threshold_with_device_subject,Stereo In-The-Ear Headphones /w 2.5mm Adapter for Sony EX71 (Black),Earbud Headphones,2,1,1,1,0,1,0,0,1,0,0,internal_oof
B0BS6WXK8G,DEVICE,EARBUD_INEAR,DEVICE,0.951582,0.951582,model_device_above_threshold_with_device_subject,"Linsoul Kinera QOA Gimlet 10mm LCP Diaphragm Dynamic Driver HiFi in-Ear Earphone IEM with Detachable 2pin Cable for Audiophile Musician (Green, Gimlet)",Earbud Headphones,8,1,2,1,0,1,0,0,1,0,0,internal_oof
B09MRYCWTH,DEVICE,EARBUD_INEAR,DEVICE,0.862198,0.862198,model_device_above_threshold_with_device_subject,"Earbuds Cleaning Pen, 3 Pcs 3 in 1 Multi-Function Earbud Cleaning Putty Wireless Earphones Soft Brush Cleaning Tools Headset Box Charging Compartment Cleaner Kit for Camera, Earphone, Phone, Keyboard",Earbud Headphones,9,1,3,0,0,0,0,0,1,0,0,internal_oof
B097PN7N6Y,DEVICE,EARBUD_INEAR,DEVICE,0.974665,0.974665,model_device_above_threshold_with_device_subject,"ZIHNIC Wireless Earbuds,Bluetooth Earphone with Touch Control and Charging Case,IPX5 Sweatproof,35H Playtime for Work, Home,Office-Black",Earbud Headphones,182,1,2,0,0,1,0,0,1,0,0,internal_oof
B0BY4P5G9T,DEVICE,EARBUD_INEAR,DEVICE,0.972815,0.972815,model_device_above_threshold_with_device_subject,"F9 Wireless Earbuds,Bluetooth 5.0 earphone,Hi-Fi Stereo,IPX5 Waterproof,40H Playtime,Touch Control with Smart LED Display Charging Case&3 Silicone Earplugs,Compatible with Phone&Android (Black)",Earbud Headphones,17,1,2,0,0,1,0,0,1,0,0,internal_oof
B01N55LDUM,DEVICE,EARBUD_INEAR,DEVICE,0.984876,0.984876,model_device_above_threshold_with_device_subject,"GranVela Mrice E100A Classic Style Earbud Headphones High Fidelity Stereo Wired Earphones with Microphone Tangle-Free Triangle Cable for iPhone, Android, Samsung, HTC, LG Smartphones - Black",Earbud Headphones,14,1,3,1,0,1,0,0,1,0,0,internal_oof
B01MA1MJ6H,DEVICE,EARBUD_INEAR,DEVICE,0.996396,0.996396,model_device_above_threshold_with_device_subject,"Betron BS10 Earphones Wired Headphones in Ear Noise Isolating Earbuds with Microphone and Volume Control Powerful Bass Driven Sound, 12mm Large Drivers, Ergonomic Design",Earbud Headphones,16023,1,3,0,0,0,0,0,1,0,0,internal_oof
B079ZNCN64,DEVICE,EARBUD_INEAR,DEVICE,0.890076,0.890076,model_device_above_threshold_with_device_subject,JLab Audio JBuds Pro Bluetooth Wireless Signature Earbuds | Titanium 10mm Drivers | 6-Hour Battery Life | Music Controls | Noise Isolation | Bluetooth 4.1 Extra Gel Tips and Cush Fins | Black/Purple,Earbud Headphones,11257,1,1,0,0,0,0,0,1,0,0,internal_oof
B0711YGBWQ,ACCESSORY,NOT_APPLICABLE,ACCESSORY,0.002343,0.997657,model_accessory_below_threshold_with_accessory_context,Airpods Case - 2019 Upgrade OULUQOI for Airpods Silicone Case Cover with Cute Pom Pom Keychain Compatible with Apple Airpods 2 &1 (Front LED Visible),Cases,6,1,1,1,0,0,0,1,0,0,0,internal_oof
B001NTDGQC,DEVICE,EARBUD_INEAR,DEVICE,0.976304,0.976304,model_device_above_threshold_with_device_subject,Ultimate Ears MetroFi 170 Noise-Isolating Earphones (Discontinued by Manufacturer),Earbud Headphones,59,1,1,0,0,0,0,0,1,0,0,internal_oof
B08CRFZZDR,ACCESSORY,NOT_APPLICABLE,ACCESSORY,0.002805,0.997195,model_accessory_below_threshold_with_accessory_context,"CTYBB for Airpod Case,Silicone Airpods Case Cover with Fur Ball Keychain Compatible with Apple Airpods 2/1 (Front LED Visible) Drill Blue",Cases,24978,1,1,1,0,0,0,1,0,0,0,internal_oof
B07VGBS28Z,ACCESSORY,NOT_APPLICABLE,ACCESSORY,0.011762,0.99,strong_accessory_relation,Tech Ex 3D Rhinestone Crystal Bling Cover Luxury Protective Skin for Apple Airpods 1 or 2 Charging Case Portable Diamond Fashion Accessories (Red),Cases,26,1,1,1,1,2,0,1,0,0,0,internal_oof
B07S41XWNL,ACCESSORY,NOT_APPLICABLE,ACCESSORY,0.053676,0.946324,model_accessory_below_threshold_with_accessory_context,"Earphone Tips Replacement Zisure Noise Reducing Memory Foam Earbuds Tips Cover Cap Inner Hole 4mm Fit for in-Ear Headphones with 4.0mm-4.7mm Nozzle (Black, 3 Size, S/M/L, 3 Pairs)",Earpads,4,1,3,0,0,0,0,1,0,0,0,internal_oof
B09SNRFSB9,ACCESSORY,NOT_APPLICABLE,ACCESSORY,0.005131,0.994869,model_accessory_below_threshold_with_accessory_context,"WEFOR Compatible with AirPods 3 Case Cover, Full-Body Protective Rugged Metal Armor Magnetic Case for AirPods 3rd Generation 2021 with Keychain, Wireless Charging, Front LED Visible (Black Red)",Cases,29,1,1,1,0,0,0,1,0,0,0,internal_oof
B0BZP5G1RB,DEVICE,EARBUD_INEAR,DEVICE,0.995044,0.995044,model_device_above_threshold_with_device_subject,"BUGANI Open Ear Headphones Wireless Bluetooth, Touch Control Bluetooth 5.3, Waterproof Sport for Workout Running, Earphones with Clear Talk, 8 Hours Playtime, Black",Open-Ear Headphones,56,1,2,0,0,0,0,0,1,0,0,internal_oof
B07T1B9G1V,DEVICE,EARBUD_INEAR,DEVICE,0.995268,0.995268,model_device_above_threshold_with_device_subject,"AICase TWS Wireless Headphones,Bluetooth 5.0 Wireless Earbuds Built-in Mic Mini Sweatproof Sport Headsets in-Ear Headset with Wireless Charging Case for Android and iOS Smartphones (HQB-U)",Earbud Headphones,87,1,3,1,0,1,1,0,1,0,0,internal_oof
B07WPFPP5C,DEVICE,EARBUD_INEAR,DEVICE,0.961121,0.961121,model_device_above_threshold_with_device_subject,"Soundcore Anker Spirit 2 Bluetooth Headphones, Deep Bass, IP67 Waterproof, Dustproof, Sweatproof, AirWings for Secure Fit, 14H Playtime, Wireless Earbuds for Gym, Running, Workout",Earbud Headphones,661,1,2,0,0,0,0,0,1,0,0,internal_oof
B01N1XTM1B,DEVICE,EARBUD_INEAR,DEVICE,0.893594,0.893594,model_device_above_threshold_with_device_subject,"Farstrider 2Packs Stereo Earphones/Headphones/Earbuds with Hard Carrying Case Bag, High Definition, Heavy Deep Bass, Noise Isolating, Tangle Free, Ergonomic Comfort-Fit for iPhone Samsung Ipad PC etc",Earbud Headphones,58,1,3,0,0,1,0,0,1,0,0,internal_oof
B00IX5BUTE,ACCESSORY,NOT_APPLICABLE,ACCESSORY,0.123003,0.99,strong_accessory_relation,"iPod Touch 5 Case, E LV iPod Touch 5 Case - Hard and Soft Hybrid Armor Defender Sports Combo Case for Apple iPod Touch 5 iTouch 5th Generation with 1 Screen Protector, 1 Black Stylus, 1 Water Resistant Bag and 1 E LV Microfiber Digital Cleaner (Black with Green)",Earbud Headphones,9,1,0,1,1,0,0,0,1,0,1,internal_oof
B07TDRNQZZ,ACCESSORY,NOT_APPLICABLE,ACCESSORY,0.00237,0.99763,model_accessory_below_threshold_with_accessory_context,"CTYBB for Airpod Case,Silicone Airpods Case Cover with Fur Ball Keychain Compatible with Apple Airpods 2/1 (Front LED Visible) Yellow",Cases,24856,1,1,1,0,0,0,1,0,0,0,internal_oof
B099NX3H77,ACCESSORY,NOT_APPLICABLE,ACCESSORY,0.008925,0.991075,model_accessory_below_threshold_with_accessory_context,"Beat Studio Case Cover Replacement for 2021 New Apple Beats Studio Buds Wireless Earbuds, White Heavy Duty Silicone Protective Skin Sleeve with Key Chain - LEFXMOPHY",Cases,789,1,2,1,0,1,0,1,0,0,0,internal_oof
B081W8FKK1,ACCESSORY,NOT_APPLICABLE,ACCESSORY,0.004169,0.995831,strong_accessory_relation,"Artibox Cartoon Case Compatible with Airpod 1st/2nd Generation, 3D Kawaii Shockproof Protective Case Cover with Cute Keychain Best Gift for Women Girls Kids (SDQ-Blue)",Cases,652,1,1,1,1,1,0,1,0,0,0,internal_oof
B004JZC1A4,AMBIGUOUS,NOT_APPLICABLE,ACCESSORY,0.646608,0.99,strong_accessory_relation,"Case-Mate iPad 1 Pop! Case with Stand, White / Cool Gray",Earbud Headphones,1,1,0,1,1,1,0,0,1,0,1,internal_oof
B00UJE48GO,ACCESSORY,NOT_APPLICABLE,ACCESSORY,0.120854,0.99,strong_accessory_relation,Samsung Galaxy S4 Case-Yerwal Creative Design Transparent Flowing Bling Glitter Quicksand Stars Hard Plastic Transparent Case Cover for Samsung Galaxy S4 SIV I9500(Pink),Earbud Headphones,3,1,0,1,1,0,0,0,1,0,1,internal_oof
B0034K44C8,DEVICE,OVER_EAR,DEVICE,0.94751,0.94751,model_device_above_threshold_with_device_subject,Sennheiser PXC 450 Active Noise-Canceling Headphones,Over-Ear Headphones,587,1,1,0,0,0,0,0,1,0,0,internal_oof
B0000BV1LT,ACCESSORY,NOT_APPLICABLE,ACCESSORY,0.050154,0.949846,model_accessory_below_threshold_with_accessory_context,Creek OBH-11 Headphone Amplifier (Black),Amplifiers,5,1,1,0,0,0,0,1,0,0,0,internal_oof
B08912RRG5,ACCESSORY,NOT_APPLICABLE,ACCESSORY,0.019329,0.99,strong_accessory_relation,"SoloWIT Replacement Earpads Cushions for Bose QuietComfort 35 (QC35) & Quiet Comfort 35 II (QC35 ii) Headphones, Ear Pads with Softer Lambskin, Noise Isolation Foam, Added Thickness (Brilliant Grey)",Earpads,23492,1,1,1,1,2,0,1,0,0,0,internal_oof
B081HGWMG3,DEVICE,EARBUD_INEAR,DEVICE,0.953431,0.953431,model_device_above_threshold_with_device_subject,"Linsoul TRN BA5 5 Balanced Armatures HiFi in-Ear Earphone IEM with Magnesium Alloy Housing, Detachable 2 Pin Cable for Audiophile Musician (with mic, Black)",Earbud Headphones,7,1,2,1,0,1,0,0,1,0,0,internal_oof
B08ZN14T9L,ACCESSORY,NOT_APPLICABLE,ACCESSORY,0.009336,0.990664,model_accessory_below_threshold_with_accessory_context,"USB c to 3.5mm Headphone and Charger Adapter,2-in-1 USB C PD 3.0 Charging Port to Aux Audio Jack and Fast Charging Dongle Cable Cord Compatible with Samsung S21 S20 S20+ Ultra, Google Pixel 4 3 XL",Adapters,25,1,1,0,0,3,0,1,0,0,0,internal_oof
B0BQHWWVV6,ACCESSORY,NOT_APPLICABLE,DEVICE,0.668893,0.668893,model_device_above_threshold_with_device_subject,"smaate Anti-Lost Strap Compatible with TOZO T10 Earbuds, Soft Silicone Cord for Sports, Black",Earbud Headphones,10,1,1,1,0,1,0,0,1,0,0,internal_oof
B0BJF63RJ6,ACCESSORY,NOT_APPLICABLE,ACCESSORY,0.002718,0.997282,model_accessory_below_threshold_with_accessory_context,"MOBOSI Vanguard Armor Series Military AirPods Pro Case, Full-Body Hard Shell Protective Cover Case Skin with Keychain for AirPod Pro 2019, Black [Front LED Visible]",Cases,24912,1,1,1,0,1,0,1,0,0,0,internal_oof
B07DNP19VT,DEVICE,EARBUD_INEAR,DEVICE,0.987739,0.987739,model_device_above_threshold_with_device_subject,"Headphone, wired earbuds",Headphones & Earbuds,1,1,2,0,0,0,0,0,0,1,0,internal_oof
B0BN8PRCP5,ACCESSORY,NOT_APPLICABLE,ACCESSORY,0.005104,0.994896,model_accessory_below_threshold_with_accessory_context,"for AirPod Pro Case, Hot Sports Shoes Brand Design Painted TPU Shockproof Cover with Keychain, Compatible with Apple AirPods Pro Cases for Men Boys Teen Kids (Shoes 02)",Cases,5,1,1,1,0,0,0,1,0,0,0,internal_oof
B083BLRC9R,ACCESSORY,NOT_APPLICABLE,ACCESSORY,0.019093,0.980907,model_accessory_below_threshold_with_accessory_context,"elago Ear Hooks Designed for AirPods Pro 2, AirPods Pro, Designed for AirPods 3 & 2 & 1, Earbuds Accessories, Anti-Slip, Ergonomic Design, Comfortable Fit (White) [US Patent Registered]",Earpads,20799,1,2,0,0,0,0,1,0,0,0,internal_oof
B099DT4CHS,DEVICE,EARBUD_INEAR,DEVICE,0.997177,0.997177,model_device_above_threshold_with_device_subject,BassPal Bluetooth 5.1 Wireless Earbuds Sports Bluetooth Earbuds in Ear Headphones IPx7 Waterproof Wireless Earphones with Microphone for iPhone Android Sports Running Exercise Gym Workout Laptop,Earbud Headphones,450,1,3,0,0,0,0,0,1,0,0,internal_oof
B08DG66LRL,DEVICE,OVER_EAR,DEVICE,0.95999,0.95999,model_device_above_threshold_with_device_subject,beyerdynamic DT 880 Premium Edition 600 Ohm Over-Ear Stereo Headphones Bundle with Protection Plan and Leather Storage Bag,Over-Ear Headphones,11,1,1,0,0,0,0,0,1,0,0,internal_oof
B07JG4VYJT,DEVICE,OVER_EAR,DEVICE,0.972453,0.972453,model_device_above_threshold_with_device_subject,"Bluetooth Headphones Over Ear, Foldable Wireless Headphones Stereo Hi-Fi Bluetooth Headsets with Bass, Mic and Soft Earmuffs for Girl Women Wired Mode Cell Phone TV Computer Laptop Android Rose Gold",Earbud Headphones,4,1,2,0,0,0,0,0,1,0,0,internal_oof
B01N10RBPW,ACCESSORY,NOT_APPLICABLE,ACCESSORY,0.004864,0.995136,accessory_taxonomy_and_context,FiiO L26 3.5mm Male To 2.5mm TRRS Female Balanced Output Adapter,Adapters,77,1,0,0,0,1,0,1,0,0,0,internal_oof
B07S77YY97,ACCESSORY,NOT_APPLICABLE,ACCESSORY,0.017873,0.982127,model_accessory_below_threshold_with_accessory_context,"Red Replacement Earbud Tips for Beats Powerbeats3 Wireless in Ear Headphones - Small, Medium, Large, Double Flange and Bi-Tip (Red)",Earpads,778,1,2,0,0,0,0,1,0,0,0,internal_oof
B004PEIFVI,DEVICE,EARBUD_INEAR,DEVICE,0.889245,0.889245,model_device_above_threshold_with_device_subject,"iLuv iEP205ORG Bubble Gum 2 Flexible, Jelly-Type Stereo Earphones - Orange",Earbud Headphones,13,1,1,0,0,0,0,0,1,0,0,internal_oof
B0799GGV9R,DEVICE,EARBUD_INEAR,DEVICE,0.998622,0.998622,model_device_above_threshold_with_device_subject,"Wireless Earbuds, Soundmoov Bluetooth Headphones Handsfree Stereo Earphone with Microphone, Noise Cancelling Sweatproof Mini True Headset for iPhone, Android and Smartphones Tablets",Earbud Headphones,15,1,4,0,0,0,0,0,1,0,0,internal_oof
B005TZAL9Q,DEVICE,EARBUD_INEAR,DEVICE,0.875797,0.875797,model_device_above_threshold_with_device_subject,Pioneer Steez Sealed Earbuds Black SE-D10C-K (Japan Import),Headphones & Earbuds,15,1,1,0,0,0,0,0,0,1,0,internal_oof
B08BHX4F38,ACCESSORY,NOT_APPLICABLE,ACCESSORY,0.00167,0.99833,model_accessory_below_threshold_with_accessory_context,"Laffav Airpods Case Cover Protective AirPod Accessories Silicone Case Skin with Anti-Lost Carabiner (Front LED Visible) for Women Men Compatible with Apple AirPods 2 and 1, 2 Pack, Red and Sand Pink",Cases,12173,1,1,1,0,1,0,1,0,0,0,internal_oof
B07HBTYBMB,DEVICE,EARBUD_INEAR,DEVICE,0.985044,0.985044,model_device_above_threshold_with_device_subject,"ICOMTOFIT Bluetooth Headset, Wireless Bluetooth Earpiece V5.0 8-10 Hours Talktime Stereo Noise Cancelling Mic, Compatible for iPhone Android Cell Phones Driving/Business/Office (Black)",Earbud Headphones,11914,1,2,0,0,0,0,0,1,0,0,internal_oof
B08CRBNFR8,ACCESSORY,NOT_APPLICABLE,ACCESSORY,0.002725,0.997275,model_accessory_below_threshold_with_accessory_context,"CTYBB for Airpod Case,Silicone Airpods Case Cover with Fur Ball Keychain Compatible with Apple Airpods 2/1 (Front LED Visible) Mint Green",Cases,24990,1,1,1,0,0,0,1,0,0,0,internal_oof
B08GK6HN89,ACCESSORY,NOT_APPLICABLE,ACCESSORY,0.057369,0.99,strong_accessory_relation,"NewFantasia Headphone Cord Audio Cable with Lock Connector for Sennheiser Momentum, Momentum 2.0, Momentum 3, HD1 Headphone, Remote Volume Control Mic for Samsung Galaxy Huawei Android Phone",Extension Cords,12,1,1,1,1,2,0,1,0,0,0,internal_oof
B0B7VDV46F,DEVICE,EARBUD_INEAR,ACCESSORY,0.16218,0.83782,model_accessory_below_threshold_with_accessory_context,TOZO NC9 Hybrid Active Noise Cancelling Wireless Earbuds Black & TOZO NC9 Protective Silicone Case Black,Cases,5,1,1,0,0,0,0,1,0,0,0,internal_oof
B084V7WXF6,ACCESSORY,NOT_APPLICABLE,ACCESSORY,0.035698,0.964302,model_accessory_below_threshold_with_accessory_context,Adhiper Studio3 Headband Replacement Top Headband Repair Parts is Compatible with Studio 3.0 Wireless Studio 2.0 Wireless Over-Ear Headphones (Grey),Earpads,32,1,1,0,0,0,0,1,0,0,0,internal_oof
B0CFQFTHVV,DEVICE,EARBUD_INEAR,DEVICE,0.9937,0.9937,model_device_above_threshold_with_device_subject,"Wireless Earbud Bluetooth Headphones Mini Bluetooth Earbud with HD Mic,2023 Wireless Earphones in Ear Ear Buds with USB C Charging Case, IP7 Waterproof, Deep Bass, 30H Playtime with LED Power Display",Earbud Headphones,176,1,4,0,0,1,0,0,1,0,0,internal_oof
B07TW51SX3,ACCESSORY,NOT_APPLICABLE,ACCESSORY,0.00146,0.99854,model_accessory_below_threshold_with_accessory_context,"CAGOS for Airpods Case, Cute Marble Protective Hard Cover with Keychain Compatible with Apple Airpods 2nd/1st Generation Case for Women Men, Black",Cases,12985,1,1,1,0,0,0,1,0,0,0,internal_oof
B08WCGKBT9,DEVICE,OVER_EAR,DEVICE,0.96849,0.96849,model_device_above_threshold_with_device_subject,"PowerLocus Bluetooth Headphones Over Ear, Bluetooth Headphone Rose Gold, Wireless Headphones Foldable, Hi-Fi Stereo, Soft Memory Foam Earmuffs, Built-in Mic & Wired Mode for iPhone,Android,PC,Laptops",Over-Ear Headphones,24123,1,1,0,0,0,0,0,1,0,0,internal_oof
B01B7AKJJ8,ACCESSORY,NOT_APPLICABLE,ACCESSORY,0.006581,0.993419,model_accessory_below_threshold_with_accessory_context,SpinFit CP800 for Thin IEM Nozzle - L - Patented Silicone Eartips for Replacement (2 Pairs) (for Nozzle diamter from 3-3.5mm),Earpads,90,1,1,1,0,2,0,1,0,0,0,internal_oof
B07F7RP3C3,ACCESSORY,NOT_APPLICABLE,ACCESSORY,0.016921,0.983079,model_accessory_below_threshold_with_accessory_context,Hard Carrying case Replacement for Marshall Major II/ Major III /Major IV/MID /Monitor Bluetooth On-Ear Headphones by Aenllosi,Cases,214,1,1,0,0,1,0,1,0,0,0,internal_oof
B0C7H5J36V,DEVICE,EARBUD_INEAR,DEVICE,0.993657,0.993657,model_device_above_threshold_with_device_subject,occiam Wireless Earbuds Bluetooth in-Ear Headphones with Microphones IPX7 Waterproof Ear Buds with LED Power Display Charging Case 64H Playback Time Earphones for Office Sports,Earbud Headphones,79,1,4,0,0,1,0,0,1,0,0,internal_oof
B005Z48AF8,DEVICE,ON_EAR,DEVICE,0.968592,0.968592,model_device_above_threshold_with_device_subject,"AIAIAI TMA-1 Fool's Gold Headphones with Microphone, Black",Headphones & Earbuds,19,1,1,0,0,0,0,0,0,1,0,internal_oof
B000GFHDYK,ACCESSORY,NOT_APPLICABLE,DEVICE,0.875351,0.875351,model_device_above_threshold_with_device_subject,Insten Headset Smart Wrap for iPod (Black),Headphones & Earbuds,21,1,1,1,0,0,0,0,0,1,0,internal_oof
B07T2FGG2Z,DEVICE,EARBUD_INEAR,DEVICE,0.982729,0.982729,model_device_above_threshold_with_device_subject,"Sony WF-1000XM3 Truly Wireless Noise Cancelling Headphones with Mic, up to 32 Hours Battery Life, Stable Bluetooth Connection, Wearing Detection with Alexa Built-in - Black",Earbud Headphones,11988,1,1,0,0,0,0,0,1,0,0,internal_oof
B07NTVTYBL,ACCESSORY,NOT_APPLICABLE,AMBIGUOUS,0.337177,0.0,taxonomy_device_but_title_has_no_device_subject,"3 Pack (6ft,6ft,6ft) Nylon Braided Charging Cord Charger Compatible with PhoneX/8/8Plus 7/7 Plus/6s/6s Plus/6/6 Plus/5s/5/5se,Pad,Pod-Black Grey",Earbud Headphones,2,1,0,0,0,1,0,0,1,0,1,internal_oof
B001R4M6KU,DEVICE,OVER_EAR,DEVICE,0.949278,0.949278,model_device_above_threshold_with_device_subject,Koss QZ900 Noise Cancellation Headphone (Black),Headphones & Earbuds,35,1,1,0,0,0,0,0,0,1,0,internal_oof
B00FGKKCIO,ACCESSORY,NOT_APPLICABLE,ACCESSORY,0.010646,0.989354,model_accessory_below_threshold_with_accessory_context,Replacement 4 Hinge PINS for Replacement 4 Hinge PINS for Monster beats by Dr dre SOLO HD Headphone Headband,Earpads,34,1,1,0,0,0,0,1,0,0,0,internal_oof
B0C6JV1WQH,DEVICE,EARBUD_INEAR,DEVICE,0.995141,0.995141,model_device_above_threshold_with_device_subject,"Wireless Earbuds Bluetooth Earphones Clear Call with Charging Case, Bluetooth 5.3 Ear buds Built in Noise Cancellation Microphone, IPX7 Waterproof Headphones, 50 Hrs Compatible with iPhone & Android",Earbud Headphones,231,1,4,0,0,1,1,0,1,0,0,internal_oof
B0BHYL6ZTM,ACCESSORY,NOT_APPLICABLE,ACCESSORY,0.018899,0.99,strong_accessory_relation,kwmobile Silicone Case Compatible with Xiaomi Redmi Airdots 3 Pro/Buds 3 Pro - Case Soft Cover - Good Vibes Phrase White/Black,Cases,14,1,0,1,1,0,0,1,0,0,0,internal_oof
B074N94LY5,DEVICE,EARBUD_INEAR,DEVICE,0.973109,0.973109,model_device_above_threshold_with_device_subject,"IJOY Future Sport Wireless Waterproof Bluetooth Headset, Purple (Pack of 2)",Earbud Headphones,3,1,1,0,0,0,0,0,1,0,0,internal_oof
B00HQZU8H2,AMBIGUOUS,NOT_APPLICABLE,AMBIGUOUS,0.739511,0.0,no_headphone_subject_in_title,"OXA (2nd Gen)Bluetooth Bracelet Wristwatch with Rechargeable Lithium Polymer Battery, Clear OLED Display, Incoming Call Notification, One Touch Call Answer and Music Player after Pairing with Most Smartphones",Headphones & Earbuds,43,1,0,0,0,0,0,0,0,1,0,internal_oof
B08GHHBPFB,DEVICE,EARBUD_INEAR,DEVICE,0.984955,0.984955,model_device_above_threshold_with_device_subject,Aftershokz OpenMove Wireless Bone Conduction Open-Ear Bluetooth Headphones Includes Pack,Over-Ear Headphones,19892,1,1,0,0,0,0,0,1,0,0,internal_oof
B009NE5Z04,DEVICE,ON_EAR,DEVICE,0.816851,0.816851,model_device_above_threshold_with_device_subject,"ReF by iLuv - Canvas Fabric Exterior On-Ear Headphones with Incredibly Deep Bass - Perfect match to Fashionable Outfits and Loud Bass Music such as EDM, Hip Hop, Rap, Rock & Roll - Compatible with Apple iPad, iPhone & iPod (Blue)",Headphones & Earbuds,4,1,1,0,0,0,0,0,0,1,0,internal_oof
B07771N61M,DEVICE,EARBUD_INEAR,DEVICE,0.986979,0.986979,model_device_above_threshold_with_device_subject,Klip xtreme AthletikX Sports Wireless Stereo Earphones with Microphone | Sweat & Splash Resistant with Secure Fit Bands & Noise Cancelling Technology [Yellow],Earbud Headphones,3,1,1,0,0,0,0,0,1,0,0,internal_oof
B081DSLJVT,ACCESSORY,NOT_APPLICABLE,ACCESSORY,0.000954,0.999046,model_accessory_below_threshold_with_accessory_context,"AirPods Pro Case Cover, Music Tracker Protective Silicone Carrying Case with Keychain for AirPods 3 Charging Case (Front LED Visible) (Red)",Cases,781,1,1,1,0,2,0,1,0,0,0,internal_oof
B087LPJ53Y,ACCESSORY,NOT_APPLICABLE,ACCESSORY,0.122441,0.877559,model_accessory_below_threshold_with_accessory_context,"Neoteck Ultra-Compact 4-Channel Stereo Headphone Amplifier Mixer with 5 Pieces 1/4"" (6.35mm) to 1/8"" (3.5mm) Stereo Adapter",Amplifiers,18,1,1,0,0,1,0,1,0,0,0,internal_oof
B00OVWK2U6,DEVICE,OVER_EAR,DEVICE,0.784454,0.784454,model_device_above_threshold_with_device_subject,Ultrasone Signature Pro S-Logic Plus Surround Sound Professional Closed-back Headphones with Hard-Sided Carrying Case,Over-Ear Headphones,40,1,1,0,0,1,0,0,1,0,0,internal_oof
B000NC7O04,AMBIGUOUS,NOT_APPLICABLE,AMBIGUOUS,0.542472,0.0,no_headphone_subject_in_title,3/8-16X3 ft. Stainless Steel Threaded Rod,Headphones & Earbuds,1,1,0,0,0,0,0,0,0,1,0,internal_oof
B00ZZCEM5M,ACCESSORY,NOT_APPLICABLE,AMBIGUOUS,0.192751,0.0,probability_or_semantics_not_decisive,Gadgetbrat Samsung Compatible - 1 Padded and 10 Heavy Duty Clear Replacement Ear Hook for Samsung Hm1350/hm1950/hm6000/hm1300/hm1900/samsung Wep150/wep170/wep180/wep185/wep200/wep210/wep250 Bluetooth Headsets - Black,Headphones & Earbuds,2,1,1,0,0,0,0,0,0,1,0,internal_oof
B00Q2G0GNM,DEVICE,EARBUD_INEAR,DEVICE,0.962672,0.962672,model_device_above_threshold_with_device_subject,Pink Color 3.5mm Audio Earphone Headphones Headset Earbuds Volume Control With Microphone Hands Free For Samsung Galaxy S 4G T959V,Headphones & Earbuds,2,1,4,0,0,0,0,0,0,1,0,internal_oof
B0764DQM28,ACCESSORY,NOT_APPLICABLE,ACCESSORY,0.016953,0.983047,model_accessory_below_threshold_with_accessory_context,"Amazon Basics 5-Way Multi Headphone Audio Splitter Connector, Black",Adapters,15922,1,1,0,0,0,0,1,0,0,0,internal_oof
B08CRM2QT3,ACCESSORY,NOT_APPLICABLE,ACCESSORY,0.00235,0.99765,model_accessory_below_threshold_with_accessory_context,"CTYBB for Airpod Case,Silicone Airpods Case Cover with Fur Ball Keychain Compatible with Apple Airpods 2/1 (Front LED Visible) Green",Cases,24990,1,1,1,0,0,0,1,0,0,0,internal_oof
B08Q816MYS,ACCESSORY,NOT_APPLICABLE,ACCESSORY,0.001285,0.998715,model_accessory_below_threshold_with_accessory_context,"Suublg Silicone Cute Airpods Pro Potato Chips Case with Keychain, Cartoon Snacks Chocolate 3D Design Airpod Pro Accessories Charging Protective Cover Compatible for Airpods (RufflesChips)",Cases,4,1,1,1,0,0,0,1,0,0,0,internal_oof
B08YDQCC9W,ACCESSORY,NOT_APPLICABLE,DEVICE,0.431188,0.431188,model_device_above_threshold_with_device_subject,"IKAAR Anti-Lost Ear Clip Bluetooth Earphone Holders Unisex Sake Earrings Compatible with AirPods Pro 1/2/3, FreeBuds3, iKF Find, Lollipods Gold",Earbud Headphones,4,1,2,0,0,1,0,0,1,0,0,internal_oof
B07F3X3H7M,ACCESSORY,NOT_APPLICABLE,ACCESSORY,0.767184,0.99,strong_accessory_relation,Linsoul KZ IPX5 Waterproof Sweatproof Bluetooth 4.1 EDR Wireless Cable for KZ ZST/ZS10/ZSR/ES4/ES3,Earbud Headphones,3,1,0,1,1,1,0,0,1,0,1,internal_oof
B00YSL7AFU,DEVICE,OVER_EAR,DEVICE,0.745421,0.745421,model_device_above_threshold_with_device_subject,"Soft Kid Adjustable Headphone for Girl and Boy with Cute Animal Toy, Ear Protection and Volume Limiting for Tablet, PC, Phone (Dog)",Headphones & Earbuds,5,1,1,0,0,0,0,0,0,1,0,internal_oof
B0891Z6HWT,DEVICE,ON_EAR,DEVICE,0.982561,0.982561,model_device_above_threshold_with_device_subject,"Artix CL750 Wired Headphones with Mic & Volume Control — Noise Isolating Computer Headphones Wired, On-Ear Headphones with Wire, Plug In Headphones for Laptop, Corded Headphone Over Ear Aux Jack 3.5mm",On-Ear Headphones,14042,1,1,0,0,0,0,0,1,0,0,internal_oof
B0B5CMMRCF,DEVICE,EARBUD_INEAR,DEVICE,0.660806,0.660806,model_device_above_threshold_with_device_subject,Multi-use airpod and Earbud Cleaning Pen kit. Microfiber Brush. Metal tip for Hard to Reach Areas. All airpod Models White and Silver,Earbud Headphones,1,1,2,1,0,0,0,0,1,0,0,internal_oof
B01N6U754T,DEVICE,EARBUD_INEAR,DEVICE,0.604837,0.604837,model_device_above_threshold_with_device_subject,Silicone Sport Tips (2 Pairs) for The Apple Earpods and Earbuds Compatible with iPhone 7/6 / 6S / 6 Plus/ 5S/ 5C/ 5 Earphones Headphones Earbuds by Pantheon,Earbud Headphones,71,1,4,0,0,0,0,0,1,0,0,internal_oof
B081T1KG1F,ACCESSORY,NOT_APPLICABLE,ACCESSORY,0.096704,0.903296,model_accessory_below_threshold_with_accessory_context,"[Apple MFi Certified] Lightning to 3.5mm Headphone for iPhone, 2 Pack 3.5mm AUX Stereo High Digital Compatible with iPhone 12/12 Pro/11/XS/XR/X/8 7/iPad, Support iOS 14 & Music Control & Call Function",Adapters,704,1,1,0,0,0,0,1,0,0,0,internal_oof
B07PY6VKQW,ACCESSORY,NOT_APPLICABLE,ACCESSORY,0.011176,0.988824,model_accessory_below_threshold_with_accessory_context,"AirPods Case Protective, Mangix Marble Design PC [Support Wireless Charging] Dustproof Cover and Case for Apple AirPods (Marble/Blue)",Cases,22,1,1,1,0,0,0,1,0,0,0,internal_oof
B00HWQ07R6,DEVICE,EARBUD_INEAR,DEVICE,0.827099,0.827099,model_device_above_threshold_with_device_subject,Baakyeek Pack of 10 3.5mm Headset for MP3 MP4 Player Cell Phone,Headphones & Earbuds,31,1,1,0,0,0,0,0,0,1,0,internal_oof
B0BLVJWGCC,ACCESSORY,NOT_APPLICABLE,ACCESSORY,0.000778,0.999222,model_accessory_below_threshold_with_accessory_context,Compatible with AirPods Case Cover Silicone Protective Skin for Airpods Case 2&1 (2 Pack) Black/Blue,Cases,67994,1,1,1,0,1,0,1,0,0,0,internal_oof
B00ETPDSWE,ACCESSORY,NOT_APPLICABLE,AMBIGUOUS,0.277663,0.0,probability_or_semantics_not_decisive,SUCK UK Jack Rabbit Headphone Splitter,"Headphones, Earbuds & Accessories",74,1,1,0,0,0,0,0,0,1,0,internal_oof
B07ZYM5M21,ACCESSORY,NOT_APPLICABLE,ACCESSORY,0.003423,0.996577,model_accessory_below_threshold_with_accessory_context,BlossomingLove Compatible with AirPods Case Keychain Full Protective Premium PVC Soft Rubber Silicone Cover Fashion Dope Self-Design Christmas Deer Skin for AirPods Charging Case (Christmas Deer),Cases,114,1,1,1,0,2,0,1,0,0,0,internal_oof
B00A7VLRMW,AMBIGUOUS,NOT_APPLICABLE,AMBIGUOUS,0.914939,0.0,taxonomy_device_but_title_has_no_device_subject,Purelife Naturals Ultimate Joint Flex,Earbud Headphones,6,1,0,0,0,0,0,0,1,0,1,internal_oof
B07KVMH6SW,DEVICE,EARBUD_INEAR,DEVICE,0.92203,0.92203,model_device_above_threshold_with_device_subject,"Back Bay Runner Wireless Bluetooth Earbuds [2020 Update] Sweatproof Headphones, Adjustable Ear-Hooks, 8-Hour Battery, 5 EQ Sound Modes, Microphone and Earphone Carrying Case",Earbud Headphones,354,1,3,0,0,1,0,0,1,0,0,internal_oof
B00NBR6GIO,DEVICE,OVER_EAR,DEVICE,0.901918,0.901918,model_device_above_threshold_with_device_subject,Sony MDR-XB450AP Extra Bass Headphone - Black (International Version U.S. Warranty May not Apply),Over-Ear Headphones,830,1,1,0,0,0,0,0,1,0,0,internal_oof
B09GDXGT8D,DEVICE,EARBUD_INEAR,DEVICE,0.999395,0.999395,model_device_above_threshold_with_device_subject,Vislla Bluetooth Headphones Sports Wireless Earbuds TWS BT5.0 Stereo Deep Bass Waterproof Earphones Noise Canceling Headset with Battery Display Charging Case & Built-in Mic,Earbud Headphones,607,1,4,0,0,1,0,0,1,0,0,internal_oof
B08427HB95,ACCESSORY,NOT_APPLICABLE,ACCESSORY,0.000637,0.999363,model_accessory_below_threshold_with_accessory_context,Compatible with Airpods Pro – Shockproof TPU Gel Portable Protection Soft Case Cover Skin with Carabiner Clip Keychain (Zebra Skin),Cases,2,1,1,1,0,1,0,1,0,0,0,internal_oof
B0C64XLVHK,DEVICE,EARBUD_INEAR,DEVICE,0.996128,0.996128,model_device_above_threshold_with_device_subject,"pdibukc Wireless Earbuds Bluetooth Headphones 36H Play Time 5.0 Bluetooth with Wireless Charging Case, IPX6 Waterproof Sweat-Proof Earphones True Wireless Earbuds, in-Ear Earbuds for Working Sports",Earbud Headphones,3,1,3,0,0,1,1,0,1,0,0,internal_oof
B09YV93CBW,ACCESSORY,NOT_APPLICABLE,ACCESSORY,0.004107,0.995893,strong_accessory_relation,"Replacement Ear Pads for Solo 2 & 3 Wireless On-Ear Headphones, PChero 2 Pairs Protein Leather Earpads Memory Foam Cushion Covers Compatible with Beats Solo2/Solo3 A1796/B0534 Headphone (Black)",Earpads,2,1,1,1,1,2,0,1,0,0,0,internal_oof
B087F3HNMM,ACCESSORY,NOT_APPLICABLE,ACCESSORY,0.727489,0.99,strong_accessory_relation,2Pack/3m Extension Cable for Philips Hue Lightstrip Plus (White),Earbud Headphones,20,1,0,1,1,1,0,0,1,0,1,internal_oof
B07X9YQDFD,ACCESSORY,NOT_APPLICABLE,ACCESSORY,0.041283,0.99,strong_accessory_relation,"APPHOME 2 Pack Foldable Headphone Stand, Under Desk Headset Hanger Hook Holder, Aluminum PC Gaming Headset Holder for Desk, Non-Slip Desk Hook Space Save Universal Headphone Mount Clamp (Black)","Headphones, Earbuds & Accessories",316,1,2,1,1,3,0,0,0,1,0,internal_oof
B003Z6QH44,DEVICE,EARBUD_INEAR,DEVICE,0.969359,0.969359,model_device_above_threshold_with_device_subject,Etymotic Research ER89-2 etyBLU2 Wireless Bluetooth Headset,Headphones & Earbuds,155,1,1,0,0,0,0,0,0,1,0,internal_oof
B00EY7IIB8,DEVICE,EARBUD_INEAR,AMBIGUOUS,0.285548,0.0,probability_or_semantics_not_decisive,Poposh 7x Crystal Butterfly 3.5mm Anti Dust Plug Bling Earphone Jack Glitter Diamond Rhinestone Headphone Port Stopper Caps For iPhone 3 3G 3GS 4 4GS 4S/iPad 1 2 3 /Ipad mini/ etc,Headphones & Earbuds,2,1,2,0,0,0,0,0,0,1,0,internal_oof
B0742BLFHT,DEVICE,EARBUD_INEAR,DEVICE,0.95036,0.95036,model_device_above_threshold_with_device_subject,KZ ATE Earphones Copper Driver HI-FI Sports Headphones Stereo In-Ear Earbuds with Foam Eartips for Smartphone Apple iPhone iPad iPod Samsung HTC LG MP3/4 Tablet etc (ATE with Microphone),Earbud Headphones,8,1,3,1,0,2,0,0,1,0,0,internal_oof
B00E0XGTBC,DEVICE,EARBUD_INEAR,DEVICE,0.999086,0.999086,model_device_above_threshold_with_device_subject,Wireless Earbuds Stereo Bluetooth Headphones with Charging Case Mini in-Ear Earphones Built-in Mic Noise Canceling Sweatproof Sports Wireless Headphone Bluetooth Earbud (Black-011),Earbud Headphones,13,1,3,0,0,1,1,0,1,0,0,internal_oof
B07TCZBZ73,DEVICE,EARBUD_INEAR,DEVICE,0.99516,0.99516,model_device_above_threshold_with_device_subject,PHILIPS SHE1405BK in-Ear Headphone Headset with Mic SHE1405 Black,Earbud Headphones,13568,1,2,0,0,0,0,0,1,0,0,internal_oof
B00EJR4NI0,DEVICE,EARBUD_INEAR,DEVICE,0.882237,0.882237,model_device_above_threshold_with_device_subject,T-Mobile Stereo String Headset 3.5mm W/ Mic Original TMobile - Wire String (Silver and Black),Headphones & Earbuds,11,1,1,0,0,0,0,0,0,1,0,internal_oof
B074F3YW3R,DEVICE,EARBUD_INEAR,DEVICE,0.96463,0.96463,model_device_above_threshold_with_device_subject,"Bose SoundSport Free, True Wireless Earbuds, (Sweatproof Bluetooth Headphones for Workouts and Sports), Midnight Blue / Citron",Earbud Headphones,39305,1,2,0,0,0,0,0,1,0,0,internal_oof
B01MTDO2VR,AMBIGUOUS,NOT_APPLICABLE,AMBIGUOUS,0.677363,0.0,no_headphone_subject_in_title,Granite Grey Tufted Upholstered Walnut Wood Storage Bench Includes Custom Mouse Pad,Headphones & Earbuds,3,1,0,0,0,0,0,0,0,1,0,internal_oof
B001UKL51W,DEVICE,EARBUD_INEAR,DEVICE,0.923511,0.923511,model_device_above_threshold_with_device_subject,Jawbone II Gold Bluetooth Jawbone II Headset,Headphones & Earbuds,1,1,1,0,0,0,0,0,0,1,0,internal_oof
B0832BWJMR,ACCESSORY,NOT_APPLICABLE,ACCESSORY,0.002322,0.997678,strong_accessory_relation,LICHIFIT Sponge Silicone Air Foam Replacement Ear Tips Buds for Apple Airpods Pro Headphones,Earpads,40,1,2,1,1,1,0,1,0,0,0,internal_oof
B08CR35ZLM,ACCESSORY,NOT_APPLICABLE,ACCESSORY,0.010559,0.99,strong_accessory_relation,Jecobb HD598 Earpads Replacement Ear Cushion Pads with Protein Leather and Memory Foam for Sennheiser HD598 Series HD598SE HD598CS HD515 HD555 HD595 HD518 Over Ear Headphones ONLY (Brown/Velvet),Earpads,26,1,1,1,1,3,0,1,0,0,0,internal_oof
B0181TU8RQ,DEVICE,EARBUD_INEAR,DEVICE,0.902995,0.902995,model_device_above_threshold_with_device_subject,"Bluetooth Headset car Dock(CSR8610), AGPTEK Wireless Bluetooth 4.1 Headphone/Earphone/Earpiece with in-car Charging Dock for iPhone Samsung and Other Smart Phones (Space Gray)",Headphones & Earbuds,6,1,4,0,0,0,0,0,0,1,0,internal_oof
B07VD3M6M3,DEVICE,EARBUD_INEAR,DEVICE,0.999425,0.999425,model_device_above_threshold_with_device_subject,"Bluetooth Earbuds Wireless Earbuds Bluetooth Earphones Wireless Headphones, Bluetooth 5.0 Deep Bass IPX7 Waterproof TWS Stereo in-Ear Headphones with Charging Case",Earbud Headphones,11088,1,3,0,0,1,1,0,1,0,0,internal_oof
B094GXW89T,ACCESSORY,NOT_APPLICABLE,ACCESSORY,0.006968,0.993032,model_accessory_below_threshold_with_accessory_context,"USB Type C to 3.5mm Female Headphone Jack Adapter,USB C to Aux Audio Dongle Cable Cord Compatible with Samsung Galaxy S23 S23+ S22 S21 S20 Ultra Note 20 10 S10 S9 Plus,Pixel 4 3 2 XL,iPad Pro,MacBook",Adapters,13530,1,1,0,0,3,0,1,0,0,0,internal_oof
B0BZJ8MWXJ,DEVICE,EARBUD_INEAR,DEVICE,0.994002,0.994002,model_device_above_threshold_with_device_subject,ZINGBIRD Wireless Earbuds 50H Playback Bluetooth Headphones with Wireless Charging Case Waterproof Ear Buds in-Ear Earphones with Microphone for Android Gaming Computer Laptop TV Sport Black,Earbud Headphones,1187,1,4,0,0,1,1,0,1,0,0,internal_oof
B0199784W0,ACCESSORY,NOT_APPLICABLE,AMBIGUOUS,0.027654,0.0,no_headphone_subject_in_title,"Scottii iPhone 6S Plus Case, Scottii [Luxurii Clear] Case, iPhone 6 Plus / 6S Plus (5.5 inch screen) [Scratch Resistant] (Crystal Clear / Space Grey)",Adapters,8,1,0,0,0,0,0,1,0,0,0,internal_oof
B0C9CKW4R6,DEVICE,EARBUD_INEAR,DEVICE,0.925174,0.925174,model_device_above_threshold_with_device_subject,"UliX Rider Wired Earbuds in-Ear Headphones, Earphones with Microphone, 5 Years Warranty, with Anti-Tangle Cable, Ear Buds for iPhone, iPad, Samsung, School Students, Kids, Women, Small Ears",Open-Ear Headphones,13847,1,4,0,0,1,0,0,1,0,0,internal_oof
B07WJBJF67,ACCESSORY,NOT_APPLICABLE,ACCESSORY,0.050835,0.99,strong_accessory_relation,Silicone Carrying Case Cover for Sony WF-1000XM3 Industry Leading Noise Canceling Truly Wireless Earbuds by Kaladior (Black),Cases,67,1,1,1,1,1,0,1,0,0,0,internal_oof
B0BP68M5DZ,DEVICE,EARBUD_INEAR,DEVICE,0.995289,0.995289,model_device_above_threshold_with_device_subject,"QOVQ Waterproof Bluetooth 5.3 True Wireless Earbuds, Touch Control,30H Cyclic Playtime TWS Headphones with Charging Case and mic, in-Ear Stereo",Earbud Headphones,2,1,2,0,0,1,1,0,1,0,0,internal_oof
B0B4K881J5,ACCESSORY,NOT_APPLICABLE,ACCESSORY,0.007781,0.992219,strong_accessory_relation,Studio 3.0 Replacement Earpads Studio 2.0 Ear Pad Cushion Cover Compatible with Beats by Dr.Dre Studio 2 Wired/Wireless & Studio 3 Over-Ear Headphones (Studio2-Black),Earpads,91,1,1,1,1,2,0,1,0,0,0,internal_oof
B01AUO38B8,ACCESSORY,NOT_APPLICABLE,ACCESSORY,0.144492,0.99,strong_accessory_relation,New High Quality Handmade Custom OCC Silver Plated Upgrade Audo Earphone Cable for IE80 IE8i IE8 - Blue,"Headphones, Earbuds & Accessories",2,1,1,1,1,1,0,0,0,1,0,internal_oof
B07XZ4JKH1,ACCESSORY,NOT_APPLICABLE,ACCESSORY,0.002471,0.997529,model_accessory_below_threshold_with_accessory_context,"AirPods Case, AirPods Case Cover with Keychain, Pofesun 6Pack Soft Silicone Wireless Charging Case Cover Cute Protective Skin Compatible for AirPods 2,Front LED Visible-White,Blue,Mint,Pink,Purple,Red",Cases,139,1,1,1,0,2,0,1,0,0,0,internal_oof
B015IUTEB2,DEVICE,EARBUD_INEAR,DEVICE,0.944969,0.944969,model_device_above_threshold_with_device_subject,Foxnovo In-Ear Earphone with Cute Colorful Storage Box (Green),Earbud Headphones,4,1,1,0,0,0,0,0,1,0,0,internal_oof
B08T983NCY,DEVICE,EARBUD_INEAR,DEVICE,0.940672,0.940672,model_device_above_threshold_with_device_subject,"ApexOne Wired Metal in-Ear Earbuds Headphones with MIC &Volume Control and Pocket Case, Crystal Clear Sound Bass Stereo Noise Isolating Earphones (Earbuds, Black Case and 2 Small Tips Included)",Cases,521,1,3,0,0,0,0,1,0,0,0,internal_oof
B07ZMGBBGM,ACCESSORY,NOT_APPLICABLE,ACCESSORY,0.001987,0.998013,model_accessory_below_threshold_with_accessory_context,"Digimon AirPods Case Protective Cover Soft Silicone Shockproof for Apple AirPods 2 & 1, Digimon Airpod Charging Case Keychain Bag Pendant Decor Cute 3D Cartoon Toy (Digimon)",Cases,55,1,1,0,0,1,0,1,0,0,0,internal_oof
B08DXTPH5M,ACCESSORY,NOT_APPLICABLE,ACCESSORY,0.007883,0.992117,strong_accessory_relation,"Geekria PRO Extra Thick Cooling Gel Replacement Ear Pads for Sony MDR-1ABT, MDR-1RBT, MDR-1RNC Headphones Ear Cushions, Headset Earpads, Ear Cups Cover Repair Parts (Black)",Earpads,6,1,2,1,1,3,0,1,0,0,0,internal_oof
B07HCBGQY4,DEVICE,EARBUD_INEAR,DEVICE,0.99383,0.99383,model_device_above_threshold_with_device_subject,"Headphones, Earphones Earbuds Headphones with Microphone Stereo Sound Mic Remote Volume Control Compatible with 3.5 mm Headphone",Earbud Headphones,1,1,3,0,0,0,0,0,1,0,0,internal_oof
B09NCYXB8Q,ACCESSORY,NOT_APPLICABLE,ACCESSORY,0.02398,0.99,strong_accessory_relation,"AGVEE USB-C to 3.5mm Headphone Adapter, Type-C Aux Jack Earbuds Splitter, USBC Audio TRRS Mic Earphones Dongle, PD 30W Charging Converter for Samsung S21 S20, Note 20 10, Pixel 2 3 4 XL, Red",Adapters,96,1,3,1,1,1,0,1,0,0,0,internal_oof
B07R2MN9MC,ACCESSORY,NOT_APPLICABLE,ACCESSORY,0.005936,0.994064,model_accessory_below_threshold_with_accessory_context,"Airpods Case, Music tracker Protective Thicken Airpods Cover Soft Silicone Chargeable Headphone Case with Anti-Lost Carabiner for Apple Airpods 1&2 Charging Case (Matcha Green)",Cases,20862,1,2,1,0,1,0,1,0,0,0,internal_oof
B01NBHVMPC,ACCESSORY,NOT_APPLICABLE,AMBIGUOUS,0.064421,0.0,taxonomy_device_but_title_has_no_device_subject,"iPhone 7/6/6s Flip Case Stand PU Leather Wallet Case Cover Slim Fit JACKIT Line by LENOX Drop Proof Card Slot Pocket Dust Proof Anti scratch Micro Fiber Access Ports, Leather Wallet iPhone 7 [Brown]",Earbud Headphones,9,1,0,0,0,1,0,0,1,0,1,internal_oof
B019RAKZ7Q,ACCESSORY,NOT_APPLICABLE,ACCESSORY,0.020982,0.99,strong_accessory_relation,"Galaxy S6 Edge Plus Case, GreenElec Shockproof Rubber Wallet Credit Card ID Card Slot Holder Heavy duty Armor Hybrid Resistant Protective Shell Cover For Galaxy S6 Edge Plus (Blue)",Earbud Headphones,3,1,0,1,1,1,0,0,1,0,1,internal_oof
B09X4HPNXZ,ACCESSORY,NOT_APPLICABLE,ACCESSORY,0.005299,0.994701,strong_accessory_relation,Case Cover for Beats Fit Pro Wireless Earbuds Leather Full Body Protective Case Anti-Lost Shockproof Waterproof Compatible with Beats Fit Pro (Black),Cases,32,1,1,1,1,1,0,1,0,0,0,internal_oof
B06XKG4Z4R,ACCESSORY,NOT_APPLICABLE,ACCESSORY,0.056163,0.943837,model_accessory_below_threshold_with_accessory_context,REYTID Wireless Bluetooth Adapter Cablee Compatible with Sol Republic Master Tracks HD V8 V10 V12 MFI X3 Ultra XC Headphones,"Headphones, Earbuds & Accessories",31,1,1,0,0,1,0,0,0,1,0,internal_oof
B00I3LTQ9O,DEVICE,EARBUD_INEAR,DEVICE,0.982889,0.982889,model_device_above_threshold_with_device_subject,"Betron B750 Earphones Wired in-Ear Headphones with Noise Isolating Earbuds, Tangle-Free Flat Cable, Bass Driven Sound for Laptop Computer Tablet Smartphone with 3.5mm Headphone Jack",Earbud Headphones,15996,1,3,0,0,1,0,0,1,0,0,internal_oof
B07CGM3CYP,DEVICE,EARBUD_INEAR,DEVICE,0.951352,0.951352,model_device_above_threshold_with_device_subject,"Bluetooth Headphones,Wireless Earbuds Cordless Sport Headsets Stereo In-Ear Earpieces for iPhone X/8/7/7 Plus/6/6s Plus Android, Samsung, Galaxy with Charging Case((t2)",Headphones & Earbuds,1,1,4,0,0,1,1,0,0,1,0,internal_oof
B0BLNJ3FZL,DEVICE,EARBUD_INEAR,DEVICE,0.998758,0.998758,model_device_above_threshold_with_device_subject,X-PODS True Wireless Earbuds Bluetooth Headphones Upgraded Touch Control with Wireless Charging Case IPX8 Waterproof Stereo Earphones in-Ear Built-in Mic Headset Premium Deep Bass for Sport Black,Earbud Headphones,9,1,4,0,0,1,1,0,1,0,0,internal_oof
B07RJ28KYH,DEVICE,EARBUD_INEAR,DEVICE,0.962275,0.962275,model_device_above_threshold_with_device_subject,JLab JBuds Air Icon True Wireless Signature Bluetooth Earbuds + Charging Case | Black & Gold | IP55 Sweat Resistance | Bluetooth 5.0 Connection | Stereo Phone Calls | 3 EQ Sound Settings,Earbud Headphones,15917,1,1,0,0,1,1,0,1,0,0,internal_oof
B00E4JWRVI,DEVICE,EARBUD_INEAR,DEVICE,0.993486,0.993486,model_device_above_threshold_with_device_subject,"Avantree Sacool Wireless Sports Bluetooth Stereo Earbuds Bluetooth Headset with Microphone for iPhone, Samsung, HTC, PC, Tablets-White/Green.",Earbud Headphones,228,1,2,0,0,0,0,0,1,0,0,internal_oof
B003FW0DH0,DEVICE,ON_EAR,DEVICE,0.720254,0.720254,model_device_above_threshold_with_device_subject,Gigaware 43-122 USB Stereo Headphones w/Boom Microphone & Inline Volume Control (Silver/Black),"Headphones, Earbuds & Accessories",9,1,1,0,0,0,0,0,0,1,0,internal_oof
B00F8PFLEM,DEVICE,EARBUD_INEAR,DEVICE,0.929165,0.929165,model_device_above_threshold_with_device_subject,"GOgroove AudiOHM WD In-Ear Headphones with Noise Isolating, In-Line Call / Music Controls and Hemp Carrying Case for Phones/Tablets/ MP3 Players - Light Walnut Wood",Earbud Headphones,71,1,1,1,0,1,0,0,1,0,0,internal_oof
B086LGD3ZZ,ACCESSORY,NOT_APPLICABLE,ACCESSORY,0.008041,0.991959,strong_accessory_relation,"Replacement Cushion Flannelette Headband Protein Pillow Foam Cover Compatible with Astro A40 (Gen1/Gen2) ,A50 (Gen1) Wireless Bluetooth Headphones (Headpad)",Earpads,9,1,1,1,1,0,0,1,0,0,0,internal_oof
B00BEJOFV6,ACCESSORY,NOT_APPLICABLE,AMBIGUOUS,0.229691,0.0,no_headphone_subject_in_title,Aduro RETRO PHONE Wired 3.5mm Handset for Mobile Devices and Tablets (Retail Packaing) (Black),Headphones & Earbuds,79,1,0,0,0,0,0,0,0,1,0,internal_oof
B087CKHQ8C,ACCESSORY,NOT_APPLICABLE,ACCESSORY,0.014288,0.985712,model_accessory_below_threshold_with_accessory_context,ICI-Rencontrer Creative 3D Quickstand moving Bling Glitter Pearl Milk Tea Cup Airpods Case Cute Milk Beverage Drinks Soft Silicone Protective Wireless Earphone Case For Airpods Pro Decoration,Cases,10,1,2,1,0,0,0,1,0,0,0,internal_oof
B00OWUMPMK,DEVICE,EARBUD_INEAR,DEVICE,0.932634,0.932634,model_device_above_threshold_with_device_subject,"JuSp HBS 740, Best Seller ,HBS-740 Bluetooth V4.0 Wireless Bluetooth Stereo Headset Neckband style Earphone and Handfree Headphones for Cellphones, such as iPhone,Samsung, LG, Moto, Nokia, HTC, PC, iPad, PSP & any Bluetooth enabled device(black-red)",Headphones & Earbuds,11,1,3,0,0,0,0,0,0,1,0,internal_oof
B08VD2NX25,DEVICE,OVER_EAR,DEVICE,0.97108,0.97108,model_device_above_threshold_with_device_subject,"Soundcore by Anker Life Q30 Hybrid Active Noise Cancelling Headphones with Multiple Modes, Hi-Res Sound, Custom EQ via App, 40H Playtime, Comfortable Fit, Bluetooth Headphones, Multipoint Connection",Over-Ear Headphones,50896,1,1,0,0,0,0,0,1,0,0,internal_oof
B01N5FM1AZ,DEVICE,ON_EAR,AMBIGUOUS,0.783465,0.0,no_headphone_subject_in_title,Halo Sport - Unlock Your Potential,Headphones & Earbuds,72,1,0,0,0,0,0,0,0,1,0,internal_oof
B00292714K,AMBIGUOUS,NOT_APPLICABLE,AMBIGUOUS,0.813525,0.0,no_headphone_subject_in_title,Panasonic FV-08VKM2 WhisperGreen 80 CFM Premium Ceiling Mounted Continuous and Spot Ventilation Fan with SmartAction Motion Sensor,Headphones & Earbuds,6,1,0,0,0,0,0,0,0,1,0,internal_oof
B09D41HQVZ,DEVICE,EARBUD_INEAR,DEVICE,0.989557,0.989557,model_device_above_threshold_with_device_subject,KLIM Fusion Earbuds with Microphone - New 2023 - Long-Lasting Wired Ear Buds - Innovative: in-Ear with Memory Foam - Earphones with Mic and 3.5mm Jack - Green,Earbud Headphones,43473,1,3,0,0,0,0,0,1,0,0,internal_oof
B07CKCNVGC,ACCESSORY,NOT_APPLICABLE,ACCESSORY,0.063253,0.936747,model_accessory_below_threshold_with_accessory_context,Headphones Cable Cord Wire Line Clip Clamp Holder Organizer for Bose SoundSport Wireless Headphones (Black),Cases,426,1,1,0,0,3,0,1,0,0,0,internal_oof
B0B76C88B8,DEVICE,EARBUD_INEAR,DEVICE,0.970187,0.970187,model_device_above_threshold_with_device_subject,"OCELY Wireless Sports Earbuds, [Lilt Series] Bluetooth 5.2 Ear Bud Headphone, Noise Isolation, Transparency, Gaming Mode, IPX7 Waterproof, ENC, Clear Calls, 24H with Charging Case, White",Earbud Headphones,1009,1,3,0,0,1,1,0,1,0,0,internal_oof
B00WTDTW1E,ACCESSORY,NOT_APPLICABLE,ACCESSORY,0.366209,0.99,strong_accessory_relation,6 PACK - Triple Flange Replacement Ear tips sleeves fit SHURE SE110 SE112 SE115 SE210 SE215 SE310 SE315 SE420 SE425 SE530 SE535 SE846 E3c E3g E4c E4g E5c and Westone Noise Isolating In-Ear Headphones,"Headphones, Earbuds & Accessories",67,1,1,1,1,1,0,0,0,1,0,internal_oof
B0BLSCJPNV,ACCESSORY,NOT_APPLICABLE,ACCESSORY,0.018355,0.99,strong_accessory_relation,"defean Cassette Earpads Replacement Ear Cushion Ear Pads Compatible with Skullcandy Cassette Over-Ear Headphone,Ear Pads with Softer Leather, Noise Isolation Foam (Gray)",Earpads,5,1,1,1,1,3,0,1,0,0,0,internal_oof
B09V3W5XFY,DEVICE,EARBUD_INEAR,DEVICE,0.954062,0.954062,model_device_above_threshold_with_device_subject,"Jabra Elite Active 75t True Wireless Bluetooth, Navy – Earbuds for Running and Sport, Charging Case Included, 24 Hour Battery, Active Noise Cancelling Earbuds",Earbud Headphones,12459,1,1,0,0,1,0,0,1,0,0,internal_oof
B07D4DGHPX,ACCESSORY,NOT_APPLICABLE,ACCESSORY,0.078008,0.921992,model_accessory_below_threshold_with_accessory_context,YINYOO Earphone Replacement Cable Upgraded 8 Core Silver Plated HiFi Bass Headphones Earbuds Cable 2.5mm Balanced IEM Cable with 0.78mm 2Pins for kz ES4 ZS6 ZS5 ZST ZSR ZS10 ZS3 TFZ ES3(Silver-2P2.5),"Headphones, Earbuds & Accessories",1,1,4,1,0,1,0,0,0,1,0,internal_oof
B01KC6MV5S,ACCESSORY,NOT_APPLICABLE,ACCESSORY,0.018123,0.981877,model_accessory_below_threshold_with_accessory_context,Hermitshell Travel Case Fits Shopkins/Barbie/Hello Kitty/Monster High/Supergirl Large Kids Safe Over The Ear Headphone (Hot Pink),Cases,36,1,1,0,0,0,0,1,0,0,0,internal_oof
B00L67HHNO,ACCESSORY,NOT_APPLICABLE,ACCESSORY,0.265782,0.734218,model_accessory_below_threshold_with_accessory_context,Set 4pcs Small 4pcs Large Clear Eargels Compatible with Motorola S9 S9HD S9-HD S10 S10-HD S10HD Wireless Headsets Earbud Eartip Eargels Eartips,Earbud Headphones,6,1,2,0,0,2,0,0,1,0,0,internal_oof
B01LY5R791,ACCESSORY,NOT_APPLICABLE,ACCESSORY,0.025176,0.974824,model_accessory_below_threshold_with_accessory_context,Navitech Steel On Ear & Over Ear Wireless/Bluetooth Headphones Stand Holder Compatible with The Sentey B-Trek H10,Cases,2,1,1,1,0,2,0,1,0,0,0,internal_oof
B07TKJ1SQD,ACCESSORY,NOT_APPLICABLE,ACCESSORY,0.056918,0.943082,model_accessory_below_threshold_with_accessory_context,Justfitgear Pack of 3 Pairs (S/M/L) Silicone Earbuds Tips Cover Hook Fit JBL Wireless Bluetooth Headphone Headset (Grey),Earpads,7,1,3,0,0,0,0,1,0,0,0,internal_oof
B07DDK6SF9,ACCESSORY,NOT_APPLICABLE,ACCESSORY,0.381334,0.99,strong_accessory_relation,Hicdaw 48 Pcs Keychain for Unicorn Party Favors - Assorted Key Chain Keyring Holder for Unicorn Party Favor - Gifts for Kids and Adults,Earbud Headphones,50,1,0,1,1,1,0,0,1,0,1,internal_oof
B07Y1V3JSQ,ACCESSORY,NOT_APPLICABLE,ACCESSORY,0.004052,0.995948,strong_accessory_relation,ZAHIUS Silicone Case Compatible for Apple Airpods 1&2 Funny Cover[3D Cartoon Pattern][Designed for Kids Girl and Boys](Baymax),Cases,68,1,1,1,1,0,0,1,0,0,0,internal_oof
B087QFJLW4,ACCESSORY,NOT_APPLICABLE,ACCESSORY,0.009369,0.990631,strong_accessory_relation,"KOREDA Rugged Armor Band with Bumper Case Compatible with Apple Watch 45mm Series 7 44mm Series 6/SE/5/4, Military Shockproof Protective Case with iWatch Strap Bands for Men Women",Cases,30,1,0,1,1,1,0,1,0,0,0,internal_oof
B07C3LYSY1,DEVICE,EARBUD_INEAR,DEVICE,0.992443,0.992443,model_device_above_threshold_with_device_subject,"in Ear Earphones with Microphone, Woostar in Ear Headphones, Earbuds with Microphone, Stereo Audio Sound with Strong Bass for iPhone, iPad, iPod, Samsung Galaxy, Huawei, MP3 Player/PS4",Earbud Headphones,2,1,3,0,0,0,0,0,1,0,0,internal_oof
B08D37BCNJ,DEVICE,EARBUD_INEAR,DEVICE,0.985843,0.985843,model_device_above_threshold_with_device_subject,"fosa1 True Wireless Earbud, Portable Mini Binaural Call Stereo in Ear Headphones Built in Mic Noise Reduction with Charging Case Fit for Running Gym Outdoor",Earbud Headphones,4,1,2,0,0,1,1,0,1,0,0,internal_oof
B0002GZLY2,DEVICE,ON_EAR,DEVICE,0.793355,0.793355,model_device_above_threshold_with_device_subject,Direct Sound EX-29 Dynamic Closed Headphones Black w/10' Headphone Extension Cable,On-Ear Headphones,243,1,1,0,0,1,0,0,1,0,0,internal_oof
B011LRBIL0,ACCESSORY,NOT_APPLICABLE,AMBIGUOUS,0.04283,0.0,no_headphone_subject_in_title,3.5mm Male Stereo to 4-pin XLR Female Balanced Audio Adapter Hi-end Pcocc Silver Plated Cable,"Headphones, Earbuds & Accessories",4,1,0,0,0,2,0,0,0,1,0,internal_oof
B0BGHYMMLP,DEVICE,EARBUD_INEAR,DEVICE,0.990286,0.990286,model_device_above_threshold_with_device_subject,"NA# Wireless Earbuds Bluetooth in Ear Light-Weight Headphones Built-in Microphone Immersive Premium Sound with Charging Case,High-Fidelity Stereo Earphones",Earbud Headphones,4,1,3,0,0,1,1,0,1,0,0,internal_oof
