product_id,gold_form_factor,pred_form_oof,raw_pred_form_oof,max_probability_oof,title,leaf_categories,validation_scope
B0B76KXDS2,EARBUD_INEAR,EARBUD_INEAR,EARBUD_INEAR,0.996261,"Bone Conduction Headphones,Bluetooth 5.1 Open-Ear Wireless Headphones,Ear Hook Earphone Sports Stereo Earphones,Open Ear Wireless Headset,Waterproof/Sweatproof",Earbud Headphones,internal_oof
B08D68XHDV,EARBUD_INEAR,EARBUD_INEAR,EARBUD_INEAR,0.996993,LINPA World Wireless Earbuds Sports Bluetooth 5.0 Headphones True Wireless Stereo Deep Bass Built in Mic IPX7 Waterproof Earphones in Ear with Charging Case 54 Hours Playtime for Workout Running,Earbud Headphones,internal_oof
B07YDM371X,EARBUD_INEAR,EARBUD_INEAR,EARBUD_INEAR,0.987729,"Wireless Earbuds, NYZ [2022 Upgraded] True Wireless Bluetooth Headphones in-Ear Earphones HiFi Stereo Cordless Earbuds with Microphone for iPhone,Android,Windows (Space C1)",Earbud Headphones,internal_oof
B002ZXCHNS,ON_EAR,ON_EAR,ON_EAR,0.47405,"NIXON Whip Headphones Black, One Size",Headphones & Earbuds,internal_oof
B09JSLH3H1,EARBUD_INEAR,EARBUD_INEAR,EARBUD_INEAR,0.959097,"JLab Go Air Pop True Wireless Bluetooth Earbuds + Charging Case | Rose Red | Dual Connect | IPX4 Sweat Resistance | Bluetooth 5.1 Connection | 3 EQ Sound Settings Signature, Balanced, Bass Boost",Earbud Headphones,internal_oof
B00O7UJY10,EARBUD_INEAR,EARBUD_INEAR,EARBUD_INEAR,0.954319,Bluetooth Wireless Audio Headphones with Built in Mic for Phone Calls and Web Chats.,Earbud Headphones,internal_oof
B088M68HFK,EARBUD_INEAR,EARBUD_INEAR,EARBUD_INEAR,0.994946,"Wireless Earbuds, HSPRO Bluetooth Earbuds Touch Control in-Ear True Wireless Bluetooth Headphones, 20 Hrs Playtime with Charging Case, Hi-Fi Stereo Earbuds with Built-in Mic for Sports Work, White",Earbud Headphones,internal_oof
B0105VDCZ8,OVER_EAR,OVER_EAR,OVER_EAR,0.9465,Bose QuietComfort 25 Acoustic Noise Cancelling Headphones for Apple devices - White (Wired 3.5mm),Over-Ear Headphones,internal_oof
B0B6F19V87,OVER_EAR,OVER_EAR,OVER_EAR,0.506782,SplashNColor Cat Ear Headphone Super Cute Add Ons Attachment | Cat Ears Headphone Accessories for Gaming or Wireless Bluetooth Headset | Adjustable Straps - Universal Fit,Headphones & Earbuds,internal_oof
B071HW5X3C,EARBUD_INEAR,EARBUD_INEAR,EARBUD_INEAR,0.980751,QearFun Stereo 3.5mm in Ear Cat Earphones Earbuds with Microphone with Earphone Storage Case for Smartphone MP3 iPod PC Music (Blue),Earbud Headphones,internal_oof
B000NHZOZG,EARBUD_INEAR,EARBUD_INEAR,EARBUD_INEAR,0.927653,Nokia BH-301-LT Bluetooth Headset,Headphones & Earbuds,internal_oof
B09576KDFW,EARBUD_INEAR,EARBUD_INEAR,EARBUD_INEAR,0.983903,"SGNics Wireless Earbuds for LG Stylo 6, Touch Control with Charging Case IPX5 Sweat-Proof TWS Stereo Earphones Hi-Fi Deep Bass Noise Cancellation Outdoor Indoor Sport-White",Earbud Headphones,internal_oof
B0BNZZ3PYK,EARBUD_INEAR,EARBUD_INEAR,EARBUD_INEAR,0.988635,"Wireless Osteoconductive Bluetooth Headphones - Ear Hook Earbuds with Waterproof Sweat Proof/Co-nduction Open Timbre/Noise Reduction/Split Key & Non Ear Design, Suitable for Sports Business",Earbud Headphones,internal_oof
B07S3ZY1HG,EARBUD_INEAR,EARBUD_INEAR,EARBUD_INEAR,0.992859,"Purity True Wireless Earbuds with Immersive Sound, Bluetooth 5.0 Earphones in-Ear with Charging Case Easy-Pairing Stereo Calls/Built-in Microphones/IPX5 Sweatproof/Pumping Bass for Sports,Workout,Gym",Earbud Headphones,internal_oof
B0BFJYCF5Q,EARBUD_INEAR,EARBUD_INEAR,EARBUD_INEAR,0.980294,Hoseili?2022new editionBluetooth Headphones?.Bluetooth 5.0 Earphones in-Ear Stereo Sound Microphone Mini Wireless Earbuds with Portable Charging Case for iOS Android PC. XGB17,Earbud Headphones,internal_oof
B093T1SFC5,EARBUD_INEAR,EARBUD_INEAR,EARBUD_INEAR,0.97374,"PHILIPS T3215 Wireless in-Ear Earbuds, TWS Bluetooth 5.1 Stereo Headphones, IPX4, Up to 24 (6+18) hrs of Playtime with USB-C Charging case - White (TAT3215WT)",Earbud Headphones,internal_oof
B006Y3RMOE,EARBUD_INEAR,EARBUD_INEAR,EARBUD_INEAR,0.889228,Enhanced Bass Hi-Fi Noise Isolating Earphones,Headphones & Earbuds,internal_oof
B00IZT3GRW,EARBUD_INEAR,EARBUD_INEAR,EARBUD_INEAR,0.94684,RockIt Sounds R-50M in-Ear Monitor Balanced Armature Earphones Earbuds with Microphone,Headphones & Earbuds,internal_oof
B09YH38TX2,EARBUD_INEAR,EARBUD_INEAR,EARBUD_INEAR,0.994782,Eumspo Wireless Earbuds Bluetoth V5.1 Headphones 35H Playtime Stereo Sound in-Ear Bluetoth Earbuds IPX7 Waterproof Touch Control Wireless Headphones with Charging Case for Sports Workout Running,Earbud Headphones,internal_oof
B088GQM6XV,EARBUD_INEAR,EARBUD_INEAR,EARBUD_INEAR,0.99437,"AMORNO Wireless Earbuds Bluetooth 5.0, in-Ear Deep Bass Headphones,Volume Control,IPX7 SweatProof,CVC6.0 Noise Cancelling Earphones Dual Mic with Metallic Charging Case for Workout Sports",Earbud Headphones,internal_oof
B07FNL4STM,OVER_EAR,OVER_EAR,OVER_EAR,0.940028,"Audio-Technica ATH-M40x Professional Studio Monitor Headphone, Black, with Cutting Edge Engineering, 90 Degree Swiveling Earcups, Pro-grade Earpads/Headband, Detachable Cables Included",Over-Ear Headphones,internal_oof
B09Q57DW44,EARBUD_INEAR,EARBUD_INEAR,EARBUD_INEAR,0.994035,"Wireless Earbud, Bluetoth 5.2 Headphones 2022 Bluetoth Earbud with HD Mic, Wireless Earphones in Ear Ear Buds with USB-C Charging Case, IP7 Waterproof Deep Bass, Dual LED, 40H Mini Headset for Sport",Earbud Headphones,internal_oof
B01CHS5O94,EARBUD_INEAR,EARBUD_INEAR,EARBUD_INEAR,0.641215,Honor Engine Earphone for Honor 5X and Smart Phones- Pink,Headphones & Earbuds,internal_oof
B001FF944W,OVER_EAR,EARBUD_INEAR,EARBUD_INEAR,0.701177,Motorola 89237N Motorola H620 - Headset ( over-the-ear ) - wireless - Bluetooth 2.0 - black - 1 Pack - Case - Carrier Packaging - Neutral,Headphones & Earbuds,internal_oof
B00UKEMG44,EARBUD_INEAR,EARBUD_INEAR,EARBUD_INEAR,0.86922,"Hello Kitty 32109-BL-TRU Bling Headphone with Mic, Cheetah Print",Earbud Headphones,internal_oof
B08XJZ1F9C,EARBUD_INEAR,EARBUD_INEAR,EARBUD_INEAR,0.994113,AMZANE Wireless Earbuds Bluetooth Headphones with Wireless Charging Case and LED Digital Display Bluetooth 5.1 HD Bass Sound Earphones Touch Control Built-in Mic Headsets 35Hrs Playtime for Sport Work,Earbud Headphones,internal_oof
B002UI2DSW,EARBUD_INEAR,EARBUD_INEAR,EARBUD_INEAR,0.981073,BlackBerry Noise Isolating Handsfree Stereo Headset Earphones for Alltel BlackBerry Tour 9630,Headphones & Earbuds,internal_oof
B0C23S2B6P,EARBUD_INEAR,EARBUD_INEAR,EARBUD_INEAR,0.990984,Bluetooth Headphones Wireless Earbuds 4 Mics Clear Call with Wireless Charging Case LED Power Display Lightweight Stereo Earphones in Ear Buds 32H Playtime for iPhone Android iOS Cell Phones TV Sport,Earbud Headphones,internal_oof
B004QIWY60,EARBUD_INEAR,EARBUD_INEAR,EARBUD_INEAR,0.764767,Aliph Jawbone ICON the ACE Series Bluetooth Headset [Bulk Packaged],Headphones & Earbuds,internal_oof
B001CR82LO,EARBUD_INEAR,EARBUD_INEAR,EARBUD_INEAR,0.99501,Jabra BT4010 Bluetooth Headset,Earbud Headphones,internal_oof
B077HZQKLJ,OVER_EAR,OVER_EAR,OVER_EAR,0.840999,SteeNF Wired Stereo Deep Bass Wired Headphones Fashion for Kids or Adults (Black),Over-Ear Headphones,internal_oof
B07TZHNN92,EARBUD_INEAR,EARBUD_INEAR,EARBUD_INEAR,0.978724,"Xiaomi TWSEJ04LS Redmi Airdots Earphones, Bluetooth, Sweatproof, True Wireless Earbuds, Global Version - Black, Small",Earbud Headphones,internal_oof
B08QTLXPQN,EARBUD_INEAR,EARBUD_INEAR,EARBUD_INEAR,0.998973,Meizu POP 2S True Wireless Earbuds Bluetooth 5.0 in-Ear Sports Earphone Headphones Touch Control with Wireless Charging Case,Earbud Headphones,internal_oof
B09Z9HKKVG,EARBUD_INEAR,EARBUD_INEAR,EARBUD_INEAR,0.998595,"Wireless Earbuds, Mini Bluetooth 5.0 Earphones with Charging Case,IPX5 Waterproof, in-Ear Built-in Mic Headset Deep Bass Stereo for Sport Running 30",Earbud Headphones,internal_oof
B07Y8QNV3Z,EARBUD_INEAR,EARBUD_INEAR,EARBUD_INEAR,0.987326,"Wireless Headset Sports Compatible with Motorola Moto Z4, Earphones Hands-Free Mic Neckband Headphones Earbuds Hi-Fi Sound for Moto Z4 Phone Model",Earbud Headphones,internal_oof
B094QWP6LD,EARBUD_INEAR,EARBUD_INEAR,EARBUD_INEAR,0.998464,"OKYUK IP68 Waterproof Earbuds for Swimming Shower Bath Driving Sauna, Bluetooth 5.0 Wireless Earbuds with Wireless Charging Case, Premium Deep Bass Earphones in Ear Headset Built-in Mic for Sport/Gym",Earbud Headphones,internal_oof
B008B9901W,EARBUD_INEAR,EARBUD_INEAR,EARBUD_INEAR,0.602557,Hype Comfort Plus Earbud Stereo Headphones w/3.5mm Jack (Green),Headphones & Earbuds,internal_oof
B08YY63JS1,EARBUD_INEAR,EARBUD_INEAR,EARBUD_INEAR,0.977231,"COWON Gala - Hybrid Active Noise Cancelling Bluetooth 5.2, True Wireless Earbuds with Wireless Charging Case, IPX4, One-Touch Change Mode, Built in 3 Microphones, Auto Pairing (Red Black)",Earbud Headphones,internal_oof
B09Q3D2WS2,EARBUD_INEAR,EARBUD_INEAR,EARBUD_INEAR,0.998112,"QCY T17 Ear Buds Wireless Bluetooth Earbuds with Charging Case Waterproof Stereo Headphones in Ear Built in Mic Headset Touch Control Premium Sound for iPhone Android, Black",Earbud Headphones,internal_oof
B07N653J42,EARBUD_INEAR,EARBUD_INEAR,EARBUD_INEAR,0.988408,RevoNext Ear Monitors Musicians Colourful Noise Cancelling Earbuds RX8S IEM Earphones Dynamic Triple Driver with a Silicone Storage Case Sport Earphones Running Earbuds,Earbud Headphones,internal_oof
B0BSGWJ6MX,EARBUD_INEAR,EARBUD_INEAR,EARBUD_INEAR,0.990655,"Wireless Ear Clip Bone Conduction Headphones, 2023 Upgrade Open Ear Headphones Wireless Bluetooth, Bone Conduction Headphones Bluetooth Earphones for Running, Sports, Cycling (Khaki power display)",Earbud Headphones,internal_oof
B0BTVNDPQ2,EARBUD_INEAR,EARBUD_INEAR,EARBUD_INEAR,0.994361,"Purada Waterproof Bluetooth 5.3 True Wireless Earbuds, Touch Control,30H Cyclic Playtime TWS Headphones with Charging Case and mic, in-Ear Stereo",Earbud Headphones,internal_oof
B07N4LZVMB,EARBUD_INEAR,EARBUD_INEAR,EARBUD_INEAR,0.985491,AMORNO Wireless Earbuds Replacement Charging case (Gold),Earbud Headphones,internal_oof
B004M8SAJ4,EARBUD_INEAR,EARBUD_INEAR,EARBUD_INEAR,0.946235,"JVC HAFX1X Headphone Xtreme-Xplosivs, Black, Red",Earbud Headphones,internal_oof
B095J3HLGN,ON_EAR,ON_EAR,ON_EAR,0.997349,JBL Tune 510BT: Wireless On-Ear Headphones with Purebass Sound - Black,On-Ear Headphones,internal_oof
B01GDVT3BG,EARBUD_INEAR,EARBUD_INEAR,EARBUD_INEAR,0.852965,Stereo Music Headphones Ear Clip For LG G3 D858 H778 AKA G Flex 2 with Mic & Remote Control Microphone Wired Earpods Ear Hooks,Headphones & Earbuds,internal_oof
B0B17CZHN4,EARBUD_INEAR,EARBUD_INEAR,EARBUD_INEAR,0.991032,Wired Earbuds Noise Isolating In-Ear Headphones Earphones with Mic Volume Control 3.5mm Plug for Sports Workout Compatible with Cell Phones Android Samsung Galaxy Moto Tablets Laptops Computer (White),Earbud Headphones,internal_oof
B009IKCHYU,EARBUD_INEAR,EARBUD_INEAR,EARBUD_INEAR,0.924846,JBL J22i High-Performance In-Ear Headphones with Microphone - White,Earbud Headphones,internal_oof
B0CCRFYPDW,EARBUD_INEAR,EARBUD_INEAR,EARBUD_INEAR,0.99428,Xyxxmfxl Wireless Earbuds Bluetooth 5.3 Immersive Stereo Long Playtime with Charging Case IPX7 Waterproof Ergonomic Design with Mic Noise Reduction for iPhone/Android,Earbud Headphones,internal_oof
B07BQVGQFH,EARBUD_INEAR,EARBUD_INEAR,EARBUD_INEAR,0.970898,"elago® E502M Control Talk in-Ear Earphones-Carrying Case Included (Compatible with iPhone 6/6+,5/5S,4/4S,Galaxy. Control-Talk with Built in Microphone)-[Dark Grey/Jean Indigo]",Earbud Headphones,internal_oof
B08DBDSVBC,OVER_EAR,OVER_EAR,OVER_EAR,0.950457,"Sony WH-1000XM4 Wireless Premium Noise Canceling Overhead Headphones with Mic for Phone-Call and Alexa Voice Control, Midnight Blue WH1000XM4",Over-Ear Headphones,internal_oof
B005T8JMFC,ON_EAR,ON_EAR,ON_EAR,0.988504,iFrogz Frequency Headphones,On-Ear Headphones,internal_oof
B0012C65FE,EARBUD_INEAR,EARBUD_INEAR,EARBUD_INEAR,0.997021,Iqua Bluetooth Headset - White,Earbud Headphones,internal_oof
B003Y7OJJO,EARBUD_INEAR,EARBUD_INEAR,EARBUD_INEAR,0.804791,OEM RIM Blackberry Curve 8520 STEREO Handsfree Headset w/Microphone + On/Off Switch,Headphones & Earbuds,internal_oof
B075K7Z2QK,EARBUD_INEAR,EARBUD_INEAR,EARBUD_INEAR,0.975638,"TUSAZU Headphones In-Ear Earbuds Earphones, 3.5mm Metal Housing Best Wired Bass Stereo Headset Built-in Mic/Hands-free/Volume Control+Carrying Case (Rose gold)",Earbud Headphones,internal_oof
B010U25HA0,OVER_EAR,ON_EAR,ON_EAR,0.660407,"Sony MDR1ADAC/B Premium Hi-Res DAC/Amplifier-Integrated Headphones, Black","Headphones, Earbuds & Accessories",internal_oof
B00Y86P1KQ,EARBUD_INEAR,EARBUD_INEAR,EARBUD_INEAR,0.967721,"eBerry Latest Braided Fabric Wrapped Cords In-ear Earphones Headphones Headset with Inline Microphone + Headphone Carrying Case for for iPhone 6 Plus 6 5S 5C 5 4S Samsung S6 S6 edge S5 S4 Note 4 3 2, iPad, iPod, LG, HTC, Blackberry, Android Tablet and More",Earbud Headphones,internal_oof
B0BXT863XV,EARBUD_INEAR,EARBUD_INEAR,EARBUD_INEAR,0.992494,Betron BS10 Earphones Wired in Ear Earbud Headphones Strong Bass Noise Isolating Ear Buds 3.5mm Jack Tangle-Free Cord Compatible with Tablet Laptop iPhone iPad Smartphones (Gold),Earbud Headphones,internal_oof
B08XNCHTCY,EARBUD_INEAR,EARBUD_INEAR,EARBUD_INEAR,0.997852,TOZO T6 True Wireless Earbuds Bluetooth 5.3 Headphones Touch Control with Wireless Charging Case IPX8 Waterproof Stereo Earphones in-Ear Built-in Mic Headset Premium Deep Bass White (2022 Upgraded),Earbud Headphones,internal_oof
B004WLAJM2,OVER_EAR,OVER_EAR,OVER_EAR,0.616325,Califone HIR-HP1 Computer Listening Center Wireless Infrared Stereo/Mono Headphones,"Headphones, Earbuds & Accessories",internal_oof
B00198UATS,EARBUD_INEAR,UNKNOWN,ON_EAR,0.41526,"Audio-Technica ATH-WM5 Dynamic Headphones with 1.0 m Retractable Cord, 30 mm Driver Diameter, Color: Black",Earbud Headphones,internal_oof
B07R5B8V1H,EARBUD_INEAR,EARBUD_INEAR,EARBUD_INEAR,0.998799,"Wireless Earbuds, Bluetooth Earbuds 5.0 with Mic, True Wireless Bluetooth Earphones Stereo with 2200mAh Charging Case for Running Mini Earbuds Bass In-Ear Earbuds Compatible IOS Android Cell Phone",Earbud Headphones,internal_oof
B07TG76W95,EARBUD_INEAR,EARBUD_INEAR,EARBUD_INEAR,0.979221,ZEAKOC True Wireless Earbuds TWS Stereo Bluetooth 5.0 Headphones with Professional Audio Chipset CVC8.0 Noise Cancelling in-Ear Earphone IPX5 Waterproof 40H Playtime Sports Earpiece with Charging Case,Earbud Headphones,internal_oof
B07DR9PDK3,EARBUD_INEAR,EARBUD_INEAR,EARBUD_INEAR,0.989355,ELFINEAR Wood Earphones in-Ear Earbuds Hi-Fi Stereo Headphones for iPhone iPad iPod Samsung Galaxy and More Android Smartphones Compatible with 3.5 mm Headphone Earpods Black,Earbud Headphones,internal_oof
B01CFKYXM8,OVER_EAR,OVER_EAR,OVER_EAR,0.911296,"EINSKEY Kids Headphones with Microphone, Volume Limited Hearing Protection & Foldable Lightweight Design",Over-Ear Headphones,internal_oof
B0BH29Q9CX,OVER_EAR,OVER_EAR,OVER_EAR,0.873732,"LIGHTIMETUNNEL Sleep Headphones, 3D Bluetooth Sleep Mask, Washable Sleeping Headphones with Ultra Thin Stereo Speakers Microphone Hands Free for Insomnia Travel",Over-Ear Headphones,internal_oof
B09QG4QCT7,EARBUD_INEAR,EARBUD_INEAR,EARBUD_INEAR,0.995064,"COMFOM Bluetooth Headphones V5.1 True Wireless Earbuds 4-Mics for Clear Call & 30Hrs Playback with Wireless Charging Case, in-Ear Stereo Earphones IPX5 Waterproof Headset for iPhone/Android/Windows",Earbud Headphones,internal_oof
B0013JT3XC,EARBUD_INEAR,EARBUD_INEAR,EARBUD_INEAR,0.731661,Shure SE210 Sound Isolating Earphone - Black,Headphones & Earbuds,internal_oof
B0B69CYGRN,OVER_EAR,OVER_EAR,OVER_EAR,0.946029,"eKids Cocomelon Bluetooth Headphones for Kids, Wireless Headphones with Rechargeable Battery and USB-C Charging Cable Included",Over-Ear Headphones,internal_oof
B0BR5548TM,EARBUD_INEAR,EARBUD_INEAR,EARBUD_INEAR,0.983138,LADIGASU Wireless Earbuds Bluetooth in Ear Sports Earbuds Light-Weight Headphones Built-in Microphone Immersive Premium Sound with Charging Case,Earbud Headphones,internal_oof
B0C5B8LFSM,EARBUD_INEAR,EARBUD_INEAR,EARBUD_INEAR,0.90689,"Skullcandy Jib True Wireless Earbud with Microphone / 22 Hour Battery Life / Use with iPhone and Android / Best for Gym, and Gaming / Bluetooth Earbud Headphones - Black",Earbud Headphones,internal_oof
B083246VR6,ON_EAR,ON_EAR,ON_EAR,0.966809,"Sony MDR-ZX110NC Extra Bass Noise-Cancelling Headphones with Neodymium Magnets & 30mm Drivers, Black (Renewed)",On-Ear Headphones,internal_oof
B0BFF4NMRH,EARBUD_INEAR,EARBUD_INEAR,EARBUD_INEAR,0.991108,"Wireless Headphones for Graduation Gifts,Noise Cancelling Bluetooth Earbuds with Wireless Touch Control and Charging Case,IPX5 Waterproof EarBuds 40H with ENC HD in-Ear Built-in Mic Headset Deep Bass",Earbud Headphones,internal_oof
B00AL04LDQ,EARBUD_INEAR,EARBUD_INEAR,EARBUD_INEAR,0.518419,Koss Ktxpro1 Stereo Headphone,Earbud Headphones,internal_oof
B01I56YM36,EARBUD_INEAR,EARBUD_INEAR,EARBUD_INEAR,0.963916,Red Ant Headphones R480 Noise Isolating Earphones Headsets with Microphone for Smartphones (White),Headphones & Earbuds,internal_oof
B007Y0EGI6,EARBUD_INEAR,EARBUD_INEAR,EARBUD_INEAR,0.962918,"Bell'O Digital BDH220BK In-Ear Headphones with Dynamic Bass, Black",Earbud Headphones,internal_oof
B017QKFOBQ,EARBUD_INEAR,EARBUD_INEAR,EARBUD_INEAR,0.811957,"BuyVaya 100x Wholesale/Bulk Disposable Stereo Headphones for iPhone, Andriod Phones, Ear Buds,Tablets, Any 3.5mm Port (100 Pack) (Blue)",Earbud Headphones,internal_oof
B005K520MQ,EARBUD_INEAR,EARBUD_INEAR,EARBUD_INEAR,0.917879,Genius HS-905BT Bluetooth Stereo Headset for Music and Call answering,Headphones & Earbuds,internal_oof
B0B9N49HLM,EARBUD_INEAR,EARBUD_INEAR,EARBUD_INEAR,0.97971,"MAIRDI Bone Conduction Headphone Wireless with Mic, Open-Ear Bluetooth Headphone Titanium, with USB Bluetooth Adapter for PC, Sweat Resistant Sport Earphone for Running Workout Driving Bicycling",Earbud Headphones,internal_oof
B092JRYP5J,EARBUD_INEAR,EARBUD_INEAR,EARBUD_INEAR,0.967017,"Klipsch T5 II True Wireless Bluetooth 5.0 Earphones in Gunmetal with Transparency Mode, Beamforming Mics, Best Fitting Ear Tips, and 32 Hours of Battery Life in a Slim Charging Case",Earbud Headphones,internal_oof
B005M08M2Q,EARBUD_INEAR,EARBUD_INEAR,EARBUD_INEAR,0.960001,Sony MDRE9LP/BLK Ear Buds,Earbud Headphones,internal_oof
B00NH8OWH4,EARBUD_INEAR,OVER_EAR,OVER_EAR,0.535306,"Califone 2810-BE Listening First Stereo Headphone, Bear Motif - Pack of 6",Earbud Headphones,internal_oof
B000Z750QW,EARBUD_INEAR,EARBUD_INEAR,EARBUD_INEAR,0.873249,"Palm Bluetooth Headset for Treo 650, 680, 750, and Centro Smartphones",Headphones & Earbuds,internal_oof
B00I0TU9GI,EARBUD_INEAR,EARBUD_INEAR,EARBUD_INEAR,0.997084,"Wireless Earbuds, Bluetooth Headphones Bluetooth 5.0 with Charging Case Wireless Earphones Waterproof in-Ear Built-in Mic Headset Premium Stereo Hi-Fi Sound with Deep Bass(Black) X1",Earbud Headphones,internal_oof
B07YYDMB1Q,EARBUD_INEAR,EARBUD_INEAR,EARBUD_INEAR,0.992748,"GOSCIEN Wireless Earbuds, Headphones Wireless Immersive Bass Sound Bluetooth 5.1 Headphones with Noise Cancellation Mic, IPX7 Waterproof Bluetooth Earphone with Charging Case for iPhone/Android",Earbud Headphones,internal_oof
B07H57N74R,EARBUD_INEAR,EARBUD_INEAR,EARBUD_INEAR,0.962022,iFrogz Sound Hub Tone Earbuds - Black/Grey,Earbud Headphones,internal_oof
B01MTQMRIL,EARBUD_INEAR,EARBUD_INEAR,EARBUD_INEAR,0.99042,QKZ DM9 Zinc Alloy HiFi Metal Earphone With Mic,Earbud Headphones,internal_oof
B0098EYEO2,EARBUD_INEAR,EARBUD_INEAR,EARBUD_INEAR,0.948521,JVC HAFX1X Headphone Xtreme-Xplosivs,Earbud Headphones,internal_oof
B08HJSFD53,EARBUD_INEAR,EARBUD_INEAR,EARBUD_INEAR,0.9866,"BoomPods Sportpods TWS in-Ear Bluetooth Sport Headphones with True Wireless Stereo Connection & Finger Touch Control, Powerful Bass, Sweatproof - Ergonomic Ear Tip Workout Earbuds (Black)",Earbud Headphones,internal_oof
B0BSFHNT2J,EARBUD_INEAR,EARBUD_INEAR,EARBUD_INEAR,0.973826,Headphones Earphone Earbuds Wired Headset with Microphone and Volume Control,Earbud Headphones,internal_oof
B01GZZ3ZTQ,EARBUD_INEAR,EARBUD_INEAR,EARBUD_INEAR,0.896072,H2O Audio Swim Solution Interval (INT4-BK-SG8),Earbud Headphones,internal_oof
B096MG8Q1Z,EARBUD_INEAR,EARBUD_INEAR,EARBUD_INEAR,0.994837,"PRTUKYT Wireless Earbuds, Bluetooth 5 Headphones Noise-Canceling Ear Buds with Premium Deep Bass, Built-in Mic Earphones Ipx7 Waterproof 600H Standby Time with Charging Case for Sports Running(Black)",Earbud Headphones,internal_oof
B071XTPNB3,EARBUD_INEAR,EARBUD_INEAR,EARBUD_INEAR,0.979833,"TREBLAB X11, Truly Wireless Bluetooth Earbuds, Best Sports Headphones Made for Running, Workout and Travel. True HD Sound, Secure-Fit, IPX4 Sweat-Proof, Noise Cancelling Headset w/Mic (White)",Earbud Headphones,internal_oof
B000NK7ELA,EARBUD_INEAR,EARBUD_INEAR,EARBUD_INEAR,0.96247,Motorola H550 Bluetooth Headset (Black),Headphones & Earbuds,internal_oof
B09XRCVYGC,EARBUD_INEAR,EARBUD_INEAR,EARBUD_INEAR,0.969002,"OnePlus Bullets Wireless Z2 Bluetooth 5.0 in Ear Earphones, Bombastic Bass – 12.4 mm Drivers, 30 Hrs Battery Life (Magico Black)",Earbud Headphones,internal_oof
B0C4GCK1B2,EARBUD_INEAR,EARBUD_INEAR,EARBUD_INEAR,0.995349,"Wireless Earbuds Bluetooth 5.3, Noise Cancelling Earbuds Bluetooth Headphones, LED Power Display with Mic in-Ear Ear Buds with Charging Case Wireless Earbuds for iPhone/Samsung/Android Phone Earpods",Earbud Headphones,internal_oof
B07R3HZ5BV,OVER_EAR,OVER_EAR,OVER_EAR,0.983816,"Avantree 2 Pack Bluetooth 5.0 Over Ear Headphones with Metal Dual Headphone Stand for Watching TV, aptX Low Latency, Wireless Headset with Mic for Home Office PC Computer Phones Calls - AS9PA Set",Over-Ear Headphones,internal_oof
B018T98L90,EARBUD_INEAR,EARBUD_INEAR,EARBUD_INEAR,0.795117,iJoy LGO-NCB-TRE Logo Premium Wireless Active Bluetooth Neck Band Headset Retail Packaging – Tree Green,Headphones & Earbuds,internal_oof
B0BY8GR9H8,OVER_EAR,OVER_EAR,OVER_EAR,0.986502,"Intoberp Wireless Bluetooth Headphones Over Ear, 40 Hours Playtime Wireless Headphones with Microphone,Foldable Light Weight Headset with HiFi Stereo Sound for Travel Work (Beige)",Over-Ear Headphones,internal_oof
B00A6DK39Y,EARBUD_INEAR,EARBUD_INEAR,EARBUD_INEAR,0.91827,JLab JBuds J6M High Fidelity Metal Ergonomic Earbuds Style Headphones (Passionfruit Pink / Black),Earbud Headphones,internal_oof
B00PPBNZFQ,EARBUD_INEAR,EARBUD_INEAR,EARBUD_INEAR,0.923985,Tenq® Universal 3.5mm Plug Throat Mic Air Tube Covert Earpiece Headset for iPhone 5 4s 4g 3gs 3g Samsung Galaxy Note 2 Ii S3 Siii S2 SII N7100 I9300 Etc Black,Headphones & Earbuds,internal_oof
B001HVWUDG,EARBUD_INEAR,OVER_EAR,OVER_EAR,0.533163,Plantronics PL-VOYAGER-835 Plantronics Voyager 835 Bluetooth Headset [CD] [Wireless Phone Accessory] - 1 Pack - Case - Carrier Packaging - Neutral (Discontinued by Manufacturer),Headphones & Earbuds,internal_oof
B09J4RW8PP,EARBUD_INEAR,EARBUD_INEAR,EARBUD_INEAR,0.994595,BLX Earbuds - Wireless Bluetooth 5.1 Earbuds with Charging Case | TWS Dual Stereo Bluetooth Headphones | Bluetooth Earphones with 4.5 Hours Battery | in-Ear Headphones for Android and iPhone,Earbud Headphones,internal_oof
B00XRP8VDI,EARBUD_INEAR,EARBUD_INEAR,EARBUD_INEAR,0.84519,LG G Stylo Blue High Fidelity Stereo Headphones With Hands Free Microphone And Send/Answer/End Button,Headphones & Earbuds,internal_oof
B001EJOY9E,EARBUD_INEAR,EARBUD_INEAR,EARBUD_INEAR,0.711481,Motorola CHYN4516 One Touch Stereo Headset HS120,Headphones & Earbuds,internal_oof
B0B37TV4WJ,OVER_EAR,OVER_EAR,OVER_EAR,0.975528,"Skullcandy Hesh 2 Wireless Over-Ear Headphone - Black with Line Round Charging Cable, USB-C to USB-C - Dark Blue/Green, 4ft",Over-Ear Headphones,internal_oof
B002XDOULC,EARBUD_INEAR,EARBUD_INEAR,EARBUD_INEAR,0.928995,LG HBM-520 Bluetooth Headset (Black) - New OEM in Bulk,Headphones & Earbuds,internal_oof
B01881R24O,EARBUD_INEAR,EARBUD_INEAR,EARBUD_INEAR,0.989108,Samsung Galaxy EO-EG920LW Universal 3.5mm Jack Stereo Headset -in OEM Samsung Protective Case & YoYo Headset USB Winder - Made in Vietnam,Earbud Headphones,internal_oof
B00076FUUC,OVER_EAR,ON_EAR,ON_EAR,0.654681,Telex EH-1 Explorer Headphone with (300305100),Headphones & Earbuds,internal_oof
B09GLTP53G,EARBUD_INEAR,EARBUD_INEAR,EARBUD_INEAR,0.973414,"Aipower K01 True Wireless Earbuds Bluetooth 5.0 with 30H Playtime, IPX5 Waterproof, Volume Control, Hands-Free Wireless Headphones Single/Twin Mode",Earbud Headphones,internal_oof
B0BHQYMT5Q,EARBUD_INEAR,EARBUD_INEAR,EARBUD_INEAR,0.979747,HAYLOU PurFree Bone Conduction Headphones Magnetic Charging Cable,Earbud Headphones,internal_oof
B086WL5VJ9,EARBUD_INEAR,EARBUD_INEAR,EARBUD_INEAR,0.989527,TREBLAB True Wireless Earbuds X5 Bluetooth 5.0 with Microphone 35H Playtime Noise Cancelling Headphones TWS Cordless Earphones w/Deep Bass for Sports/Running/Workout w/Charging Case Black,Earbud Headphones,internal_oof
B073CCYWT4,EARBUD_INEAR,OVER_EAR,OVER_EAR,0.596542,Billboard Bluetooth Wireless Over the Ear Earbuds With Controls and Microphone - White,Headphones & Earbuds,internal_oof
B077VN1WZ5,EARBUD_INEAR,EARBUD_INEAR,EARBUD_INEAR,0.985214,"Ectreme Wired Metal in Ear Headphones, Noise Isolating Stereo Bass Earphones with Mic (Gray)",Earbud Headphones,internal_oof
B003Y59IBA,ON_EAR,ON_EAR,ON_EAR,0.484645,Creative HQ-1450 Headphones (Black),Headphones & Earbuds,internal_oof
B0017OM8ZI,EARBUD_INEAR,EARBUD_INEAR,EARBUD_INEAR,0.780041,Plantronics Pink Crystallized MiX M60 Mobile Headset,Headphones & Earbuds,internal_oof
B00XX60YCC,EARBUD_INEAR,EARBUD_INEAR,EARBUD_INEAR,0.95826,"Headphone+Portable Mini Round Hard Storage Case Bag,Asscom® MTL Dual Driver Heavy Bass Premium In-ear Noise-isolating Headphones((3.5mm plug) with Mic,Comaptible for iPhones, iPods and iPads, Android Devices, mp3 players, CD players and more.",Earbud Headphones,internal_oof
B00YC9N4VW,OVER_EAR,UNKNOWN,OVER_EAR,0.449292,"CAD Audio Studio Headphones, White (MH210W)",Headphones & Earbuds,internal_oof
B004QWOSLK,EARBUD_INEAR,EARBUD_INEAR,EARBUD_INEAR,0.779977,Motorola S10-HD Bluetooth Stereo Headphones - Retail Packaging,Headphones & Earbuds,internal_oof
B07F6B77WQ,EARBUD_INEAR,EARBUD_INEAR,EARBUD_INEAR,0.991844,KZ ZS10 Headphones Earphones HiFi Wired Earphone in Ear Monitor Earbuds 5 Hybrid Drivers 3.5mm Detachable Cable for Sports(Red with Mic),Earbud Headphones,internal_oof
B005L96E4G,EARBUD_INEAR,EARBUD_INEAR,EARBUD_INEAR,0.855958,PureGear PureBeats Premium In-Ear 3.5mm Headset With Mic (Bulk Packaging),Headphones & Earbuds,internal_oof
B078RGL8SB,ON_EAR,ON_EAR,ON_EAR,0.964464,ELECDER i37 Kids Headphones Children Girls Boys Teens Foldable Adjustable On Ear Headphones 3.5mm Jack Compatible Cellphones Computer MP3/4 Kindle School Tablet Rose/Pink,On-Ear Headphones,internal_oof
B08KFK2VSX,EARBUD_INEAR,EARBUD_INEAR,EARBUD_INEAR,0.992996,"Bluedio Bluetooth Mini Wireless Earbuds, Ei Wireless Headphones in-Ear Earphones with Charging Case, 40Hrs Playtime, Car Headset Built-in Mic Support Wireless Charging for Cell Phone, Sport, White",Earbud Headphones,internal_oof
B0011X5SY8,EARBUD_INEAR,EARBUD_INEAR,EARBUD_INEAR,0.813778,Motorola H371 Bluetooth v2.0 Headset (Black),Headphones & Earbuds,internal_oof
B0C88N44MS,EARBUD_INEAR,EARBUD_INEAR,EARBUD_INEAR,0.988183,"Wireless Earbuds, 30Hrs Playtime Bluetooth Earbuds Built in Noise Cancellation Mic with Charging Case, Headphones with Stereo Sound, IP67 Waterproof Ear Buds Touch Control Smart Pop-up Auto Pairing",Earbud Headphones,internal_oof
B09L3XQY2W,EARBUD_INEAR,EARBUD_INEAR,EARBUD_INEAR,0.983556,"COBY True Wireless Sport Earbuds 15 Hours, Charging Case, Playback Controls, Siri and Google Assistant, Auto Bluetooth 5.0 Pairing, for Gym, Running, Workout - Works with iPhone, Android, iPad (Black)",Earbud Headphones,internal_oof
B0751LL633,EARBUD_INEAR,EARBUD_INEAR,EARBUD_INEAR,0.587846,"Floyd Rose Audio Headphones, Black, 1 (FR360WH)",Earbud Headphones,internal_oof
B082NN2VZ2,EARBUD_INEAR,EARBUD_INEAR,EARBUD_INEAR,0.978876,dyplay True Wireless Earbuds Ultra Wide Band Active Noise Cancellation Bluetooth V5.0 in-Ear Stereo Wireless Headphones 45Hrs Playtime ANC TWS Earbuds Touch Control with Mic & Wireless Charging Case,Earbud Headphones,internal_oof
B00WSM6W8W,ON_EAR,ON_EAR,ON_EAR,0.906053,"Koss KSC75 Portable Stereophone Headphones, Single, Standard Packaging White/Gray",On-Ear Headphones,internal_oof
B0844Z17H1,EARBUD_INEAR,EARBUD_INEAR,EARBUD_INEAR,0.976542,"JLab JBuds Air Sport True Wireless Bluetooth Earbuds + Charging Case - White - IP66 Sweat Resistance - Class 1 Bluetooth 5.0 Connection - 3 EQ Sound Settings Signature, Balanced, Bass Boost",Earbud Headphones,internal_oof
B0048072Z4,OVER_EAR,UNKNOWN,OVER_EAR,0.380583,"Skullcandy Aviator 3.5 mm Binaural Head-Band Black Headset - Auriculares con micrófono (PC/Gaming, 0-40 °C, -20-45 °C, Binaural, Head-Band, Black)",Headphones & Earbuds,internal_oof
B07VC3SV8J,OVER_EAR,OVER_EAR,OVER_EAR,0.919886,Sony WH-XB900N Extra BASS Wireless Noise Cancelling Headphones (Black) with Hardshell Headphone case and Aluminum Headphone Stand Bundle,Over-Ear Headphones,internal_oof
B08HDJR1KV,OVER_EAR,OVER_EAR,OVER_EAR,0.830119,"HoomBand Wireless | Bluetooth Innovative Headband for Sleep, Travel, Meditation | Charging Cable Included & Free Access to Hypnotic Stories Created by Sleep Experts (Size M/L)",Over-Ear Headphones,internal_oof
B0BSNW6G7D,EARBUD_INEAR,EARBUD_INEAR,EARBUD_INEAR,0.979949,"iWorld Elevate True Wireless Earbuds with Charging Case, Bluetooth in-Ear Headphones with Built-in Microphone and Touch Control, Universally Compatible Headset for Android, iPhone and PC (Rose Gold)",Earbud Headphones,internal_oof
B077PTJFNH,EARBUD_INEAR,EARBUD_INEAR,EARBUD_INEAR,0.989459,"Headphone in Ear Earbuds, Magnetic Stereo Bass Earphone with Mic/Volume Control, Waterproof and Sweat + Charm Earphone Case for Easy Carry (Black)",Earbud Headphones,internal_oof
B09NKWLJ7Y,OVER_EAR,OVER_EAR,OVER_EAR,0.99613,"TUINYO Wireless Headphones Over Ear, Bluetooth Headphones with Microphone, Foldable Stereo Wireless Headset-Light Blue",Over-Ear Headphones,internal_oof
B008631LXI,EARBUD_INEAR,EARBUD_INEAR,EARBUD_INEAR,0.964075,"iKross 3.5mm Stereo Earbuds with Microphone + Green Headset Case for Acer Aspire Switch 11 10, ICONIA TAB 10/ Tab 8/ ONE 7/ TAB 7/ B1-720/ A1-830/ A3-A10, Aspire P3 Ultrabook",Earbud Headphones,internal_oof
B01MS078TG,EARBUD_INEAR,EARBUD_INEAR,EARBUD_INEAR,0.941575,"Hitek Running Sports Headphones with Illuminating Cable for Enhanced Night Visibility During Outdoor Exercise, Jogging, Walking, Microphone and Answer Button for Hands Free Phone Calls, in Ear",Earbud Headphones,internal_oof
B07TVPZK4M,ON_EAR,ON_EAR,ON_EAR,0.985944,Magnavox MHP5031-WH Foldable Stereo Headphones with Extreme Bass in White,On-Ear Headphones,internal_oof
B07XPCFVT5,EARBUD_INEAR,EARBUD_INEAR,EARBUD_INEAR,0.993808,Upgraded Bluetooth 5.0 Headphones Wireless Earbuds Mini Earphones in-Ear Stereo Sound Noise Cancelling 2 Built-in Mic Charging Case Compatible Headsets Device Sport Ear Buds for Smartphones,Earbud Headphones,internal_oof
B0CGNXTCSC,EARBUD_INEAR,EARBUD_INEAR,EARBUD_INEAR,0.741771,"Headphones for iPhone with Microphone, Volume Control and Noise Isolation - Compatible with iPhone 14/13/12/11/7/8/8plus X/Xs/XR/Xs max/pro/se - Supports All iOS Systems（Black）!",Adapters,internal_oof
B0BH4VZKQ5,EARBUD_INEAR,EARBUD_INEAR,EARBUD_INEAR,0.993451,"ZTOZ Wireless Earbuds Bluetooth 5.0 Headphones with Immersive Bass Sound, Mini Charging Case, Waterproof Earphones for Sport/Work, Headsets Compatible with iPhone/Android/PC, (White)",Earbud Headphones,internal_oof
B00VM5I2I4,EARBUD_INEAR,EARBUD_INEAR,EARBUD_INEAR,0.812331,"House of Marley, Little Bird Wired In-Ear Headphones - Noise Isolating, 9.2mm Driver, Two Ear Tip Sizes, Sustainably Crafted, Affordable Lifestyle, EM-JE060-RA Rasta",Earbud Headphones,internal_oof
B0B37TT7JB,OVER_EAR,OVER_EAR,OVER_EAR,0.967724,"Skullcandy Crusher Wireless Over-Ear Bluetooth Headphones for iPhone and Android with Microphone / 40 Hours Battery Life / Extra Bass Tech / Great for Music, School, Workouts, and Gaming - Grey/Tan",Over-Ear Headphones,internal_oof
B07YR475PS,OVER_EAR,OVER_EAR,OVER_EAR,0.732456,Kids Headphones Bluetooth Wireless 85db/110db Volume Limit Headset Fit for Aged 3-21 Over-Ear and Build-in Mic Wired & SD Card Mode Headphones for Boys Girls Travel School Phone Pad Tablet PC White,On-Ear Headphones,internal_oof
B06XYSYHQ9,ON_EAR,ON_EAR,ON_EAR,0.988655,SmithOutlet 10 Pack Low Cost Headphones for School/Library/Classrooms,On-Ear Headphones,internal_oof
B00WU13KV8,OVER_EAR,ON_EAR,ON_EAR,0.591349,Audio Technica Audiophile ATH-A1000X Closed-Back Dynamic Headphones,Headphones & Earbuds,internal_oof
B0972KXXL5,EARBUD_INEAR,EARBUD_INEAR,EARBUD_INEAR,0.995759,"2 in 1 MP3 Player Combo Bluetooth Wireless Earbuds,TWS Bluetooth Earphones with TF Card Slot,30H Playtime with Charging Case Built-in Touch Control LED Screen for Sports Workout Hiking(Pink)",Earbud Headphones,internal_oof
B004ECPAHS,OVER_EAR,OVER_EAR,OVER_EAR,0.972382,Marshall Major Headphones - Black,Over-Ear Headphones,internal_oof
B09R8PRCDR,EARBUD_INEAR,EARBUD_INEAR,EARBUD_INEAR,0.994705,DeWalt JOBSITE PRO-X1 True Wireless EARBUS with Charging CASE,Earbud Headphones,internal_oof
B00BN5DD3C,ON_EAR,ON_EAR,ON_EAR,0.985047,"House of Marley Buffalo Soldier Song On-Ear Headphones , EM-JH033-MI",Headphones & Earbuds,internal_oof
B00WUG9CKG,EARBUD_INEAR,EARBUD_INEAR,EARBUD_INEAR,0.507283,Memorex CB-25 Stereo Earbuds works with your Ipod and MP3 player Blue (Discontinued by Manufacturer),Headphones & Earbuds,internal_oof
B0B12PBYCV,EARBUD_INEAR,EARBUD_INEAR,EARBUD_INEAR,0.996915,Wireless Earbuds with Wireless Charging Case 60H Play Back Power Display Bluetooth Headphones Waterproof Touch Control Stereo Earphones with Microphone in-Ear Earbuds for Android iOS Laptop Sports,Earbud Headphones,internal_oof
B00MR9T4EK,EARBUD_INEAR,EARBUD_INEAR,EARBUD_INEAR,0.866457,"Super Bass 3.5mm Stereo Earbuds for HTC One (M8)/ One M9, Samsung Galaxy S6 Edge/ S6/ S5/ Note 4/ Note 3, Sony Xperia Z3+/ Z2, LG G4/ G3, Google Nexus 6/ 5, Amazon Kindle Fire HD 7/ Fire HD 6/ Fire HD 7/ Fire HDX 8.9/ Fire Phone (Orange) - with Microphone & Volume Control + MYNETDEALS Stylus",Headphones & Earbuds,internal_oof
B00GH569F2,EARBUD_INEAR,EARBUD_INEAR,EARBUD_INEAR,0.984911,Earphone 3.5mm Stereo Headset with Mic for Samsung Galaxy S3 SIII White,Headphones & Earbuds,internal_oof
B07Z2XJN38,EARBUD_INEAR,EARBUD_INEAR,EARBUD_INEAR,0.979833,"Aux Headphones/Earphones/Earbuds, (2 Pack) Sobrilli 3.5mm Wired in-Ear Headphones with Mic and Remote Control Compatible with Galaxy S9 S8 S7 S6 S5 S4 Edge + Note 4 5 6 7 8 9 and More Android Devices",Earbud Headphones,internal_oof
B0B64W96HW,EARBUD_INEAR,EARBUD_INEAR,EARBUD_INEAR,0.967733,"Skullcandy Dime True Wireless In-Ear Bluetooth Earbuds Compatible with iPhone and Android / Charging Case and Microphone / Great for Gym, Sports, and Gaming, IPX4 Water Dust Resistant - Grey/Blue",Earbud Headphones,internal_oof
B07RS2H5PR,EARBUD_INEAR,EARBUD_INEAR,EARBUD_INEAR,0.962228,"GOOJODOQ Bluetooth Sleep Headphones CSR Bluetooth 5.0 Soft in-Ear Sleeping Earbuds,15 Hours Music time,Wireless Sleep Headsets with Built-in Mic for Insomnia, Side Sleeper, Gym, Relaxation and Sports",Earbud Headphones,internal_oof
B0C6KW5G3N,EARBUD_INEAR,OVER_EAR,OVER_EAR,0.832178,Sleep Headphones Bluetooth Sleeping Headband - Comfy Sleeping Headphones for Side Sleeper Elastic Music Sleep Band Earbuds Cozy ASMR Wireless Eye Mask Cool Gadgets Electronic Tech Gifts for Men Women,Over-Ear Headphones,internal_oof
B0B9FKKTX6,EARBUD_INEAR,EARBUD_INEAR,EARBUD_INEAR,0.986546,"Wireless Earbud, Bluetooth 5.3 Headphones with ENC HD Mic, Bluetooth Earphones with Deep Bass, Bluetooth Earbud in Ear Noise Cancelling, 40H Wireless Headphones IP7 Waterproof Ear Buds[2022 Upgrade]",Earbud Headphones,internal_oof
B013SPVG9C,EARBUD_INEAR,EARBUD_INEAR,EARBUD_INEAR,0.992144,"Dastone 3.5mm Noise Isolating Bass in-Ear Stereo Earphones Earbuds Headset,Headphones with Remote Control & Microphone for Smartphones Tablets Laptops Earphone Andriod iOS (Blue)",Earbud Headphones,internal_oof
B00GAHDKNG,OVER_EAR,ON_EAR,ON_EAR,0.511315,Polk Audio Buckle Headphones - Black/Silver - with 3 button control and microphone,Headphones & Earbuds,internal_oof
B083G6SQ5V,ON_EAR,EARBUD_INEAR,EARBUD_INEAR,0.684523,Beats by Dr. Dre Solo3 Wireless Bluetooth Headphones - Mickey's 90th Anniversary Edition - Kit with USB Adapter Cube,Adapters,internal_oof
B096PB8Y2S,EARBUD_INEAR,EARBUD_INEAR,EARBUD_INEAR,0.997899,Gaea Y30 Bluetooth 5.0 Wireless Earbuds Touch Control with Charging Case IPX5 Waterproof TWS Stereo Headphones in Ear Built in Mic Headset Premium Sound with Deep Bass for Sport Black,Earbud Headphones,internal_oof
B0C3H2SV75,EARBUD_INEAR,EARBUD_INEAR,EARBUD_INEAR,0.991893,"Wireless Earbud, Bluetooth 5.3 Headphones Deep Bass Bluetooth Earbud with 4 Mics, Bluetooth Earphones in Ear Noise Cancelling Wireless Headphones, IP7 Waterproof 42H Ear Buds, LED Display Pink - 2023",Earbud Headphones,internal_oof
B0B572P5SF,EARBUD_INEAR,EARBUD_INEAR,EARBUD_INEAR,0.995457,"Ear Buds Wireless Earbuds, Bluetooth Earphones Clear Call with Charging Case, Bluetooth 5.3 Earbuds Deep Bass Built-in Mic, IPX5 Waterproof Headphones, 30 Hrs Compatible with iPhone & Android Black",Earbud Headphones,internal_oof
B002W8S2TY,ON_EAR,EARBUD_INEAR,EARBUD_INEAR,0.601217,"Califone CA2-30 Individual Storage Headphones, 30 Pack Quantity, Convenient Resistant Storage Case, 6 Foot Straight Cord with 3.5mm Jack Plug, Flexible and Adjustable Headband, Beige",Headphones & Earbuds,internal_oof
B082MXJVH3,OVER_EAR,OVER_EAR,OVER_EAR,0.994207,"OneOdio A70 Bluetooth Over Ear Headphones, Wireless Headphones w/ 72H Playtime, Hi-Res, 3.5mm/6.35mm Wired Audio Jack for Studio Monitor & Mixing DJ E-Guitar AMP, Computer Laptop PC Tablet - Silver",Over-Ear Headphones,internal_oof
B0B5CKKKHK,EARBUD_INEAR,EARBUD_INEAR,EARBUD_INEAR,0.971169,"NANKA Bone Conduction Headphones with Mic, Bluetooth 5.3 Open Ear Headphone with Noise-Canceling Boom Mic, Waterproof Wireless Headset with Mic for Office",Earbud Headphones,internal_oof
B013JDQFDU,OVER_EAR,OVER_EAR,OVER_EAR,0.973402,Roberts Fojjers Special Foldable Over The Head Stereo Dj Headphone 3.5 Mm for Pc Tablet Music Video & All Other Music Players. (Like Really Black),Over-Ear Headphones,internal_oof
B0BWH9Y3JS,EARBUD_INEAR,EARBUD_INEAR,EARBUD_INEAR,0.996866,Eumspo Wireless Earbuds Bluetooth V5.1 Earbuds 35H Playtime Stereo Sound in-Ear Bluetooth Headphones Waterproof Touch Control Wireless Headphones with LED Charging Case for Sports Running Workout,Earbud Headphones,internal_oof
B000QVDB2W,EARBUD_INEAR,EARBUD_INEAR,EARBUD_INEAR,0.994553,"Wireless Earbuds Bluetooth Headphones IPX8 Waterproof Stereo Earbuds with Microphone, LED Battery Display 23H Playtime, Noise-Cancelling Headset with Charging Case (A115)",Earbud Headphones,internal_oof
B00WUEOCNU,OVER_EAR,ON_EAR,ON_EAR,0.892802,"Koss RUK 50B Full-Sized Stereophone with Leatherette Cushions for Enhanced Sound, Blue (Discontinued by Manufacturer)",On-Ear Headphones,internal_oof
B00JML5NH8,ON_EAR,ON_EAR,ON_EAR,0.836793,Williams Sound Pocketalker PRO with folding headphone PKT PRO1-3,"Headphones, Earbuds & Accessories",internal_oof
B07MVS6VV9,EARBUD_INEAR,EARBUD_INEAR,EARBUD_INEAR,0.811611,"Sabbat E12 3D Clear Sound True Wireless Earbuds Blutooth 5.0 TWS Stereo Earphones A week's Endurance with Built-in Mic and Charging Case for iPhone, Samsung, iPad, Android(RED)",On-Ear Headphones,internal_oof
B07CHTNRGL,EARBUD_INEAR,EARBUD_INEAR,EARBUD_INEAR,0.976061,Echobox Nomad N1i Titanium in-Ear Monitor with Tangle-Free Cable for Apple iPhone,Earbud Headphones,internal_oof
B004GSFI18,EARBUD_INEAR,EARBUD_INEAR,EARBUD_INEAR,0.882594,Nokia BH-214 Bluetooth Stereo Headset with Detachable Headphones (Black),Headphones & Earbuds,internal_oof
B07K7SRQ85,OVER_EAR,OVER_EAR,OVER_EAR,0.996821,Mackie MC-150 Closed-Back Over-Ear Studio Headphones with Headphone Holder & 25' Stereo Extension Cable Bundle,Over-Ear Headphones,internal_oof
B01H45PT4K,EARBUD_INEAR,EARBUD_INEAR,EARBUD_INEAR,0.980033,Plantronics Moisture-Resistant Earphones - Wireless - Bluetooth with Charging Case Cobalt Black (204352-01),Earbud Headphones,internal_oof
B08CGQX4G9,EARBUD_INEAR,EARBUD_INEAR,EARBUD_INEAR,0.930381,"JBL Tune 225TWS True Wireless Earbud Headphones - Pure Bass Sound, Bluetooth, 25H Battery, Dual Connect, Native Voice Assistant (Black)",Earbud Headphones,internal_oof
B07LCJTT95,OVER_EAR,OVER_EAR,OVER_EAR,0.969538,"Headphones for Girls，Wired Over Ear Headsets for Listen Music with Plush,Kids Headphone Lightweight,Adjusted,Fits All 3.5mm Interface Device",Over-Ear Headphones,internal_oof
B001Z0OFBO,OVER_EAR,OVER_EAR,OVER_EAR,0.939058,Royal WES 50 900 MHz Wireless Stereo Headphones (Discontinued by Manufacturer),Over-Ear Headphones,internal_oof
B001AKV86O,EARBUD_INEAR,EARBUD_INEAR,EARBUD_INEAR,0.898555,Motorola H550 Bluetooth Wireless Headset (Cannon Grey),Headphones & Earbuds,internal_oof
B00STAHE02,EARBUD_INEAR,EARBUD_INEAR,EARBUD_INEAR,0.982253,"Granvela POD-747 in Ear Headphones, Wired, Noise Isolating, Ergonomic Comfort-Fit Earphones, No Mic Earbuds for iPhone, iPad, iPod, Samsung, 3.5mm Drive etc -Green",Earbud Headphones,internal_oof
B00I32IAZE,OVER_EAR,OVER_EAR,OVER_EAR,0.826225,Gearonic Adjustable Foldable Triangle Over-Ear Earphone Headphones for iPod/iPad/iPhone/Android/MP3/MP4/PC Music - Non-Retail Packaging - Blue,Over-Ear Headphones,internal_oof
B00008Z1PL,EARBUD_INEAR,EARBUD_INEAR,EARBUD_INEAR,0.650715,Coby CVE40 Super Bass Digital Stereo EP w/ Carrying Case (Discontinued by Manufacturer),Earbud Headphones,internal_oof
B005FUDNBI,EARBUD_INEAR,EARBUD_INEAR,EARBUD_INEAR,0.830785,TDK BA100 In Ear Balancing Headphones (Discontinued by Manufacturer),Earbud Headphones,internal_oof
B08B3QSV16,EARBUD_INEAR,EARBUD_INEAR,EARBUD_INEAR,0.993927,"Tiksounds Wireless Earbuds, Bluetooth 5.1 Headphones with Microphone, 150H Playtime with Charging Case, IPX7 Waterproof, HI-FI Stereo Earphones, LED Display for Work Sport Game",Earbud Headphones,internal_oof
B00M9CJIAA,EARBUD_INEAR,EARBUD_INEAR,EARBUD_INEAR,0.655572,New Hi-Fi Stereo Bluetooth Headphone Headset with NFC Function Work for Samsung Android Smart Cell Phone Apple Phone and Almost All Tablet PC - NFC Function - Over The Head (White),Earbud Headphones,internal_oof
B00PKTX5QC,OVER_EAR,OVER_EAR,OVER_EAR,0.6755,LG Electronics Gruve Bluetooth Stereo Headphone - Retail Packaging - White,Over-Ear Headphones,internal_oof
B009NE5YAU,ON_EAR,ON_EAR,ON_EAR,0.837391,"iLuv ReF, Deep Bass On-Ear Headphones with Canvas Fabric Exterior for Apple - Compatible with iPhone 6, iPhone 5, 5S, 5C, iPad & iPod - White",Headphones & Earbuds,internal_oof
B0031I0L2A,EARBUD_INEAR,EARBUD_INEAR,EARBUD_INEAR,0.983332,"BIRUGEAR Blue 3.5mm Metal Stereo Headset Handsfree Soft Gel Earbud with Microphone for Samsung Galaxy S5; LG G Vista, G3, Optimus F3Q, G Flex, G2 and More",Headphones & Earbuds,internal_oof
B074QQLSQR,EARBUD_INEAR,EARBUD_INEAR,EARBUD_INEAR,0.911597,Corded Perfume Earphones High-Fidelity Audio Heavy Bass Stereo Sport Earbuds Headphones with Remote Control/Noise Isolating/Crystal Sound/Long Cord for iPhone Apple PC Computer Android Phones (Gold),Earbud Headphones,internal_oof
B00S2P0M1C,EARBUD_INEAR,EARBUD_INEAR,EARBUD_INEAR,0.989544,Betron YSM1000 Earphones in Ear Headphones Wired 3.5mm Jack Tangle-Free Cable Case and Noise Isolating Earbuds,Earbud Headphones,internal_oof
B000S6JSN6,EARBUD_INEAR,EARBUD_INEAR,EARBUD_INEAR,0.823917,MOTOROLA HS820 HEADSET EARPIECE BLUE TOOTH HS 820 OEM,Headphones & Earbuds,internal_oof
B09MF44HCB,EARBUD_INEAR,EARBUD_INEAR,EARBUD_INEAR,0.968146,"Black Shark JoyBuds Wireless Earbuds Bluetooth 5.2, 30ms Low Latency Gaming Mode, 14.2mm Driver Music Mode with Dual Mic ENC, 1.5h Fast Charge Ipx4 Waterproof Headphones in Ear Headset",Earbud Headphones,internal_oof
B001CN1MAG,EARBUD_INEAR,EARBUD_INEAR,EARBUD_INEAR,0.932281,Blackberry HDW-14322-002 Bluetooth Stereo Headset 3.5mm - Non-Retail Packaging - White,Headphones & Earbuds,internal_oof
B00PKTU83U,ON_EAR,ON_EAR,ON_EAR,0.998742,"Sony ZX Series Wired On-Ear Headphones with Mic, White MDR-ZX110AP",On-Ear Headphones,internal_oof
B00DN2R0BE,EARBUD_INEAR,EARBUD_INEAR,EARBUD_INEAR,0.939088,3.5mm Universal Earphone Headset with Remote Mic For iPhone 4 4S 5 Galaxy S3 S4,Headphones & Earbuds,internal_oof
B079K52HVM,EARBUD_INEAR,EARBUD_INEAR,EARBUD_INEAR,0.987453,Raycon E30 True Wireless Earbuds Noise Cancelling in-Ear Bluetooth Headphones with Charging Case - Blue,Earbud Headphones,internal_oof
B00I3LUWQA,ON_EAR,OVER_EAR,OVER_EAR,0.979642,Sony MDR-ZX310,Over-Ear Headphones,internal_oof
B0BXLYHF9P,EARBUD_INEAR,EARBUD_INEAR,EARBUD_INEAR,0.962359,"Skullcandy Indy Evo True Wireless In-Ear Bluetooth Earbuds, Compatible with iPhone and Android / Charging Case and Microphone / Great for Gym, Sports, and Gaming, IP55 Water Dust Resistant - 92 Blue",Earbud Headphones,internal_oof
B0023RRNRQ,EARBUD_INEAR,ON_EAR,ON_EAR,0.595834,"Skullcandy S4CHBZ-BP Chops Earbuds, (Black/Pink) (Discontinued by Manufacturer)",Headphones & Earbuds,internal_oof
B0BK5CHQ6C,EARBUD_INEAR,EARBUD_INEAR,EARBUD_INEAR,0.969625,"Earbud Cleaning Kit, Cleaner Kit for Airpods Multi-Function Airpods Cleaning Pen with Soft Brush Flocking Sponge Cleaning Tools for Bluetooth Earbud Case Headphones Camera Phone White",Earbud Headphones,internal_oof
B001P5I4XY,EARBUD_INEAR,EARBUD_INEAR,EARBUD_INEAR,0.528815,KICKER (09EB141R) Advanced In-Ear Monitors (Red) (Discontinued by Manufacturer),Headphones & Earbuds,internal_oof
B004DKUEJK,EARBUD_INEAR,EARBUD_INEAR,EARBUD_INEAR,0.858575,Smart wrap Electronics / Cell Phone Earphone Headset Cord Wrap Manager - Fishbone White Black Blue 3 Colors 3-Pack,Headphones & Earbuds,internal_oof
B08WJFN2B6,OVER_EAR,OVER_EAR,OVER_EAR,0.996996,"AKG Pro Audio K371 Over-Ear, Closed-Back, Foldable Studio Headphones Bundle with Knox Gear Professional Headphone Case for Inward-Folding Headphones (2 Items)",Over-Ear Headphones,internal_oof
B000CMTV3I,ON_EAR,OVER_EAR,OVER_EAR,0.671318,Audio-Technica ATH-EW9 Lightweight Wood Clip-on Headphones (Discontinued by Manufacturer),"Headphones, Earbuds & Accessories",internal_oof
B09XB83NJ3,EARBUD_INEAR,EARBUD_INEAR,EARBUD_INEAR,0.97413,"Marnana Bluetooth Headset with 18 Hours Playtime, Ultralight Earbud w/Noise Cancelling Mic, Carrying Case, Wireless Earpiece Hands-Free Call for iPhone Android Mobile Phone Tablet Office Truck Driver",Earbud Headphones,internal_oof
B087X4GGJX,EARBUD_INEAR,EARBUD_INEAR,EARBUD_INEAR,0.955639,"APETOO USB C Headphones, HiFi Stereo Type C Earbuds USB C Earphones with Mic & Volume Control Compatible with Samsung Note 10 Plus, Galaxy S20 Ultra S20+, Google Pixel 4 3 2 XL, OnePlus 7t Pro",Earbud Headphones,internal_oof
B0BCVYJ66T,EARBUD_INEAR,EARBUD_INEAR,EARBUD_INEAR,0.998404,"Cotogni Wireless Bluetooth 5.3 Earbuds, P5 Wireless Earbuds with Charging Case Wireless Bluetooth Earphones 40H Playtime Waterproof Wireless Earbuds for iPhone, Android (Red)",Earbud Headphones,internal_oof
B08379NV5L,EARBUD_INEAR,EARBUD_INEAR,EARBUD_INEAR,0.995913,"Xiaomi TWSEJ04LS Redmi Airdot Wireless Earphone Bluetooth 5.0 Stereo Earbuds Charging Case Mini Headphones Sweatproof Sport in-Ear Earphones Black, Small",Earbud Headphones,internal_oof
B09LHJRPVL,OVER_EAR,OVER_EAR,OVER_EAR,0.988098,"KVIDIO [Updated Bluetooth Headphones Over Ear, 65 Hours Playtime Wireless Headphones with Microphone,Foldable Lightweight Headset with Deep Bass,HiFi Stereo Sound for Travel Work Laptop PC Cellphone",Over-Ear Headphones,internal_oof
B07G97631K,EARBUD_INEAR,EARBUD_INEAR,EARBUD_INEAR,0.955498,LINSOUL BGVP DMG 2DD+4BA Hi-Res Hybrid Drivers High Fidelity HiFi in-Ear Metal Earphones with Detachable MMCX Audio Cable for Musicians Audiophile (Blue),Earbud Headphones,internal_oof
B016RDOX1A,EARBUD_INEAR,EARBUD_INEAR,EARBUD_INEAR,0.825426,In-ear noise canceling headphones / Headphone for in ear usage / Cheap Price with Durable and long lasting feel / Works well with Computer / iPhone / iPad / Laptops / mp3 player / android / kindle / and much more!,Earbud Headphones,internal_oof
B09F2YQQ1B,EARBUD_INEAR,EARBUD_INEAR,EARBUD_INEAR,0.991023,"SHOKZ OpenRun (AfterShokz Aeropex) - Open-Ear Bluetooth Bone Conduction Sport Headphones - Sweat Resistant Wireless Earphones for Workouts and Running - Built-in Mic, with Headband",Earbud Headphones,internal_oof
B0C2Q17PND,EARBUD_INEAR,EARBUD_INEAR,EARBUD_INEAR,0.88053,bmanl Wireless Earbuds Bluetooth Headphones 48hrs Play Back Sport Earphones with LED Display Over-Ear Buds with Earhooks Built-in Mic Headset for Workout Purple BMANI-VEAT00L,Earbud Headphones,internal_oof
B00362CQYC,EARBUD_INEAR,EARBUD_INEAR,EARBUD_INEAR,0.962687,ZAGG ZAGGBUDBLK Buds for iPhones (Black No Mic),Earbud Headphones,internal_oof
B09F66RRYN,EARBUD_INEAR,EARBUD_INEAR,EARBUD_INEAR,0.980425,"Soundpeats True Wireless Earbuds Bluetooth 5.0 Earphones with Built in Mic in-Ear Stereo Headphones for Sport, Deep Bass, Binaural Calls, One-Step Pairing, 35 Hours of Playtime, Upgraded TrueFree Plus",Earbud Headphones,internal_oof
B07KKMP7GR,OVER_EAR,OVER_EAR,OVER_EAR,0.745515,"Thore Bluetooth Headphones with Lightning Connector for iPhone - Over Ear Wireless Earphones with Microphone/Volume Remote (Apple MFI Certified) Cord for Apple iPhone 7,8 Plus, XR, XS Max, 11 Pro",Over-Ear Headphones,internal_oof
B00X0077HQ,ON_EAR,ON_EAR,ON_EAR,0.987656,"Marshall Major II On-Ear Headphones, Brown (4091112)",On-Ear Headphones,internal_oof
B00FAJP42U,EARBUD_INEAR,EARBUD_INEAR,EARBUD_INEAR,0.946832,"IHOME IB11WUXC Sport Ear Hook Earbuds with Microphone, Purple",Earbud Headphones,internal_oof
B08GLYGD7H,EARBUD_INEAR,EARBUD_INEAR,EARBUD_INEAR,0.972975,Galaxy Buds Live Mystic Red | True Wireless Earbuds w/Active Noise Cancelling | Wireless Charging Case Included | Korean Version,Earbud Headphones,internal_oof
B08NPMNFFC,EARBUD_INEAR,EARBUD_INEAR,EARBUD_INEAR,0.965867,"DTTO J-10 Active Noise Cancelling Earbuds with 60ms Low-Latency Game Mode, Wireless Charging Case Bluetooth 5.2 Auto-Pairing Touch-Enabled Voice-Assistant, Immersive Sound Deep Bass IPX8 Sweatproof",Earbud Headphones,internal_oof
B0C492N85L,EARBUD_INEAR,EARBUD_INEAR,EARBUD_INEAR,0.99269,"Wireless Earbuds, Bluetooth 5.3 Headphones, 48h Playtime LED Power Display Wireless Charging Case, HiFi Stereo Deep Base Earphones IPX7 Waterproof Ear Buds with Built-in Mic for Workout/Home/Office",Earbud Headphones,internal_oof
B09Y4HCRLM,EARBUD_INEAR,OVER_EAR,OVER_EAR,0.667539,MUSICOZY Sleep Headphones Bluetooth Sleep Mask 3D Wireless Music Sleeping Headphones Headband Eye Mask Sleep Earbuds for Side Sleepers Mom Men Women with Speakers Cool Tech Gadgets,Over-Ear Headphones,internal_oof
B0C6Q4N2W2,EARBUD_INEAR,EARBUD_INEAR,EARBUD_INEAR,0.981755,"Open Ear Headphones, Air Conduction Headphones Lightweight Bluetooth 5.3 Wireless Sports Headset with Mic for Jogging Running Driving Cycling Hiking Yoga Indoor and Outdoor Use",Earbud Headphones,internal_oof
B093K2D32X,OVER_EAR,OVER_EAR,OVER_EAR,0.940641,"Avantree HF049 - Wired Over Ear Headphones with 50mm Drivers High-Precision Sound, 16ft / 5M Extra-Long Cord, in-Line Volume Control & Mic, and 3.5mm AUX Cable with 6.35mm Adapter for TV and PC",Over-Ear Headphones,internal_oof
B09X9T723D,EARBUD_INEAR,EARBUD_INEAR,EARBUD_INEAR,0.992893,"Wireless Earbud, 5.1 Bluetooth Earbud in-Ear Stereo Mini Headphone, Bluetooth Headphones with Mic for Clear Calls, 6H Single Play Time, IP7 Waterproof Wireless Earphones with USB-C Charging Case, Grey",Earbud Headphones,internal_oof
B09RZPQQJ3,EARBUD_INEAR,EARBUD_INEAR,EARBUD_INEAR,0.97694,"XIAODU Wireless Bluetooth Earbuds, with Voice Record Noise Cancel IPX4 Waterproof Headphones, Built-in HD Microphone in-Ear Stereo Headphones, 30H Playtime Wireless Charging Case for Sport White",Earbud Headphones,internal_oof
B00I2HXZ6O,ON_EAR,ON_EAR,ON_EAR,0.533457,"Altec Lansing Over the Head Foldable Headphone with Mic, Black - MZX652",Headphones & Earbuds,internal_oof
B005EIVKGQ,EARBUD_INEAR,EARBUD_INEAR,EARBUD_INEAR,0.968733,Sennheiser MX 365 Earphones - Red,Earbud Headphones,internal_oof
B07CXY7JX3,EARBUD_INEAR,EARBUD_INEAR,EARBUD_INEAR,0.751529,"[2021 Updated] Extra Long Earbuds for TV & PC, with 12FT Spring Coiled Extension Cable, Volume Control & Mic, in-Ear Wired Headphones for 3.5mm Audio Output Devices, ChanGeek CGS06",Earbud Headphones,internal_oof
B087P52PZT,EARBUD_INEAR,EARBUD_INEAR,EARBUD_INEAR,0.98556,"Bluetooth Headphones Retractable Earbuds Wireless Headset Neckband Sports Noise Cancelling Stereo Earphones with Mic by HaoHiyo (15 Hrs Playtime, 2020 Upgraded, Blue)",Earbud Headphones,internal_oof
B0BZ49NHW2,EARBUD_INEAR,EARBUD_INEAR,EARBUD_INEAR,0.972637,"LUDOS Clamor Wired Earbuds in Ear, Noise Isolating Headphones with Microphone, 3.5mm Jack Plug, Mic and Volume Control, Memory Foam, Deep Bass, Tangle-Free Cord - Purple",Earbud Headphones,internal_oof
B0C53M6MKK,EARBUD_INEAR,EARBUD_INEAR,EARBUD_INEAR,0.977219,"Lanteso Wireless Earbuds, Bluetooth Earbuds 50H Playtime Deep Bass Loud Sound Earphones with 4 Microphones Clear Call Light-Weight Waterproof in-Ear Headphones",Earbud Headphones,internal_oof
B0BRSN1LDC,EARBUD_INEAR,EARBUD_INEAR,EARBUD_INEAR,0.950803,TOZO T9 True Wireless Earbuds Environmental Noise Cancellation 4 Mic Call Noise Cancelling Headphones Deep Bass Bluetooth 5.3 Light Wireless Charging Case IPX7 Waterproof Headset Black (Renewed),Earbud Headphones,internal_oof
B0721MP41Q,EARBUD_INEAR,EARBUD_INEAR,EARBUD_INEAR,0.975768,"[Upgraded] Anker SoundBuds Curve Wireless Headphones, 18H Battery, IPX7 Waterproof Bluetooth Headphones, Bluetooth 5.0, Built in Mic and Carry Pouch, SweatGuard Technology for Workout, Gym, Running",Earbud Headphones,internal_oof
B01N6DC2ZE,EARBUD_INEAR,EARBUD_INEAR,EARBUD_INEAR,0.987162,"Bluetooth Headphones, Anker SoundBuds Slim Wireless Headphones, IPX7 Waterproof, 10H Playtime, Bluetooth 5.0, Magnetic Wireless Earbuds, Bluetooth Earbuds for Workout , Sports, Running, Gym",Earbud Headphones,internal_oof
B00U60RKXE,EARBUD_INEAR,EARBUD_INEAR,EARBUD_INEAR,0.978729,"Musician's in-Ear Monitor,GranVela X6 PRO Noise-Isolating Earpbuds with Mic and Detachable Cable for DJ, Running and Sports (Red)",Earbud Headphones,internal_oof
B07G7VT8KQ,OVER_EAR,OVER_EAR,OVER_EAR,0.98773,"Sony WH1000XM3 Noise Cancelling Headphones, Wireless Bluetooth Over the Ear Headset – Black (2018 Version)",Over-Ear Headphones,internal_oof
B086LL8V2G,EARBUD_INEAR,EARBUD_INEAR,EARBUD_INEAR,0.963991,"JLab Go Air True Wireless Bluetooth Earbuds + Charging Case | Black | Dual Connect | IP44 Sweat Resistance | Bluetooth 5.0 Connection | 3 EQ Sound Settings Signature, Balanced, Bass Boost",Earbud Headphones,internal_oof
B09XBJVB9X,EARBUD_INEAR,EARBUD_INEAR,EARBUD_INEAR,0.975836,"dbcollections Open-Ear Bluetooth Bone Conduction Sport Headphones - Sweat Resistant Wireless Earphones for Workouts and Running - Built-in Mic, with Hair Ban",Open-Ear Headphones,internal_oof
B08FX6FB1S,EARBUD_INEAR,EARBUD_INEAR,EARBUD_INEAR,0.998689,APEKX Bluetooth Headphones True Wireless Earbuds with Charging Case IPX7 Waterproof Stereo Sound Earphones Built-in Mic in-Ear Headsets Deep Bass for Sport Running Black,Earbud Headphones,internal_oof
B004Q11VGQ,EARBUD_INEAR,EARBUD_INEAR,EARBUD_INEAR,0.601627,Digital Silence DS101A-White Analog Active Noise Cancelling Ear Buds,Headphones & Earbuds,internal_oof
B00ODDNPNO,EARBUD_INEAR,EARBUD_INEAR,EARBUD_INEAR,0.97051,Samsung Bluetooth Headset for Android Smartphones - Retail Packaging - Black,Headphones & Earbuds,internal_oof
B07D4HCTBQ,EARBUD_INEAR,EARBUD_INEAR,EARBUD_INEAR,0.980199,[True Wireless] Bakeey T12 TWS Double Bluetooth Earphones Stereo Headphone with Charging Box,Earbud Headphones,internal_oof
B00Y1Q5D4M,EARBUD_INEAR,EARBUD_INEAR,EARBUD_INEAR,0.996738,"Wireless Earbuds, Bluetooth Earbuds with Microphone, True Wireless Headphones, 3D Stereo Sound Headsets, Sweatproof in-Ear Sport Earphones with Portable Charging Case",Earbud Headphones,internal_oof
B07R4BXXRY,OVER_EAR,OVER_EAR,OVER_EAR,0.991609,Sentry Bluetooth® PRO Audio Headphones,Over-Ear Headphones,internal_oof
B0B3HBNR2N,EARBUD_INEAR,EARBUD_INEAR,EARBUD_INEAR,0.978742,"Bluetooth Earbuds, 99H Playtime Wireless Earbuds with Mics and Charging Case for iPhone Android, Waterproof Running Headphones for Gym Yoga Workout, Hi-Fi Sound Over Ear Buds with Earhooks",Earbud Headphones,internal_oof
B00WUF7VUA,EARBUD_INEAR,EARBUD_INEAR,EARBUD_INEAR,0.954306,Lift Audio Micro Series Miniature Noise-Isolating In-Ear Headphones (Pink),Earbud Headphones,internal_oof
B07RXFSZKR,EARBUD_INEAR,EARBUD_INEAR,EARBUD_INEAR,0.787678,urBeats3 Headphones with Lightning Connector - Satin Silver - MU9A2LL/A (Renewed),Earbud Headphones,internal_oof
B001EZYMF4,EARBUD_INEAR,EARBUD_INEAR,EARBUD_INEAR,0.921005,"Sennheiser CX300 II CX 300 II Precision Enhanced Bass Earbuds, Black (Discontinued by Manufacturer)",Earbud Headphones,internal_oof
B0861D7Z1P,EARBUD_INEAR,EARBUD_INEAR,EARBUD_INEAR,0.982794,"Sony WF-XB700 EXTRA BASS True Wireless Earbuds Headset/Headphones with Mic for Phone Call Bluetooth Technology, Black",Earbud Headphones,internal_oof
B0B313HBKW,EARBUD_INEAR,EARBUD_INEAR,EARBUD_INEAR,0.993253,Aictoe Wireless Earbuds Bluetooth 5.0 Headphones with 30H Cycle Playtime Built-in Mic IPX6 Waterproof Headsets with Charging Case for in-Ear Buds (Black),Earbud Headphones,internal_oof
B0CH1BSVDY,EARBUD_INEAR,EARBUD_INEAR,EARBUD_INEAR,0.992096,"Wireless Bluetooth Earbuds 120H Playtime Bluetooth 5.3 Ear Buds for Sports, Hi-fi Stereo Earphones with LED Display Charging Case, Headphones for Running/Workout Audifonos Bluetooth inalambricos",Earbud Headphones,internal_oof
B0087TX7HE,EARBUD_INEAR,EARBUD_INEAR,EARBUD_INEAR,0.874967,eBigValue: BLACK Sound Soft Earbud Lightweight Headphones (3.5mm Jack) and Includes an eBigValue Determination Hand Strap,Earbud Headphones,internal_oof
B09W42HJKL,OVER_EAR,OVER_EAR,OVER_EAR,0.919081,"TUINYO Bluetooth Headphones, Over Ear Stereo Wireless Headset 40H Playtime with Deep Bass,Soft Memory-Protein Earmuffs,Built-in Mic Wired Mode PC/Cell Phones-Black red",Over-Ear Headphones,internal_oof
B002W8JYW8,OVER_EAR,OVER_EAR,OVER_EAR,0.789077,"Califone KIDSPACK Kids Computer Peripheral Package; Includes KB1 Kids Keyboard, 2800-RD Listening First Headphone and KM100 Mouse","Headphones, Earbuds & Accessories",internal_oof
B0BNX56J8M,EARBUD_INEAR,EARBUD_INEAR,EARBUD_INEAR,0.988203,"Wireless Earbuds,Bluetooth 5.3 Headphones 50H Playtime LED Power Display Earphone Stereo Sound Deep Bass Crystal-Clear Calls Headset with Charging Case for Workout/Home/Office/Gym,Asnrc Ear Buds,Black",Earbud Headphones,internal_oof
B08G8DT219,EARBUD_INEAR,EARBUD_INEAR,EARBUD_INEAR,0.99749,"CCA CX10 True Wireless Earbuds Bluetooth,TWS 1DD+4BA Headphones Touch Control with Charging Case in Ear Headsets IPX7 Waterproof TWS Stereo Earphones, HiFi Stereo Sound for Sports (Black) …",Earbud Headphones,internal_oof
B07DJ3FGZ1,EARBUD_INEAR,EARBUD_INEAR,EARBUD_INEAR,0.98343,2-Pack Premium Earphones/Earbuds/Headphones with Stereo Mic&Remote Control for Galaxy S7/S7 Edge and More Android Smartphones Compatible with 3.5 mm Headphone White,Earbud Headphones,internal_oof
B0C9HMD91B,EARBUD_INEAR,EARBUD_INEAR,EARBUD_INEAR,0.996743,"Open Ear Headphones Bluetooth 5.3 Wireless Earbuds with 800mAh Charging Case, Superior Stereo Sound Ear Buds with HD Mic for iPhone & Android, IPX6 Waterproof Open Wearable Stereo Earphones for Sports",Earbud Headphones,internal_oof
B08K2S5B88,OVER_EAR,OVER_EAR,OVER_EAR,0.989202,"ZIHNIC Bluetooth Headphones Over-Ear, Foldable Wireless and Wired Stereo Headset Micro SD/TF, FM for Cell Phone,PC,Soft Earmuffs &Light Weight for Prolonged Wearing(Black/Green)",Over-Ear Headphones,internal_oof
B08PJT2GY2,EARBUD_INEAR,EARBUD_INEAR,EARBUD_INEAR,0.98553,"SAMSUNG Galaxy Watch Active 2 (40mm, GPS, Bluetooth), Aqua Black (US Version) with Galaxy Buds True Wireless Earbuds (Wireless Charging Case Included), Black – US Version",Earbud Headphones,internal_oof
B003ZZITPK,EARBUD_INEAR,EARBUD_INEAR,EARBUD_INEAR,0.99611,"Wireless Earbuds, Bluetooth Earbuds with Microphone, True Wireless Headphones, 3D Stereo Sound Headsets, Sweatproof in-Ear Sport Earphones with Portable Charging Case",Earbud Headphones,internal_oof
B005433INO,ON_EAR,ON_EAR,ON_EAR,0.972439,Skullcandy Uprock (Blue) (Discontinued by Manufacturer),On-Ear Headphones,internal_oof
B0C85M22Z6,EARBUD_INEAR,EARBUD_INEAR,EARBUD_INEAR,0.99384,"Wireless Earbuds, Bluetooth 5.3 Headphones in Ear with Noise Cancelling Mic, Bluetooth Earbuds Stereo Bass, IP7 Waterproof Sports Earphones, 32H Playtime USB C Charging Ear Buds Purple for Android iOS",Earbud Headphones,internal_oof
B07PN138G1,EARBUD_INEAR,EARBUD_INEAR,EARBUD_INEAR,0.993668,"Bluetooth Earbud,ownta Wireless Headphones with Light Charging Case Headset Single Earbud Compatible Smartphone/iPhone 6 7 8 Plus X/iPad Samsung Android B015",Earbud Headphones,internal_oof
B08GKR1TKZ,EARBUD_INEAR,EARBUD_INEAR,EARBUD_INEAR,0.982687,"Twixitech G9 PRO True Wireless Earbuds, 5.0 Bluetooth Headphones with Dual Microphone-Charging Case Long Lasting 8-Hour Play, CVC8.0 Noise Reduction, IPX7 Waterproof, Powerful Bass-USB-C Fast Charging",Earbud Headphones,internal_oof
B07P9TGYWJ,EARBUD_INEAR,EARBUD_INEAR,EARBUD_INEAR,0.968599,"AfterShokz Trekz Titanium Open Ear Wireless Bone Conduction Headphones, Slate Grey, (AS600SG) (Renewed)",Open-Ear Headphones,internal_oof
B0B6PH767S,EARBUD_INEAR,EARBUD_INEAR,EARBUD_INEAR,0.972796,"CCA LYRA Extra Bass Dynamic Diver HiFi in-Ear Headphones/Earphones/Earbuds, Detachable Wired in-Ear Monitor Headset for Audiphile Music/Game (with Mic, Transparent)",Earbud Headphones,internal_oof
B0BXM18YDP,EARBUD_INEAR,EARBUD_INEAR,EARBUD_INEAR,0.969877,"Skullcandy Sesh Evo True Wireless In-Ear Bluetooth Earbuds Compatible with iPhone and Android / Charging Case and Microphone / Great for Gym, Sports, and Gaming IP55 Water Dust Resistant - Black",Earbud Headphones,internal_oof
B08TTRQTKN,EARBUD_INEAR,EARBUD_INEAR,EARBUD_INEAR,0.979386,"Earbuds Replacement for Kindle Fire,Earphone Replacement for Kindle eReaders,Fire HD 8 HD 10,Compatible with Kindle Voyage Oasis Earbuds,Compatible with Xperia in Ear Headset Android Cell Phones Wired",Earbud Headphones,internal_oof
B0B6W264NB,EARBUD_INEAR,EARBUD_INEAR,EARBUD_INEAR,0.902577,"Bone Conduction Headphones, Wireless Headphones Open-Ear Headphones Bluetooth 5.1 Headphones for Music&Travel&Sports",Open-Ear Headphones,internal_oof
B0081YNICO,EARBUD_INEAR,EARBUD_INEAR,EARBUD_INEAR,0.960433,JVC HAFX1X Headphone Xtreme-Xplosivs,Earbud Headphones,internal_oof
B00Q2FTQJI,EARBUD_INEAR,EARBUD_INEAR,EARBUD_INEAR,0.977892,Pink Color 3.5mm Audio Earphone Headphones Headset Earbuds Volume Control With Microphone Hands Free For LG G3 Vigor,Earbud Headphones,internal_oof
B09TFM1SFQ,EARBUD_INEAR,EARBUD_INEAR,EARBUD_INEAR,0.99576,"pamu Wireless Earbuds Active Noise Cancelling Earbuds Bluetooth Headphones 5.2 with Charging case, ANC Earphones with Built-in Mic,ENC Call Noise Reduction Headset,Smart Touch,Deep Bass TWS Black",Earbud Headphones,internal_oof
B09MNG5JKY,EARBUD_INEAR,EARBUD_INEAR,EARBUD_INEAR,0.996326,Glumes 3.5mm In-Ear Wired Earphones Super Bass Wired Earbuds with Microphone Headphones HiFi Stereo Noise Isolating Ergonomic Sport Earphones Compatible with Smartphones (Black),Earbud Headphones,internal_oof
B097T9KD78,EARBUD_INEAR,EARBUD_INEAR,EARBUD_INEAR,0.998643,"Wireless Earbuds,TWS Bluetooth Headphones Stereo Sound Earphones Wireless Earbuds with Charging Case Noise Cancelling IPX6 Waterproof Bluetooth Earphones with Mic Touch Control LED Display (White)",Earbud Headphones,internal_oof
B07QBP3MDP,EARBUD_INEAR,EARBUD_INEAR,EARBUD_INEAR,0.993511,Xawy Earbuds 3.5MM Metal in-Ear Wired Headphones Noise Cancelling Earbuds for Phone/Galaxy S9/S8/Note8/Android with Mic Hands-Free Earphones,Earbud Headphones,internal_oof
B09K386DJ9,EARBUD_INEAR,EARBUD_INEAR,EARBUD_INEAR,0.989978,"VOSON True Wireless Stereo Earbuds for Sport, Bluetooth in-Ear Running Headphone Deep Bass with Charging Case Type-C Port Built-in Microphone IPX5 Waterproof 36H Playback for Workout Exercise",Earbud Headphones,internal_oof
B08KDDPK6Q,EARBUD_INEAR,EARBUD_INEAR,EARBUD_INEAR,0.996092,"HEYKING Wireless Earbuds, Bluetooth 5.0 in Ear Headphones Wireless Charging Case TWS Earphones with Mic, Deep Bass/IPX4 Waterproof/42H Playtime/Touch Control,Black",Earbud Headphones,internal_oof
B07N759FCZ,EARBUD_INEAR,EARBUD_INEAR,EARBUD_INEAR,0.988203,Ectreme Earbuds Ear Buds in Ear Headphones Wired Earphones with Microphone Mic Stereo and Volume Control Waterproof Wired Earphone J01,Earbud Headphones,internal_oof
B00IDR8KRW,EARBUD_INEAR,EARBUD_INEAR,EARBUD_INEAR,0.937879,White Stereo Headset Earphones with Remote and Mic Microphone for iPad 3 2 iPhone 3/3S 4/4S,Headphones & Earbuds,internal_oof
B09BNVYY7C,EARBUD_INEAR,EARBUD_INEAR,EARBUD_INEAR,0.976253,"OnePlus Buds Z - True Wireless in-Ear Earbuds with Charging Case, White – Fast Charging, Deep Bass, Comfortable and Lightweight, IP55 (Renewed)",Earbud Headphones,internal_oof
B07LH21GR2,OVER_EAR,OVER_EAR,OVER_EAR,0.987874,"PowerLocus P3 Wireless Bluetooth Headphones Over-Ear, [40h Playtime, Bluetooth 5.0] Foldable Stereo Wireless/Wired Headphone Over Ear with Mic Deep Bass Headset for iOS/Android/Laptop/PC/TV - White",Over-Ear Headphones,internal_oof
B0078JSD1E,EARBUD_INEAR,ON_EAR,ON_EAR,0.8268,Altec Lansing MZX236MICMW Bliss Headphones - Blue,Headphones & Earbuds,internal_oof
B00MFHNGHU,EARBUD_INEAR,UNKNOWN,EARBUD_INEAR,0.426011,"Adidas Sport Response by Monster Earbuds, Olive Green (Discontinued by Manufacturer)",Headphones & Earbuds,internal_oof
B0B1T59VHW,EARBUD_INEAR,EARBUD_INEAR,EARBUD_INEAR,0.979984,"Wireless Earbud, Bluetooth 5.2 Headphones with ENC HD Mic, Bluetooth Earphones with Deep Bass, Bluetooth Earbud in Ear Noise Cancelling, 40H Wireless Headphones IP7 Ear Buds, White[2022 Upgrade]",Earbud Headphones,internal_oof
B018802NUS,EARBUD_INEAR,EARBUD_INEAR,EARBUD_INEAR,0.970032,"White in-Ear Retractable Stereo Headset with Mic for Samsung Galaxy Tab S 10.5, 8.4 - Galaxy Tab A, Tab S2 8.0, 9.7 - Galaxy Tab 4 7.0, 8.0, 10.1 SM-T530 - Tab PRO 10.1 SM-T520",Earbud Headphones,internal_oof
B00UZLEVRC,EARBUD_INEAR,EARBUD_INEAR,EARBUD_INEAR,0.943207,TOUGH TESTED Noise-Isolating Wired Headset - Retail Packaging,Headphones & Earbuds,internal_oof
B0B75WJ2VX,EARBUD_INEAR,EARBUD_INEAR,EARBUD_INEAR,0.994222,"Altec Lansing NanoBuds True Wireless Earbuds with Charging Case, IPX4 Waterproof, Dual Mic, 30 Hours Playtime – Sports in Ear Earphones for iPhone & Android (ICY Blue) (Renewed)",Earbud Headphones,internal_oof
B07SCR4FL1,EARBUD_INEAR,EARBUD_INEAR,EARBUD_INEAR,0.991439,"Kygo Life E7/900 | Bluetooth Earbuds with Charging Case, IPX7 Waterproof Rating, Built-in Microphone, Autopairing with Comply Foam Tips (White)",Earbud Headphones,internal_oof
B09644ZV14,EARBUD_INEAR,EARBUD_INEAR,EARBUD_INEAR,0.976473,"Azpen NVEE Pro Upgraded True Wireless Earbuds, Waterproof, Ergonomic Stay in Design, Rich Sound and Heavy Bass, with Easy Pairing",Earbud Headphones,internal_oof
B07776ZLCX,ON_EAR,OVER_EAR,OVER_EAR,0.502872,Claire's Girl's Hematite Cat Ear Headphones,Headphones & Earbuds,internal_oof
B001BKFMZ6,EARBUD_INEAR,EARBUD_INEAR,EARBUD_INEAR,0.952708,Samsung WEP 301 Bluetooth Headset (Silver),Headphones & Earbuds,internal_oof
B088KL796R,EARBUD_INEAR,EARBUD_INEAR,EARBUD_INEAR,0.972925,"Monster Wireless Earbuds,Super Fast Charge,Bluetooth 5.0 in-Ear Stereo Headphones with USB-C Charging Case,Built-in Mic for Clear Calls,Water Resistant Design for Sports,Black.",Earbud Headphones,internal_oof
B00P6SR8LK,EARBUD_INEAR,EARBUD_INEAR,EARBUD_INEAR,0.849865,Sony Premium Active Series Lightweight Water-Resistant Extra Bass Noise-Cancelling Earbud Headphones with in-line Microphone and Remote for Apple/Android Smartphone (Orange),Earbud Headphones,internal_oof
B00NQRXYQG,EARBUD_INEAR,EARBUD_INEAR,EARBUD_INEAR,0.681798,digitsea Slouchy Beanie Slouch Skull Hat Ski Snowboard Fleece Hat Cap Keeps You Comfortable and Warm From Sports to Sleep with Built-in Removable Stereo Headset Earbuds Headphones Earphones Earpods 3.5mm (Medium - One Size Fits Most),Headphones & Earbuds,internal_oof
B00BSGOVPA,EARBUD_INEAR,EARBUD_INEAR,EARBUD_INEAR,0.969689,ZAGG Six Earbuds with Microphone - Yellow/Black,Earbud Headphones,internal_oof
B0BLWFMGNY,OVER_EAR,OVER_EAR,OVER_EAR,0.751684,"Bluetooth Beanie Hat with LED Light & Headphones, Built-in Microphone & Stereo Speakers 2022 Upgraded Rechargeable Music Knitted Hat, Unique Christmas Birthday Gifts for Men Women Black",Over-Ear Headphones,internal_oof
B091JQ19Y7,EARBUD_INEAR,EARBUD_INEAR,EARBUD_INEAR,0.996301,"SGNics Wireless Earbuds Bluetooth 5.1 Headphones Compatible with Samsung Galaxy A71 5G UW, IPX7 Waterproof TWS Stereo Headphones in Ear Built in Mic Headset",Earbud Headphones,internal_oof
B01N1P655C,EARBUD_INEAR,EARBUD_INEAR,EARBUD_INEAR,0.964186,"JBL E15 Earbuds, Teal (Jble15tel)",Earbud Headphones,internal_oof
B007JT480S,EARBUD_INEAR,EARBUD_INEAR,EARBUD_INEAR,0.912571,Black 3.5mm Stereo Ear Headphone Headset Earphone For Apple iPhone iPod,Headphones & Earbuds,internal_oof
B08QF5SKT7,EARBUD_INEAR,EARBUD_INEAR,EARBUD_INEAR,0.996122,"Olyre True Wireless Earbuds with Microphone, TS10 Bluetooth 5.1 Earphones with Charging Case LED Display Touch Control Stereo Deep Bass Waterproof Cordless in-Ear Headphones Buds for Men Women - Blue",Earbud Headphones,internal_oof
B00DQCV7KQ,ON_EAR,EARBUD_INEAR,EARBUD_INEAR,0.808104,iDeaUSA AtomicX Wireless Headphone On Ear Headphone 3D Surround Stereo Bluetooth Headset HD Heads-Free Calling Wireless Headset with Mic & Carrying Case (Black),Headphones & Earbuds,internal_oof
B088ZMZJSR,EARBUD_INEAR,EARBUD_INEAR,EARBUD_INEAR,0.996738,"Wireless Earbuds, Wireless Headphones Besunny Bluetooth 5.0 Earbuds with USB-C Charging Case, Bluetooth Earbuds Waterproof True Wireless Earbuds, Built-in Mic Bluetooth Headphones (1Pair, Red)",Earbud Headphones,internal_oof
B000YMPXE2,EARBUD_INEAR,EARBUD_INEAR,EARBUD_INEAR,0.822047,Plantronics Explorer 220 Bluetooth Headset [Bulk Packaging],Headphones & Earbuds,internal_oof
B003VSCEWA,ON_EAR,ON_EAR,ON_EAR,0.997616,Softcomm C-200 Headset,On-Ear Headphones,internal_oof
B08D8HYZWZ,EARBUD_INEAR,EARBUD_INEAR,EARBUD_INEAR,0.988796,Earphone w Mic Wired Mono Headphone for Galaxy A01 A10e A11 A21 A20 A50 A51 A71 - Headset 3.5mm Single Earbud Hands-Free Compatible with Samsung Galaxy A71 5G A51 A50 A21 A20 A11 A10e A01,Earbud Headphones,internal_oof
B08P7J5JTM,EARBUD_INEAR,EARBUD_INEAR,EARBUD_INEAR,0.985468,"ASTRUM ET320 Earbuds – True Wireless Earbuds with Type-C Charging Case, Bluetooth V5.1 Earbuds with a Comfortable, Secure Fit, Long Battery Life, Great Sound, Auto Pair & Touch Control - Black",Earbud Headphones,internal_oof
B00XCVSQIW,EARBUD_INEAR,EARBUD_INEAR,EARBUD_INEAR,0.946418,"Sentry Industries HPXHM800 Black Diamond Headphones Digital Stereo Sound with Microphone,LYSB00XCVSQIW-ELECTRNCS",Earbud Headphones,internal_oof
B005HYRQ74,EARBUD_INEAR,EARBUD_INEAR,EARBUD_INEAR,0.648489,Stereo Headset/ Headphone for PANTECH Pursuit II P6010 (Black),Headphones & Earbuds,internal_oof
B003T0TG1M,OVER_EAR,ON_EAR,ON_EAR,0.684517,"Skullcandy Hesh Headphones - 2011 Lurker Poison (2010 Color), One Size",Headphones & Earbuds,internal_oof
B092VWL8QP,EARBUD_INEAR,EARBUD_INEAR,EARBUD_INEAR,0.93632,Kuopry [𝐀𝐩𝐩𝐥𝐞 MFi Certified] 𝐀𝐢𝐫𝐏𝐨𝐝𝐬 Pro Wireless Earbuds Wireless Headphones Bluetooth Headphones with Microphone Charging Case in-Ear Hi-Fi Stereo Headsets for iPhone/Android (White),Earbud Headphones,internal_oof
B01D3QZ8EK,EARBUD_INEAR,EARBUD_INEAR,EARBUD_INEAR,0.939419,"Symphonized Wired Earbuds with Microphone - Noise Isolating Headphones with Wire, Ear Buds with Wire, Headphones with Microphone for Computer, Corded Earbuds, Travel Headphones 3.5mm Graduation Gift",Earbud Headphones,internal_oof
B001EZYMRM,EARBUD_INEAR,EARBUD_INEAR,EARBUD_INEAR,0.900418,"Sennheiser CX300 II CX 300 II Precision Enhanced Bass Earbuds, Black (Discontinued by Manufacturer)",Earbud Headphones,internal_oof
B0C43MXC4D,EARBUD_INEAR,EARBUD_INEAR,EARBUD_INEAR,0.573246,BByogooz Earbuds for Kids with Storage Case Cute Kids Earbud with Mic Microphone for School Wired in-Ear Headphones for Girls Boys Adultskids Earbuds (Pink Unicorn),Earbud Headphones,internal_oof
B076LHT7VJ,EARBUD_INEAR,EARBUD_INEAR,EARBUD_INEAR,0.994856,Sports Headphones in-Ear Monitor Earphones with Noise Isolating Earbuds Wave Style Detachable Cable for ipad iPhone Android Smartphone MP3 Players,Earbud Headphones,internal_oof
B0040J52MI,EARBUD_INEAR,EARBUD_INEAR,EARBUD_INEAR,0.616965,Plantronics 82680-07 240/r Explorer Hdset Us Rs,Headphones & Earbuds,internal_oof
B008F2WW3S,EARBUD_INEAR,EARBUD_INEAR,EARBUD_INEAR,0.928321,Maxell 190282 Stereo Earbud (No Mic) - Blue,Earbud Headphones,internal_oof
B004CFDC3G,EARBUD_INEAR,EARBUD_INEAR,EARBUD_INEAR,0.77836,Sony Ericsson WHITE MW600 Hi-Fi Wireless Headset with FM Radio in Retail Packaging,Headphones & Earbuds,internal_oof
B08W89Y1F4,EARBUD_INEAR,EARBUD_INEAR,EARBUD_INEAR,0.994068,"Volkano Wireless Sport Earbuds with Ear Hooks, 24-Hr Playtime Bluetooth 5.0 Earphones TWS Sweatproof Headset, Wireless Earphones w/Mic & Charging Case, Ideal for Running Workout - Sprint 2.0 Series",Earbud Headphones,internal_oof
B08BLL5YPY,EARBUD_INEAR,EARBUD_INEAR,EARBUD_INEAR,0.956483,DRON TOOON Wireless Bluetooth Headphones 5.0，HD Stereo Sound Wireless Headset，Automatic Pairing，Noise Canceling，with 3000mAh Charging Case ，Long Playtime，Built-in Mic for Work/Running/Travel/Gym,Earbud Headphones,internal_oof
B00U60RJOO,EARBUD_INEAR,EARBUD_INEAR,EARBUD_INEAR,0.975738,"GranVela X6 PRO Hi Fidelity Noise-Isolating Earpbuds with Mic and Detachable Cable for DJ, Running and Sports -Musician's in-Ear Monitor- (Blue)",Earbud Headphones,internal_oof
B0BYJGJPQ4,EARBUD_INEAR,EARBUD_INEAR,EARBUD_INEAR,0.928878,Xiaomi Mi True Wireless Basic S Bluetooth 5.0 Headphones Stereo Bass with Microphone AI Control Hands-free Headphones Black （Global Version）,Earbud Headphones,internal_oof
B0038YSA0W,EARBUD_INEAR,EARBUD_INEAR,EARBUD_INEAR,0.984408,New Premium Quality Stereo Handsfree Headset Headphone Earphone with Built-in Microphone Remote (White) for Apple Ipod Iphone 4 3G 3GS [SmackTom Packaging],Earbud Headphones,internal_oof
B00MMLXI4A,OVER_EAR,OVER_EAR,OVER_EAR,0.960757,Pioneer SE-MJ502-K Fully Enclosed Dynamic Headphone,Over-Ear Headphones,internal_oof
B009YJETT6,EARBUD_INEAR,EARBUD_INEAR,EARBUD_INEAR,0.762823,Able Planet Musicians Choice Sound Isolation Earphones (Metallic Green),Headphones & Earbuds,internal_oof
B08KTCRNNT,EARBUD_INEAR,EARBUD_INEAR,EARBUD_INEAR,0.990629,"Edifier True Wireless Earbuds X5 Bluetooth 5.0 Earphones in Ear with Charging Case Easy-Pairing Noice Canceling Calls,Deep Bass for Sports Black",Earbud Headphones,internal_oof
B0B6D5X24N,EARBUD_INEAR,EARBUD_INEAR,EARBUD_INEAR,0.99365,"Motast Wireless Earbuds, Bluetooth 5.1 Earbuds 140H Playtime Bluetooth Headphones Stereo Noise Cancelling Wireless Earphones in Ear with Mic, USB-C Charging IP7 Waterproof Headset for Sport Rose Gold",Earbud Headphones,internal_oof
B00E5YMI6G,EARBUD_INEAR,EARBUD_INEAR,EARBUD_INEAR,0.964086,Brand New Black Hands Free EarPhone HeadPhones HeadSet With Mic For LG Motion MS770 Esteem MS910,Headphones & Earbuds,internal_oof
B0BRNTHSLP,OVER_EAR,OVER_EAR,OVER_EAR,0.814994,"MUSICOZY Sleep Headphones Bluetooth Headband, Wireless Sleeping Headphones Music Sport Headbands, Long Time Play Sleeping Headsets Built-in Thin Speakers, Skulls Design for Sleeping Yogo",Over-Ear Headphones,internal_oof
B005HYID2Q,EARBUD_INEAR,EARBUD_INEAR,EARBUD_INEAR,0.921039,EMPIRE Stereo Hands-Free 3.5mm Headset Headphones for Verizon RIM BlackBerry Bold 9930,Headphones & Earbuds,internal_oof
B08QMTYKJH,EARBUD_INEAR,EARBUD_INEAR,EARBUD_INEAR,0.997506,Wireless Earbuds Bluetooth 5.0 Headphones Immersive Stereo Sound in-Ear Headset 30H Playtime with Charging Case Built-in Mic IPX5 Waterproof Earphones for Running Gym Workout(Black),Earbud Headphones,internal_oof
B00TJNKDJ2,ON_EAR,EARBUD_INEAR,EARBUD_INEAR,0.482516,SoundLogic Kid's Headphone - Retail Packaging - Blue,Headphones & Earbuds,internal_oof
B074TZSCSH,EARBUD_INEAR,EARBUD_INEAR,EARBUD_INEAR,0.943262,Stereo Headphones Earbuds Built in Hands Free Microphone Box Shaped Pink 6ft Extension Cable Compatible with Alcatel Idol 4S,Earbud Headphones,internal_oof
B0122PM486,EARBUD_INEAR,EARBUD_INEAR,EARBUD_INEAR,0.951057,iQualTech Earphones for iPhone - Ceramic Sculpted Earphones with Microphone for Handsfree Calling and Remote Earphones White,Headphones & Earbuds,internal_oof
B078HSRDH5,EARBUD_INEAR,EARBUD_INEAR,EARBUD_INEAR,0.994262,"True Wireless Earbuds w/Charging Case, AICase Bluetooth Headphones Dual in-Ear Mini Cordless Hands-Free Headset with Portable Charger Built-in Mic for iPhone Samsung iPad and Most Android Phones",Earbud Headphones,internal_oof
B002N2DNO8,EARBUD_INEAR,EARBUD_INEAR,EARBUD_INEAR,0.659212,"Laird Hamilton Signature Series H3 Waterproof Headphones, (Made by H2O Audio)",Headphones & Earbuds,internal_oof
B004C3IZI0,EARBUD_INEAR,EARBUD_INEAR,EARBUD_INEAR,0.959472,Handsfree Stereo Headset - OEM Original (HDW-14322-001) for Samsung Continuum,Headphones & Earbuds,internal_oof
B00NF0DCSY,EARBUD_INEAR,EARBUD_INEAR,EARBUD_INEAR,0.869716,Samsung Original OEM Headphones with Zippered Delton Branded Headphone Holder Case - Non-Retail Packaging - Black,Headphones & Earbuds,internal_oof
B08VW8C73X,EARBUD_INEAR,EARBUD_INEAR,EARBUD_INEAR,0.975955,Zonlaky Bluetooth 5.0 Wireless Earbuds Bluetooth Headphones with Charging Case (iCanonic Series 802030) IPX5/Built-in Mic Headset V4 Ideal for Kid and Adult,Earbud Headphones,internal_oof
B0014JK3N0,EARBUD_INEAR,EARBUD_INEAR,EARBUD_INEAR,0.868518,Skullcandy Chops Hanger Earbuds - Black,Earbud Headphones,internal_oof
B0030C5U8C,OVER_EAR,OVER_EAR,OVER_EAR,0.965178,"Aerial7 Chopper2 Headphones Britt, One Size",Over-Ear Headphones,internal_oof
B08BZDR3ZT,EARBUD_INEAR,EARBUD_INEAR,EARBUD_INEAR,0.842528,Aftershokz OpenMove Wireless Bone Conduction Open-Ear Bluetooth Headphones Includes Pack,Over-Ear Headphones,internal_oof
B013HK2836,ON_EAR,ON_EAR,ON_EAR,0.995901,Beats Studio Wireless On-Ear Headphone - Black (Renewed),On-Ear Headphones,internal_oof
B0BMTF55P7,EARBUD_INEAR,EARBUD_INEAR,EARBUD_INEAR,0.951737,"LASUNEY Wireless Earbuds, 35H Playtime Bluetooth Headphones with Mics and Charging Case for iPhone Android, Waterproof Running Headphones for Gym Yoga Workout, Hi-Fi Sound Over Ear Buds with Earhooks",Earbud Headphones,internal_oof
B09GKT5DJW,EARBUD_INEAR,EARBUD_INEAR,EARBUD_INEAR,0.964645,OKEEFE Bluetooth Headphones 48Hrs Playback Wireless Earbuds with Wireless Charging Case and Earhooks Over Ear Waterproof Earphones with Mic for Sports Running Workout iOS Android TV Phone Laptop Blue,Earbud Headphones,internal_oof
B01N7S0IPR,OVER_EAR,OVER_EAR,OVER_EAR,0.982949,Sennheiser HD 206 Stereo Headphone,Over-Ear Headphones,internal_oof
B0134IGCM4,EARBUD_INEAR,EARBUD_INEAR,EARBUD_INEAR,0.939768,"Aircom A1 Airtube Stereo Headsets with HandsFree Microphone, Micro Earbuds, Noise Isolating Eartips, True Live Sound Listening for Phones, Tablets and MP3 Players",Headphones & Earbuds,internal_oof
B0BRP2WTG3,EARBUD_INEAR,EARBUD_INEAR,EARBUD_INEAR,0.995861,"Wireless Bluetooth 5.0 Earbuds Headphones in-Ear,Fast Charging Case Wireless Earbuds Deep Bass with mic, Touch Control, IPX5 Waterproof Sport Wireless Headphones for Work Running Gym",Earbud Headphones,internal_oof
B01DBQTDDO,EARBUD_INEAR,EARBUD_INEAR,EARBUD_INEAR,0.985291,Ear Buds Earphones in Ear Headphones Wired Earbuds with Microphone Mic Stereo and Volume Control Earphone for Earphone Earbud Mp3 Players Tablet Laptop,Earbud Headphones,internal_oof
B09QPQT53F,EARBUD_INEAR,EARBUD_INEAR,EARBUD_INEAR,0.9838,"Airpod Cleaner Kit, Doormoon Multifunction Headphones Cleaner Kit Compatible with Airpods Pro 1 2 Samsung Bluetooth Android Earbuds, Case Clean Tools (Whtie)",Earbud Headphones,internal_oof
B01CV22JVM,EARBUD_INEAR,EARBUD_INEAR,EARBUD_INEAR,0.84776,"Life.Idea 3.5mm Color Earphones - Package of 50 Pairs, 8 Different Colors, Metal Like Earbuds, Cool and Stylish, Wholesale Bundle, Wide Compatibility (8 Colors/50 pcs)",Headphones & Earbuds,internal_oof
B003HMNIEI,EARBUD_INEAR,EARBUD_INEAR,EARBUD_INEAR,0.815223,"2.5mm Black Bullet Headset for LG LX370/ enV3 VX9200/ Rumor2 LX265,AX265/ Versa VX9600/ VX8360/ Swift AX500/ AX155/ AX300,UX300/ Cosmos VN250/ Octane VN530",Headphones & Earbuds,internal_oof
B0851VTVLF,EARBUD_INEAR,EARBUD_INEAR,EARBUD_INEAR,0.981297,"EarFun Air True Wireless Earbuds, Bluetooth Earbuds with 4 Mics, Sweatshield IPX7 Waterproof with Volume Control, USB-C Fast Charge, in-Ear Headphones with Wireless Charging, Deep Bass, 35Hrs, White",Earbud Headphones,internal_oof
B0BBKYDMX7,EARBUD_INEAR,EARBUD_INEAR,EARBUD_INEAR,0.510484,Bluetooth Earbuds Wireless Sleep Headphones Wireless Earphones with Microphones Noise Cancelling Invisible Sleep Earbuds for Side Sleepers Long Battery Life,Over-Ear Headphones,internal_oof
B0C3GDKZQT,EARBUD_INEAR,EARBUD_INEAR,EARBUD_INEAR,0.945024,"BEBEN Wireless Earbuds, 36H Playtime Bluetooth Headphones with Mics and Charging Case for iPhone Android, Waterproof Running Headphones for Gym Yoga Workout, Hi-Fi Sound Over Ear Buds with Earhooks",Earbud Headphones,internal_oof
B000EYH7E4,ON_EAR,UNKNOWN,OVER_EAR,0.416271,"Jwin JBP85 Headphone, Street-Style (Discontinued by Manufacturer)",Headphones & Earbuds,internal_oof
B082WHYCDH,EARBUD_INEAR,EARBUD_INEAR,EARBUD_INEAR,0.939678,JL supply in Ear Stereo Headphones with Microphone Compatible with Galaxy S10 S10+S9/S9+ S8/S8+ Note8 / Note9 S7 S7 Edge- Earbuds 2 Pack W/Extra 4 Ear Piece(Gray),Earbud Headphones,internal_oof
B0CJTXDZ66,ON_EAR,ON_EAR,ON_EAR,0.894647,20 Pack Bulk Classroom Headphones with Microphone Students Kids Wired Headphones School Class Set Headphones for School Library Computer Office Meeting Adults 3.5 Jack Universal Plug (Multicolor),On-Ear Headphones,internal_oof
B07Y9PG7ZR,EARBUD_INEAR,EARBUD_INEAR,EARBUD_INEAR,0.994249,"Wireless Earbuds, 5.0 True Wireless Bluetooth Headphones 3D Stereo Sound Wireless Headphones Mini Sweatproof Sport Headsets in-Ear Noise with Built-in Mic and Charging Case",Earbud Headphones,internal_oof
B0BRSHZHQB,EARBUD_INEAR,EARBUD_INEAR,EARBUD_INEAR,0.989241,TOZO T12 2022 Wireless Earbuds Bluetooth 5.3 Headphones Premium Sound Performance Touch Control LED Digital Display Wireless Charging Case Earphones Dark Black (Renewed),Earbud Headphones,internal_oof
B00009SO63,EARBUD_INEAR,EARBUD_INEAR,EARBUD_INEAR,0.865255,Sony ME-L82 Mono Earphones Code 1M 3.5mm Plug MEL82H /Genuine,Headphones & Earbuds,internal_oof
B01NACLDSE,EARBUD_INEAR,EARBUD_INEAR,EARBUD_INEAR,0.984591,audbos Double Driver in-Ear Earphones|Headphones|Earbuds Deep Bass Noise Isolating with Mic and Remote (Golden Hoop),Earbud Headphones,internal_oof
B00BP6B3Y0,OVER_EAR,OVER_EAR,OVER_EAR,0.989809,Griffin Technology Kids Headphones - Kazoo Frog MyPhones,Over-Ear Headphones,internal_oof
B0C6P6RY6J,EARBUD_INEAR,EARBUD_INEAR,EARBUD_INEAR,0.99686,"Wireless Earbuds Bluetooth 5.1 Headphones with Wireless Charging Case IPX7 Waterproof Stereo Earphones in-Ear Built-in Mic Headset, Auto Pairing Headphones for iPhone/Samsung/iOS/Android (Black)",Earbud Headphones,internal_oof
B07C3T745S,OVER_EAR,OVER_EAR,OVER_EAR,0.783532,BASEMAN Wired Headphones Headsets Strong Low Bass Stereo Foldable Over-Ear Earphones with Microphone 3.5mm for Cellphones iPhone Laptop Tablet Mp4 Mp3 PC (Black),Headphones & Earbuds,internal_oof
B07T6GS9QT,EARBUD_INEAR,EARBUD_INEAR,EARBUD_INEAR,0.9986,"Wireless Earbuds,Bluetooth Earbuds Wireless Earphones with Mic Charging Case,Sport Running Mini True Stereo Earbuds Bluetooth Compatible Android Samsu (Black)",Earbud Headphones,internal_oof
B00KZIK1QK,ON_EAR,OVER_EAR,OVER_EAR,0.515238,audio-technica Portable Headphones Black ATH-WM77 BK IM (Japan Import),Headphones & Earbuds,internal_oof
B09NCTW6KR,EARBUD_INEAR,EARBUD_INEAR,EARBUD_INEAR,0.978591,"XIAODU Smart Wireless Earbuds, Voice Note Lightweight Headphone, with 13mm Dynamic Driver Unit and Type-C Charging Case, Mic, Sweat Proof, in-Ear Stereo Earphones for Sports",Earbud Headphones,internal_oof
B0BFJ2TYZX,EARBUD_INEAR,EARBUD_INEAR,EARBUD_INEAR,0.980705,Hoseili【2022new editionBluetooth Headphones】.Bluetooth 5.0 Wireless Earphones in-Ear Stereo Sound Microphone Mini Wireless Earbuds with Headphones and Portable Charging Case for iOS Android PC. XGB2,Earbud Headphones,internal_oof
B01FU6GSCW,OVER_EAR,EARBUD_INEAR,EARBUD_INEAR,0.764423,"Beyution 2-in-1 Portable Wireless Bluetooth Transmitter and Receiver with 3.5mm Audio Cable/RCA Cables Connected to TV & Paired with 2 Bluetooth Headphones At Once in TX Mode,Enjoy Stereo Music & Hand",Headphones & Earbuds,internal_oof
B00D55ZHYG,OVER_EAR,OVER_EAR,OVER_EAR,0.581538,"New Retail Package- Black Hi-Fi Over-Ear Smart Stereo Wireless Bluetooth 4.0 Headphones with Microphone for Mobile Cell Phone Laptop PC Tablet, Such as Works w/iPod, iPad, iPhone, Android Devices",Headphones & Earbuds,internal_oof
B01CFNX15K,ON_EAR,ON_EAR,ON_EAR,0.933534,"Skullcandy Grind Bluetooth Wireless On-Ear Headphones with Built-In Mic and Remote, 12-Hour Rechargeable Battery, Supreme Sound Audio, Plush Ear Pillows for Comfort, Royal Blue",On-Ear Headphones,internal_oof
B00BFPUXBK,ON_EAR,ON_EAR,ON_EAR,0.821695,Urban Beatz Accent Headphones - Pink (UB-HL125 ),Headphones & Earbuds,internal_oof
B01LX4JU3O,OVER_EAR,OVER_EAR,OVER_EAR,0.757221,Audio-Technica Limited Edition Professional Studio Monitor Headphones Gray (ATH-M50xMG) with Audio-Technica Omnidirectional Condenser Lavalier Microphone & Slappa HardBody PRO Headphone Case Black,"Headphones, Earbuds & Accessories",internal_oof
B0BHDRDKXT,EARBUD_INEAR,EARBUD_INEAR,EARBUD_INEAR,0.887762,"Open Ear Air Conduction Headphones, Music Earphones Wireless Bluetoeth 5.2 Headset with Up to 7 Hours Playtime Built-in ENC Mic, Hi-Fi Sound Lightweight for Home Office Commute Indoor Use (Blue)",Open-Ear Headphones,internal_oof
B0CK78QNCX,EARBUD_INEAR,EARBUD_INEAR,EARBUD_INEAR,0.837904,"HISOOS Wireless Earbuds Bluetooth Active Noise Cancelling Headphones HiFi Stereo Ear Buds LED Power Display in-Ear Headphones with Charging Case Earphones for iPhone Android,Music Game (Rose Gold)",On-Ear Headphones,internal_oof
B0BRCLQ5T6,EARBUD_INEAR,EARBUD_INEAR,EARBUD_INEAR,0.987716,"Acres Wireless Earbuds, [2023 Upgraded] Earphone Bluetooth 5.1 with Charging Case.Smart Noise Reduction for Clear Calls, Enhanced Deep Bass of Sports Headphones for Sport/Travel/Gym",Earbud Headphones,internal_oof
B01CULINTG,ON_EAR,ON_EAR,ON_EAR,0.967634,Audio Technica ATH-M50xMG LTD Matte Gray Monitor Headphones w/Headphone Amp,On-Ear Headphones,internal_oof
B07YYMNXGV,EARBUD_INEAR,EARBUD_INEAR,EARBUD_INEAR,0.986037,Retractable Earphones Compatible with Samsung Galaxy Tab A 10.1 (2019) Tablet - Headphones Hands-Free Headset 3.5mm w Mic Earbuds Earpieces Microphone for Galaxy Tab A 10.1 (2019) Model ONLY,Earbud Headphones,internal_oof
B00068LZKK,ON_EAR,EARBUD_INEAR,EARBUD_INEAR,0.502888,Ear-Clips With Bass Vents,Headphones & Earbuds,internal_oof
B072J99DG7,EARBUD_INEAR,EARBUD_INEAR,EARBUD_INEAR,0.93182,AWEI in Ear Earbuds Noise Cancelling Headphones Gold Plated Plug Wired Earphones with Microphone Volume Control Remote for MP3 Cell Phones Tablets Laptops PC Black,Earbud Headphones,internal_oof
B0BNV9NMLH,EARBUD_INEAR,EARBUD_INEAR,EARBUD_INEAR,0.992195,Orancu Bluetooth Headphones Wireless Earbuds with Wireless Charging Case 48hrs Playtime LED Digital Display Deep Bass Sound Earphones with Built in Mic and Over Earhooks Waterproof Headset,Earbud Headphones,internal_oof
B00EV27PZG,EARBUD_INEAR,EARBUD_INEAR,EARBUD_INEAR,0.907105,Zeadio ZP-AR200 Throat Mic Microphone Headset for iPhone 6 6 Plus 5 4 4s/Samsung S6 S5 S4 S3 Note 2 3 4 9500 9300/Blackberry/HTC/Sony/LG and More - White [1 Year Warranty],Headphones & Earbuds,internal_oof
B076FCJ963,EARBUD_INEAR,EARBUD_INEAR,EARBUD_INEAR,0.96972,"JVC Soft Wireless Earbud with Stayfit Tips, Remote and Mic and Bluetooth Blue (HA-FX9BTA)",Earbud Headphones,internal_oof
B0BC14M33J,EARBUD_INEAR,EARBUD_INEAR,EARBUD_INEAR,0.994368,"Bone Conduction Headphones, Open-Ear Bluetooth 5.2 Sport Headphones, Built-in Mic Wireless Bone Conduction Earphone Bluetooth Waterproof Headset for Running Workout Gym Hiking",Open-Ear Headphones,internal_oof
B0BNG1JP5Z,EARBUD_INEAR,EARBUD_INEAR,EARBUD_INEAR,0.994488,Wireless Earbuds Bluetooth 5.3 Headphones 40Hrs Playback IPX7 Waterproof Sports Earphones with Wireless Charging Case & LED Power Display TWS Stereo Headset Microphone for iOS Android Laptop Black,Earbud Headphones,internal_oof
B07D292FWJ,OVER_EAR,OVER_EAR,OVER_EAR,0.561737,Califone International 1569016 3068 MT-10 L Headphones44; Set of 10,"Headphones, Earbuds & Accessories",internal_oof
B00RA6F7UA,EARBUD_INEAR,EARBUD_INEAR,EARBUD_INEAR,0.933894,Premium Sound Earphones Hands-Free Tangle Free Flat Wired Gray/Black Headset Dual Earbuds with Microphone for Net10 / Straight Talk / Tracfone Motorola EX124G - Motorola Defy XT - Alcatel One Touch Sonic LTE / OneTouch Pop Icon / Pop Star / Mega - LG 511C - LG Optimus Fuel,Headphones & Earbuds,internal_oof
B0B4WFGKNN,EARBUD_INEAR,EARBUD_INEAR,EARBUD_INEAR,0.995326,"miumiupop True Wireless Earbuds with Touch Control, Microphone, Charging Case for Ear Buds Headset for Sports, Fitness, Home, Work(White)",Earbud Headphones,internal_oof
B08H8JCHH9,EARBUD_INEAR,EARBUD_INEAR,EARBUD_INEAR,0.99059,"Wireless Earbuds, Cystereo Glare Bluetooth 5.0 Earbuds, 4 Mics Noise Cancelling for Clear Call, IPX7 Waterproof, Touch Control, aptX Deep Bass Earbuds with USB C Charging Case for Sports, Work",Earbud Headphones,internal_oof
B0CDLM2MJB,EARBUD_INEAR,EARBUD_INEAR,EARBUD_INEAR,0.99508,"Wireless Bluetooth Earbuds, True Stereo Headsets in-Ear, 30H Playtime & Charging Case, Built-in Mic Earphones Premium Sound, Touch Control, IPX5 Waterproof Sport Headphones, black-B10",Earbud Headphones,internal_oof
B0BD2XV6YQ,EARBUD_INEAR,EARBUD_INEAR,EARBUD_INEAR,0.929006,WskLinft 1 Pair Earphone Phone Call Long Endurance in-Ear Bluetooth-Compatible 5.2 Sports Headset Speaker Accessories Black,Earbud Headphones,internal_oof
B00G5LBMYG,EARBUD_INEAR,UNKNOWN,ON_EAR,0.451178,"Pre-stuffed Holiday Stocking Includes: Digital Stereo Earbuds, Solar Powered Keychain Flashlight, Digital Photo Frame, Pocket Sized Tool Kit","Headphones, Earbuds & Accessories",internal_oof
B09N76B4RD,ON_EAR,ON_EAR,ON_EAR,0.949259,AILIHEN Bulk Classroom Student Headphones (5 Pack) for K-12 School Class Sets Teens with 93dB Volume Limited Wired Foldable Headset for Online Study Library Computer Testing Centers (Black Orange),On-Ear Headphones,internal_oof
B003R2IQPE,EARBUD_INEAR,EARBUD_INEAR,EARBUD_INEAR,0.7604,RF3 ENVi 3.5mm Natural Wood Mono Headset,Headphones & Earbuds,internal_oof
B09XQW2CWK,EARBUD_INEAR,EARBUD_INEAR,EARBUD_INEAR,0.995052,Mekomy Wireless Earbuds Bluetooth 5.0 Headphones with 30H Cycle Playtime Built-in Mic IPX6 Waterproof Headsets Charging Case for in-Ear Buds (White),Earbud Headphones,internal_oof
B01ARNV56W,EARBUD_INEAR,EARBUD_INEAR,EARBUD_INEAR,0.976918,Fullkang Super Bass Stereo in-Ear Earphone Sport Headset with Headphone Storage Bag (Gold),Earbud Headphones,internal_oof
B0036ZXAOO,ON_EAR,ON_EAR,ON_EAR,0.863501,"TOOKS Brigade Camo Headphone Audio Beanie Hat with Built-in Removable Headphones - Color: Black Hawk, Unique Gift Idea","Headphones, Earbuds & Accessories",internal_oof
B0B9FX167S,EARBUD_INEAR,EARBUD_INEAR,EARBUD_INEAR,0.977694,"Bluetooth Earbuds with Earhooks, 96Hrs Playtime Sport Headphones with Charging Case and LED Digital Display Built in Mic IPX7 Waterproof Headphones, Bass Sound Headset, Over Ear Earbuds for Sport…",Earbud Headphones,internal_oof
B0C4DV6RDW,EARBUD_INEAR,EARBUD_INEAR,EARBUD_INEAR,0.986495,"Famedy in-Ear Monitors, Wired Earbuds with Tesla Technology Headphone MMCX Detachable Cables,Noise-Isolating in Ear Earbuds for Musicians Drummer HiFi Stereo IEM Earphones (Black, no mic)",Earbud Headphones,internal_oof
B0BL78QGLK,OVER_EAR,OVER_EAR,OVER_EAR,0.81656,WINONLY Sleep Headphones Wireless Bluetooth Headband - Valentines Day Gifts for Him Upgrade Soft Eye Mask for Sleeping Long Time Play Music Sport Headbands for Workout Running Yoga Unique for Men,Over-Ear Headphones,internal_oof
B008JBHGR2,EARBUD_INEAR,EARBUD_INEAR,EARBUD_INEAR,0.840263,"WiGO GOODS LLC ADIO-3555 ADIO Series, BeAN Retractable Cable Magnetic Clasp Earbuds with Mic - Wired Headsets - Retail Packaging - White",Headphones & Earbuds,internal_oof
B07SK6Q5XX,EARBUD_INEAR,EARBUD_INEAR,EARBUD_INEAR,0.991399,"Soundcore Anker Liberty Air True-Wireless Earphones with Charging Case, Bluetooth 5, Touch Control Earbuds(Renewed)",Earbud Headphones,internal_oof
B0768GKLNL,EARBUD_INEAR,EARBUD_INEAR,EARBUD_INEAR,0.992756,"Audifonos Earbuds, Earbud Headphones with Microphone - Dynamic Clear Sound Ear Buds with Mic, Noise Isolating Earphones Compatible with Samsung Galaxy S9 S8 S7 S6 S5 Note Edge and More Cell Phones",Earbud Headphones,internal_oof
B09X9NR2TR,EARBUD_INEAR,EARBUD_INEAR,EARBUD_INEAR,0.994532,"Jesebang Wireless Earbud, Bluetooth Headphones Touch Control Built in Microphone, Wireless Earphones with Wireless Charging Case, 30 Hours Playtime Compatible with iOS, Android, IP7 Waterproof, White",Earbud Headphones,internal_oof
B00SMNYFIU,OVER_EAR,OVER_EAR,OVER_EAR,0.508966,"Sound Intone IP-810 Lightweight Stereo Portable Headphones with Mic, Stretching Headband Headsets, for Kids Boys Girls Headset and Android Smartphone,PC, Laptop and All 3.5mm Jack Devices (Pink)",Headphones & Earbuds,internal_oof
B0002ORPMU,ON_EAR,ON_EAR,ON_EAR,0.808819,Samson PH60,Headphones & Earbuds,internal_oof
B072LFK2RG,EARBUD_INEAR,EARBUD_INEAR,EARBUD_INEAR,0.644749,iWorld Hyper Sound Earbuds with Mic 1 pr Box,Headphones & Earbuds,internal_oof
B00768BE18,OVER_EAR,EARBUD_INEAR,EARBUD_INEAR,0.709352,"Lenovo Wireless Headset for PC and Mac, W770B ( 888013185 )",Headphones & Earbuds,internal_oof
B0BL3JKNQW,EARBUD_INEAR,EARBUD_INEAR,EARBUD_INEAR,0.989538,"Ganfancp Bluetooth 5.1 Wireless Earbuds,LED Aperture Digital Display Charging Case Headset,HD Stereo Noise Reduction Waterproof Headphones,Great Gift for Family,Friend",Earbud Headphones,internal_oof
B07PMWK9H5,EARBUD_INEAR,EARBUD_INEAR,EARBUD_INEAR,0.980792,Earphones/Earbuds/Headphones 2Pack Black Compatible with iPhone / Galaxy S9/S9+ S8/S8+ Note8 / Android in-Ear Headphones Remote + Mic Hands-Free Earphones,Earbud Headphones,internal_oof
B0BCKHQGJN,EARBUD_INEAR,EARBUD_INEAR,EARBUD_INEAR,0.996093,"Btootos Wireless Earbud Bluetooth Headphones with 4 Mic,40H Playtime LED Power Display Bluetooth 5.3 True Wireless Earbud,Deep Bass Mini Wireless Headphones in Ear Buds Wireless Earphones Sport Black",Earbud Headphones,internal_oof
B00GKDEA98,EARBUD_INEAR,EARBUD_INEAR,EARBUD_INEAR,0.935508,Zeadio 3.5mm Open Helmet Half Face Motorcycle Bike Helmet Audio Radio Headset Earpiece Kit Microphone for iPhone 5 5s 5c 4 4s Samsung Galaxy Note 2 Ii S4 SIV S3 Siii S2 SII N7100 I9500 I9300 Etc.,Headphones & Earbuds,internal_oof
B00AHOG8S2,EARBUD_INEAR,EARBUD_INEAR,EARBUD_INEAR,0.923696,iSound BT-2000 Bluetooth Stereo Headset,Headphones & Earbuds,internal_oof
B00U18GOHE,OVER_EAR,UNKNOWN,EARBUD_INEAR,0.465813,Sound Intone Hd680 Lightweight Headphones with Microphone for Iphone and Android Devices (Orange),Headphones & Earbuds,internal_oof
B07RG67GNR,EARBUD_INEAR,EARBUD_INEAR,EARBUD_INEAR,0.973398,"live iLive IAEBTW59B Truly Wireless Bluetooth Earbuds, Sporty Hook, Charging Case, IPX Waterproof, Neon Yellow/Black",Earbud Headphones,internal_oof
B08887DMWN,EARBUD_INEAR,EARBUD_INEAR,EARBUD_INEAR,0.912757,"KZ ZS10 Pro Wired Earbuds in Ear Headphones, 4BA+1DD Hybrid 10 Drivers HiFi Bass in Ear Monitor Earphones, Noise Cancelling Earbud（No Mic, Blue）",Earbud Headphones,internal_oof
B09SGB2WV4,EARBUD_INEAR,EARBUD_INEAR,EARBUD_INEAR,0.990732,"Donerton Wireless Earbud 5.1 Headphones 80 Hours Playtime Earphones with Charging Case, in Ear Headset IP7 Waterproof Earbud Noise Cancelling Microphone, LCD Display, for Working, White",Earbud Headphones,internal_oof
B09PHDGWFZ,EARBUD_INEAR,EARBUD_INEAR,EARBUD_INEAR,0.967132,"Bluetooth Neckband Headphones, Dpvisn Foldable Wireless Lightweight Neck Headset with Retractable Earbuds, Noise Cancelling Sweatproof Stereo Earphones with Mic & Carrying Case (Black)",Earbud Headphones,internal_oof
B081PWQKGY,EARBUD_INEAR,EARBUD_INEAR,EARBUD_INEAR,0.996268,"XFVSDXS Earbud Headphones with Remote & Microphone, in Ear Earphone Stereo Sound Noise Isolating Tangle High Fidelity HiFi Headset(Black)",Earbud Headphones,internal_oof
B0813JWYJD,OVER_EAR,OVER_EAR,OVER_EAR,0.94637,"Bluedio A2 (Air 2) Stylish Bluetooth Headphones with Mic, 3D Surround Sound Flexible Foldable Lightweight Over Ear Wireless Headphones with Carrying Case for Cell Phones/PC/TV (China)",Over-Ear Headphones,internal_oof
B0036ZZ6ZK,EARBUD_INEAR,ON_EAR,ON_EAR,0.677911,TOOKS Classic Headphone Beanie with Built-in Removable Headphones - Color: Black,Earbud Headphones,internal_oof
B07PKTMWD4,EARBUD_INEAR,EARBUD_INEAR,EARBUD_INEAR,0.991854,"Compatible with Galaxy S10, S10e, S10 Plus - Headset Hands-Free Earphones Earbuds Mic Dual Headphones Stereo Flat Wired 3.5mm Black Works with Samsung Galaxy S10, S10e, S10+",Earbud Headphones,internal_oof
B09S6ZWPS5,EARBUD_INEAR,EARBUD_INEAR,EARBUD_INEAR,0.989676,"Otium Bluetooth Headphones, Wireless Headphones IPX7 Waterproof Sports Earbuds 15H Playtime with Mic HD Stereo Sound Sweatproof in-Ear Earphoones Noise Cancelling Headsets Gym Running Workout Pink",Earbud Headphones,internal_oof
B014R1GTY8,EARBUD_INEAR,EARBUD_INEAR,EARBUD_INEAR,0.921367,"SoundBot SB556 Stereo Bluetooth 4.1 Sports Active Wireless Headset High-Performance Earbud Headphone w/ Voice Prompt, Multi-Point Technology for 8Hrs of Wireless Music Streaming & Hands-Free Talking",Headphones & Earbuds,internal_oof
B004S7Q8CA,EARBUD_INEAR,EARBUD_INEAR,EARBUD_INEAR,0.926531,"JVC HAFX1X Headphone Xtreme-Xplosivs, Black, Red",Earbud Headphones,internal_oof
B07Y8C414D,EARBUD_INEAR,EARBUD_INEAR,EARBUD_INEAR,0.997625,"Wireless Earbuds with Charging Case, Bluetooth 5.0 Earphones 20Hrs Playing Time in-Ear Clear Call Stereo Sound Built-in Mic Sweatproof Auto Pairing for iPhone Samsung Android, Noise Cancelling",Earbud Headphones,internal_oof
B003TTRWEQ,EARBUD_INEAR,EARBUD_INEAR,EARBUD_INEAR,0.941655,Premium Stereo Hands-Free 3.5mm Headset Headphones for LG Prime GS390,Headphones & Earbuds,internal_oof
B0886PNJP9,EARBUD_INEAR,EARBUD_INEAR,EARBUD_INEAR,0.937806,JBL Endurance RUN - Wired Sport In-Ear Headphones - Red,Earbud Headphones,internal_oof
B09L1B8H78,EARBUD_INEAR,EARBUD_INEAR,EARBUD_INEAR,0.991578,"Unihertz Unibuds for Unihertz Phone, Wireless Earphones Bluetooth Headphones Wireless Charging Case",Earbud Headphones,internal_oof
B0711C14FR,EARBUD_INEAR,EARBUD_INEAR,EARBUD_INEAR,0.978808,"KINVOCA Wired Metal In Ear Earbuds Headphones with Microphone Volume and Case, Bass Stereo Noise Isolating Inear Earphones Ear Buds for Cell Phones, Aluminum Alloy, Carabiner, 3.5mm Jack, Black",Earbud Headphones,internal_oof
B0011RR8E2,EARBUD_INEAR,EARBUD_INEAR,EARBUD_INEAR,0.929821,Jabra BT5020 Bluetooth Headset,Headphones & Earbuds,internal_oof
B002OOWBKW,EARBUD_INEAR,EARBUD_INEAR,EARBUD_INEAR,0.950217,BlackBerry HS-500 Bluetooth Headset,Headphones & Earbuds,internal_oof
B002YO7A5I,ON_EAR,OVER_EAR,OVER_EAR,0.749254,"Sennheiser HD 407 Open Dynamic Supra-Aural Over-The-Ear Stereo Headphones - Connect To Apple iPad, iPod, iPhone, MP3/MP4 Players, Galaxy Tab, Mobile Phones And All Audio Devices (Discontinued by Manufacturer)",Headphones & Earbuds,internal_oof
B00S5F3Y6Y,EARBUD_INEAR,EARBUD_INEAR,EARBUD_INEAR,0.754797,"MEE audio HP-AF65-BK-MEE Air-Fi Touch Advanced Bluetooth Wireless Headset Functionality, With Aptx, Black/Gold, 7 X 2 X 4 Inches",Headphones & Earbuds,internal_oof
B0BG29953D,OVER_EAR,OVER_EAR,OVER_EAR,0.895638,TEASTAR Wireless Beanie Hat Men Women Gifts Knit Headphone Headset Christmas Music Cap Gifts for Teenage Boys Girls Husband,Over-Ear Headphones,internal_oof
B00Q2VIW9M,ON_EAR,ON_EAR,ON_EAR,0.782898,"Bluedio T2s Bluetooth Headphones On Ear with Mic, 57mm Driver Rotary Folding Wireless Headset, Wired and Wireless Headphones for Cell Phone/TV/PC, 40 Hours Play Time, Support Voice Control(Black)",On-Ear Headphones,internal_oof
B005WJWMAU,EARBUD_INEAR,EARBUD_INEAR,EARBUD_INEAR,0.954845,Skullcandy S2FFFM-075 50/50 2011 White/Chrome Earphones with Mic,Earbud Headphones,internal_oof
B09M3MFHLC,EARBUD_INEAR,EARBUD_INEAR,EARBUD_INEAR,0.995184,JOYSILIN - True Wireless Earbuds - in-Ear Bluetooth Headphones - Built-in Microphone and Wireless Charging case - 36-Hour Loop - Sports Waterproof - Black,Earbud Headphones,internal_oof
B074P4GLFC,EARBUD_INEAR,EARBUD_INEAR,EARBUD_INEAR,0.983045,THE Electronics Wired 3.5MM Superb Sound Earphone/Earbuds/Headphones +1 Carry Case w/Microphone Noise Isolating Headphones for Work Talk Play Workout Gym Smartphones Tablets (White 2),Earbud Headphones,internal_oof
B07WX6MCGD,EARBUD_INEAR,EARBUD_INEAR,EARBUD_INEAR,0.993875,"2021 Upgraded Version MIFO O5 True Wireless Earbuds Bluetooth 5.0 Earbuds with 2600mAH Charging Case IP67 Hi-Fi Stereo in Ear Earphones Wireless Headphones for Running, Built-in Mic",Earbud Headphones,internal_oof
B0BJDZF6X4,EARBUD_INEAR,EARBUD_INEAR,EARBUD_INEAR,0.993841,"Wireless Bluetooth LED Display Electroplated Earphones,9D HiFi Stereo Sound with Mic,with Charging Case, Binaural Call,Noise Reduction Technology, IPX7 Waterproof, for Sports, for iOS Android (Black)",Earbud Headphones,internal_oof
B09XMK9F6W,EARBUD_INEAR,EARBUD_INEAR,EARBUD_INEAR,0.996401,"Vovenusc Bluetooth Earbuds, Wireless Earphones with Wireless Charging Case, in-Ear Sport Headphones with 36hrs Long-Lasting 550A 0",Earbud Headphones,internal_oof
b01g8jo5f2,EARBUD_INEAR,EARBUD_INEAR,EARBUD_INEAR,0.990464,"Senso Bluetooth Headphones, Best Wireless Sports Earbuds w/Mic IPX7 Waterproof HD Stereo Sweatproof Earphones for Gym Running Workout Noise Cancelling Earphones Earbuds Noise Cancelling Headsets",Earbud Headphones,internal_oof
B09XN9QZQF,EARBUD_INEAR,EARBUD_INEAR,EARBUD_INEAR,0.843649,Sony WFL900/H LinkBuds Truly Wireless Earbuds Headphones w/Alexa Built-in (Gray) Bundle with 2 YR CPS Enhanced Protection Pack and Deco Essentials Protective Case WF-L900 LinkBuds,Earbud Headphones,internal_oof
B09W4G29RJ,EARBUD_INEAR,EARBUD_INEAR,EARBUD_INEAR,0.972784,"SZHTFX Invisible Earbuds Sleep Bluetooth Earbuds Mini Tiny Discreet Hidden Headphones for Work, Small Ear Canals - Single Earbud with Charging Case (Black-（Single）)",Earbud Headphones,internal_oof
B017G2VP30,OVER_EAR,OVER_EAR,OVER_EAR,0.993961,LETTON G1 3.5mm Wired Stereo Lightweight Over Ear Gaming Headphones with Microphone PU Ear-pad for PC(Black)Normal Edition,Over-Ear Headphones,internal_oof
B00862U5M2,EARBUD_INEAR,EARBUD_INEAR,EARBUD_INEAR,0.926437,iKross 3.5mm Stereo Earbuds with Microphone + Black Headset Case for Samsung Galaxy Tab S2/ Tab Active/A with S Pen/Tab A/Tab 4 Nook/Tab S/Tab 4 3/ Tab 3 Lite/NotePro/TabPro,Headphones & Earbuds,internal_oof
B07GPCRWCF,EARBUD_INEAR,EARBUD_INEAR,EARBUD_INEAR,0.953584,"Headphones, Earphones Earbuds Headphones with Microphone Stereo Sound Mic Remote Volume Control Compatible with 3.5 mm Headphone (Red 31)",Earbud Headphones,internal_oof
B0059YLAAQ,EARBUD_INEAR,EARBUD_INEAR,EARBUD_INEAR,0.824687,Apple Earphones with Remote and Mic (Old Version),Headphones & Earbuds,internal_oof
B00WU3WSRI,OVER_EAR,UNKNOWN,OVER_EAR,0.425229,Coby CV790 Pro Studio Monitor Stereo HP (Discontinued by Manufacturer),Headphones & Earbuds,internal_oof
B00NBMHT6C,EARBUD_INEAR,EARBUD_INEAR,EARBUD_INEAR,0.738079,Sony MDRXB450AP Extra Bass Smartphone Headset (Black),Headphones & Earbuds,internal_oof
B00D8YYXZS,EARBUD_INEAR,EARBUD_INEAR,EARBUD_INEAR,0.960025,Samsung 3.5mm EHS64 Stereo Headset - Original OEM EHS64AVFBE,Headphones & Earbuds,internal_oof
B000Q0ASIS,OVER_EAR,OVER_EAR,OVER_EAR,0.572062,Turtle Beach Ear Force AKR8,Headphones & Earbuds,internal_oof
B0073P4ESO,OVER_EAR,OVER_EAR,OVER_EAR,0.95986,"Shure SRH1440 Professional Open Back Headphones - 40mm Neodymium Drivers, Full-Range Audio with Detailed Highs and Rich Bass for Mastering and Critical Listening, Circumaural Design for Natural Sound",Over-Ear Headphones,internal_oof
B00Q3ZAMAY,EARBUD_INEAR,EARBUD_INEAR,EARBUD_INEAR,0.943021,Green Color 3.5mm Audio Earphone Headphones Headset Earbuds With Microphone Hands Free For T-Mobile Alcatel One Touch Fierce 2,Headphones & Earbuds,internal_oof
B07V8J8YYB,EARBUD_INEAR,EARBUD_INEAR,EARBUD_INEAR,0.967334,"Sudio Tolv True Wireless Earbuds - Auto Pairing, Compact Charging Case, 35h Play Time, iOS, Android (Green)",Earbud Headphones,internal_oof
B09BPBX79Z,EARBUD_INEAR,EARBUD_INEAR,EARBUD_INEAR,0.96304,JBL VIBE 100 TWS - True Wireless In-Ear Headphones - Purple,Earbud Headphones,internal_oof
B001CWD4L2,EARBUD_INEAR,EARBUD_INEAR,EARBUD_INEAR,0.901062,Technocel Hands-Free Stereo Headset for Nokia Phones - Black,Headphones & Earbuds,internal_oof
B09N1GZX58,EARBUD_INEAR,EARBUD_INEAR,EARBUD_INEAR,0.998103,"Tribit Wireless Earbuds, IPX7 Waterproof Bluetooth 5.0 Touch Control True Wireless Bluetooth Earbuds with Mic Earphones in-Ear Deep Bass Built-in Mic Bluetooth Headphones, FlyBuds 3 Mini",Earbud Headphones,internal_oof
B0BYCVJDCL,EARBUD_INEAR,EARBUD_INEAR,EARBUD_INEAR,0.940846,"Apple Earbuds Wired iPhone Headphones, Earphones with Lightning Noise Isolating [Apple MFi Certified] Built-in Microphone & Volume Control Compatible with iPhone 14/13/12/11/XR/XS/X/7/7 Plus/8/8Plus",Earbud Headphones,internal_oof
B08PFW1S1V,OVER_EAR,OVER_EAR,OVER_EAR,0.987792,"Soundcore Anker Life Q20 Hybrid Active Noise Cancelling Headphones, Wireless Over Ear Bluetooth Headphones, 40H Playtime, Hi-Res Audio, Deep Bass, Memory Foam Ear Cups, for Travel, Home Office",Over-Ear Headphones,internal_oof
B002J4UPPK,ON_EAR,EARBUD_INEAR,EARBUD_INEAR,0.598969,"Microlab Headphones T1 Black, Wireless BT4.0, Noise Cancelling, 10h Playback",Headphones & Earbuds,internal_oof
B08M5KZ4ZG,EARBUD_INEAR,EARBUD_INEAR,EARBUD_INEAR,0.993698,Brand Bluetooth Earbuds - Noise Cancelling Wireless Waterproof Headphones - Workout Earbuds - Bluetooth Earbuds with Microphone and Charging Case - Free 540 Degree Cable - 3 Tips for Mobile Phone,Earbud Headphones,internal_oof
B071LQX3YM,OVER_EAR,OVER_EAR,OVER_EAR,0.875698,"PureGear PureBoom Wireless Bluetooth 4.1 Over Head Foldable Adjustable Stereo Over Ear Headphones w/ Built-in Mic and Wired Mode for PC/ Cell Phones/ TV, Black",Headphones & Earbuds,internal_oof
B0BZVGQ1M3,OVER_EAR,OVER_EAR,OVER_EAR,0.986181,"rockpapa Comfort+ Kids Headphones with Microphone and Volume Control, Boys Girls Student Over-Ear Headphones Wired for School Classroom Laptop PC Computer Tablet Black Blue",Over-Ear Headphones,internal_oof
B00Q3YLGZK,EARBUD_INEAR,EARBUD_INEAR,EARBUD_INEAR,0.936038,Purple Color 3.5mm Audio Earphone Headphones Headset Earbuds With Microphone Hands Free For Boost Mobile Sharp Aquos Crystal,Headphones & Earbuds,internal_oof
B085HXN6CJ,EARBUD_INEAR,EARBUD_INEAR,EARBUD_INEAR,0.963827,URIZONS 2Pack 3.5mm Wired in-Ear Colorful Earbuds - Tangle-Free and Trendy Noise Isolating Earphones Kids in Ear Headphones with Microphone for iPhone Laptop Kids Tangle Free Fabric Braided,Earbud Headphones,internal_oof
B09YSJKNCN,EARBUD_INEAR,EARBUD_INEAR,EARBUD_INEAR,0.950607,Skullcandy Ink'd+ In-Ear Earbuds - Lavender,Earbud Headphones,internal_oof
B008KC33BI,EARBUD_INEAR,EARBUD_INEAR,EARBUD_INEAR,0.946811,Wired Headphone Metal Earbuds by JOVERS Noise Cancelling Stereo Heave Bass Earphones with Volume Control，in Ear Headphones with Magnetic Design for Men for Earbud Earphone 5 6 Pink,Earbud Headphones,internal_oof
B009IJT9N8,OVER_EAR,UNKNOWN,EARBUD_INEAR,0.351611,"DGL HY-825-DJ-BWP Hype Plaid Universal Stereo Headset DJ Headphones, Black",Headphones & Earbuds,internal_oof
B07XCXH75M,EARBUD_INEAR,EARBUD_INEAR,EARBUD_INEAR,0.995921,TWS-X8 Headphones Wireless Bluetooth 5.0 Earphones Waterproof in-Ear Headpsets Built-in Handsfree Microphone TWS Wireless Earphones Twins Earbuds 3500mAh Headphone Charging Case (Black),Earbud Headphones,internal_oof
B01AOY1XWA,OVER_EAR,OVER_EAR,OVER_EAR,0.896752,Toxi Wired Kids Headphones - Volume Limited Over-ear Headsets with Padded Cushions and Removable Size-adjuster Suit for Kids - Purple,Headphones & Earbuds,internal_oof
B00CJGW84Y,ON_EAR,EARBUD_INEAR,EARBUD_INEAR,0.584955,HYPE Duos Stereo Headphone with Mic - Green,Headphones & Earbuds,internal_oof
B07HH6X34D,EARBUD_INEAR,EARBUD_INEAR,EARBUD_INEAR,0.97017,"Amazon Basics In-Ear Wired Headphones, Earbuds with Microphone No Wireless Technology, Black",Earbud Headphones,internal_oof
B08MKVSXGF,EARBUD_INEAR,EARBUD_INEAR,EARBUD_INEAR,0.978866,"Bluetooth 5.0 Headphones,in-Ear Earphones TWS Stereo Sound, Portable Headset 32H Palytime/Built-in Mic Single/Twin Mode Charging Case",Earbud Headphones,internal_oof
B019MBSRQQ,OVER_EAR,OVER_EAR,OVER_EAR,0.865221,"233621 H501 Active Noise Cancelling Over-ear Headphones with Inline Microphone and Carrying Case, 50 hour Battery Time (Wired / Space Grey)","Headphones, Earbuds & Accessories",internal_oof
B01LD5GO7I,OVER_EAR,OVER_EAR,OVER_EAR,0.889347,"SONY MDR-Z1R WW2 Signature, Hi-Res Headphone, Black (International Version)",Over-Ear Headphones,internal_oof
B06X18R3HF,EARBUD_INEAR,EARBUD_INEAR,EARBUD_INEAR,0.935017,"GabbaGoods NeckBeats Elite Headset, Sweat Proof/Noise Reduction Gabba Goods Wireless Workout Neckband Headphones, Stereo Sound Bluetooth Headset with Microphone- Black",Headphones & Earbuds,internal_oof
B0BKFG5GW4,EARBUD_INEAR,EARBUD_INEAR,EARBUD_INEAR,0.974438,"GUNING S2 Active Noise Cancelling Wireless Earbuds, Immersive Sound and Clear Call,in Ear Detection,Build in Mic,36H Playtime with Metal Smart Charging Case,IPX5 Waterproof Sport Black Headphones",Earbud Headphones,internal_oof
B00WUXRVTI,EARBUD_INEAR,ON_EAR,ON_EAR,0.534297,Aftershokz AS321-E Sportz M2 Open Ear Sports Headphones with Inline Microphone - Black,"Headphones, Earbuds & Accessories",internal_oof
B06XT5JDJL,ON_EAR,ON_EAR,ON_EAR,0.929108,JLab Neon Bluetooth Folding On-Ear Headphones | Wireless Headphones | 13 Hour Bluetooth Playtime | Noise Isolation | 40mm Neodymium Drivers | C3 Sound (Crystal Clear Clarity) | Black,On-Ear Headphones,internal_oof
B09NCW6Z86,EARBUD_INEAR,EARBUD_INEAR,EARBUD_INEAR,0.994838,"White True Wireless Earbuds for iOS & Android Phones with Wireless Charging Case, Smart in-Ear Detection, ENC Call Noise Reduction in-Ear Headphones, Touch Control Earphones",Earbud Headphones,internal_oof
B0C6F4Z55T,EARBUD_INEAR,EARBUD_INEAR,EARBUD_INEAR,0.995258,"bakibo Wireless Earbuds, Bluetooth 5.3 in-Ear Earphones with Built-in 6 Mic Waterproof Ear Buds Deep Bass Stereo Headphones, 32 Hours Play Time Type-C Fast Charging Case for iPhone Android, White",Earbud Headphones,internal_oof
B0BBV28RV1,EARBUD_INEAR,EARBUD_INEAR,EARBUD_INEAR,0.998328,"Wireless Earbuds Bluetooth Headphones with Wireless Charging Case IPX4 Waterproof Stereo Earphones in-Ear for SPOR, BLACK",Earbud Headphones,internal_oof
B0BMX4QM2D,EARBUD_INEAR,EARBUD_INEAR,EARBUD_INEAR,0.990341,"Geometryspace Wireless Earbuds, [2022 Upgraded] Earphone Bluetooth 5.1 with Charging Case.Smart Noise Reduction for Clear Calls, Enhanced Deep Bass of Sports Headphones for Sport/Travel/Gym",Earbud Headphones,internal_oof
B07X9VG6ZJ,EARBUD_INEAR,EARBUD_INEAR,EARBUD_INEAR,0.984667,"Jabra Elite 75t– True Wireless Earbuds with Charging Case, Titanium Black – Active Noise Cancelling Bluetooth Earbuds with a Comfortable, Secure Fit, Long Battery Life, Great Sound",Earbud Headphones,internal_oof
B09SQ4QG56,EARBUD_INEAR,EARBUD_INEAR,EARBUD_INEAR,0.953096,OnePlus Bullets Wireless Z,Earbud Headphones,internal_oof
B0BJPCNYMD,EARBUD_INEAR,EARBUD_INEAR,EARBUD_INEAR,0.989957,"Usdian in-Ear Bluetooth Wireless Headphones, Mini Sports Headphones Ultra-Long Life Standby with Charging Case Microphone, Fingerprint Control for Sports/Work/Study",Earbud Headphones,internal_oof
B0BXKZ8548,ON_EAR,ON_EAR,ON_EAR,0.909515,"QKSHZHZQ Unicorn Kids Headphones with LED Cat Ears,Foldable On-Ear Wired Headset with Microphone,85dB Stereo,3.5mm Audio Cable for Kids/Teens/Boys/Girls/iPad/Smartphones/PC/Tablet/Laptop(Pink)",On-Ear Headphones,internal_oof
B0BWQGKLN5,EARBUD_INEAR,EARBUD_INEAR,EARBUD_INEAR,0.992089,"Wireless Headphones, Noise Canceling Bluetooth Headphones V5.3 Stereo IPX7 Waterproof in-Ear Sports Bluetooth Headphones with Mini Charging Case and Built-in Microphone black2",Earbud Headphones,internal_oof
B001LP7T3O,EARBUD_INEAR,EARBUD_INEAR,EARBUD_INEAR,0.904914,"Audio 3.5mm Stereo Headset Handsfree with Microphone for BlackBerry Q10, Z10",Headphones & Earbuds,internal_oof
B0BKQMJC2G,OVER_EAR,OVER_EAR,OVER_EAR,0.61692,"Sleep Mask with Bluetooth Headphones,LC-dolida Sleep Headphones Bluetooth Sleep Mask 3D Sleeping Headphones for Side Sleepers Best Gift and Travel Essential (Elegant Purple)",Over-Ear Headphones,internal_oof
B08TMJFSV3,EARBUD_INEAR,EARBUD_INEAR,EARBUD_INEAR,0.971227,"Soundcore Anker Life P2 True Wireless Earbuds, Clear Sound, USB C, 40H Playtime, IPX7 Waterproof, Wireless Earphones for Work, Home Office",Earbud Headphones,internal_oof
B07569T8BR,OVER_EAR,ON_EAR,ON_EAR,0.782394,"YHhao Over-Ear Headphones, On-Ear Headsets Noise Cancelling Foldable Headphones with Mic and 3.5mm Detachable Cord for iPhone, iPad, Android Smartphones, PC, Computer, Laptop, Mac (Black",On-Ear Headphones,internal_oof
B00WTQDV5E,OVER_EAR,OVER_EAR,OVER_EAR,0.951479,"PHILIPS Fidelio L2 Over-Ear Premium Portable Headphones with in-line Mic, Noise Isolation, Hi-Res - Black/Orange (L2BO)",Headphones & Earbuds,internal_oof
B08YL6H7KC,OVER_EAR,OVER_EAR,OVER_EAR,0.592833,Paw Patrol Kids Headphones by CozyPhones - Over The Ear Headband Headphones - Volume Limited with Thin Speakers & Soft Headband – Chase,Headphones & Earbuds,internal_oof
B0BL5YHZPC,EARBUD_INEAR,EARBUD_INEAR,EARBUD_INEAR,0.947622,"Bose QuietComfort Noise Cancelling Earbuds-Bluetooth Wireless Earphones, Triple Black",Earbud Headphones,internal_oof
B000JIJ5FE,ON_EAR,EARBUD_INEAR,EARBUD_INEAR,0.636913,Motorola Bluetooth Headset H700 Fire Red [Motorola Retail Packaging],On-Ear Headphones,internal_oof
B09MN4X2TH,EARBUD_INEAR,EARBUD_INEAR,EARBUD_INEAR,0.986361,LeBoomon Bone Conduction Swimming Headphones Bluetooth 5.0 IPX8 Waterproof Built in 16GB Mp3 Player Wireless Open Ear Headhset with Mic for Swimming Running Cycling Driving Gym Red,Open-Ear Headphones,internal_oof
B082VFD549,EARBUD_INEAR,EARBUD_INEAR,EARBUD_INEAR,0.99221,"Mix Hero Wireless Earbuds Bluetooth 5.0 Headphones,40H Playtime w/Wireless Charging Case,IP6 Waterproof/Button Control/TWS Stereo Bluetooth Earphones in-Ear w/Mic for Running Workout Gym",Earbud Headphones,internal_oof
B09WKGPK3G,EARBUD_INEAR,EARBUD_INEAR,EARBUD_INEAR,0.994248,IHAO Open Ear Bone Conduction Concept Headset Wireless Bluetooth Sport Headphones with HD Mic Lightweight Painless Wearing Sweatproof Earpiece Stereo Earphone for Running Hiking Bicycling,Earbud Headphones,internal_oof
B0BYHJMFJ6,EARBUD_INEAR,EARBUD_INEAR,EARBUD_INEAR,0.985134,"in Ear Bluetooth Earbuds Active Noise Cancelling Ear Buds, IPX5 Waterproof Wireless Earphones with Mic, Type-C USB Rechargeable Bluetooth Headphones with Charging Case for Home Travel Gym Office TV",Earbud Headphones,internal_oof
B0BLT33MN4,EARBUD_INEAR,EARBUD_INEAR,EARBUD_INEAR,0.975443,"Realtone Bluetooth Earbuds with Microphone, Wireless Earbuds with Charging Case for Ear Buds, Designed for School, Home, or Travel",Earbud Headphones,internal_oof
B09PMLBD17,EARBUD_INEAR,EARBUD_INEAR,EARBUD_INEAR,0.995752,Bluedio S6 Sport Earhooks Earphones Wireless Earbuds Bluetooth Headphones 42hrs Play with LED Display Charging Case Built-in Mic Headset for Sports Running Workout Black,Earbud Headphones,internal_oof
B0BXQ9Y15K,OVER_EAR,OVER_EAR,OVER_EAR,0.996053,JBL Quantum 100 - Wired Over-Ear Gaming Headphones - Blue,Over-Ear Headphones,internal_oof
B09CDSG57V,EARBUD_INEAR,EARBUD_INEAR,EARBUD_INEAR,0.986039,"TREBLAB X3-Pro - Wireless Earbuds with Earhooks-45H Playtime, aptX, IPX7 Waterproof Earphones for Running & Workout-Sport Bluetooth Headphones with Charging case-Built-in Microphone- Black (Renewed)",Earbud Headphones,internal_oof
B07GNSG1TJ,EARBUD_INEAR,EARBUD_INEAR,EARBUD_INEAR,0.84338,"NuForce BE Live5 Wireless Audiophile Earphones with 8h Battery Life, AAC + aptX, Large 8mm Driver for deep Bass, New Innovative Battery Design and Aluminum housing (Gold)",Earbud Headphones,internal_oof
B01JRRP99I,ON_EAR,ON_EAR,ON_EAR,0.981314,"iDeaUSA Bluetooth Headphones, Wireless Headphones Stereo On Ear Headphones Built-in Mic 10 Hours Playback Foldable Lightweight Headphones for TV, Smartphones, Tablet, PC - Black",On-Ear Headphones,internal_oof
B076VKCWW7,EARBUD_INEAR,EARBUD_INEAR,EARBUD_INEAR,0.92359,"Venture Electronics VE Monk Plus Earbud Earphone (with 3 Key and mic (Android), Transparent Black)",Headphones & Earbuds,internal_oof
B0BMHS21VD,EARBUD_INEAR,EARBUD_INEAR,EARBUD_INEAR,0.99559,"for Motorola Moto G Stylus 5G (2022) True Wireless Earbuds Bluetooth 5.1 Headset Touch Control with LED Digital Display Charging Case, Noise Cancelling Earbuds with Mic",Earbud Headphones,internal_oof
B09P4Y47QN,EARBUD_INEAR,EARBUD_INEAR,EARBUD_INEAR,0.991511,"Deep Bass Wireless Earbuds,in-Ear Bluetooth Earphones with Noise Cancelling Microphone, Lightweight Neckband Headset, IPX7 Waterproof Sweat Resistant Headphones,for Running Gym Cycling Earpiece",Earbud Headphones,internal_oof
B07VNDRN5R,EARBUD_INEAR,EARBUD_INEAR,EARBUD_INEAR,0.985063,"HAYLOU True Wireless Earbuds, GT1 Bluetooth 5.0 Sports HD Stereo Touch Control Ear Buds with IPX5 Waterproof/Fast Connection/Mini Case(Only 30g)/Total 12H Playtime (Black)",Earbud Headphones,internal_oof
B07CLNWJK3,EARBUD_INEAR,EARBUD_INEAR,EARBUD_INEAR,0.986644,"Crazybaby Air Nano True Wireless in-Ear Headphones Lightweight Mini Colorful TWS Bluetooth 5.0 Earbuds Sport Earphones Snug Fit, LED, Noise Isolation, Charging Case, Phone Control, Mic - Red",Earbud Headphones,internal_oof
B001CWEY98,EARBUD_INEAR,EARBUD_INEAR,EARBUD_INEAR,0.687814,Technocel Universal 3.5mm Hands-Free with On/Off Button Stereo Headset for Phones Supporting a 3.5mm Jack - Black,Headphones & Earbuds,internal_oof
B005GU8Y1G,EARBUD_INEAR,EARBUD_INEAR,EARBUD_INEAR,0.926531,"JVC HAFX1X Headphone Xtreme-Xplosivs, Black, Red",Earbud Headphones,internal_oof
B09MFJQBYR,EARBUD_INEAR,EARBUD_INEAR,EARBUD_INEAR,0.98744,YINYOO KZ ZST Hybrid Banlance Armature with Dynamic in-Ear Earphone 1BA+1DD HiFi Headset (ZST mic),Earbud Headphones,internal_oof
B08X7MD6FC,EARBUD_INEAR,EARBUD_INEAR,EARBUD_INEAR,0.99929,"Kissral Wireless Earbuds, Bluetooth 5.0 Earbuds with 3000mAh Charging Case LED Battery Display 90H Playtime in-Ear Bluetooth Headset IPX7 Waterproof True Wireless Earbuds for Work Sports",Earbud Headphones,internal_oof
B07CQMZVZ6,OVER_EAR,EARBUD_INEAR,EARBUD_INEAR,0.549807,Sony MDR7506 Professional Large Diaphragm Headphone,Cases,internal_oof
B0B77C8353,EARBUD_INEAR,EARBUD_INEAR,EARBUD_INEAR,0.982275,"Kuuhsaaez Premium Bone Conduction Headphones Bluetooth Open-Ear Sport Headphones - Sweat Resistant Wireless Earphones for Workouts and Running with Deep Base,Built-in Mic (Black)",Open-Ear Headphones,internal_oof
B002OKJTEM,EARBUD_INEAR,EARBUD_INEAR,EARBUD_INEAR,0.952851,Motorola S9 HD Bluetooth Headset (White),Headphones & Earbuds,internal_oof
B09Q5FML8J,EARBUD_INEAR,EARBUD_INEAR,EARBUD_INEAR,0.672548,"Naenka Bone Conduction Headphones, IPX8 Waterproof Headphones with MP3 Player Built-in 8G Memory, Bluetooth Open Ear Headphones with CVC6.0 Mic for Swimming Running Cycling Driving Gym",Over-Ear Headphones,internal_oof
B01L8Y9VFQ,EARBUD_INEAR,EARBUD_INEAR,EARBUD_INEAR,0.983684,Headphones/Earphones/Earbuds，w/Mic Earphones Stereo Headphones Noise Isolating Earbuds Compatible with iPhone 6/6S/SE/4 iPod iPad Samsung/Android MP3/MP4,Earbud Headphones,internal_oof
B09518MQ56,EARBUD_INEAR,EARBUD_INEAR,EARBUD_INEAR,0.800316,"New Version, A Bit Firmer. Eyeglass Pillow Pad for Glasses and Airpods, Comfortably Lie on Your Side, Ear Pain Piercing CNH Pillow, Great Gift, Earbuds Airpods Cushion, Earphones, Hearing Aids Glasses",Earbud Headphones,internal_oof
B0052UB674,OVER_EAR,ON_EAR,ON_EAR,0.630367,"Sony Walkman Digital Tuning Portable Palm Size AM/FM Stereo Radio (Black) with Weather Band, 20 Station Preset Memory, DX Switch for Exceptional Reception, Convenient Belt Clip & Over the Head Stereo Headphones – Batteries Included - Designed for Jogging, Walking, Exercising & Bike Riding","Headphones, Earbuds & Accessories",internal_oof
B01BH64FTW,EARBUD_INEAR,EARBUD_INEAR,EARBUD_INEAR,0.976974,Earphones/Earbuds/Headphones 2Pack Black Compatible with iPhone/Galaxy S10/S10+/S10e S9/S9+ S8/S8+ Note8 / Note10/Note10+ Android in-Ear Headphones Remote + Mic Hands-Free Earphones,Earbud Headphones,internal_oof
B00V6JN34O,EARBUD_INEAR,EARBUD_INEAR,EARBUD_INEAR,0.812254,Ivation Bluetooth Wireless Headset Headband Earmuffs/Ear Warmers with Integrated Music Controls,Earbud Headphones,internal_oof
B09Q891GF1,EARBUD_INEAR,EARBUD_INEAR,EARBUD_INEAR,0.99735,"True Wireless Earbuds, TONSTEP Bluetooth 5.1 Headphones with Charging Case, Deep Bass Stereo Earphones, 30H Playtime, IPX6 Waterproof, Touch Control, in-Ear Built-in Mic Headset for Sport, Work(Black)",Earbud Headphones,internal_oof
B0921P45JV,EARBUD_INEAR,EARBUD_INEAR,EARBUD_INEAR,0.989622,"Gabba Goods Truebuds Prime True Wireless Earbuds with Charging Case and Smart Touch Control, Voice Assistant, HiFi Stereo Sound, Sweat Resistant",Earbud Headphones,internal_oof
B0B5TPPY3X,EARBUD_INEAR,EARBUD_INEAR,EARBUD_INEAR,0.987024,Digital Display Touch-Control Wireless Bluetooth Headphones - HiFi Sound Quality in-Ear - Long Endurance Headset with Charging Case - Binaural Call and Noise Reduction Technology - for iOS Android,Earbud Headphones,internal_oof
B0B3CYFF23,EARBUD_INEAR,EARBUD_INEAR,EARBUD_INEAR,0.996219,"Wireless Earbuds Bluetooth 5.0 Headphones HiFi Stereo Noise Cancelling, IPX5 Waterproof Earphones Built-in Mic Headset for Sports, with Wireless Charging Case Digital LED Intelligence Display",Earbud Headphones,internal_oof
B07WD42CT8,EARBUD_INEAR,EARBUD_INEAR,EARBUD_INEAR,0.976482,"Soundcore Upgraded, Anker Liberty Neo True Wireless Earbuds, Pumping Bass, IPX7 Waterproof, Secure Fit, Bluetooth 5 Headphones, Stereo Calls, Noise Isolation, One Step Pairing, Sports (White)",Earbud Headphones,internal_oof
B07RCDWXFN,EARBUD_INEAR,EARBUD_INEAR,EARBUD_INEAR,0.988824,DURAGADGET Comfortable Black in-Ear Earphones - Compatible with Samsung Galaxy M10 & M20 Smartphones,Earbud Headphones,internal_oof
B013RJGQKS,ON_EAR,ON_EAR,ON_EAR,0.91951,"TOOKS NextGen SPORTEC BAND (FLEECE) - Headphone Headband With Integrated Removable Headphones | New Inline Remote with Microphone, Volume Adjust and Music/Call Control | COLOR: BLACK","Headphones, Earbuds & Accessories",internal_oof
B083YSZNKR,EARBUD_INEAR,EARBUD_INEAR,EARBUD_INEAR,0.986468,"Wireless Headphones, Bluetooth 5.1 in Ear Stereo Earbuds, 30 Hours of Playtime with Charging Case, Built in Dual Mic, IPX7 Waterproof Sports Headphones, Suitable for Running/Fitness/Game",Earbud Headphones,internal_oof
B0837RB4ZS,EARBUD_INEAR,EARBUD_INEAR,EARBUD_INEAR,0.865928,KENTKING Bluetooth Wireless Audio Sunglasses Open Ear Headset Listen Music & Hand-Free Calling with UV400 Polarized Lenses Unisex Compatible for All Smart Phones (Black),Headphones & Earbuds,internal_oof
B005GUAHKC,OVER_EAR,ON_EAR,ON_EAR,0.553116,"iHip NFH22CHI NFL Chicago Bears DJ Style Headphones, Orange/Blue (Discontinued by Manufacturer)","Headphones, Earbuds & Accessories",internal_oof
B076WQ5T4X,EARBUD_INEAR,EARBUD_INEAR,EARBUD_INEAR,0.914633,"Q-YEE Wired Headphones, Ergonomic in-Ear Earbuds Stereo Wired Earphones with Microphone (Silver (White)",Headphones & Earbuds,internal_oof
B09X34VQML,EARBUD_INEAR,EARBUD_INEAR,EARBUD_INEAR,0.980481,Linsoul RAPTGO Hook-X 14.2mm Open Planar Diaphragm Driver + PZT Driver HiFi in-Ear Earphone with Detachable 0.78 2pin OCC Cable for Musician Audiophile,Earbud Headphones,internal_oof
B08K3GM6TN,EARBUD_INEAR,EARBUD_INEAR,EARBUD_INEAR,0.994928,"Wireless Earbuds TicPods Free True Bluetooth Earbuds with Charging case, Water Resistant, Clear Crisp Audio in Both Ears, Noise isolating- Ice (Renewed)",Earbud Headphones,internal_oof
B09YVBSB87,EARBUD_INEAR,EARBUD_INEAR,EARBUD_INEAR,0.972759,Skullcandy Sesh True Wireless In-Ear Earbuds - Black,Earbud Headphones,internal_oof
B08Y18HY3F,EARBUD_INEAR,EARBUD_INEAR,EARBUD_INEAR,0.960137,"JVC Gumy in Ear Earbud Headphones, Powerful Sound, Comfortable and Secure Fit, Silicone Ear Pieces S/M/L - HAFX7V Purple",Earbud Headphones,internal_oof
B00NVLADAW,EARBUD_INEAR,EARBUD_INEAR,EARBUD_INEAR,0.731451,Cute Earbuds with Crystals 2 Pack,Headphones & Earbuds,internal_oof
B07NLC287Q,EARBUD_INEAR,EARBUD_INEAR,EARBUD_INEAR,0.944984,"Ear Buds Earbuds Microphone Headphones in Ear Earphones with Mic Volume Control,Wired,Bass,Comfortable,Storage Case(Black)",Earbud Headphones,internal_oof
B00FIIM840,EARBUD_INEAR,EARBUD_INEAR,EARBUD_INEAR,0.963374,Green Handsfree EarPhone HeadPhones HeadSet With Mic For Nokia Lumia 822 900 920,Headphones & Earbuds,internal_oof
B0B9R153RR,EARBUD_INEAR,EARBUD_INEAR,EARBUD_INEAR,0.979513,Kuuhsaaez Premium Bone Conduction Open-Ear Sport Headphones — Noise Cancelling Earphones - Built-in Mic Sweat Resistant Earphones for Workouts and Running with Deep Base (Green)-1,Open-Ear Headphones,internal_oof
B08DTCQ4D1,EARBUD_INEAR,EARBUD_INEAR,EARBUD_INEAR,0.956852,Sony MDREX15LP Fashion Color EX Series Earbuds (White),Earbud Headphones,internal_oof
B07KCR99C1,OVER_EAR,OVER_EAR,OVER_EAR,0.996274,PreSonus HD9 Professional Over-Ear Monitoring Headphones (Closed Back) with Headphone Hanger Mount & 25' Stereo Mini Female Extension Cable Bundle,Over-Ear Headphones,internal_oof
B008B95GKQ,EARBUD_INEAR,EARBUD_INEAR,EARBUD_INEAR,0.528394,Hype Comfort Plus Earbud Stereo Headphones w/3.5mm Jack (Black),Headphones & Earbuds,internal_oof
B081CVFJJ7,EARBUD_INEAR,EARBUD_INEAR,EARBUD_INEAR,0.968781,"dyplayTrue Wireless Earbuds Active Noise Cancelling Bluetooth 5.0 Headphones 32H Playtime 3D Stereo Sound with Mic and Wireless Charging Case, Waterproof ANC TWS Earbuds for Work, Travel, Calls, Home",Earbud Headphones,internal_oof
B098JY95X1,EARBUD_INEAR,EARBUD_INEAR,EARBUD_INEAR,0.997771,"Hntmao True Wireless Earbuds, IPX7 Waterproof Bluetooth Earbuds, 30H Cyclic Playtime Headphones with Charging Case and mic for iPhone Android, in-Ear Stereo Earphones Headset for Sport White",Earbud Headphones,internal_oof
B0157J316S,EARBUD_INEAR,EARBUD_INEAR,EARBUD_INEAR,0.476381,SoundBot SB562 Stereo Bluetooth,Headphones & Earbuds,internal_oof
B08T14VFMK,EARBUD_INEAR,EARBUD_INEAR,EARBUD_INEAR,0.975365,"Headphones,5.0 in-Ear Earphones TWS Stereo Sound, Portable Headset 28H Palytime w/Built-in Mic Single/Twin Mode Charging Case",Earbud Headphones,internal_oof
B08ZDD968G,EARBUD_INEAR,EARBUD_INEAR,EARBUD_INEAR,0.993117,"FAAEAL Poppy Metal Earphone Stereo Bass HiFi Tuning Headset 3.5mm Wired in-Ear Earphones for Mobile Phone PC MP3 Player, Headset with 5N LC-OFC Cable for Exercise Office (with Mic)",Earbud Headphones,internal_oof
B00WXEH784,EARBUD_INEAR,EARBUD_INEAR,EARBUD_INEAR,0.720743,"VOJO Rabbit, Earpods Sport Skin with Silicone Earbuds Sleeves, [Clear & Green 2 Pairs] Sweat & Water Proof Ear-Hook Keeper Grips for Apple iPhone 6 6s Plus 5s 5 se 5c, Colorful Cover Securer Gadget","Headphones, Earbuds & Accessories",internal_oof
B09YLZML7Z,EARBUD_INEAR,EARBUD_INEAR,EARBUD_INEAR,0.929995,"Sanpanpai Neckband Headphones for Running, Lively Life 5.0 Headphones with TF Card Slot, IPX5 Sport Earbuds, Lightweight Earphones - Black",Earbud Headphones,internal_oof
B09M2K1XB1,EARBUD_INEAR,EARBUD_INEAR,EARBUD_INEAR,0.99464,"Lady house Kindpack Earbuds 5.0 Mini Headphones, in-Ear Earphones with Charging Case, IPX5 Waterproof Hi-Fi Stereo Built-in Mic Headset for Work, Black",Earbud Headphones,internal_oof
B08HDGYCL4,EARBUD_INEAR,OVER_EAR,OVER_EAR,0.710573,"HoomBand Wireless | Bluetooth Innovative Headband for Sleep, Travel, Meditation | Charging Cable Included & Free Access to Hypnotic Stories Created by Sleep Experts (Size S)",Earbud Headphones,internal_oof
B096KK15NX,EARBUD_INEAR,EARBUD_INEAR,EARBUD_INEAR,0.994355,"MINUSWIRE Active Noise Cancelling Wireless Earbuds, ANC Bluetooth 5.0 in Ear Stereo Earphones Deep Bass Headset, Waterproof Headphones Built in 6 Mics USB-C Charging Case, Smart Touch Control [Pink]",Earbud Headphones,internal_oof
B01M18X04S,OVER_EAR,OVER_EAR,OVER_EAR,0.992374,Wireless Ear Headphones Wired Over Ear Headphones Noise Canceling Foldable Headphones for Smartphone,Over-Ear Headphones,internal_oof
B07TBRYDBV,EARBUD_INEAR,EARBUD_INEAR,EARBUD_INEAR,0.996578,"Bluetooth 5.0 Wireless Earbuds, Bluedio Hi(Hurricane) Wireless Earbud Headphones in-Ear Earphones with Charging Case, Mini Car Headset Built-in Mic for Cell Phone/Running/Android, 5Hrs Playtime",Earbud Headphones,internal_oof
B09NB7V6NL,EARBUD_INEAR,EARBUD_INEAR,EARBUD_INEAR,0.996197,LIBMING Wireless Earbuds Bluetooth 5.0 with Wireless Charging Case IPX8 Waterproof Stereo Headphones in Ear Built in Mic Headset Premium Sound with Deep Bass Black,Earbud Headphones,internal_oof
B0BMXP1S36,EARBUD_INEAR,EARBUD_INEAR,EARBUD_INEAR,0.996813,TOZO T12 Wireless Earbuds Bluetooth Headphones Premium Fidelity Sound Quality Wireless Charging Case Digital LED Intelligence Display IPX8 Waterproof Earphones Built-in Mic Headset for Sport Blue,Earbud Headphones,internal_oof
B09V7KBZZ9,OVER_EAR,OVER_EAR,OVER_EAR,0.969714,"Wireless Over Ear Headphones, Wireless 5.0/Wired Headset, Hi-Fi Stereo Deep Bass, Soft Earmuffs & Light Weight, Built-in HD Microphone for Online Class, Home Office, Gym, Travel",Over-Ear Headphones,internal_oof
B0BQC7892K,OVER_EAR,OVER_EAR,OVER_EAR,0.940118,"6S Wireless Bluetooth Headphones Over Ear, Hi-Fi Stereo Foldable Wireless Stereo Headsets Earbuds with Built-in Mic, Volume Control, FM for iPhone/Samsung/iPad/PC (White & Gold)",Over-Ear Headphones,internal_oof
B0768YZZF9,EARBUD_INEAR,EARBUD_INEAR,EARBUD_INEAR,0.972298,in Ear Headphones SDFLAYER Silverlight Earbuds with Line-in Microphone Heavy Bass Dynamic Driver Earphones with Non Tangle TPE Cord for Running Gym Android Phones Music Player iPhone Not for iOS,Earbud Headphones,internal_oof
B0BL3B4LHZ,EARBUD_INEAR,EARBUD_INEAR,EARBUD_INEAR,0.994512,"Tecno True Wireless Earbuds Noise Cancelling, Wireless Bluetooth Headphone with Microphone, Wireless in Ear Earbuds with Charging Case, Touch Control Waterproof with Mic Deep Bass for Sport White, H2",Earbud Headphones,internal_oof
B08BG7J2MN,EARBUD_INEAR,OVER_EAR,OVER_EAR,0.697469,Aftershokz Aeropex Mini (Rebranded as Shokz OpenRun Mini) Bone Conduction Wireless Bluetooth Headphones,Over-Ear Headphones,internal_oof
B072BCTZQR,OVER_EAR,UNKNOWN,ON_EAR,0.447999,DURAGADGET Lightweight Black & Red Supreme Comfort Over-Ear Headphones - Compatible with Amazon Fire HD 10 | Fire 7 & Fire HD 8,Headphones & Earbuds,internal_oof
B0CJBZ3ZXT,EARBUD_INEAR,EARBUD_INEAR,EARBUD_INEAR,0.973397,"CelsusSound Pinetree Sports Open Ear Headphones, Bluetooth V5.2 Air Conduction Wireless Headphones, Lightweight Waterproof Running Headset with Noise-Canceling Mic for Workout, Hiking, Cycling (Gray)",Earbud Headphones,internal_oof
B00FWGTY1I,ON_EAR,OVER_EAR,OVER_EAR,0.823222,"Audio Technica ATH-OX7AMP SonicFuel Amplifier Portable Headphone, Black","Headphones, Earbuds & Accessories",internal_oof
B0B2DQHZWJ,EARBUD_INEAR,EARBUD_INEAR,EARBUD_INEAR,0.97627,"Bloody M30 TWS True Wireless Earbuds, Bluetooth 5.0, 22H Playtime, Low Latency & Lightweight, Hybrid Diaphragm Deep Bass, IPX4 Rate Earphones with Mini Charging Case White",Earbud Headphones,internal_oof
B07XP71N14,OVER_EAR,OVER_EAR,OVER_EAR,0.709265,"Audio-Technica ATH-SR30BTBK Bluetooth Wireless Over-Ear Headphones, 40mm Drivers, 70 Hours Playback, Mic, and Music Controls - Charcoal Gray (Renewed)",Earbud Headphones,internal_oof
B00428HJ28,EARBUD_INEAR,EARBUD_INEAR,EARBUD_INEAR,0.956866,BIRUGEAR Dark Blue 3.5mm Metal Stereo Headset Handsfree Soft Gel Earbud with Microphone for HTC Desire C,Headphones & Earbuds,internal_oof
B09DYPP64D,EARBUD_INEAR,EARBUD_INEAR,EARBUD_INEAR,0.974243,"KZ EDX Pro in-Ear Monitor Headphones Wired, IEM Earphones,Dual DD HiFi Stereo Sound Earphones Noise Cancelling Earbuds(Black,No Mic)",Earbud Headphones,internal_oof
B00HCQPKO6,EARBUD_INEAR,EARBUD_INEAR,EARBUD_INEAR,0.957974,Importer520 Handsfree Stereo Earphones Earbuds with Microphone for Samsung Focus Flash i677 (AT&T)- New White,Headphones & Earbuds,internal_oof
B06XPX7DQN,EARBUD_INEAR,EARBUD_INEAR,EARBUD_INEAR,0.92799,Skullcandy Ink'd 2.0 In-Ear Earbud - Street Grey/Chrome,Earbud Headphones,internal_oof
B0BFPJMDX3,EARBUD_INEAR,EARBUD_INEAR,EARBUD_INEAR,0.984328,"ZABBOW Scorpion Wireless Bluetooth Headset, Hanging Ear Bluetooth Earphone with Microphone, Standby Time 160 Hours, for Business Office Driving, Supports iPhone Android PS5,with 3300MA Charging Case",Earbud Headphones,internal_oof
B078WDPDCV,EARBUD_INEAR,EARBUD_INEAR,EARBUD_INEAR,0.97369,in Ear Headphones SDFLAYER Silverlight Earbuds with Line-in Microphone Heavy Bass Dynamic Driver Earphones with Non Tangle TPE Cord for Running Gym Android Phones Music Player Silver,Earbud Headphones,internal_oof
B01DY4BE6C,ON_EAR,UNKNOWN,EARBUD_INEAR,0.468864,"Headphones, Sound Intone Wz-01 Stereo Dynamic Headset, Metal High Definition On-Ear Headphones with Detachable 3.5mm Audio Cable for iPhone 6/6S Plus, iPod, iPad Air, Samsung, HTC, LG, MP3 (Black)",On-Ear Headphones,internal_oof
B00BN5DGLG,ON_EAR,ON_EAR,ON_EAR,0.894248,"House of Marley EM-JH063-SD Marley Rise Up Saddle On-Ear Headphones , Discontinued by Manufacturer",Headphones & Earbuds,internal_oof
B00C51I518,EARBUD_INEAR,EARBUD_INEAR,EARBUD_INEAR,0.897514,PINK EarPhone HeadPhones HeadSet With Mic For Alcatel Virgin Mobile Venture,Headphones & Earbuds,internal_oof
B0042JK6LS,EARBUD_INEAR,EARBUD_INEAR,EARBUD_INEAR,0.95847,Bluetooth Headset,Headphones & Earbuds,internal_oof
B00NH8OT3G,OVER_EAR,OVER_EAR,OVER_EAR,0.989058,"Califone 2800-YL Listening First Stereo Headphones, Yellow",Over-Ear Headphones,internal_oof
B09JF83P1H,EARBUD_INEAR,EARBUD_INEAR,EARBUD_INEAR,0.993353,"Samsung Galaxy Buds Plus, True Wireless Earbuds (Wireless Charging Case Included), White – US Version",Earbud Headphones,internal_oof
B07VJQC8KG,EARBUD_INEAR,EARBUD_INEAR,EARBUD_INEAR,0.967802,iFrogz 304003085 Audio - Airtime TWS - Wireless Earbud and Charging Case - Blue,Earbud Headphones,internal_oof
B00WUSN0SO,EARBUD_INEAR,EARBUD_INEAR,EARBUD_INEAR,0.544703,Sony MDR-EX76/BLK EX Style Headphones with Carrying Case (Black) (Discontinued by Manufacturer),Earbud Headphones,internal_oof
B016PAZ6BG,ON_EAR,UNKNOWN,ON_EAR,0.383705,Lisa Frank 3 in 1 Stereo Headphone-Speaker Set-Hunter,Headphones & Earbuds,internal_oof
B09DST5N83,EARBUD_INEAR,EARBUD_INEAR,EARBUD_INEAR,0.995008,Wireless Earbuds Bluetooth 5.3 Headphones Built-in 4-Mic Clear Call in-Ear Ear Buds Noise Cancelling 30Hrs Playtime Earphones with USB-C Charging Case IPX7 Waterproof Earbuds for iPhone/Android Red,Earbud Headphones,internal_oof
B00GH752AI,EARBUD_INEAR,EARBUD_INEAR,EARBUD_INEAR,0.962857,DUNU DN-1000 Hybrid earphone (twin BA + 1 dynamic drivers),Earbud Headphones,internal_oof
B07S98228V,OVER_EAR,OVER_EAR,OVER_EAR,0.857873,USB Heavy-Duty Kids' Headset Headphones w/ Tangle-Free Fabric Cord Pack of 10,Over-Ear Headphones,internal_oof
B0BQCF4N32,OVER_EAR,OVER_EAR,OVER_EAR,0.947187,"pollini Bluetooth Headphones Wireless, 40H Playtime Foldable Over Ear Headphones with Microphone, Deep Bass Stereo Headset with Soft Memory-Protein Earmuffs for iPhone/Android Cell Phone/PC (Blue)",Over-Ear Headphones,internal_oof
B09Z9JWMX8,EARBUD_INEAR,EARBUD_INEAR,EARBUD_INEAR,0.998825,"Wireless Earbuds, Mini Bluetooth 5.0 Earphones with Charging Case,IPX5 Waterproof, in-Ear Built-in Mic Headset Deep Bass Stereo for Sport Running 28",Earbud Headphones,internal_oof
B0BM8S4RW1,EARBUD_INEAR,EARBUD_INEAR,EARBUD_INEAR,0.967132,Skullcandy Set in-Ear Earbud Black & Ink'd+ in-Ear Earbuds Black,Earbud Headphones,internal_oof
B0CJ8R5SGC,EARBUD_INEAR,EARBUD_INEAR,EARBUD_INEAR,0.996646,PSIER Wireless Earbuds Bluetooth Headphones 153H Playtime Ear Buds Digital LED Display Cell Phones Charging Function with 2000mAh Charging Case Built in Mic Clear Calls in Ear Earphones for Sports,Earbud Headphones,internal_oof
B00XQSOV6C,EARBUD_INEAR,EARBUD_INEAR,EARBUD_INEAR,0.920255,"NANAZ Earphone/Cute Earphone/ Panda model Gm-217 3.5mm Jack Hi-fi Stereo Retractable Earphone/ Cute Earphone for Ipod , Ipad , Iphone , Mp5 , Mp4 , Mp3",Headphones & Earbuds,internal_oof
B01LRDZLIE,EARBUD_INEAR,EARBUD_INEAR,EARBUD_INEAR,0.877362,Headset Buddy ClearMic That fits Bose QC35 - Noise Cancelling Boom Microphone Compatible with QuietComfort 35 Headphones (CM3504),Earbud Headphones,internal_oof
B07DH3V2BD,EARBUD_INEAR,EARBUD_INEAR,EARBUD_INEAR,0.990851,"3D Clear Sound True Wireless Earbuds Blutooth 5.0 TWS Stereo Earphones A week's Endurance with Built-in Mic and Charging Case for iPhone, Samsung, iPad, Android(Hail)",Earbud Headphones,internal_oof
B08D9GT92V,EARBUD_INEAR,EARBUD_INEAR,EARBUD_INEAR,0.983019,"KZ ZST X in-Ear Monitors, Upgraded Dynamic Hybrid Dual Driver ZSTX Earphones, HiFi Stereo IEM Wired Earbuds/Headphones with Detachable Cable for Musician Audiophile (with Mic, Purple)",Earbud Headphones,internal_oof
B07HP866PF,EARBUD_INEAR,EARBUD_INEAR,EARBUD_INEAR,0.971275,"MOKAY Earbuds, Wood in Ear Headphones, Stereo Bass Noise-isolating Earphones with Microphone and Inline Remote Controller, Carrying Case (Brown)",Earbud Headphones,internal_oof
B00CMDY8MO,OVER_EAR,EARBUD_INEAR,EARBUD_INEAR,0.571887,Razer Kraken Pro Analog Gaming Headset,Headphones & Earbuds,internal_oof
B097R6TNF1,EARBUD_INEAR,EARBUD_INEAR,EARBUD_INEAR,0.842832,"G.K Earbuds Wired Headphone 7BA+1DD Hybrid Driver HiFi Stereo Noise Cancelling IEM Earphone 3.5mm Jack Headphone with Detachable Audio Cable for Musicians DJ Guitarists Sport Gaming (Black,No Mic)",Earbud Headphones,internal_oof
B0033PROMG,EARBUD_INEAR,EARBUD_INEAR,EARBUD_INEAR,0.751337,Pioneer SE-CS15V High Performance Earbud Headphones with Volume Control (Black),Headphones & Earbuds,internal_oof
B0732GDF1B,EARBUD_INEAR,EARBUD_INEAR,EARBUD_INEAR,0.963177,"GOgroove AudiOHM HDX Noise Isolating Wired Earbuds with Microphone - Premium Headphones with Ergonomic Angled Design, 3mm Thick Reinforced Cable, Fortified Y-Connector, and EVA Carrying Case (Red)",Earbud Headphones,internal_oof
B07RGB6YPM,EARBUD_INEAR,EARBUD_INEAR,EARBUD_INEAR,0.996406,"IPX8 Waterproof Wireless Earbuds,Red2Fire Latest Bluetooth 5.0 Headphones in-Ear True Wireless Stereo Bluetooth Earbuds with Wireless Charging Case, 24H Playtime 3D Stereo Sound with Deep Bass (Black)",Earbud Headphones,internal_oof
B09Y39ZC5W,EARBUD_INEAR,EARBUD_INEAR,EARBUD_INEAR,0.983478,"Cleaning Pen for Airpods, for Men Dad Boyfriend Multi-Function Earbuds Cleaner Kit Soft Brush for iPad iPhone Samsung Wireless Earbuds for Bluetooth Earphones Case Cleaning Tools",Earbud Headphones,internal_oof
B003X519D6,OVER_EAR,OVER_EAR,OVER_EAR,0.676084,Audio Technica ATH-XS5 BK BLACK| Portable Headphones (Japan Import),Over-Ear Headphones,internal_oof
B00J1ROQFI,EARBUD_INEAR,EARBUD_INEAR,EARBUD_INEAR,0.839862,"Over The Top Services Sports Earbuds – Model gs27 The Logan Collection 4th Generation Stereo Headset - Noise Reduction - Custom Fitting Comply Foam Ear Tips (S400 Active Series) - Active Sports Earphone Users – Runners, Joggers, Intense Exercise – All Day Comfort - Not Affected By Perspiration - Hands Free In The Ear Headphones With Mic and Sports Clip - Compatible With Tablets, Laptops and Computers, MP3’s, Smart Phones - Tangle Free Cords – Best 100% Warranty – Free Guide, Best Kept Earbud Sec",Earbud Headphones,internal_oof
B0CCDSMFR6,EARBUD_INEAR,EARBUD_INEAR,EARBUD_INEAR,0.993012,"Eonome-W5s-True-Wireless-Earbuds-Bluetooth 5.3 in-Ear Headphones IPX7 Waterproof - USB-C Charging Sport Wireless Headphones Built-in Mic for iPhone, Samsung, Huawei with Metal Charging Case(Grey)",Earbud Headphones,internal_oof
B0BLYWWR1L,EARBUD_INEAR,EARBUD_INEAR,EARBUD_INEAR,0.989828,"wzson Wireless Earbuds，Bluetooth 5.0 Noise Cancelling Earbuds，Bluetooth Headphones 3D HiFi Stereo Bass,IPX5 Waterproof Sports Touch Control with USB-C Fast Charge Mini Charging Case for Android iOS",Earbud Headphones,internal_oof
B000068OHS,OVER_EAR,OVER_EAR,OVER_EAR,0.992602,Samson CH70 Closed Back Studio Headphones,Over-Ear Headphones,internal_oof
B00EVO0EXE,EARBUD_INEAR,EARBUD_INEAR,EARBUD_INEAR,0.656746,Chic Buds EF-BM0002-01 Arts Tangle Free Flat Cables,Headphones & Earbuds,internal_oof
B01KPE3UTS,EARBUD_INEAR,UNKNOWN,EARBUD_INEAR,0.463798,Poyatu Earbuds for Powerbeats 2 Wireless Earphones Earbuds Replacement Eartips Gray,"Headphones, Earbuds & Accessories",internal_oof
B001EXGCOK,EARBUD_INEAR,EARBUD_INEAR,EARBUD_INEAR,0.671982,Jabra BT2010 Bluetooth Headset (Discontinued by Manufacturer),Headphones & Earbuds,internal_oof
B0BP2F943C,EARBUD_INEAR,EARBUD_INEAR,EARBUD_INEAR,0.994583,"Bluetooth Headphones Wireless Earbuds for iPhone/Android, Noise Cancelling & Touch Control Bluetooth 5.2 Earphones with Charging Case Compatible with iPhone 14/13/12/11/SE/X/8/7/iPad/Android - White",Earbud Headphones,internal_oof
B002QBTOTE,EARBUD_INEAR,EARBUD_INEAR,EARBUD_INEAR,0.940018,Jawbone Prime Ear Candy Bluetooth Headset - Frankly Scarlet (Red) Retail Box Brand New,Headphones & Earbuds,internal_oof
B09SHWYLF4,ON_EAR,ON_EAR,ON_EAR,0.766488,"Kids Wireless Bluetooth Headphones with Microphone, Colorful LED Cat Ear Headphones with 85dB Volume Limited & Soft Foldable Noise Cancelling Headphones for Kids/Adults/iPad/Laptop/PC (Pink)…",On-Ear Headphones,internal_oof
B07WF7JWTW,EARBUD_INEAR,EARBUD_INEAR,EARBUD_INEAR,0.963873,"Soundcore Upgraded, Anker Liberty Neo True Wireless Earbuds, Pumping Bass, IPX7 Waterproof, Secure Fit, Bluetooth 5 Headphones, Stereo Calls, Noise Isolation, One Step Pairing, Sports (Blue)",Earbud Headphones,internal_oof
B01DEVK97A,EARBUD_INEAR,EARBUD_INEAR,EARBUD_INEAR,0.898208,"PowerBlue Bluetooth Headset, Noise Cancelling Universal Bluetooth Headset with Microphone 6 Hours of Talk Time - Compatible for iPhones and all Android Smartphones -Black",Headphones & Earbuds,internal_oof
B001T71T1M,EARBUD_INEAR,EARBUD_INEAR,EARBUD_INEAR,0.961696,OEM (Original) 3.5mm MONO Hands-free Headset for RIM Blackberry 8330 CURVE (by Alltel / Sprint / US Cellular / Verizon Wireless),Headphones & Earbuds,internal_oof
B0B6RG6SLB,EARBUD_INEAR,EARBUD_INEAR,EARBUD_INEAR,0.89723,TOZO T9 True Wireless Earbuds Environmental Noise Cancellation 4 Mic Call Noise Cancelling Headphones Deep Bass Bluetooth 5.3 Light Weight Wireless Charging Case IPX7 Waterproof Headset Black,Headphones & Earbuds,internal_oof
B077F5G678,EARBUD_INEAR,EARBUD_INEAR,EARBUD_INEAR,0.924771,Wireless Cat Earbuds with Removable Ears,Earbud Headphones,internal_oof
B08CZZXWJ7,EARBUD_INEAR,EARBUD_INEAR,EARBUD_INEAR,0.964086,"PHILIPS T3215 Wireless in-Ear Earbuds, TWS Bluetooth 5.1 Stereo Headphones, IPX4, Up to 24 (6+18) hrs of Playtime with USB-C Charging case - Pink (TAT3215PP)",Earbud Headphones,internal_oof
B0BXT9S5NK,EARBUD_INEAR,EARBUD_INEAR,EARBUD_INEAR,0.976736,"Betron B25 Earphones, Noise Isolating in-Ear Wired Headphones with Strong Bass, Tangle-Free Cord, Lightweight, Carry Case and Soft Earbud Tips (Black)",Earbud Headphones,internal_oof
B003AFU9FI,EARBUD_INEAR,EARBUD_INEAR,EARBUD_INEAR,0.929768,Handsfree Stereo Headset - OEM Original (HDW-14322-001) for HTC HD2,Headphones & Earbuds,internal_oof
B001TB4PU0,EARBUD_INEAR,EARBUD_INEAR,EARBUD_INEAR,0.911387,Brand New 2.5mm jack STEREO Hands-free Headset for LG ENV1 ENV2 ( ENVY-1 ENVY-2 by Verizon Wireless ),Headphones & Earbuds,internal_oof
B0787KLT56,ON_EAR,ON_EAR,ON_EAR,0.904989,Kids Headphones - noot products K11 Foldable Stereo Tangle-Free 3.5mm Jack Wired Cord On-Ear Headset for Children/Teens/Boys/Girls/Smartphones/School/Kindle/Airplane Travel/Plane/Tablet (Navy/Teal),On-Ear Headphones,internal_oof
B01CF65O16,OVER_EAR,OVER_EAR,OVER_EAR,0.977846,PopClik Jump! Pro Headphones in Black 40 mm Neodymium Magnet Driver Over The Ear 16 Ohms Impedance,Over-Ear Headphones,internal_oof
B00ATIS7QW,EARBUD_INEAR,EARBUD_INEAR,EARBUD_INEAR,0.779929,X-1 (Powered by H2O Audio) MM-IE1-PE Women's Momentum in-Ear Ultra Light Sweat Proof Headphones (Purple) Discontinued by Manufacturer,Earbud Headphones,internal_oof
B08163FFSK,EARBUD_INEAR,EARBUD_INEAR,EARBUD_INEAR,0.985468,Venture Electronics Venture ElectronicsVE Bonus IE in Ear Earphones BIE HiFi,Earbud Headphones,internal_oof
B011HHZ60S,EARBUD_INEAR,EARBUD_INEAR,EARBUD_INEAR,0.973282,"Earphones, NEXON Premium Earbuds with Mic Stereo Headphones - Made for iPhone, iPod, iPad, Android Smartphone, Tablets, MP3 Players",Earbud Headphones,internal_oof
B093Z9XCRD,EARBUD_INEAR,EARBUD_INEAR,EARBUD_INEAR,0.990135,GOOSETRONIC Wireless Earbuds for Android or Apple – CVC 8.0 Hybrid Noise Cancelling TWS Bluetooth Earbuds with 300 mAh Charging Case – Music Play & Phone Controls – Black Wireless Sport Earbuds,Earbud Headphones,internal_oof
B0B76BH8VD,EARBUD_INEAR,EARBUD_INEAR,EARBUD_INEAR,0.995362,ELOVEN True Wireless Earbuds Bluetooth 5.3 Earphones for iPhone 14 Pro Max Galaxy S22 Ultra in-Ear Wireless Earphone Noise Cancelling Comfort Fit Headphones with Charging Case for Sports Work Blue,Earbud Headphones,internal_oof
B086KXTLPB,EARBUD_INEAR,EARBUD_INEAR,EARBUD_INEAR,0.996281,"SAMSUNG Galaxy Buds 2019, Bluetooth True Wireless Earbuds (Wireless Charging Case Included) (Renewed)",Earbud Headphones,internal_oof
B00UR6Q2RC,EARBUD_INEAR,EARBUD_INEAR,EARBUD_INEAR,0.958885,"Audiosharp AS1160 Stereo Noise Cancelling In-Ear Headphones with Metal Aluminum Housing and In-Line Microphone Mic Rich Bass, Compatible with Apple iPhone iPad iPod Samsung Galaxy Smartphone and Music Player (Grey)",Earbud Headphones,internal_oof
B00BNPMY64,ON_EAR,ON_EAR,ON_EAR,0.51121,NakamichiHeadphonesNK780M Red Metallic,Headphones & Earbuds,internal_oof
B08BZDYDFP,EARBUD_INEAR,EARBUD_INEAR,EARBUD_INEAR,0.859762,Aftershokz OpenMove Wireless Bone Conduction Open-Ear Bluetooth Headphones Includes Pack,Over-Ear Headphones,internal_oof
B009FX5OTU,OVER_EAR,ON_EAR,ON_EAR,0.476854,Connectland CL-AUD63062 Circumaural Stereo Headphone with In-line Mic,Headphones & Earbuds,internal_oof
B0024V0I0A,EARBUD_INEAR,EARBUD_INEAR,EARBUD_INEAR,0.849567,Plantronics Explorer 390 Bluetooth Headset,Headphones & Earbuds,internal_oof
B092DN2TCJ,EARBUD_INEAR,EARBUD_INEAR,EARBUD_INEAR,0.990161,"Wireless Earbuds, Eranova TWS Bluetooth 5.1 Earphones Cordless in Ear Headphones with USB-C Charging Case Mic Clear HD Stereo Sound for iPhone Android Sports Workout Running Black",Earbud Headphones,internal_oof
B004FTMOJ2,EARBUD_INEAR,EARBUD_INEAR,EARBUD_INEAR,0.734862,"AURIA Zeal Performance Sports Earphones for iPhone 4/3GS/3G and iPods with Volume control, Track control, Microphone and XFit System",Headphones & Earbuds,internal_oof
B09TNV48N1,EARBUD_INEAR,EARBUD_INEAR,EARBUD_INEAR,0.921646,"Airpod Pro Cleaning Pen with Charging Case, Earbuds Cleaner Kit with Soft Brush,with Multi Function for Earphones, Camera,Mobile Phone, Computer Keyboard",Earbud Headphones,internal_oof
B08BRGH7S3,EARBUD_INEAR,EARBUD_INEAR,EARBUD_INEAR,0.905409,"XiaoMi True Wireless Earphones 2 Basic The new headphones have a longer battery life. With excellent sound quality, easy to adjust. White (international edition), Mi True Wireless Earphones 2 Basic",Earbud Headphones,internal_oof
B009T9OGPS,OVER_EAR,EARBUD_INEAR,EARBUD_INEAR,0.940898,Turtle Beach Ear Force P11 Recertified,Earbud Headphones,internal_oof
B06XC4YR3R,OVER_EAR,OVER_EAR,OVER_EAR,0.974722,beyerdynamic Professional Acoustically Open Headphones 250 Ohms (DT-990-PRO-250) with Slappa HardBody PRO Full Sized Headphone Case Black & Universal Wood Headphone Stand,Over-Ear Headphones,internal_oof
B07MFWFKK2,EARBUD_INEAR,EARBUD_INEAR,EARBUD_INEAR,0.991911,Compatible with Stylo 4 Plus - Sound Isolating Handsfree Headset Earphones Earbuds w Mic Dual Headphones Tangle Free Flat Wired 3.5mm [Black] Works with LG Stylo 4 Plus,Earbud Headphones,internal_oof
B08FM43B62,OVER_EAR,OVER_EAR,OVER_EAR,0.910866,"LOBKIN Headphones Kids, Headphones Cat Ears with LED, 85dB Volume Limiter, Foldable, Kids Headphones with Wire for Girls Boys (Football+Blue)",Over-Ear Headphones,internal_oof
B0043TSLRI,EARBUD_INEAR,EARBUD_INEAR,EARBUD_INEAR,0.82799,Headphones w/ Inline Mic Headset (OEM) for Samsung Gravity 3 (Black),Headphones & Earbuds,internal_oof
B00F0DCQ22,EARBUD_INEAR,EARBUD_INEAR,EARBUD_INEAR,0.829673,"4x Black Medium Size Earbud Ear bud Tips Cushions For Logitech Ultimate Ears Noise-Isolating Earphones TripleFi 10 10vi,MetroFi 100 150 170 200 200v 220 220vi,ltimate Ears SuperFi 3 5,Ultimate Ears SuperFI 4 4vi,200 200vi 200vm 350 350vi,500 500vi 500vm 600vi 700,UE 100 UE 350 UE350vm,UE600 UE700 UE 900 350VM,Loud Enough IP-P3SSCB001-02,Super.fi 3/5 Pro/5 Eb/10 Ue700",Earbud Headphones,internal_oof
B09Q5451BG,OVER_EAR,OVER_EAR,OVER_EAR,0.927842,"Active Noise Canceling Headphones, Pink Wireless Headphones w/Mics, 45H Playtime USB-C Fast Charge, Deep Bass, BT 5.0, Connect to 2 Device, Stylish Design for Girls Women Boys TV PC Home Office",Over-Ear Headphones,internal_oof
B01N1F8RI1,ON_EAR,ON_EAR,ON_EAR,0.991729,Veho Z-4 On-Ear Wired Headphones | Foldable Design | Leather Finish | Microphone | Remote Control - Black (VEP-009-Z4) Headphone,On-Ear Headphones,internal_oof
B0BM3N3YQB,EARBUD_INEAR,EARBUD_INEAR,EARBUD_INEAR,0.994997,"Donerton Wireless Headphones, Bluetoth Earbud with 150H Playtime, Wireless Earphones 5.0 IP7 Waterproof in Ear Headset for Sport, Charging Case, Deep Bass Earbud, Built-in HD Dual Mics for Call",Earbud Headphones,internal_oof
B0BCH72QJ6,EARBUD_INEAR,EARBUD_INEAR,EARBUD_INEAR,0.988886,"VOLT PLUS TECH Wireless V5.0 Bluetooth Earbuds for iPhone 14/ 14PRO / MAX / 13 / 13Pro / MAX,12/12 Pro/Max, with LED Display,Mic, 8D Bass, F9 TWS IPX7 Waterproof with 2000mAh PowerBank Charging case",Earbud Headphones,internal_oof
B009WNUETS,EARBUD_INEAR,EARBUD_INEAR,EARBUD_INEAR,0.990115,NoiseHush NS400-11940 Bluetooth Stereo Headset with Case for Apple iPad/iPhone - Retail Packaging - Black,Earbud Headphones,internal_oof
B005K9T0UC,ON_EAR,ON_EAR,ON_EAR,0.533894,"Sport Headphones, Red Speakers plus Black Headband",Headphones & Earbuds,internal_oof
B09YTTY2H1,EARBUD_INEAR,EARBUD_INEAR,EARBUD_INEAR,0.995574,"Wireless Earbuds,Bluetooth Earbuds 60H Playtime Deep Bass Noise Cancelling,Wireless Ear Buds IPX6 Waterproof Touch Control with Charging Case,in-Ear Headphones Built-in Mic Earphone for Sports",Earbud Headphones,internal_oof
B006FL7ZGK,EARBUD_INEAR,EARBUD_INEAR,EARBUD_INEAR,0.898419,Lady Gaga HeartBeats In-Ear Headphones with ControlTalk (Bright Chrome) - NON RETAIL PACKAGING,Earbud Headphones,internal_oof
B08Y8VTQTC,EARBUD_INEAR,EARBUD_INEAR,EARBUD_INEAR,0.995826,XLEADER Sport3 Pro Sports Wireless Earbuds Bluetooth in-Ear Headphones with LED Display Charging Case 48H Playtime IPX7 Waterproof Deep Bass Mic for Running Workout Gym,Earbud Headphones,internal_oof
B01FL7JKE8,EARBUD_INEAR,EARBUD_INEAR,EARBUD_INEAR,0.899969,Headphones White 133,Earbud Headphones,internal_oof
B0BNNTDHNX,OVER_EAR,OVER_EAR,OVER_EAR,0.984957,"VuyKoo Bluetooth Headphones with Microphone/RGB LED Light Up, Cat Ear Wireless Headphones, Stereo Gaming Headset for Cellphone/PC/Laptop/Tablet/TV Kids Girls & Boys Teens/Birthday Gift (Purple)",Over-Ear Headphones,internal_oof
B08KDZ2NZX,EARBUD_INEAR,EARBUD_INEAR,EARBUD_INEAR,0.977016,"Soundcore by Anker Life A1 True Wireless Earbuds, Powerful Customized Sound, 35H Playtime, Wireless Charging, USB-C Fast Charge, IPX7 Waterproof, Button Control, Bluetooth Earbuds, Commute, Sports",Earbud Headphones,internal_oof
B0BN534JBB,OVER_EAR,OVER_EAR,OVER_EAR,0.987045,"Bose Noise Cancelling Headphones 700,Bluetooth, Over-Ear Wireless with Built-In Microphone for Clear Calls & Alexa Voice Control,Black",Over-Ear Headphones,internal_oof
B008XNXIM8,EARBUD_INEAR,EARBUD_INEAR,EARBUD_INEAR,0.933015,Bluetooth Headset with NoiseAssassin 3.0,Headphones & Earbuds,internal_oof
B09LM2PDN4,OVER_EAR,OVER_EAR,OVER_EAR,0.992843,"OneOdio A71 Hi-Res Studio Recording Headphones - Wired Over Ear Headphones with SharePort, Professional Monitoring & Mixing Foldable Headphones with Stereo Sound (Red)",Over-Ear Headphones,internal_oof
B0B76VZ5QR,EARBUD_INEAR,EARBUD_INEAR,EARBUD_INEAR,0.987557,"Wireless Earbuds Bluetooth 5.3 Headphones with 4-Mics Clear Call and ENC Noise Cancelling, Bluetooth Earbuds Touch Control Stereo Sound with LED Display, Waterproof Running Headphones for Workout",Earbud Headphones,internal_oof
B00OC0CZNY,EARBUD_INEAR,EARBUD_INEAR,EARBUD_INEAR,0.967532,"Areion Zipper 3.5mm In-Ear Audio Stereo Earbud Earphone Headphone Headset Mp3 For Iphones, Ipads, Ipods, Nano, Kindle, Samsung, Htc Yellow",Headphones & Earbuds,internal_oof
B08HPSGXT9,EARBUD_INEAR,EARBUD_INEAR,EARBUD_INEAR,0.979771,"Bose Sport Earbuds - True Wireless Earphones - Bluetooth In Ear Headphones for Workouts and Running, Baltic Blue",Earbud Headphones,internal_oof
B00WU6GLKK,OVER_EAR,OVER_EAR,OVER_EAR,0.887832,Ecko EKU-FRC-PLDBK Unlimited Force Over-the-Ear Headphones with Microphone (Plaid Black),Headphones & Earbuds,internal_oof
B00X4S53XO,EARBUD_INEAR,EARBUD_INEAR,EARBUD_INEAR,0.91417,Plantronics ML20 Bluetooth Headset: Graphite/Black,Headphones & Earbuds,internal_oof
B00MO7LU7O,EARBUD_INEAR,EARBUD_INEAR,EARBUD_INEAR,0.978766,G-01 Bluetooth Headset (F:- Accessory),Earbud Headphones,internal_oof
B001NZPNKI,EARBUD_INEAR,EARBUD_INEAR,EARBUD_INEAR,0.956469,Motorola Bluetooth H500 Headset,Headphones & Earbuds,internal_oof
B08B1NNMNQ,EARBUD_INEAR,EARBUD_INEAR,EARBUD_INEAR,0.991508,"SAMSUNG Galaxy Buds+ Plus, True Wireless Earbuds w/Improved Battery and Call Quality (Wireless Charging Case Included), Purple with Fast Charge Wireless Charging Pad",Earbud Headphones,internal_oof
B00PG5ZYKK,EARBUD_INEAR,EARBUD_INEAR,EARBUD_INEAR,0.921579,"Far End Gear Short Buds 22"" Cord Single in-Ear Stereo-to-Mono Earbud for Armband Music Players",Headphones & Earbuds,internal_oof
B004INGZCM,EARBUD_INEAR,ON_EAR,ON_EAR,0.482283,Sennheiser PMX 90 Portable Neckband Headphone with Dynamic Bass (Discontinued by Manufacturer),Headphones & Earbuds,internal_oof
B09GFLS1MX,EARBUD_INEAR,EARBUD_INEAR,EARBUD_INEAR,0.99621,Wireless Earbuds Bluetooth Headphones - 30H Playtime with USB C Charging Case Stereo Bass Earphones Touch Control Sport in-Ear Bluetooth Earbuds with Built-in Noise Cancelling Mic for Android iPhone,Earbud Headphones,internal_oof
B001EN106U,EARBUD_INEAR,EARBUD_INEAR,EARBUD_INEAR,0.928487,Jabra BT2070 Bluetooth Headset,Headphones & Earbuds,internal_oof
B0144R6MBA,OVER_EAR,OVER_EAR,OVER_EAR,0.775881,rockpapa Over Ear Stereo Wired Adults Kids Childs Boys Girls Headphones Earphones Adjustable for iPhone 6 iPad iPod innoTab LeapPad PC DVD CD Yellow,Headphones & Earbuds,internal_oof
B091GHJ7FN,EARBUD_INEAR,EARBUD_INEAR,EARBUD_INEAR,0.985399,"Bluetooth 5.1 Headphones, Wireless Earbuds with LED Digital Display, IPX7 Waterproof, CVC8.0 Noise Cancelling, 40H Playtime with Fast Charging Case, Suitable for Sports and Work",Earbud Headphones,internal_oof
B07CYZGQ12,OVER_EAR,OVER_EAR,OVER_EAR,0.971363,"PowerLocus Bluetooth Over-Ear Headphones, Wireless Stereo Foldable Headphones Wireless and Wired Headsets with Built-in Mic, Micro SD/TF, FM for iPhone/Samsung/iPad/PC (Purple)",Over-Ear Headphones,internal_oof
B0B6F5GQBR,EARBUD_INEAR,EARBUD_INEAR,EARBUD_INEAR,0.994845,"Aictoe Waterproof Bluetooth 5.0 True Wireless Earbuds, Touch Control,30H Cyclic Playtime TWS Headphones with Charging Case and mic, in-Ear Stereo",Earbud Headphones,internal_oof
B084QPKJ2Z,EARBUD_INEAR,EARBUD_INEAR,EARBUD_INEAR,0.967787,FAPO Lightning Earphones for iPhone Earphones Noise Isolation in-Ear Earbuds Compatible with iPhone 11/X/XS/XS Max/XR/8/7 Plus Microphone Controller Ergonomic MFi Certified Headphones White,Earbud Headphones,internal_oof
B084BZ69F5,EARBUD_INEAR,EARBUD_INEAR,EARBUD_INEAR,0.94643,"Wired Mono Headset Earphone w Mic Headphone 3.5mm for G8X ThinQ Phone, Single Earbud Hands-Free Microphone Over-The-Ear Compatible with LG G8X ThinQ",Earbud Headphones,internal_oof
B00OIRBJQK,EARBUD_INEAR,EARBUD_INEAR,EARBUD_INEAR,0.880959,"Urbanears Bagis in-Ear Headphone, Black (4091016)",Earbud Headphones,internal_oof
B0BKV95V5W,EARBUD_INEAR,EARBUD_INEAR,EARBUD_INEAR,0.994809,"Tiksounds Wireless Earbuds, Bluetooth Headphones with Microphone, IPX7 Waterproof, 35H Playtime with LED Power Display, High-Fidelity Stereo Earphones for Sports and Work",Earbud Headphones,internal_oof
B01C7UG54K,EARBUD_INEAR,EARBUD_INEAR,EARBUD_INEAR,0.905685,"AXESS HPBT624 Wireless Bluetooth Headphones with Rechargeable Battery & Built-in Mic, Red",Earbud Headphones,internal_oof
B00WUC1FKA,EARBUD_INEAR,ON_EAR,ON_EAR,0.52032,Strawberry Shortcake Earbuds,Headphones & Earbuds,internal_oof
B0928RXLLC,EARBUD_INEAR,EARBUD_INEAR,EARBUD_INEAR,0.965971,"APETOO USB C Headphones for Samsung S21 Ultra, HiFi Stereo Type C Earbuds + Carrying Case Noise Cancelling USB C Earphones with Mic for Galaxy S20 FE S21 S20 Note 10 Plus Pixel 5 4 3 XL OnePlus 9 Pro",Earbud Headphones,internal_oof
B0BYDFZ6FT,EARBUD_INEAR,EARBUD_INEAR,EARBUD_INEAR,0.952835,"truefree T2 Wireless Earbuds Bluetooth 5.3 Headphones Wireless Earphones with 4 Mics Noise Cancelling for iOS/Android/Laptop, IPX4, Gaming/Deep Bass Music, 23Hrs of Playtime, Multiple Eartips(S/M/L)",Earbud Headphones,internal_oof
B09SWC23ZZ,EARBUD_INEAR,EARBUD_INEAR,EARBUD_INEAR,0.980015,"Cleaner Kit for Airpods, Cleaning Pen for airpods pro, Earbud Cleaning Tool, Electronics Cleaner kit for Bluetooth Earphones Case, Earbuds, in-Ear Headphones, Phone, Camera.",Earbud Headphones,internal_oof
B099DSDW6H,EARBUD_INEAR,EARBUD_INEAR,EARBUD_INEAR,0.995142,MOVONE Bluetooth Headphones Wireless Earbuds with Wireless Charging Case Digital LED Display 72hrs Playtime Deep Bass Sport Earphones with Over Earhooks Built in Mic Sweatproof in Ear Headset for Gym,Earbud Headphones,internal_oof
B0783BGT9Y,ON_EAR,UNKNOWN,OVER_EAR,0.352431,"Barbie Kids-Safe Headphones For Girls| Kids Headphones| Comfort-fitting | Perfect Gift For Christmas ,Birthday,Easter,Get Well or Any Other Occasion",Headphones & Earbuds,internal_oof
B0098F3820,EARBUD_INEAR,EARBUD_INEAR,EARBUD_INEAR,0.926531,"JVC HAFX1X Headphone Xtreme-Xplosivs, Black, Red",Earbud Headphones,internal_oof
B00CZ5J28O,EARBUD_INEAR,EARBUD_INEAR,EARBUD_INEAR,0.730353,Xtreme Comfort Fit Audio Earbuds with Mic - Retail Packaging - Black/Green,Headphones & Earbuds,internal_oof
B0C6MK6XRF,EARBUD_INEAR,EARBUD_INEAR,EARBUD_INEAR,0.99294,Wireless Earbuds，Bluetooth 5.3 Noise Cancelling Earbuds，Bluetooth Headphones 3D HiFi Stereo Bass， IPX7 Waterproof Sports Touch Control with USB-C Fast Charge Mini Charging Case for Android iOS,Earbud Headphones,internal_oof
B00Q799MWU,ON_EAR,EARBUD_INEAR,EARBUD_INEAR,0.78545,Tenergy Wireless Bluetooth Hands-Free Beanie (PINK & GREY) with PomPoms and Earflaps (built-in stereo speakers and microphone for calls),Headphones & Earbuds,internal_oof
B09HSSXHJN,EARBUD_INEAR,EARBUD_INEAR,EARBUD_INEAR,0.936362,OnePlus Buds Pro Wireless Earbuds| with Charging Case |IP55 | Smart Adaptive Noise Cancellation Sound | Glossy White (Renewed),Earbud Headphones,internal_oof
B007BTULVG,OVER_EAR,OVER_EAR,OVER_EAR,0.902379,Monoprice Hi-Fi Light Weight Noise Isolationg Over-The-Ear Headphones Ideal for Portable Applications Black,Headphones & Earbuds,internal_oof
B00ISRT46S,EARBUD_INEAR,EARBUD_INEAR,EARBUD_INEAR,0.995038,"JOVERS Earbuds,3.5mm Microphone Earphones Stereo Headphones Noise Isolating Headset Fit Compatible with Earbud Xs/XR/Earbud 7/7 Plus Earbud 8/8Plus / Earbud X Earphones",Earbud Headphones,internal_oof
B09HBZLFF9,EARBUD_INEAR,EARBUD_INEAR,EARBUD_INEAR,0.9983,Asnrc Wireless Earbuds Bluetooth Headphones with Charging Case IPX7 Waterproof Earphone CVC8.0 Noise Cancelling in-Ear Headset Built-in Microphone for iPhone Samsung Apple Android Ear Buds Black,Earbud Headphones,internal_oof
B0091KYYM0,EARBUD_INEAR,EARBUD_INEAR,EARBUD_INEAR,0.8499,Monoprice Bluetooth+O7 Wireless Stereo Headset - Black (108582),Headphones & Earbuds,internal_oof
B0BMZFTYR9,EARBUD_INEAR,EARBUD_INEAR,EARBUD_INEAR,0.976432,"Duet 50 Pro – Sweatproof Wireless Bluetooth Earbuds for Small Ears. 130 Hr Long Battery Life. Portable Headset Radio AM/FM, Charging Case, TWS Microphone, Wireless Bluetooth Earbuds Long Lasting",Earbud Headphones,internal_oof
B015L7V8TS,ON_EAR,ON_EAR,ON_EAR,0.567859,"1 Voice Sleep Headphones Eye Mask, Blue",Headphones & Earbuds,internal_oof
B0075LFKI4,EARBUD_INEAR,EARBUD_INEAR,EARBUD_INEAR,0.995033,SoundMAGIC E10M Noise Isolating in-Ear Earphones (Gunmetal),Earbud Headphones,internal_oof
B09VPDH9QZ,EARBUD_INEAR,EARBUD_INEAR,EARBUD_INEAR,0.996377,Wireless Earbuds V5.3 Bluetooth Earbuds 40 Hrs Battery Life with Wireless Charging Case & LED Power Display Deep Bass IPX7 Waterproof Earphones Microphone Stereo Headset for iPhone/Samsung/iOS/Android,Earbud Headphones,internal_oof
B0BFJZG6QM,EARBUD_INEAR,EARBUD_INEAR,EARBUD_INEAR,0.980822,Hoseili【2022new editionBluetooth Headphones】.Bluetooth 5.0 Wireless Earphones in-Ear Stereo Sound Microphone Mini Wireless Earbuds with Headphones and Portable Charging Case for iOS Android PC. XGB20,Earbud Headphones,internal_oof
B0BHDQR3QB,EARBUD_INEAR,EARBUD_INEAR,EARBUD_INEAR,0.913298,"Open Ear Air Conduction Headphones, Music Earphones Wireless Bluetoeth 5.2 Headset with Up to 7 Hours Playtime Built-in ENC Mic, Hi-Fi Sound Lightweight for Home Office Commute Indoor Use (Red)",Open-Ear Headphones,internal_oof
B0721RDBMW,ON_EAR,ON_EAR,ON_EAR,0.997471,Beats Solo HD On-Ear Headphone with Mic & Remote Control Cable (Certified Refurbished) (Black),On-Ear Headphones,internal_oof
B00ZV4L9PU,EARBUD_INEAR,EARBUD_INEAR,EARBUD_INEAR,0.816207,Sony Lightweight Waterproof 4GB Wireless Bluetooth Sports Wearable MP3 Player,Headphones & Earbuds,internal_oof
B07DW21BBW,EARBUD_INEAR,EARBUD_INEAR,EARBUD_INEAR,0.990693,"Otium Soar Ture Bluetooth Wireless Headphones, TWS Bluetooth in-Ear Headset with Charging Case/Built-in Mic/Deep Bass Sound/Sweat Proof for Running Sport, Business and Relaxation,Pink",Earbud Headphones,internal_oof
B08X4JWZFB,EARBUD_INEAR,EARBUD_INEAR,EARBUD_INEAR,0.979937,"dyplay True Wireless Earbuds 35dB Active Noise Cancelling with ANC Transparent Mode Bluetooth 5.0 Earbuds, 6 Built-in Mics for Clear Calls, Immersive Stereo Sound, USB-C Charging Case, Touch Control",Earbud Headphones,internal_oof
B09P281JYV,EARBUD_INEAR,EARBUD_INEAR,EARBUD_INEAR,0.898798,"Philips T2205 In-ear True Wireless Headphones with IPX4 Splash Resistant, Super-small Portable Charging Case, Built-in Microphone, Up to 12 Hours (4+8) Playtime, Works with Voice Assistants, TAT2205BL",Earbud Headphones,internal_oof
B017SJNSEK,EARBUD_INEAR,EARBUD_INEAR,EARBUD_INEAR,0.990292,"Zerowin Cute 3.5mm in Ear Earphones Earbuds Headset with Macaron Earphone Organizer Box Case for iPhone,for Samsung,for Mp3 iPod Pc Music (Black)",Earbud Headphones,internal_oof
B07JVNZWPL,EARBUD_INEAR,EARBUD_INEAR,EARBUD_INEAR,0.896824,"JustJamz Multipack of 10 Colorful in-Ear Earbuds | Bulk Earbuds Marbles, Wholesale Colorful Earphones, Disposable Earbuds, Headphones in Bulk, Headphones, for Kids & Adults, Assorted Colors",Earbud Headphones,internal_oof
B09XZYSZSR,EARBUD_INEAR,EARBUD_INEAR,EARBUD_INEAR,0.993591,"E60 V5.0 Wireless Earbuds with Wireless Charging Case, 8H Continuous Playtime",Earbud Headphones,internal_oof
B0BKCQTWGF,OVER_EAR,OVER_EAR,OVER_EAR,0.844578,"HoomBand | Bluetooth Sleep Headphones | Headband for Sleep, Travel, Meditation | Free Access to Hypnotic Stories and Sounds Created by Sleep Experts | Charging Cable Included",Over-Ear Headphones,internal_oof
B075FR6QDY,EARBUD_INEAR,EARBUD_INEAR,EARBUD_INEAR,0.981645,"In- Ear Hearphones, Bach-Audio-Em05 Earbuds with Mic and 3.5mm Gilded plug, Deep bass and Stereo Compatible with Android, Iphone and Miui HiFi earbuds",Earbud Headphones,internal_oof
B09RKLXDQ3,EARBUD_INEAR,EARBUD_INEAR,EARBUD_INEAR,0.969913,Paww ActiveSound Pro Bluetooth Active Noise Cancellating Earbuds - Bluetooth 5.0 Wireless Earbuds with Charging Case - IPX4 Water-Resistant in-Ear Headphones for Music and Calls Up to 25 Hours Use,Earbud Headphones,internal_oof
B076JBQ7SP,EARBUD_INEAR,EARBUD_INEAR,EARBUD_INEAR,0.992834,Diginex Bluetooth Earbuds Wireless Magnetic Headset Sport Earphones for Running IPX7 Waterproof Headphones 9 Hours Playtime High Fidelity Stereo Sound and Noise Cancelling Mic 1 Hour Recharge,Earbud Headphones,internal_oof
B09WKJQKGJ,OVER_EAR,OVER_EAR,OVER_EAR,0.988869,"Audio-Technica ATH-M20X Professional Studio Monitor Headphones, Black",Over-Ear Headphones,internal_oof
B09RXMMXB6,EARBUD_INEAR,EARBUD_INEAR,EARBUD_INEAR,0.99119,Wireless V5.2 Bluetooth Earbuds Compatible with Samsung Galaxy S22 5G with Charging Case for in Ear Headphones. (V5.2 Black),Earbud Headphones,internal_oof
B07QLN8MNJ,ON_EAR,ON_EAR,ON_EAR,0.996423,JBL TUNE 500BT - On-Ear Wireless Bluetooth Headphone - Black,On-Ear Headphones,internal_oof
B09GM5DWQP,EARBUD_INEAR,EARBUD_INEAR,EARBUD_INEAR,0.98494,"Donerton Wireless Earbud, Chipset 5.1 Sport Headphones with Charging Case, 10Hours Single Playtime Earhooks Headset, Wireless Earphone 6D Stereo HiFi Sound Noise Cancelling for Working/Travel/Gym",Earbud Headphones,internal_oof
B00E04M028,OVER_EAR,OVER_EAR,OVER_EAR,0.998527,Velodyne vQuiet Over-Ear Noise Canceling Headphones (Matte Black),Over-Ear Headphones,internal_oof
B005ZSGTMU,EARBUD_INEAR,EARBUD_INEAR,EARBUD_INEAR,0.967252,Verizon Brand BLUE color OEM Stereo Handsfree Headset Premium Wired Earphones Earbuds with Microphone and 2.5mm to 3.5mm Adapter for Verizon Motorola Droid X MB810 / X2 (2) / Droid RAZR (Comes with Universal Phone Stand),Earbud Headphones,internal_oof
B07KQWX947,ON_EAR,ON_EAR,ON_EAR,0.99569,Koss Porta Pro Black On Ear Headphones with Case Black,On-Ear Headphones,internal_oof
B0816GVJVW,EARBUD_INEAR,EARBUD_INEAR,EARBUD_INEAR,0.971793,"Soundcore Upgraded, Anker Liberty Neo True Wireless Earbuds, Pumping Bass, IPX7 Waterproof, Secure Fit, Bluetooth 5 Headphones, Stereo Calls, Noise Isolation, One Step Pairing, Sports, Work Out",Earbud Headphones,internal_oof
B0B5V5TG95,EARBUD_INEAR,OVER_EAR,OVER_EAR,0.807995,MUSICOZY Sleep Headphones Wireless Bluetooth 5.2 Sports Headband Headphones Earbuds Earphones with HD Stereo Speakers Unique Cool Gadgets for Running Workout Jogging Yoga Insomnia,Over-Ear Headphones,internal_oof
B004RE5ZCI,EARBUD_INEAR,EARBUD_INEAR,EARBUD_INEAR,0.897537,Sony MDREX310LP In-Ear Headphones,Earbud Headphones,internal_oof
B0BF45JLWL,EARBUD_INEAR,EARBUD_INEAR,EARBUD_INEAR,0.986499,"Wireless Earbuds, Bluetooth 5.1 Earphones for Sports, with Wireless Charging Case and Earhooks Over Ear Waterproof Earphones with Mic for Sports Running Workout iOS Android TV Phone Laptop Black",Earbud Headphones,internal_oof
B092PXXX2R,EARBUD_INEAR,EARBUD_INEAR,EARBUD_INEAR,0.962169,Linsoul TIN HiFi P1 10mm Planar-Diaphragm Driver in-Ear Earphones with Detachable MMCX Cable for Audiophiles Musicians (Renewed),Earbud Headphones,internal_oof
B07ZNBZCW5,EARBUD_INEAR,EARBUD_INEAR,EARBUD_INEAR,0.967491,"Anker Soundcore Liberty Air 2 Wireless Earbuds, Diamond-Inspired Drivers, Bluetooth Earphones, 4 Mics, Noise Reduction, 28H Playtime, HearID, Bluetooth 5, Wireless Charging, for Calls, Home Office",Earbud Headphones,internal_oof
B0C7H4T5XT,EARBUD_INEAR,EARBUD_INEAR,EARBUD_INEAR,0.994784,occiam Wireless Earbuds Bluetooth in-Ear Headphones with Microphones IPX7 Waterproof Ear Buds with LED Power Display Charging Case 64H Playback Time Earphones,Earbud Headphones,internal_oof
B07XCM2TQ7,EARBUD_INEAR,EARBUD_INEAR,EARBUD_INEAR,0.999523,"LASUNEY Bluetooth 5.0 True Wireless Earbuds with Charging Case for iPhone Android, Touch Control Waterproof Stereo Headphones with mic, in-Ear Earphones Headset for Sport",Earbud Headphones,internal_oof
B07MBQLXR5,ON_EAR,ON_EAR,ON_EAR,0.974645,"POWMEE M1 Kids Headphones Wired Headphone for Kids,Foldable Adjustable Stereo Tangle-Free,3.5MM Jack Wire Cord On-Ear Headphone for Children (Blue)",On-Ear Headphones,internal_oof
B07HNX3XYB,EARBUD_INEAR,EARBUD_INEAR,EARBUD_INEAR,0.999023,"TECKEPIC True Wireless Earbuds, Bluetooth 5.0 Earbuds, in-Ear Headphones Earphones with Charging Case, Stereo Sound Built-in Microphone, Waterproof, for iPhone Android Running Sport",Earbud Headphones,internal_oof
B0000DBJ2P,EARBUD_INEAR,EARBUD_INEAR,EARBUD_INEAR,0.805737,"Plantronics Headset M114 for Mobile & Cordless Phones, to read Plantronics Headset M110 for Mobile & Cordless Phones.",Headphones & Earbuds,internal_oof
B000YCUE8M,EARBUD_INEAR,EARBUD_INEAR,EARBUD_INEAR,0.919778,Samsung SCH-R500 Hue Cell Phone OEM Stereo Hands-Free Headset part # AAEP405SBE,Headphones & Earbuds,internal_oof
B09PXK8KCS,EARBUD_INEAR,EARBUD_INEAR,EARBUD_INEAR,0.925683,"OEM ElloGear Earbuds Wired Headphones for Samsung Galaxy S10 S10e S20 Note 10 Plus Cable - Designed by AKG - with Microphone, Volume Buttons, Includes Google Type C Adapter for Type-C Devices (White)",Earbud Headphones,internal_oof
B07QHZS1Y8,EARBUD_INEAR,EARBUD_INEAR,EARBUD_INEAR,0.986819,"JBL ENDURANCE JUMP- Wireless heaphones, bluetooth sport earphones with microphone, Waterproof, up to 8 hours battery, charging case and quick charge (Teal)",Earbud Headphones,internal_oof
B07CJMDSH9,OVER_EAR,OVER_EAR,OVER_EAR,0.948219,Bose QuietComfort 35 (Series I) Wireless Noise Cancelling Headphones - Silver (Renewed),Over-Ear Headphones,internal_oof
B07H4XSX54,EARBUD_INEAR,EARBUD_INEAR,EARBUD_INEAR,0.996315,"Rowkin Pace: True Wireless Earbuds w/Charging Case. Bluetooth 5.0 Compatible, Sweat-Proof Headphones. Smallest Hands-Free Earphones Headset w/Mic for Android and iPhone (Black)",Earbud Headphones,internal_oof
B09K2DY4V1,EARBUD_INEAR,EARBUD_INEAR,EARBUD_INEAR,0.974799,"Amazan Truly Wireless Earbuds for iPhone, Android & All Bluetooth-Enabled Devices - Waterproof in Ear Headphones with Charger Case, F9 Fingerprint Touch Technology & USB Charging Cable, Black",Earbud Headphones,internal_oof
B09K6BV9NZ,EARBUD_INEAR,EARBUD_INEAR,EARBUD_INEAR,0.990193,"Hiteblaz Wireless Earbuds Bluetooth Headphones with Mic, Lightweight Small Buds, Premium Sound Quality, Mini Case Waterproof Earphones for Commute, Sport(Black)",Earbud Headphones,internal_oof
B00UWKHE7U,ON_EAR,ON_EAR,ON_EAR,0.992579,"Maxell Kids Safe Headphones, 4 ft Cord, Black with Interchangeable Pink/Blue/Silver Caps",On-Ear Headphones,internal_oof
B01IITVKRQ,OVER_EAR,OVER_EAR,OVER_EAR,0.995469,"Audio-Technica ATH-MSR7BK SonicPro Over-Ear Hi-Res Headphones, Black Bundle with FiiO E10K USB DAC Headphone Amplifier and Blucoil 6-Ft Earphone Extension Cable",Over-Ear Headphones,internal_oof
B09CT5Q48G,EARBUD_INEAR,EARBUD_INEAR,EARBUD_INEAR,0.982358,Invisible Smallest Mini Wireless Earbuds Mono Single Earphone Car Discreet Hidden Tiny Sleep Bluetooth Earpiece for Small Ears Work Cell Phones with Microphone in Ear Waterproof Sport Headphones,Earbud Headphones,internal_oof
B08J83TR22,EARBUD_INEAR,EARBUD_INEAR,EARBUD_INEAR,0.982506,"iLuv myBuds Wireless Earbuds, Bluetooth 5.3, Built-in Microphone, 20 Hour Playtime, IPX6 Waterproof Protection, Compatible with Apple & Android, Includes Charging Case & 4 Ear Tips, TB100 Yellow",Earbud Headphones,internal_oof
B07N8397R2,OVER_EAR,OVER_EAR,OVER_EAR,0.979167,Snug Play+ Kids Headphones with Volume Limiting for Toddlers (Boys/Girls) - Aqua,Over-Ear Headphones,internal_oof
B00414LBJK,EARBUD_INEAR,EARBUD_INEAR,EARBUD_INEAR,0.815012,BlueAnt Q2 Smart Bluetooth Headset (Bulk Packaging),Headphones & Earbuds,internal_oof
B0BKQ9MZ9C,EARBUD_INEAR,EARBUD_INEAR,EARBUD_INEAR,0.976391,GOLREX Bluetooth Headphones Wireless Earbuds 36Hrs Playtime Wireless Charging Case Digital LED Display Over-Ear Earphones with Earhook Waterproof Headset with Mic for Sport Running Workout Purple,Earbud Headphones,internal_oof
B09FXPHYW5,EARBUD_INEAR,EARBUD_INEAR,EARBUD_INEAR,0.984776,"Soundphonic Apex Pro Truly Wireless in-Ear Noise Canceling Earbuds with Microphone, Bluetooth Earbuds, Charging Case Included with a Secure Fit and Superior Sound- Ivory",Earbud Headphones,internal_oof
B0BQMLSHY3,EARBUD_INEAR,EARBUD_INEAR,EARBUD_INEAR,0.978776,"LAKKA Bone Conduction Headphones, Open-Ear Headphones Bluetooth 5.3 Sport Headset with Mic, IPX5 Sweatproof Lightweight Wireless Earphone for Running Cycling Driving Workouts, with Earplugs",Open-Ear Headphones,internal_oof
B09QNPC8M2,EARBUD_INEAR,EARBUD_INEAR,EARBUD_INEAR,0.988575,JBL Vibe 200TWS True Wireless Earbuds - White,Earbud Headphones,internal_oof
B07LD62FW3,EARBUD_INEAR,EARBUD_INEAR,EARBUD_INEAR,0.980452,Wireless Headset with Mic - GLCON Voice Command Call Number Prompt Wireless Earpiece Compatible with iPhone Xs Max X 8 7 Plus Samsung Android - Stereo Sound Cell Phone Earbuds - Black,Earbud Headphones,internal_oof
B00B6IVI6U,EARBUD_INEAR,EARBUD_INEAR,EARBUD_INEAR,0.476629,Meze 11 Classics W/ Mic and Pouch,Headphones & Earbuds,internal_oof
B00OXCXF9E,EARBUD_INEAR,EARBUD_INEAR,EARBUD_INEAR,0.95895,New Earphone Ii Headphone Headset Earbud with Remote & Mic for Xiaomi Mobile Phone (White),Headphones & Earbuds,internal_oof
B00329OM7S,EARBUD_INEAR,EARBUD_INEAR,EARBUD_INEAR,0.929253,Hot Pink 3.5mm Metal Stereo Headset Handsfree Soft Gel Earbud with Microphone for LG Chocolate Touch / 8575 Touch / Tritan AX840 / UX840 / enV Touch VX11000 / Incite CT810 / Rhythm AX585 / VX8560 Chocolate 3 / Dare VX9700,Headphones & Earbuds,internal_oof
B083BFNLX9,EARBUD_INEAR,EARBUD_INEAR,EARBUD_INEAR,0.975725,ausounds AU-Flex ANC Noise Cancelling LDAC Bluetooth Wireless Planar Magnetic Neckband Earphones,Earbud Headphones,internal_oof
B00ACCH5TU,EARBUD_INEAR,EARBUD_INEAR,EARBUD_INEAR,0.873185,Reiko 3.5mm Heart-Thumping Golden Bass Earphone - Retail Packaging - Red,Headphones & Earbuds,internal_oof
B017NFIF2O,EARBUD_INEAR,EARBUD_INEAR,EARBUD_INEAR,0.966712,Ularmo 2015 New Hot In-Ear Wired Bass Stereo Earphone Sport Headset Headphone (black a),Earbud Headphones,internal_oof
B08RWKMBLY,EARBUD_INEAR,EARBUD_INEAR,EARBUD_INEAR,0.998465,FangZhou Bluetooth 5.3 HeadphonesTrue Wireless Earbuds One Key Control with Wireless Charging Case IPX5 Sweat Waterproof Stereo Earphones in-Ear Built-in Mic Headset (White),Earbud Headphones,internal_oof
B09YGS8ZPG,EARBUD_INEAR,EARBUD_INEAR,EARBUD_INEAR,0.94407,"Acuvar Fully Wireless Bluetooth 5.1 Rechargeable IPX4 Waterproof Earbud Headphones with Microphone, 3500mAh USB Smart Dock Charging Case Powerful Surround Stereo Bass and Passive Noise Cancelling",Earbud Headphones,internal_oof
B0C9SNYP46,OVER_EAR,UNKNOWN,OVER_EAR,0.391408,beyerdynamic DT 770 PRO Headphones (250 Ohm) Bundle with Compact 4-Channel Stereo Headphone Amplifier (2 Items),Amplifiers,internal_oof
B0BJBFLDJK,EARBUD_INEAR,EARBUD_INEAR,EARBUD_INEAR,0.927214,"KiiBoom Allure HiFi Beryllium-Plated Diaphragm Dynamic Driver in Ear Earphone IEM with Aluminum Housing, Detachable 4 Core 7N OCC OFC Cable for Audiophile Musician DJ Stage",Earbud Headphones,internal_oof
B0BMGBMHPT,EARBUD_INEAR,EARBUD_INEAR,EARBUD_INEAR,0.999022,"Wireless Earbuds, Bluetooth 5.3 Earphones 42H Playtime with Built in Microphone Ear Buds, IPX7 Waterproof Auto Pairing Touch Control Headset with Charging Case for Sport Airpod Samsung iPhone Black",Earbud Headphones,internal_oof
B09BV3XXBF,EARBUD_INEAR,EARBUD_INEAR,EARBUD_INEAR,0.993509,"Wireless Earbuds, Bluetooth Earbuds in Ear w/Wireless Charging Case/USB-C, Wireless Earphones Hi-Fi Sound, Bluetooth 5.0 Headphones w/Microphone, Touch Control/25H/IPX7 for Sports/Work/3 Modes",Earbud Headphones,internal_oof
B0CBDVTYK2,EARBUD_INEAR,EARBUD_INEAR,EARBUD_INEAR,0.994099,"Open Ear Earbuds Sport Open Earbuds Wireless Bluetooth Earbuds with Earhooks 30Hrs Playtime with Charging Case and LED Power Display Sweat Resistant for Outdoor Sports, Running and Workouts, Black",Earbud Headphones,internal_oof
B00CXZED6M,ON_EAR,ON_EAR,ON_EAR,0.662171,Skullcandy Navigator Black/Black Mic1,Headphones & Earbuds,internal_oof
B01EHQFALQ,EARBUD_INEAR,EARBUD_INEAR,EARBUD_INEAR,0.996398,Beyution Wireless Headphones Bluetooth Sport Headset Stereo Noise Cancelling Sweatproof Headset Earphone Built-in Micphone for iPhone Samsung Galaxy and Andoid Smartphones,Earbud Headphones,internal_oof
B0953G76S7,EARBUD_INEAR,EARBUD_INEAR,EARBUD_INEAR,0.948005,"Tecno True Wireless Bluetooth Earbuds with Microphone, CVC 8.0 Environmental Noise Cancellation Headphones and Deep Bass, Low Latency Earbuds Built-in Mic, Waterproof Touch Control, BDE01",Earbud Headphones,internal_oof
B093RW9X27,EARBUD_INEAR,EARBUD_INEAR,EARBUD_INEAR,0.989002,"Wireless Bluetooth Earbuds IPX7 Waterproof Wireless Bluetooth with Microphone Charging Case 30H Playtime,Pop-ups Auto Pairing Hi-Fi Stereo Sound Headset for iPhone/Samsung/iOS/Android",Earbud Headphones,internal_oof
B07FKPJHMC,EARBUD_INEAR,EARBUD_INEAR,EARBUD_INEAR,0.99918,"Wireless Earbuds Stereo,Bluetooth Headphones Earphones Earbud with Mic Mini In-Ear Earbuds Earphones Earpiece Sweatproof Sports Earbuds with Charging Case for Apple iPhone Android (White.1)",Earbud Headphones,internal_oof
B082W98QTS,EARBUD_INEAR,EARBUD_INEAR,EARBUD_INEAR,0.977783,OnE StonE Two Birds Earphone with Microphone Voice Changer in Ear Headphone 3.5mm Wired Earbuds with S/M/L Eartips for Android Phones MP3/4 PS4(Black),Earbud Headphones,internal_oof
B00XUKWEVA,ON_EAR,ON_EAR,ON_EAR,0.995278,JVC HAS140P Lightweight On-Ear Headband Headphones (Pink),Headphones & Earbuds,internal_oof
B010DYDVOE,EARBUD_INEAR,EARBUD_INEAR,EARBUD_INEAR,0.959558,Mediabridge Cadence Wireless Bluetooth Headphones Neckband with Built-in Microphone for Exercise/Running/Working Out - Includes Premium EVA Carrying Case - (Part# HSBT-OE1-WG1),Earbud Headphones,internal_oof
B0BW5ZM25L,EARBUD_INEAR,EARBUD_INEAR,EARBUD_INEAR,0.998004,"Fuhaiti Bluetooth Earbuds, Wireless Earbuds Bluetooth 5.3 Headphones with Charging Case Low Latency IPX7 Waterproof 35H Playtime Stereo Earphones in-Ear Built-in Mic Headset",Earbud Headphones,internal_oof
B00TFSJUO0,EARBUD_INEAR,EARBUD_INEAR,EARBUD_INEAR,0.940081,iQualTech Sports Earphones for iPhone - Dual Speaker/Driver Earphones with Microphone for Handsfree Calling and Remote Earphones,Headphones & Earbuds,internal_oof
B0B9FH8TJJ,OVER_EAR,OVER_EAR,OVER_EAR,0.990862,Wired Over Ear Headphones Mixing DJ Stereo Headsets with Removable Audio Cable for Various Devices CERWIN Vega HB1 Black,Over-Ear Headphones,internal_oof
B0972GX3DX,EARBUD_INEAR,EARBUD_INEAR,EARBUD_INEAR,0.99939,KBCASE Wireless Earbuds Bluetooth Earbuds with Charging Case TWS Bluetooth Headphones in Ear Stereo Earphones IPX6 Waterproof Sports Headphones Headset,Earbud Headphones,internal_oof
B0040HHBRE,OVER_EAR,UNKNOWN,OVER_EAR,0.380583,"Skullcandy Aviator 3.5 mm Binaural Head-Band Black Headset - Auriculares con micrófono (PC/Gaming, 0-40 °C, -20-45 °C, Binaural, Head-Band, Black)",Headphones & Earbuds,internal_oof
B001YIKLTC,EARBUD_INEAR,EARBUD_INEAR,EARBUD_INEAR,0.800454,Jabra BT8010 BluetoothÂ Mono (1 pcs),Headphones & Earbuds,internal_oof
B07GWVPYHN,EARBUD_INEAR,EARBUD_INEAR,EARBUD_INEAR,0.985804,"Soundcore Anker Liberty Air True-Wireless Earphones with Charging Case, Bluetooth 5, 20 Hour Battery Life, Touch Control Earbuds, Graphene Enhanced Sound, Noise-Cancelling Microphones, and Secure Fit",Earbud Headphones,internal_oof
B07MTGMM8Z,EARBUD_INEAR,EARBUD_INEAR,EARBUD_INEAR,0.978761,"FALWEDI True Wireless Earbuds, 6H Continuous 40H Cyclic Playtime 5.0 Bluetooth Earbuds, Binaural Stereo Deep Bass Wireless Earbuds with 2 Mic and Charging Case",Earbud Headphones,internal_oof
B07V2GPS8C,EARBUD_INEAR,EARBUD_INEAR,EARBUD_INEAR,0.951186,"[Upgraded Version] TRANYA B530 Bluetooth 5.0 Deep Bass True Wireless Earbuds, Aptx/AAC Compatible Sports Wireless Headphone with CVC8.0 Noise Cancellation, 80 Hours Playtime with Charging Case",Earbud Headphones,internal_oof
B012V8DORE,EARBUD_INEAR,EARBUD_INEAR,EARBUD_INEAR,0.812935,"Granvela Dual Driver Hi Definition Ear Buds, V2 Musician's in Ear Headohones (Red",Headphones & Earbuds,internal_oof
B0792XNXQW,OVER_EAR,OVER_EAR,OVER_EAR,0.979665,Mokata Foldable Headphones Wireless Bluetooth Headphones Over Ear Built-in Mic SD Card Slot 3.5mm Audio Jack Cable for TV PC Tablet iPhone iPod Cellphone B015 Blue,Over-Ear Headphones,internal_oof
B0972KDLV9,EARBUD_INEAR,EARBUD_INEAR,EARBUD_INEAR,0.999369,"KBCASE Bluetooth Headphones Wireless Earbud Headphones in-Ear Earphones with Charging Case LED Power Display Earphones with Mic, Bluetooth Headset for Phone/Sport/Android",Earbud Headphones,internal_oof
B0BVHNLJGL,EARBUD_INEAR,EARBUD_INEAR,EARBUD_INEAR,0.996623,Wireless Earbuds Bluetooth 5.0 Headphones HiFi Stereo Noise Cancelling with Wireless Charging Case Digital LED Intelligence Display IPX5 Waterproof Earphones Built-in Mic Headset for Sports (Black),Earbud Headphones,internal_oof
B08C6XS6S7,EARBUD_INEAR,EARBUD_INEAR,EARBUD_INEAR,0.98838,"KZ S2 Hybrid Dual Driver in Ear Earphones, TWS True Wireless Bluetooth 5.0 Earbuds with Microphone, 1DD+1BA HiFi Headsets for Sports/Workout/Game/Music (Black)",Earbud Headphones,internal_oof
B07JMS1BHH,ON_EAR,OVER_EAR,OVER_EAR,0.693645,Professional Grade Headset Over The Head Boom Microphone Black Compatible with ZTE Z432,Headphones & Earbuds,internal_oof
B0BKP11CMJ,EARBUD_INEAR,EARBUD_INEAR,EARBUD_INEAR,0.984587,"SAMSUNG Galaxy Buds 2 True Wireless Earbuds Noise Cancelling Ambient Sound Bluetooth Lightweight Comfort Fit Touch Control US Version, Olive Green",Earbud Headphones,internal_oof
B0BHNTTXJW,EARBUD_INEAR,EARBUD_INEAR,EARBUD_INEAR,0.844989,"Yunsailing 10 Pcs Donut Earbuds for Kids, Cute Earbud Kids Earbuds for School Earphones for Kids Wired Earbud Case for Boys and Girls Birthday Gifts Earphones Storage Case",Earbud Headphones,internal_oof
B07FPVVW6R,EARBUD_INEAR,EARBUD_INEAR,EARBUD_INEAR,0.950833,in Ear Headphones Soundtrack Wired Earbuds w/Mic Heavy Deep Bass Earphones with Non Tangle Fabric Braid Cord for Running Gym Work Out Compatible with 3.5MM Audio Jack Device,Earbud Headphones,internal_oof
B07GRTR6K7,EARBUD_INEAR,EARBUD_INEAR,EARBUD_INEAR,0.915823,"Better 16 Core Silver Plated Wire Earphones Upgrade Cable,Earphone Replacement Cable,Exchange Audio Cable for UE900 SE215 SE315 SE846 SE425 TIN Audio T2 T2pro T3 f9 LZ etc.(Brown-MMCX 3.5mm)",Earbud Headphones,internal_oof
B008J8IDQ8,EARBUD_INEAR,EARBUD_INEAR,EARBUD_INEAR,0.927126,"GOODBONG Bass Stereo Sound Headphones Compatible with iPhone13 Pro Max 12Pro Max/iPhone 11Pro iPhone X/XS Max/XR/iPhone8/8Plus/iPhone7/7Plus,MFi Certified Earbuds with Microphone Controller(White)",Earbud Headphones,internal_oof
B0BJQ524N7,EARBUD_INEAR,EARBUD_INEAR,EARBUD_INEAR,0.996876,"Wireless Earbuds Bluetooth Headphones, 30H Playtime with Charging Case Stereo Sound Earphones Touch Control in-Ear Sport Bluetooth Earbuds with Clear Built-in Noise Cancelling Mic for iPhone Android",Earbud Headphones,internal_oof
B0186RGG7E,EARBUD_INEAR,EARBUD_INEAR,EARBUD_INEAR,0.949725,Uiisii C100 Earphones with Microphone for Iphone and Android Devices (Pink),Earbud Headphones,internal_oof
B001F51GVQ,EARBUD_INEAR,EARBUD_INEAR,EARBUD_INEAR,0.957892,C Crane Voz Earbuds 3.5mm Full Stereo Sound BWC (Black),Earbud Headphones,internal_oof
B083FV8VPS,ON_EAR,ON_EAR,ON_EAR,0.985118,"Hongzan Bulk Headphones for Classroom 50 Pack, Wholesale Stereo School Headphones for Kids Students Children",On-Ear Headphones,internal_oof
B01HMCSOOM,ON_EAR,ON_EAR,ON_EAR,0.845662,for Sennheiser RS120 On-Ear Wireless RF Headphones / HDR120 Supplemental HiFi Headphone + Charging Dock Hard EVA Protective Case Carrying Pouch Cover Bag by Hermitshell,On-Ear Headphones,internal_oof
B00ISDC9PA,EARBUD_INEAR,EARBUD_INEAR,EARBUD_INEAR,0.76931,"Importer520 Super Bass Over Head Stereo Headset Headphones with Microphone for Amazon Kindle Fire HD 8.9"" Amazon Kindle, Kindle DX, Kindle Fire Phone, Kindle Fire HD 7 / HD 7 (2013) / HD 7 (2nd Generation), Fire HD 8.9 / HD 8.9"" 4G, Kindle Fire HDX 7 / HDX 8.9, Kindle Keyboard 3G / Paperwhite Kindle Fire Phone - Black",Headphones & Earbuds,internal_oof
B00QUG4XL0,EARBUD_INEAR,EARBUD_INEAR,EARBUD_INEAR,0.788135,Sony MDREX15LP/P In-Ear Headphone (Pink),Earbud Headphones,internal_oof
B015ZE26FW,EARBUD_INEAR,EARBUD_INEAR,EARBUD_INEAR,0.919373,"Tomtom 9R0M.000.00 Spark Bluetooth Sport Headphones, Black",Earbud Headphones,internal_oof
B08HJXNWJ7,EARBUD_INEAR,EARBUD_INEAR,EARBUD_INEAR,0.928416,"2 Pack Earbuds/Headphones/Earphones with 3.5mm Wired in Ear Headphone Plug(Built-in Microphone & Volume Control) Compatible with iPhone,iPad,iPod,PC,MP3/4,Android -White [Apple MFi Certified]",Earbud Headphones,internal_oof
B087DXYH8F,EARBUD_INEAR,EARBUD_INEAR,EARBUD_INEAR,0.994872,"TCL Wireless Sports Earbuds, ACTV500TWS True Wireless Earbuds with Rich Bass, Noise Isolation, Bluetooth 5.0 Headphones, 33H Playtime, Waterproof, Wireless Charging Case, One Step Pairing, Workout",Earbud Headphones,internal_oof
B016NEEU02,EARBUD_INEAR,EARBUD_INEAR,EARBUD_INEAR,0.968215,Bone Conduction Sports Bluetooth Headphone - IPX6 Grade Waterproof - Microphone Hands-Free Stereo Headset,Headphones & Earbuds,internal_oof
B0C37FPHVH,EARBUD_INEAR,EARBUD_INEAR,EARBUD_INEAR,0.963247,Apple Earbuds for iPhone Headphones Wired Earphones [Apple MFi Certified](Built-in Microphone & Volume Control) Noise Isolating Headsets for iPhone 14/13/12/11/XR/XS/X/8/7 Support All iOS System,Earbud Headphones,internal_oof
B07G9VMQVK,EARBUD_INEAR,EARBUD_INEAR,EARBUD_INEAR,0.937524,LINSOUL BGVP DMG 2DD+4BA Hybrid Drivers Hi-Res High Fidelity HiFi in-Ear Metal Earphones with Detachable MMCX Audio Cable for Musicians Audiophile (Red),Earbud Headphones,internal_oof
B008R524G8,EARBUD_INEAR,EARBUD_INEAR,EARBUD_INEAR,0.700511,NoiseHush N780-11911 Over-The-Head Multi-Point Bluetooth Headset with Charging Base for All Cell Phones and Apple iPad/iPhone - Retail Packaging - Black,Headphones & Earbuds,internal_oof
B00BI99SDM,EARBUD_INEAR,EARBUD_INEAR,EARBUD_INEAR,0.904242,EarlyBirdSavings Black Headset Earphone With Mic for iPhone 5 4 iPod Touch Nano Headphone Earbuds,Headphones & Earbuds,internal_oof
B00XK9DK3C,EARBUD_INEAR,EARBUD_INEAR,EARBUD_INEAR,0.928452,Kicker EB92S In-Ear MicroFit Phenom Series Aluminum Headphone Monitors (Silver),Earbud Headphones,internal_oof
B07WC9QZ7Q,EARBUD_INEAR,EARBUD_INEAR,EARBUD_INEAR,0.987117,"JYPS in Ear 3D Cute Cartoon Donut/Unicorn Horse Headphones Mic Earphone Case Hands-Free Apple,Samsung,Android Smartphones Mp3 (Donut)",Earbud Headphones,internal_oof
B00LOULO0U,EARBUD_INEAR,EARBUD_INEAR,EARBUD_INEAR,0.582752,Premium Over-Head Stereo Headset Headphones with Microphone for Amazon Kindle Fire 2/ Fire Phone/Kindle Fire HD (2013)/ Kindle Fire HDX 7/ Kindle Fire HDX 8.9/ Kindle Fire HD 8.9/ HD 7,Headphones & Earbuds,internal_oof
B08C5HYHYB,EARBUD_INEAR,EARBUD_INEAR,EARBUD_INEAR,0.979393,Samsung Galaxy Buds-Live Active Noise-Cancelling Wireless Bluetooth 5.0 Earbuds (Mystic Black),Earbud Headphones,internal_oof
B005R3CTZ4,ON_EAR,ON_EAR,ON_EAR,0.637532,Behind The Neck Folding Headphones With In Line Volume Control,Headphones & Earbuds,internal_oof
B002JAUNIS,EARBUD_INEAR,EARBUD_INEAR,EARBUD_INEAR,0.888534,"DBSound Black High Fidelity Noise Cancelling Stereo Headset with Microphone and On/off button for Nokia N86, N95, N97, E63 - Includes Zippered Case + 3 sizes Ear Buds",Headphones & Earbuds,internal_oof
B0C7P9N98N,EARBUD_INEAR,EARBUD_INEAR,EARBUD_INEAR,0.969931,Houlyn Sleep Earbuds Invisible Bluetooth for Sleeping Smallest Buds Tiny Mini Side Sleepers Wireless Hidden Headphones Small Discreet Earpiece with Charging Case Black,Earbud Headphones,internal_oof
B09F6J7MFN,EARBUD_INEAR,EARBUD_INEAR,EARBUD_INEAR,0.995111,"Argmao Bluetooth 5.2 True Wireless Earbuds, Qualcomm QCC3040 with 4 Mics CVC8.0 Call Noise Cancelling, 45H Playtime Earbuds with Type C Charging Case, Waterproof and Touch Control Earphones for Sport",Earbud Headphones,internal_oof
B00IM4LLPY,ON_EAR,ON_EAR,ON_EAR,0.834866,"DGL DGL-820-RA Candeez Razzles Headphone, Blue",Headphones & Earbuds,internal_oof
B0924XTV14,EARBUD_INEAR,EARBUD_INEAR,EARBUD_INEAR,0.981719,"UrbanX Street Buds Pro Bluetooth Earbuds for LG G8 ThinQ True Wireless, Noise Isolation, Charging Case, Quality Sound, Sweat Resistant, Silver White (US Version)",Earbud Headphones,internal_oof
B0B2KSRFCD,EARBUD_INEAR,EARBUD_INEAR,EARBUD_INEAR,0.992521,"SGNICS Wireless Earbuds, for Samsung Galaxy A13 5G Touch Control with Charging Case IPX5 Sweat-Proof TWS Stereo Earphones Hi-Fi Deep Bass Noise Cancellation Outdoor Indoor Sport - White",Earbud Headphones,internal_oof
B00KBWGXKS,EARBUD_INEAR,EARBUD_INEAR,EARBUD_INEAR,0.807269,Generic Wired Headset for All iPhone Product - Non-Retail Packaging - 10 Color,Headphones & Earbuds,internal_oof
B003XPF2P2,EARBUD_INEAR,EARBUD_INEAR,EARBUD_INEAR,0.939801,eForCity? 3.5MM INEAR HEADSET HEADPHONES Compatible With iPad Mini 3 / iPad Air 2 / Apple? iPad? Tablet PC,Earbud Headphones,internal_oof
B07T27T5QT,OVER_EAR,OVER_EAR,OVER_EAR,0.966696,"Wireless Headphones Over Ear with MIC, MUCRO Comfortable Stereo Bluetooth Headset Support Micro-SD/TF Card & 3.5mm Jack, Telescopic Headband,10H Playtime for Travel Work TV PC Cellphone - White",Over-Ear Headphones,internal_oof
B0B1Q2NNLK,EARBUD_INEAR,EARBUD_INEAR,EARBUD_INEAR,0.996489,"Ddidbi Wireless Earbud, Bluetooth 5.2 Headphones Touch Control Built-in Mic, 13mm Bluetooth Earphones with LED Digital Display, 32H Playtime with Charging Case Compatible with iOS, Android, IP7, White",Earbud Headphones,internal_oof
B005KTIVF2,EARBUD_INEAR,EARBUD_INEAR,EARBUD_INEAR,0.92699,Samsung WEP-490 Bluetooth Wireless Essential Kit w/ Horizontal Pouch Case Included (Retail Packaging),Headphones & Earbuds,internal_oof
B00FGSGNV6,EARBUD_INEAR,EARBUD_INEAR,EARBUD_INEAR,0.996133,Diginex Bluetooth Earbuds Wireless Magnetic Headset Sport Earphones for Running IPX7 Waterproof Headphones 9 Hours Playtime High Fidelity Stereo Sound and Noise Cancelling Mic 1 Hour Recharge,Earbud Headphones,internal_oof
B0B8NNSD5Q,EARBUD_INEAR,EARBUD_INEAR,EARBUD_INEAR,0.995317,"Open Ear Headphones,True Wireless Bluetooth Earbuds with Earhooks,30Hrs Playtime with Charging Case and LED Power Display,Sport Workout Earbuds Built in Mic Waterproof Bass Sound Headset",Earbud Headphones,internal_oof
B07RLLNKP1,EARBUD_INEAR,EARBUD_INEAR,EARBUD_INEAR,0.995244,"True Wireless Earbuds Bluetooth 5.0 Headphones, in-Ear TWS Stereo Headset w/Mic Extra Bass IPX5 Sweatproof Low Latency Instant Pairing 15H Battery Charging Case Noise Cancelling Earphones (Silver)",Earbud Headphones,internal_oof
B0C1S3F76V,EARBUD_INEAR,EARBUD_INEAR,EARBUD_INEAR,0.98974,"DPduct Wireless Earbuds with Charging Case, Waterproof Wireless Headphones for Sport/Work, Bluetooth Headphones Compatible with iPhone/Android/PC, (White).",Earbud Headphones,internal_oof
B01E6H5ZIE,EARBUD_INEAR,EARBUD_INEAR,EARBUD_INEAR,0.992497,Premium Stereo Bass Earphones for LG G4 H819 G Stylo G Flex D958 Zipper with Mic & Remote Control Microphone Wired Earbuds Headset Earphones Headphones Earpod (Black),Earbud Headphones,internal_oof
B075GQ3CMH,EARBUD_INEAR,UNKNOWN,ON_EAR,0.359982,"misodiko Pack of 3 Accessories for Apple AirPods, Soft Silicone Protective Case& Anti-Lost Strap& Ear Cover Hooks, Aqua","Headphones, Earbuds & Accessories",internal_oof
B07G6YJ2MZ,EARBUD_INEAR,EARBUD_INEAR,EARBUD_INEAR,0.905833,"Redragon Thunder Pro E200 Gaming & Music in-Ear Earbud Headphones,/Headset, Heavy Bass Earphones with in-line Mic, Super Audio with Noise Cancelling",Earbud Headphones,internal_oof
B00VBHOBWY,EARBUD_INEAR,EARBUD_INEAR,EARBUD_INEAR,0.799637,"QFX H-302MRE/RED Universal Hands Free Earphones with In-Line Microphone, Red",Headphones & Earbuds,internal_oof
B0BD3KSSQB,EARBUD_INEAR,EARBUD_INEAR,EARBUD_INEAR,0.989059,SGNICS for Samsung Galaxy A13 5G Wireless Earbuds Headphones with Charging Case & Dual Power Display Over-Ear Waterproof Earphones with Earhook Headset with Mic for Sport Running Workout Black,Earbud Headphones,internal_oof
B0BRZ7P6T1,EARBUD_INEAR,EARBUD_INEAR,EARBUD_INEAR,0.942007,"Creative Outlier Free Wireless Bone Conduction Headphones with Bluetooth 5.3, IPX5 Sweat and Water Splash Resistance, Multipoint Connectivity, Up to 10 Hours of Battery Life, Built-in Mic",Earbud Headphones,internal_oof
B0BWXJ6VY6,EARBUD_INEAR,EARBUD_INEAR,EARBUD_INEAR,0.906927,"Hi-Res Extra Bass Earbuds Noise Isolating in-Ear Headphones Wired Earbuds with Microphone for iPhone, iPad, MP3, Huawei, Samsung, Lightweight Earphones with Volume Control 3.5mm Jack Headphones",Headphones & Earbuds,internal_oof
B009CRH0QE,EARBUD_INEAR,EARBUD_INEAR,EARBUD_INEAR,0.88839,Samsung HM1900 Bluetooth Headset (Dark Gray) (Discontinued by Manufacturer),Headphones & Earbuds,internal_oof
B0749NNKMH,EARBUD_INEAR,EARBUD_INEAR,EARBUD_INEAR,0.996051,Sport Inear Noise Cancelling Wired Earbuds - Cooiepa Waterproof in Ear Buds Earphones Remote Hand-free Microphone Bass Stereo Headphones For Running Jogging Apple iPhone Samsung Galaxy SONY LG - Black,Earbud Headphones,internal_oof
B08SLXBCG2,EARBUD_INEAR,EARBUD_INEAR,EARBUD_INEAR,0.953629,EZICOK Compatible with Apple AirPods Pro Anti-Lost Earrings Fashion Ear Hook AirPods 2 1 Anti-Drop Sports Ear Clip Wireless Earphones Headphones Earbud Headset Accessories - Gold Snake-Shaped,Earbud Headphones,internal_oof
B001THYVA8,EARBUD_INEAR,EARBUD_INEAR,EARBUD_INEAR,0.909719,Brand New OEM Verizon STEREO Hands-free Headset for At&t Lg Vu Cu920 / Cu915 (Att Cu-920/cu-915),Headphones & Earbuds,internal_oof
B08FSND2BR,EARBUD_INEAR,EARBUD_INEAR,EARBUD_INEAR,0.991765,"Wireless Bluetooth Earbuds with Mic, WSHDZ T7 Touch Control Waterproof Immersive Bass Stereo Long Battery Headphones, Portable Charging Case with LED Display, Headset for Sports, Android, Phone Black",Earbud Headphones,internal_oof
B09PH1N67T,OVER_EAR,OVER_EAR,OVER_EAR,0.990903,"HIFIMAN Edition XS Full-Size Over-Ear Open-Back Planar Magnetic Hi-Fi Headphones with Stealth Magnets Design, Adjustable Headband, Detachable Cable for Audiophiles, Home, Studio-Black",Over-Ear Headphones,internal_oof
B0094S379U,OVER_EAR,ON_EAR,ON_EAR,0.479577,Logitech UE 6000 Headphones - White (Discontinued by Manufacturer),Headphones & Earbuds,internal_oof
B004GV7M6O,EARBUD_INEAR,EARBUD_INEAR,EARBUD_INEAR,0.88174,dB Logic EP-100 Earbud Headphones (Blue),Earbud Headphones,internal_oof
B00Y2ITG2O,ON_EAR,ON_EAR,ON_EAR,0.993988,Beats Solo 2 WIRED On-Ear Headphone - Blush Rose - NOT WIRELESS (Renewed),On-Ear Headphones,internal_oof
B08BYGPWRY,EARBUD_INEAR,EARBUD_INEAR,EARBUD_INEAR,0.996046,"SZSAGO Bluetooth-5.2-Wireless-Earbuds W5S True Wireless Earphones with USB C Metal Intelligence Charging case,IPX7 Waterproof Stereo Headphones in-Ear Built-in Mic Headset for iPhone/Samsung (Silver)",Earbud Headphones,internal_oof
B084LFBQP5,OVER_EAR,OVER_EAR,OVER_EAR,0.972938,"Anker Soundcore Life Q10 Wireless Bluetooth Headphones, Over Ear and Foldable, Hi-Res Certified Sound, 60-Hour Playtime and Fast USB-C Charging, Deep Bass, Aux Input (Blue), Medium(Renewed)",Over-Ear Headphones,internal_oof
B07JZTQZQS,EARBUD_INEAR,EARBUD_INEAR,EARBUD_INEAR,0.979766,"Echobox HiFi in-Ear Earphones Wired Earbuds - High Resolution Stereo Headphone, Solid Titanium Housings, Tangle Free Cable, W/O Mic",Earbud Headphones,internal_oof
B07NGM21R6,EARBUD_INEAR,EARBUD_INEAR,EARBUD_INEAR,0.997661,"Bluetooth Headphones, Waterproof Sports Earphones for Gym Running, Bluetooth 4.2 in-Ear Earphones w/Mic",Earbud Headphones,internal_oof
B00YCBE3HY,EARBUD_INEAR,EARBUD_INEAR,EARBUD_INEAR,0.982339,Samsung OEM 3.5mm Tangle Free Stereo Headset with Microphone for Samsung Galaxy S5 - Non-Retail Packaging - White,Headphones & Earbuds,internal_oof
B0BN6DVC5H,EARBUD_INEAR,EARBUD_INEAR,EARBUD_INEAR,0.988601,"SAMSUNG Galaxy Buds Pro True Wireless Bluetooth Earbuds w/ Noise Cancelling, Charging Case, IPX7 Water Resistant, Long Battery Life, Touch Control, US Version, Phantom Violet",Earbud Headphones,internal_oof
B079DXVTXB,OVER_EAR,OVER_EAR,OVER_EAR,0.52943,Kids Headphones Children's Headphones for Kids Toddler Headphones Over Ear Headphones,Headphones & Earbuds,internal_oof
B0BNC1QBH6,ON_EAR,ON_EAR,ON_EAR,0.953879,"Sony Wireless Headphones WH-CH510: Wireless Bluetooth On-Ear Headset with Mic for phone-call, Blue",On-Ear Headphones,internal_oof
B097BMKBZK,EARBUD_INEAR,EARBUD_INEAR,EARBUD_INEAR,0.995461,KZ SK10 Wireless Headset Touch Control Bluetooth 5.2 Headphones with Wireless Charging Case Waterproof TWS Stereo in-Ear Earphones for Gaming Work Sports Laptop(Black),Earbud Headphones,internal_oof
B00MV7IPQQ,EARBUD_INEAR,EARBUD_INEAR,EARBUD_INEAR,0.995808,Auvio Mono Earbud Headset with Mic,Earbud Headphones,internal_oof
B095VN2CPK,EARBUD_INEAR,EARBUD_INEAR,EARBUD_INEAR,0.993377,"Samsung Galaxy Buds+ Plus, True Wireless Earbuds w/Improved Battery and Call Quality (Wireless Charging Case Included w/Velvet Pouch) - White",Earbud Headphones,internal_oof
B005GLA1WU,EARBUD_INEAR,EARBUD_INEAR,EARBUD_INEAR,0.907266,Berlin Gear Bluetooth Headset BG320,Headphones & Earbuds,internal_oof
B01CXW5VR4,OVER_EAR,ON_EAR,ON_EAR,0.562141,"ASTELL & KERN AKT1P Beyerdynamic Tesla Balanced Semi-Open Back Stereo Headphones w/Bundle Includes, FiiO E12 Mont Blanc Portable Headphone Amplifier & 64GB MicroSDXC High-Speed Memory Card","Headphones, Earbuds & Accessories",internal_oof
B0BM9KCRHF,EARBUD_INEAR,EARBUD_INEAR,EARBUD_INEAR,0.987811,PocBuds Bluetooth Headphones Wireless Earbuds 50Hrs Playtime with Wireless Charging Case Dual Digital Display Waterproof Immersive Stereo in-Ear Earphones with Mic for Phone TV Computer Android White,Earbud Headphones,internal_oof
B07WLD86QZ,EARBUD_INEAR,EARBUD_INEAR,EARBUD_INEAR,0.996663,"TAOCOCO Wireless Bluetooth Headset, Bluetooth 5.0 Earbuds with Charging Case LED Battery Display TWS Stereo Wireless Headphone 90H Playtime Sweatproof in-Ear Built-in Mic Headset for Work Sport",Earbud Headphones,internal_oof
B002JF6W3I,EARBUD_INEAR,EARBUD_INEAR,EARBUD_INEAR,0.956991,BudFits for iPod and iPhone Earbuds (Clear and Blue Pairs) - not Compatible with New Apple EarPods,Earbud Headphones,internal_oof
B07XRV5QS4,EARBUD_INEAR,EARBUD_INEAR,EARBUD_INEAR,0.996897,"Alead TX8 Bluetooth 5.0 True Wireless Earbuds (TWS) with Wireless Charging case, IP68 Waterproof, HiFi Sound, deep bass, auto Pairing, 5H Playtime, Built-in mic, Bluetooth in-Ear Earbuds for Sports",Earbud Headphones,internal_oof
B00W98RIX8,OVER_EAR,ON_EAR,ON_EAR,0.842418,TDK Life on Record WR680 Wireless Bluetooth Headphones Black,Headphones & Earbuds,internal_oof
B06XBVR8XY,EARBUD_INEAR,EARBUD_INEAR,EARBUD_INEAR,0.942579,Stereo Bass Music Headset for G4 G10 Desire HD G11 Incredible S V10 H968 AKA H778 3.5mm Port with Mic Earphones,Headphones & Earbuds,internal_oof
B0833RKK73,EARBUD_INEAR,EARBUD_INEAR,EARBUD_INEAR,0.959738,OQ9 Earbuds Earphones Custom Made for Oculus Quest VR Headset Single Channel Separate Left and Right Calibrated,Earbud Headphones,internal_oof
B074C7NLQS,EARBUD_INEAR,EARBUD_INEAR,EARBUD_INEAR,0.993801,"Bestbeisiwo In-Ear Earbuds Heavy Bass Earphones with Noise Isolating Headphone for Smartphone, Pad",Earbud Headphones,internal_oof
B01N4BEKO1,OVER_EAR,OVER_EAR,OVER_EAR,0.966516,Sony MDR-1000X/B Black Hi-Res Bluetooth Wireless Noise Cancelling Headphones (Renewed),Over-Ear Headphones,internal_oof
B001E5BFOA,EARBUD_INEAR,EARBUD_INEAR,EARBUD_INEAR,0.79529,Samsung Comeback Cell Phone Handsfree AAEP435SBE AAEP485MBE,Headphones & Earbuds,internal_oof
B09H4HS3XF,EARBUD_INEAR,EARBUD_INEAR,EARBUD_INEAR,0.996303,"Wireless Earbuds Bluetooth,Waterproof IPX8 Earphones HiFi Stereo Sound Quality,Touch Contro Headphones with Wireless Charging Case, Digital LED Intelligence Display Built-in Mic Headset for Sport",Earbud Headphones,internal_oof
B0C6ZHNQK2,EARBUD_INEAR,EARBUD_INEAR,EARBUD_INEAR,0.997615,Hyyeosd Wireless Earbuds Bluetooth Headphones with Charging Case 60H Playtime Waterproof LED Digital Display in-Ear Earbuds with Microphone for iPhone Android Sports Gym Workout,Earbud Headphones,internal_oof
B091JR3S9Q,EARBUD_INEAR,EARBUD_INEAR,EARBUD_INEAR,0.995253,"DOSS Earbuds, Retrobuds Bluetooth Headphones with Touch Control, Bluetooth 5.0, 24H Playtime, IPX5 Sweatproof, LED Displays Charging Case, in-Ear Earphones for Phone - Black",Earbud Headphones,internal_oof
B09P9HP38P,EARBUD_INEAR,EARBUD_INEAR,EARBUD_INEAR,0.979243,"Bluetooth Headphones,Wireless Earbuds,Touch Control Earphones,IPX5 Waterproof audifonos bluetooth inalambricos with Microphone,TWS-G4 Airpods with LED Power Display Charging Case, Airpods for Sports",Earpads,internal_oof
B0032CYBTE,EARBUD_INEAR,EARBUD_INEAR,EARBUD_INEAR,0.942957,GTMax Silver 3.5mm Metal Stereo Headset Handsfree Soft Gel Earbud with Microphone for Palm Pixi / Pre / Treo Pro 850 / E2 Tungsten,Headphones & Earbuds,internal_oof
B09KFWXZSH,EARBUD_INEAR,EARBUD_INEAR,EARBUD_INEAR,0.968948,Skullcandy Push XT Ultra True Wireless in-Ear Earbud - True Black (Renewed),Earbud Headphones,internal_oof
B01JF4IUL2,EARBUD_INEAR,EARBUD_INEAR,EARBUD_INEAR,0.985207,DOT: Stereo Wireless Bluetooth Earbuds - Bluetooth 4.1 w/Mic & Noise Reduction Technology. Comes w/ 2-in-1 Power Bank Charging Case. World's Smallest as Seen on Indiegogo! Hands-Free Earphone Headset,Earbud Headphones,internal_oof
B096WPKZNR,EARBUD_INEAR,EARBUD_INEAR,EARBUD_INEAR,0.921954,"Sony WF-1000XM4 Industry Leading Noise Canceling Truly Wireless Earbud Headphones with Alexa Built-in, Black",Earbud Headphones,internal_oof
B00CYL21Y6,EARBUD_INEAR,EARBUD_INEAR,EARBUD_INEAR,0.772752,Blue Ant Q3PLCNENUS Q3 Premium BT Headset BK Grey,Headphones & Earbuds,internal_oof
B08DWN51TQ,OVER_EAR,OVER_EAR,OVER_EAR,0.985828,August EP650 Bluetooth Wireless Over Ear Headphones with aptX LL Low Latency/Multipoint/NFC / 3.5mm Audio in/Headset Microphone - Blue,Over-Ear Headphones,internal_oof
B0BWRW1VNT,EARBUD_INEAR,EARBUD_INEAR,EARBUD_INEAR,0.998821,ACEFAST T8 Wireless Earphones Bluetooth 5.3 Headphones LED Power Display Mini Crystal in-Ear Earbuds with Wireless Charging Case Touch Control Built-in Mic Headphone for Sports Waterproof Earphone,Earbud Headphones,internal_oof
B0BGMZCL54,EARBUD_INEAR,EARBUD_INEAR,EARBUD_INEAR,0.992437,Qiopertar Digital Display Touch-Control Wireless Bluetooth 5.0 Hi-Fi Earphones TWS Headphones Earbuds Headset IPX4 Waterproof Built-in Mic Noise Suppression Long Endurance with Charging Case,Earbud Headphones,internal_oof
B07S9W5F2L,EARBUD_INEAR,EARBUD_INEAR,EARBUD_INEAR,0.957274,"Foldable Bluetooth Headset, Beartwo Lightweight Retractable Bluetooth Headphones for Sports&Exercise, Noise Cancelling Stereo Neckband Wireless Headset (with carry case)",Earbud Headphones,internal_oof
B07BQ8F82P,EARBUD_INEAR,EARBUD_INEAR,EARBUD_INEAR,0.995269,"Rowkin Micro Touch Control True Wireless Earbuds Headphones: 15+ Hours Bluetooth 5 Smallest Mini Earphones & Charging Case. Deep Bass Sound Headset, Mic & Noise Reduction for Android & iPhone (Black)",Earbud Headphones,internal_oof
B01459BC7G,ON_EAR,ON_EAR,ON_EAR,0.903419,"Tooks NextGen SPORTEC Band (Dryfit) - Headphone Headband with Integrated Removable Headphones | New Inline Remote with Microphone, Volume Adjust and Music/Call Control | Color: Black","Headphones, Earbuds & Accessories",internal_oof
B00OQR1ZWU,EARBUD_INEAR,EARBUD_INEAR,EARBUD_INEAR,0.801913,"Sony Bluetooth Headset, 3.5 mm Jack - Retail Packaging - Black",Headphones & Earbuds,internal_oof
B07CZTCCB6,ON_EAR,ON_EAR,ON_EAR,0.902849,Sony MDR-ZX110 Overhead Headphones - White,Headphones & Earbuds,internal_oof
B078SXTDZH,EARBUD_INEAR,EARBUD_INEAR,EARBUD_INEAR,0.936183,"MEE audio BTC1 Bluetooth wireless adapter cable for MX PRO Series and M6 PRO in-ear monitors with Qualcomm aptX technology, microphone, and remote (Clear)",Earbud Headphones,internal_oof
B00558EBIO,ON_EAR,OVER_EAR,OVER_EAR,0.525291,Headphones for Runners (RS1UM) RunPhones Summer Blue One Size Fits Most,"Headphones, Earbuds & Accessories",internal_oof
B074J94F4V,EARBUD_INEAR,EARBUD_INEAR,EARBUD_INEAR,0.98207,"Aokeo's SP-6 Bluetooth Wireless Headphones, Made For Sports, In-Ear Water Resistant, HD Quality Stereo, Sweat Proof Earbuds for Gym, Running, Workout, Etc. With 6 Hour Or More Battery Life",Earbud Headphones,internal_oof
B000X92E3E,OVER_EAR,OVER_EAR,OVER_EAR,0.927499,"Califone CA-2 Individual Stereo Headphones with Resealable Storage Bag, Adjustable, Beige",Over-Ear Headphones,internal_oof
B07VXJK361,EARBUD_INEAR,EARBUD_INEAR,EARBUD_INEAR,0.99912,"Wireless Earbuds,Bluetooth Earbuds Stereo, Wireless Earphones with Mic Mini Earbuds Bluetooth 5.0 Earphones Sweatproof Sports Earbuds with Charging Case for Running Compatible IOS Android Smartphones",Earbud Headphones,internal_oof
B0BPCWL39Y,EARBUD_INEAR,EARBUD_INEAR,EARBUD_INEAR,0.997878,"Waterproof Bluetooth 5.0 Wireless Earbuds, Touch Control,30H Cyclic Playtime TWS Headphones with Charging Case and Mic in-Ear Stereo Earphones Headset",Earbud Headphones,internal_oof
B005MR6CMG,OVER_EAR,UNKNOWN,ON_EAR,0.433832,"Philips O'Neill SHO9567GB/28 THE STRETCH""Scratch"" Headband Headset (Black/Blue)",Headphones & Earbuds,internal_oof
B0BNZ2785V,EARBUD_INEAR,EARBUD_INEAR,EARBUD_INEAR,0.993021,TAGRY Bluetooth Headphones True Wireless Earbuds 60H Playback LED Power Display Earphones with Wireless Charging Case IPX5 Waterproof in-Ear Earbuds with Mic for TV Smart Phone Computer Laptop Sports,Earbud Headphones,internal_oof
B000R40QRG,OVER_EAR,OVER_EAR,OVER_EAR,0.957034,Creative Aurvana DJ Headphones (Discontinued by Manufacturer),Over-Ear Headphones,internal_oof
B005FDOGDE,EARBUD_INEAR,EARBUD_INEAR,EARBUD_INEAR,0.725718,"JVC HAFX30R Headphone, Marshmallow, Red (Discontinued by Manufacturer)",Earbud Headphones,internal_oof
B01KPG42FW,EARBUD_INEAR,EARBUD_INEAR,EARBUD_INEAR,0.992967,Rowkin Bit Charge Stereo: True Wireless Earbuds w/Charging Case. Bluetooth Headphones Smallest Cordless Hands-Free Mini Earphones Headset w/Mic & Noise Reduction for Android & iPhone (Gold),Earbud Headphones,internal_oof
B0721PJJ79,OVER_EAR,OVER_EAR,OVER_EAR,0.984079,"Active/Adaptive Noise Cancelling Isolation Headphones + Protection, Adjustable for Adults or Kids, Bluetooth Wireless or Wired, Foldable with Custom Carrying Case, Over Ear Stereo with Microphone",Over-Ear Headphones,internal_oof
B005SINEWU,OVER_EAR,EARBUD_INEAR,EARBUD_INEAR,0.787323,Plantronics MDA200 Headset Communications Hub - Handset-/Computer-/Headset-Schalter,Headphones & Earbuds,internal_oof
B002GO647Q,EARBUD_INEAR,EARBUD_INEAR,EARBUD_INEAR,0.948455,Samsung WEP850 WEP 850 Multi Point Noise Canceling Premium Bluetooth Headset in Retail Packaging,Headphones & Earbuds,internal_oof
B083GX9DHM,EARBUD_INEAR,EARBUD_INEAR,EARBUD_INEAR,0.966681,"SIMGOT MT1 in Ear Monitor Headphones with Dynamic Driver, HiFi Wired Earbuds Detachable Cable with Mic, Noise Isolating IEM Earphones Clear Sound and Depth, Gaming Earbuds for Phone Computer Tablet",Earbud Headphones,internal_oof
B0BV6SB6WD,EARBUD_INEAR,EARBUD_INEAR,EARBUD_INEAR,0.983741,"Siniffo Upgraded Bone Conduction Headphones Wireless Bluetooth 5.3 Open Ear Sports Earphones with Mic, Sweat Resistant Headset for Workout, Running, Gym, Hiking, Driving, Cycling, Climbing",Open-Ear Headphones,internal_oof
B01MEFYOF4,ON_EAR,ON_EAR,ON_EAR,0.684278,JVC HA-RX330 Deep Bass Adjustable Over Head On Ear Studio Stereo Headphones - Black,Headphones & Earbuds,internal_oof
B017L29MF8,EARBUD_INEAR,EARBUD_INEAR,EARBUD_INEAR,0.972559,Black Stereo 3.5mm Headset with Microphone for Cricket Alcatel OneTouch Idol 3 - Cricket HTC Desire 626s - Cricket LG Escape 2 - Cricket LG G Stylo,Earbud Headphones,internal_oof
B07YCS8J8F,EARBUD_INEAR,EARBUD_INEAR,EARBUD_INEAR,0.979622,Raycon The Everyday Bluetooth Wireless Earbuds with Microphone- Stereo Sound in-Ear Bluetooth Headset True Wireless Earbuds 32 Hours Playtime (Matte Blue),Earbud Headphones,internal_oof
B00DP0QVV4,EARBUD_INEAR,EARBUD_INEAR,EARBUD_INEAR,0.942858,Samsung AAEP305SBE Hands-Free Mono Headset - Original OEM - Non-Retail Packaging - Black (Discontinued by Manufacturer),Headphones & Earbuds,internal_oof
B08P6959XC,OVER_EAR,OVER_EAR,OVER_EAR,0.971234,"Monoprice BT-600ANC Bluetooth Over Ear Headphones with Active Noise Cancelling (ANC), Qualcomm aptX HD Audio, AAC, Touch Controls, 40hr Playtime,Black",Over-Ear Headphones,internal_oof
B086HMYXJZ,EARBUD_INEAR,EARBUD_INEAR,EARBUD_INEAR,0.711912,"SIMOLIO Dual Wired Headphones for TV/PC with Volume Control, 14.9ft Long Cord TV Headphones, RCA and AUX Audio Output, Anti-drop Earphone with Mic, W/Headphone Splitter for 2 Wired Headsets -SM-901TVD",Earbud Headphones,internal_oof
B0BBFRYKSB,EARBUD_INEAR,OVER_EAR,OVER_EAR,0.759696,"LAUDTEC Sports Headband Sleep Headphones Compatible with Bluetooth Compatible,Wireless Music Sleeping Headphones Earbuds Perfect for Side Sleepers Running Insomnia Meditation Air Travel Yoga (Black)",Over-Ear Headphones,internal_oof
B018STNGGY,EARBUD_INEAR,EARBUD_INEAR,EARBUD_INEAR,0.937673,"Aircom A1 Airtube Stereo Headsets with HandsFree Microphone, Micro Earbuds, Noise Isolating Eartips, True Live Sound Listening for Phones, Tablets and MP3 Players",Headphones & Earbuds,internal_oof
B0009G6FQI,EARBUD_INEAR,EARBUD_INEAR,EARBUD_INEAR,0.868206,Creative EP-630 Earphones,Earbud Headphones,internal_oof
B000G27E4M,EARBUD_INEAR,EARBUD_INEAR,EARBUD_INEAR,0.860299,Plantronics MX203S-X1S Stereo Mobile Headset for most MP3 Enabled Mobile Phones,Headphones & Earbuds,internal_oof
B076LRMHJP,OVER_EAR,OVER_EAR,OVER_EAR,0.87467,"Paw Patrol Skye and Everest Kids Headphones, Adjustable Headband, Stereo Sound, 3.5Mm Jack, Wired Headphones for Kids, Tangle-Free, Volume Control, Foldable, Childrens Headphones Over Ear for School H",Over-Ear Headphones,internal_oof
B006FS0M9K,EARBUD_INEAR,EARBUD_INEAR,EARBUD_INEAR,0.754341,Champion CWP-STHS-BLK 3.5mm Mono Black Headset with 2.5mm Adapter - Carrier Packaging - Black,Headphones & Earbuds,internal_oof
B0BRPZZCVS,EARBUD_INEAR,EARBUD_INEAR,EARBUD_INEAR,0.997508,"Wireless Earbuds Bluetooth 5.1 Headphones with Wireless Charging Case IPX7 Waterproof Stereo Earphones in-Ear Built-in Mic Headset, Auto Pairing Headphones for iPhone/Samsung/iOS/Android (White)",Earbud Headphones,internal_oof
B09K7FPSNL,EARBUD_INEAR,EARBUD_INEAR,EARBUD_INEAR,0.96709,"2 Pack iPhone Earbuds/Earphones,3.5mm in-Ear Wired Headphones with Built-in Microphone&Volume Control Noise Isolating Bass Compatible with iPhone 6s plus/6/5s/5c/iPad/Samsung/MP3/MP4/Computer/Android",Earbud Headphones,internal_oof
B08NYLDV1V,EARBUD_INEAR,EARBUD_INEAR,EARBUD_INEAR,0.932741,"GEEKRIA USB Headphones Short Charger Cable Compatible with Bose Quietcomfort Ultra TWS QC Ultra QCSE QC45 EarbudsII Charger, USB to USB-C Replacement Power Charging Cord (1ft / 30cm 2Pack)",Earbud Headphones,internal_oof
B000ETG0II,EARBUD_INEAR,EARBUD_INEAR,EARBUD_INEAR,0.706095,JVC HAFX55ZP Inner Ear Headphones (Red) (Discontinued by Manufacturer),Earbud Headphones,internal_oof
B09V6SZCP3,EARBUD_INEAR,EARBUD_INEAR,EARBUD_INEAR,0.934954,"HAYLOU Wireless Earbuds, GT1 2022 Bluetooth Earbuds Bluetooth 5.2 HD Stereo Sound, AI Clear Call Noise Cancellation/USB-C/25H /Touch Control for Gym/Office/Home",Earbud Headphones,internal_oof
B076ZMWXXQ,EARBUD_INEAR,EARBUD_INEAR,EARBUD_INEAR,0.988397,Mayama Compatible with Apple Samsung Wired Headphones in Ear Magnetic Metal Sport Earbuds Sweatproof Headsets with Mic Noise Canceling HiFi Stereo Heavy Bass Earphones for Workout Run Gym (Rose Gold),Earbud Headphones,internal_oof
B07RL2TJ57,EARBUD_INEAR,EARBUD_INEAR,EARBUD_INEAR,0.984939,Wireless Bluetooth Headphones-Wireless in-Ear Headphones-Running Headphones for Women Men-Sport Bluetooth Earphones-Best Sport,Earbud Headphones,internal_oof
B07M59PR6F,EARBUD_INEAR,EARBUD_INEAR,EARBUD_INEAR,0.941996,HyperGear Low Rider Wired Earphones with Microphone. Comfort-fit Ear Gels to Block Out Noise and Seal in Sound. Hands-Free Calls & Music (Red/Black),Earbud Headphones,internal_oof
B08HQQXYWP,EARBUD_INEAR,EARBUD_INEAR,EARBUD_INEAR,0.988401,"Ankbit Wireless Earbuds with Mic, Bluetooth 5.0 Wireless Earbuds with USB-C Charging case, Water Resist TWS Stereo Headphones, Deep Bass for Sports, Black",Earbud Headphones,internal_oof
B0987DGJL3,EARBUD_INEAR,EARBUD_INEAR,EARBUD_INEAR,0.947926,Official Galaxy S8 InEar Headphones EO-IG955BSEGW Tuned by AKG Remote Mic Earphones- Titanium Grey,Earbud Headphones,internal_oof
B008I3KSVM,EARBUD_INEAR,EARBUD_INEAR,EARBUD_INEAR,0.9934,ebasy Headphones Earbuds with HD Mic 3.5mm Jack for Earbud Earphone Android PC Tablets MP3 MP4 PS4 Players Ergo-Fit in-Ear Sport Earphones Noise Isolating Stereo Pure Sound (White),Earbud Headphones,internal_oof
B0C7V6PQ5D,OVER_EAR,OVER_EAR,OVER_EAR,0.994068,"Srhythm NC25 Wireless Headphones Bluetooth 5.3,Lightweight Noise Cancelling Headset Over-Ear with Low Latency,Game Mode",Over-Ear Headphones,internal_oof
B0037M8AEQ,EARBUD_INEAR,EARBUD_INEAR,EARBUD_INEAR,0.973238,Samsung Mono Handsfree Headset for Select Samsung Cell Phones,Headphones & Earbuds,internal_oof
B0BVQM7FVY,EARBUD_INEAR,EARBUD_INEAR,EARBUD_INEAR,0.990136,Hoseili 2023new editionBluetooth Headphones.Bluetooth 5.2 Wireless Earphones in-Ear，LED Power Display IPX7 Waterproof Band Microphone Touch Control Portable Charging Case for iOS Android PC. YJA2,Earbud Headphones,internal_oof
B002VP4DRS,EARBUD_INEAR,EARBUD_INEAR,EARBUD_INEAR,0.618492,Motorola 89375N Motorola H560 Bluetooth Headset (Black) [Wireless Phone Accessory] - 1 Pack - Case - Carrier Packaging - Neutral,Headphones & Earbuds,internal_oof
B001VIX9PS,EARBUD_INEAR,EARBUD_INEAR,EARBUD_INEAR,0.974032,Samsung SBH500 Stereo Bluetooth Wireless Headset,Headphones & Earbuds,internal_oof
B0039YP2B6,EARBUD_INEAR,EARBUD_INEAR,EARBUD_INEAR,0.889018,Scosche Increased Dynamic Range Noise Isolation Earphones with Hands-Free Mic and Volume Control,Headphones & Earbuds,internal_oof
B07MSC23V1,ON_EAR,UNKNOWN,EARBUD_INEAR,0.46819,"Sleep Headphones Eye Mask Perfect for Sleeping, Anti Snoring and The Best Headphones Sleep Design Ideas for Sports, Air Travel, Meditation and Relaxat (Black)",Headphones & Earbuds,internal_oof
B0C1BQCSMR,EARBUD_INEAR,EARBUD_INEAR,EARBUD_INEAR,0.983358,"Siumir Earbuds Cleaning Pen Kit Compatible with Airpods Bluetooth Earbuds Cleaning Putty Cleaning Cloth Wipes Cleaning Tools for Charging Case, Headphones Phone, Earbuds, Camera",Earbud Headphones,internal_oof
B01729FRMW,EARBUD_INEAR,EARBUD_INEAR,EARBUD_INEAR,0.966991,Multi Sport Audio Waterproof Headphones with short cords and carrying case,Earbud Headphones,internal_oof
B08MDCT3T9,EARBUD_INEAR,EARBUD_INEAR,EARBUD_INEAR,0.981763,LUDOS Ultra Earbuds Wired in Ear Headphones with Tangle-Free Cord Noise Isolating Earphones Deep Bass Case Ear Buds 3.5 mm Jack Plug - Orange,Earbud Headphones,internal_oof
B09HLGPB3D,EARBUD_INEAR,EARBUD_INEAR,EARBUD_INEAR,0.979995,"Sony MDRXB50AP Extra Bass Earbud Headphones/Headset with Mic for Phone Call, Red",Earbud Headphones,internal_oof
B0BG6QT53R,EARBUD_INEAR,EARBUD_INEAR,EARBUD_INEAR,0.996211,"welodorir Wireless Earbuds,True Bluetooth 5.1 Headphones Built-in Mic Headphones in-Ear Stereo Earphones Noise Cancelling Waterproof Earbuds Touch Control with Wireless Charging Case (Cool Black)",Earbud Headphones,internal_oof
B017TABB88,EARBUD_INEAR,EARBUD_INEAR,EARBUD_INEAR,0.954055,SmithOutlet 500 Bulk Pack Earbuds Silver,Earbud Headphones,internal_oof
B0BPJYGQMP,EARBUD_INEAR,EARBUD_INEAR,EARBUD_INEAR,0.971451,"VOLT PLUS TECH Wireless Bluetooth Earbuds for iPhone 14/14Pro/14Pro Max/13/13Pro/13Pro Max/12 Pro/Pro Max /11 Pro/Pro Max/F9 TWS 10,2000mAh Charging case,8D Bass,IPX3 Touch Waterproof/Noise Reduction",Earbud Headphones,internal_oof
B089LR5S22,EARBUD_INEAR,EARBUD_INEAR,EARBUD_INEAR,0.980266,TicPods ANC Active Noise Cancellation True Wireless Earbuds Bluetooth 5.0 IPX5 Sweat and Water Resistant with Type C Charging for Running and Sports Charging Case Included-Ice,Earbud Headphones,internal_oof
B08Q2D3XR1,ON_EAR,OVER_EAR,OVER_EAR,0.496119,"Panasonic Headphones, On-Ear Lightweight Earphones with Microphone and XBS for Extra Bass and Clear, Natural Sound, 3.5mm Jack for Phones and Laptops, Work from Home - RP-HT21M (Black & Silver)",Over-Ear Headphones,internal_oof
B0B9Z4RJ58,EARBUD_INEAR,EARBUD_INEAR,EARBUD_INEAR,0.954453,"SAMSUNG Galaxy Buds 2 Pro + 35W Dual Port Wall Charger Bundle, True Wireless Bluetooth Earbuds w/Noise Cancelling, Hi-Fi Sound, Graphite and USB C Adapter, Super Fast Charging Block, Black",Earbud Headphones,internal_oof
B009X89LTQ,EARBUD_INEAR,EARBUD_INEAR,EARBUD_INEAR,0.967541,Mizco EKU-CHA2-RD Ecko Chaos 2 Stereo Earbud Headphones with In-Line Microphone - Red,Earbud Headphones,internal_oof
B07CBYV1R7,OVER_EAR,OVER_EAR,OVER_EAR,0.812282,"Active Noise Cancelling Headphones with Microphone,Barsone Hi-Fi Stereo Deep Bass Wired Wireless Foldable Over Ear Protein Earpads Bluetooth Headphones with Carrying Case for Gym Airplane(Black)",Headphones & Earbuds,internal_oof
B0096CGTEY,EARBUD_INEAR,EARBUD_INEAR,EARBUD_INEAR,0.7264,"2pcs Earhooks Bluetooth Wireless Headset Ear Hook Loop Hooks Clip Earhook Earloop Earclip Stabilizer Stabilizers , Black Sea International Logo Good Quality Micro Fiber Cleaning Cloth (Random Color)",Headphones & Earbuds,internal_oof
B0BRMCK569,EARBUD_INEAR,EARBUD_INEAR,EARBUD_INEAR,0.988571,True Wireless Earbuds Bluetooth Headphones 25H Playtime Built-in 4 Mics Deep Bass USB-C Fast Charge IPX5 Waterproof for Sport Work,Earbud Headphones,internal_oof
B09GYPRYQS,EARBUD_INEAR,EARBUD_INEAR,EARBUD_INEAR,0.988206,"BD&M Wireless Bluetooth Open-Ear Headphones Waterproof Headset Microphone Hanging Earphone Air Conduction Built-in with Mic for Sports Workouts and Running, Black",Open-Ear Headphones,internal_oof
B008MOTQT2,EARBUD_INEAR,EARBUD_INEAR,EARBUD_INEAR,0.970122,"Compatible with Apple iPhone 3G S iPhone 4S - AT&T, Sprint, Version 16GB 32GB 64GB Earphones Headphones with Mic - Golden Copper",Earbud Headphones,internal_oof
B011B0M6SQ,OVER_EAR,OVER_EAR,OVER_EAR,0.870708,"Sound Intone Max 2015 New Professional 3.5mm Pc Gaming Stereo Headset Noise Canelling Headphones with Volume Control Microphone for Online Gaming, Pc Computer Game,Desktop Pcs, Laptops (X7-Black)","Headphones, Earbuds & Accessories",internal_oof
B0BL4X7168,EARBUD_INEAR,EARBUD_INEAR,EARBUD_INEAR,0.958623,"Soundcore by Anker Liberty 2 Pro True Wireless Earbuds, Bluetooth Earbuds, ACAA Dynamic Driver and Armature Driver, in-Ear Studio Performance, 8H Playtime, HearID Personalized EQ, Wireless Charging",Earbud Headphones,internal_oof
B0BV2BDGV7,EARBUD_INEAR,EARBUD_INEAR,EARBUD_INEAR,0.988126,"EarFun Wireless Earbuds, [2020 CES Award] Free Bluetooth 5.0 Earbuds with Wireless Charging Case, USB-C Quick Charge, IPX7 Waterproof in-Ear Wireless Headphones, Deep Bass, 30H Playtime",Earbud Headphones,internal_oof
B0713MZC7P,OVER_EAR,OVER_EAR,OVER_EAR,0.802177,"OUTOS Cat Headphones, Rechargeable Cute Cat Ear Headphones with LED Flashing Glowing Lights Fold-able Over Ear Cos-Play Fancy Headsets for iPhone, PC, Laptop, MP3, MP4 and Android Phone(Pink)",Headphones & Earbuds,internal_oof
B007P51BSI,EARBUD_INEAR,EARBUD_INEAR,EARBUD_INEAR,0.980075,"Yurbuds Ironman Inspire In-Ear Earbud Sport Headphones with TwistLock Technology Earphones, Sweat Resistant, White",Earbud Headphones,internal_oof
B01GFAX0EQ,EARBUD_INEAR,EARBUD_INEAR,EARBUD_INEAR,0.931574,Stereo Music Headphones Ear Clip For Samsung Galaxy SII I9100 SII MINI TEOS with Mic & Remote Control Microphone Wired Earpods Ear Hooks,Headphones & Earbuds,internal_oof
B095GFVX6T,EARBUD_INEAR,EARBUD_INEAR,EARBUD_INEAR,0.979069,"BEARTWO Bluetooth Headphones, Upgraded Foldable Wireless Neckband Headset with Retractable Earbuds, Noise Cancelling Stereo Earphones with Mic for Workout, Running, Driving (with Carry Case)",Earbud Headphones,internal_oof
B091GDFM2W,EARBUD_INEAR,EARBUD_INEAR,EARBUD_INEAR,0.969372,realme Buds air2 neo Black,Earbud Headphones,internal_oof
B07MTPTNRY,EARBUD_INEAR,EARBUD_INEAR,EARBUD_INEAR,0.965562,"Wearhaus Beam Wireless Bluetooth Sharing Earbuds, HiFi Bass Stereo in-Ear Sweatproof Sports Headset w/Mic, Color Changing LED Light, Lightweight Case for Gym Running Gaming Travel Work (Black+White)",Earbud Headphones,internal_oof
B0915C35CH,EARBUD_INEAR,EARBUD_INEAR,EARBUD_INEAR,0.990266,"KBEAR KS2 in Ear Monitors,H HIFIHEAR 1BA 1DD Stereo in Ear Earphones, HiFi in Ear Ear Earbud Headset Noise Cancelling Hybrid Earphone with Removable Cable for Running Walking (with mic, KS2 Cyan) …",Earbud Headphones,internal_oof
B01BMUJZUC,EARBUD_INEAR,EARBUD_INEAR,EARBUD_INEAR,0.912748,"Samsung Gear VR Virtual Reality Headset - SM-R322NZWAXAR - Ear Buds/Bag Bundle Includes Gear VR Headset, Metal Ear Buds and Gadget Bag",Headphones & Earbuds,internal_oof
B00B5I9282,OVER_EAR,OVER_EAR,OVER_EAR,0.995678,Myth Labs Eclipse Headphones - Personalized Headphones - Passive Noise Canceling,Over-Ear Headphones,internal_oof
B00CU4LG3O,ON_EAR,EARBUD_INEAR,EARBUD_INEAR,0.534443,Subjekt TNT Headphones + Mic - Hot Pink,Headphones & Earbuds,internal_oof
B0821XLRHT,OVER_EAR,EARBUD_INEAR,EARBUD_INEAR,0.58392,"Sujeetec Microphone Headset Discreet Headworn Earset Over Ear Mic for Shure Wireless System Bodypack Transmitter, Ideal for Lectures, Live Performance, Theater, Podcasts",Earbud Headphones,internal_oof
B06XJRZMDN,OVER_EAR,OVER_EAR,OVER_EAR,0.594315,Audio-Technica Solid Bass Wireless Over-Ear Headphones w/Built-in Mic & Control (ATH-WS99BT) with Universal Wood Headphone Stand & Slappa HardBody PRO Full Sized Headphone Case Black,On-Ear Headphones,internal_oof
B0B84WGV37,EARBUD_INEAR,EARBUD_INEAR,EARBUD_INEAR,0.98205,"zivsivc Wireless Earbuds Bluetooth 5.1 Button Control Headphones with Built-in Mic,3500 mAh LCD Wireless Charging Case,IPX7 Waterproof Earphones,CVC8.0 Noise Cancelling Wireless (Q82-41)",Earbud Headphones,internal_oof
B08XPWDSWW,EARBUD_INEAR,EARBUD_INEAR,EARBUD_INEAR,0.994797,TOZO T10 Bluetooth 5.3 Wireless Earbuds with Wireless Charging Case IPX8 Waterproof Stereo Headphones in Ear Built in Mic Headset Premium Sound with Deep Bass for Sport White (2022 Upgraded),Earbud Headphones,internal_oof
B00WUA4ANG,EARBUD_INEAR,ON_EAR,ON_EAR,0.733596,iFrogz Flex Sport Over the Ear Earbuds with Microphone - Black/Pink,Headphones & Earbuds,internal_oof
B09ZY91W9K,EARBUD_INEAR,EARBUD_INEAR,EARBUD_INEAR,0.922336,"iPhone Earphones Wired, Built-in Mic,Support Volume Control Calling Siri Compatible with iPhone 13/12/11 Pro Max/Xs Max/XR/7/8 Plus More",Earbud Headphones,internal_oof
B07FTDNTLM,EARBUD_INEAR,EARBUD_INEAR,EARBUD_INEAR,0.961636,"Solonic Wired Earbuds HiFi Stereo Earphones with Mic & Volume Control, Tangle-Free, Noise Isolation for Devices with 3.159mm Jack [Upgraded Drive Units]",Earbud Headphones,internal_oof
B07BDSMHJZ,OVER_EAR,OVER_EAR,OVER_EAR,0.833385,"Egghead EGG-IAG-1007-1019-SO-PK Stereo School Headphones with Boom Microphone and Dual 3.5 mm Plugs and Bonus Adapter, Silver",Over-Ear Headphones,internal_oof
B008P8EWI0,ON_EAR,UNKNOWN,EARBUD_INEAR,0.447508,JVC HAS140W Flat Foldable Headphones,Headphones & Earbuds,internal_oof
B094ZNRZMD,OVER_EAR,OVER_EAR,OVER_EAR,0.773133,"Perytong Sleep Headphones, Bluetooth Sports Headband Headphones with Ultra-Thin HD Stereo Speakers Perfect for Sleeping,Workout,Jogging,Yoga,Insomnia, Air Travel, Meditation",Over-Ear Headphones,internal_oof
B0C42VXNHH,EARBUD_INEAR,EARBUD_INEAR,EARBUD_INEAR,0.987679,ANINUALE Wireless Earbuds Bluetooth Ear Buds with Mic Wireless Charging Case 58Hrs Playtime LED Display Headphones Over Ear Earhooks IPX7 Waterproof Sport Earphones Wireless Bluetooth 5.3 Earbuds,Earbud Headphones,internal_oof
B08V4H741T,EARBUD_INEAR,EARBUD_INEAR,EARBUD_INEAR,0.988228,"Origem HS-3pro Bluetooth Headphones, Wireless Sport Earphones with HDR Audio, Strong Bass, Noise Cancelling,Bluetooth 5.0 with mic, IPX5 Waterproof, Wireless Earbuds for Sports, Workout, Gym (Black)",Earbud Headphones,internal_oof
B0BMGMWPD4,EARBUD_INEAR,EARBUD_INEAR,EARBUD_INEAR,0.997282,"Hntmao True Wireless Earbuds, IPX6 Waterproof Bluetooth Earbuds, 30H Cyclic Playtime Headphones with Charging Case and mic for iPhone Android, in-Ear Stereo Earphones Headset for Sport Black",Earbud Headphones,internal_oof
B07S9GVDHB,OVER_EAR,OVER_EAR,OVER_EAR,0.906096,U Wireless Headphones Bluetooth With Carrying Case Built In Microphone 12Hr Playback Time Noise Cancellation Enhanced Bass,Over-Ear Headphones,internal_oof
B07XTZ7T54,EARBUD_INEAR,EARBUD_INEAR,EARBUD_INEAR,0.966461,"JVC Truly Wireless Earbuds Headphones, Bluetooth 5.0, Water Resistance(Ipx5), Long Battery Life (4+10 Hours), Secure and Comfort Fit with Memory Foam Earpieces - HAA10TB (Black)",Earbud Headphones,internal_oof
B0855M9MXW,EARBUD_INEAR,EARBUD_INEAR,EARBUD_INEAR,0.900539,Anker A3201ZF1 Soundcore Life NC Headphones,Earbud Headphones,internal_oof
B0076Z3F9A,EARBUD_INEAR,EARBUD_INEAR,EARBUD_INEAR,0.916338,Samsung HM1700 Bluetooth Headset (Blue),Headphones & Earbuds,internal_oof
B0B38WLYJ7,EARBUD_INEAR,EARBUD_INEAR,EARBUD_INEAR,0.933397,CASCHO Wireless Earbuds Bluetooth Headphones 60Hrs Playtime HD Stereo Audio Digital LED Display Over-Ear Earphones with Earhook Waterproof Headset with Mic for Sport Running Workout,Earbud Headphones,internal_oof
B000OZQM8A,EARBUD_INEAR,EARBUD_INEAR,EARBUD_INEAR,0.991648,Harman Kardon 710 Noise Isolating Earphones (Black),Earbud Headphones,internal_oof
B01BA3AVWW,EARBUD_INEAR,EARBUD_INEAR,EARBUD_INEAR,0.915172,Fenzer Black Headphones w/Mic Earphones Earbuds Headset for Apple iPhone 3 3G 4 4S 5 5C 5S 6 Plus,Headphones & Earbuds,internal_oof
B00KUEQIUW,EARBUD_INEAR,EARBUD_INEAR,EARBUD_INEAR,0.968975,Purple HandsFree EarPhone HeadPhones HeadSet With Mic. For Nokia Lumia 521 / 520,Headphones & Earbuds,internal_oof
B083SRWSMN,EARBUD_INEAR,EARBUD_INEAR,EARBUD_INEAR,0.979808,"TREBLAB N8 – Magnetic Neckband Bluetooth Earphones | 7H Playtime, Lightweight, IPX5 | Noise Canceling Wireless Headphones w/Mic | Magnetic Bluetooth Earbuds for Running, Workout, Sports, Gym (Black)",Earbud Headphones,internal_oof
B08LFWDF2L,EARBUD_INEAR,EARBUD_INEAR,EARBUD_INEAR,0.992453,"JVC HAA50TB Truly Wireless Earbuds Noise Cancelling Earbuds with Memory Foam Earpieces, 32H Battery Life with Charging Case, Touch & Talk, Bluetooth 5.0, Touch Sensor Control, Waterproof IPX4, Black",Earbud Headphones,internal_oof
B077T4737M,ON_EAR,ON_EAR,ON_EAR,0.993253,JBL T460BT Extra Bass Wireless On-Ear Headphones with 11 Hours Playtime & Mic - Black,On-Ear Headphones,internal_oof
B0C5BFJKJL,ON_EAR,ON_EAR,ON_EAR,0.665095,Skullcandy Riff Wired On-Ear Headphones - Black,Over-Ear Headphones,internal_oof
B07WWXDFJ8,EARBUD_INEAR,EARBUD_INEAR,EARBUD_INEAR,0.979514,LUU Earphones/Earbuds/Headphones 2Pack Black Compatible with iPhone/Galaxy S10/S10+/S10e S9/S9+ S8/S8+ Note8 / Android in-Ear Headphones Remote + Mic Hands- Free Earphones,Earbud Headphones,internal_oof
B004SNS1SS,EARBUD_INEAR,EARBUD_INEAR,EARBUD_INEAR,0.955445,Jawbone PRIME Bluetooth Headset (Black),Headphones & Earbuds,internal_oof
B076VW3PQJ,EARBUD_INEAR,EARBUD_INEAR,EARBUD_INEAR,0.962158,Plantronics Voyager Edge Wireless Bluetooth Headset with Charging Case - Black (Renewed),Earbud Headphones,internal_oof
B07Q59SBZ7,OVER_EAR,OVER_EAR,OVER_EAR,0.988393,"Audio-Technica ATH-M50x Professional Studio Monitor Headphones (Black) with Carrying Case, 6Ave Cleaning Kit",Over-Ear Headphones,internal_oof
B00TFSJUKO,EARBUD_INEAR,EARBUD_INEAR,EARBUD_INEAR,0.944046,iQualTech Sports Earphones for iPhone - with Microphone for Handsfree Calling and Remote Track Control Silver/White,Headphones & Earbuds,internal_oof
B09J2ND79C,EARBUD_INEAR,EARBUD_INEAR,EARBUD_INEAR,0.997432,"Nautica T400 True Wireless Earbuds, Bluetooth v5.1 TWS in-Ear Earphones with Built-in Mic, Wireless Bluetooth Earbuds with Charging case Touch Control, Ergonomic Design Sweat-Proof USB-C (Navy)",Earbud Headphones,internal_oof
B005T4J2LA,EARBUD_INEAR,UNKNOWN,EARBUD_INEAR,0.365928,iHip AquaVibe Underwater Earbuds Durable and Lightweight Down to 25 Meters,Headphones & Earbuds,internal_oof
B0C6QCKDB3,EARBUD_INEAR,EARBUD_INEAR,EARBUD_INEAR,0.884697,"KZ ZAR in-Ear Monitor IEM Headphones,1DD+7BA Hybrid Technology Driver Wired Earbuds Headphone with Silver-Plated Cable for Audiophile Musician (KZ ZAR-Black, with Mic)…",Earbud Headphones,internal_oof
B09Y1V2DC2,EARBUD_INEAR,EARBUD_INEAR,EARBUD_INEAR,0.97089,"Kinboofi HZSOUND Waist Drum in-Ear Monitor, φ6mm DD HiFi Earphone, Stainless Stell Stereod·Mirror Finish Earbuds Wired Headphones with Unique Balance Hole Desigh for Musician Church(No Mic, Silver)",Earbud Headphones,internal_oof
B07WTTZMRM,EARBUD_INEAR,EARBUD_INEAR,EARBUD_INEAR,0.996588,"True Wireless Earbuds TWS Stereo Wireless Headphones Bluetooth 5.0 in-Ear Headset with Strong Connection, Noise Cancelling Mini Earphones Charging Case IPX5 Waterproof 58H Playtime Sports Earpiece",Earbud Headphones,internal_oof
B0045TNIW4,EARBUD_INEAR,EARBUD_INEAR,EARBUD_INEAR,0.651755,Maverick Nica Sunrise v2 Bluetooth Headset - Metallic Red,Headphones & Earbuds,internal_oof
B08X73BBPT,EARBUD_INEAR,EARBUD_INEAR,EARBUD_INEAR,0.988191,"Lady house Kindpack Earbuds Headphones, IPX5 Waterproof Headset Hi-Fi Stereo in-Ear Earphones with 350Mah Charging Case for Travel, Dark Gray",Earbud Headphones,internal_oof
B0017T4L1C,EARBUD_INEAR,EARBUD_INEAR,EARBUD_INEAR,0.944342,SM100B Bluetooth Headset Black Dual Mic with Auto Noise Reduction,Headphones & Earbuds,internal_oof
B0BGHQYY6V,EARBUD_INEAR,EARBUD_INEAR,EARBUD_INEAR,0.973251,TITACUTE Wireless Earbuds Bluetooth Headphone for iPhone 13 Pro Max 14 11 Samsung S22 Ultra S23 S21 S20 Galaxy A53 A54 A14 Google Pixel 6 7 6a 7a Android in-Ear Headset Noise Canceling USB C Earphone,Earbud Headphones,internal_oof
B0079FQQ0W,EARBUD_INEAR,EARBUD_INEAR,EARBUD_INEAR,0.993626,Sport Earphones for Running IPX7 Waterproof Headphones 9 Hours Playtime,Earbud Headphones,internal_oof
B0928R4WXG,EARBUD_INEAR,EARBUD_INEAR,EARBUD_INEAR,0.986891,"TOZO NC2 Hybrid Active Noise Cancelling Wireless Earbuds, in-Ear Detection Headphones, IPX6 Waterproof Bluetooth 5.2 Stereo Earphones, Immersive Sound Premium Deep Bass Headset, Black",Earbud Headphones,internal_oof
B07MSBCPWM,EARBUD_INEAR,EARBUD_INEAR,EARBUD_INEAR,0.905427,"SOL REPUBLIC Shadow Fusion Bluetooth Earbuds, Grey 10-Hour Playtime Comfortable Knit Tech Fiber Collar Magnetic Connection Earbuds Flexible Compact Storage Convenient Carrying Case, Gray",Earbud Headphones,internal_oof
B0B7GKJKZB,EARBUD_INEAR,EARBUD_INEAR,EARBUD_INEAR,0.989324,"Cvozo Bluetooth Headphones, Bluetooth 5.0 Wireless Earphones in-Ear Stereo Sound Microphone Mini Wireless Earbuds with Headphones and Portable Charging Case for iOS Android PC planb3",Earbud Headphones,internal_oof
B07GNW9DJ6,OVER_EAR,OVER_EAR,OVER_EAR,0.960282,"Sennheiser HD 300 Pro Headphones, Black with Headphone Holder & Stereo 1/4"" Male Phone TRS Headphone Extension Cable 10'",Over-Ear Headphones,internal_oof
B00A9YU7ZK,EARBUD_INEAR,EARBUD_INEAR,EARBUD_INEAR,0.866852,"Earphones with Remote Control and Mic For Apple iPhone, iPad, iPod",Headphones & Earbuds,internal_oof
B01G8JO5F2,EARBUD_INEAR,EARBUD_INEAR,EARBUD_INEAR,0.991762,"Senso Bluetooth Headphones, Best Wireless Sports Earbuds w/Mic IPX7 Waterproof HD Stereo Sweatproof Earphones for Gym Running Workout Noise Cancelling Earphones Earbuds Noise Cancelling Headsets",Earbud Headphones,internal_oof
B004R9PSL6,EARBUD_INEAR,EARBUD_INEAR,EARBUD_INEAR,0.94093,Samsung HM6450 Stereo Bluetooth Wireless Headset,Headphones & Earbuds,internal_oof
B08CGJ721T,EARBUD_INEAR,EARBUD_INEAR,EARBUD_INEAR,0.940034,"JBL Tune 125TWS True Wireless In-Ear Headphones - Pure Bass Sound, 32H Battery, Bluetooth, Fast Pair, Comfortable, Wireless Calls, Music, Native Voice Assistant (White)",Earbud Headphones,internal_oof
B0784322T6,EARBUD_INEAR,EARBUD_INEAR,EARBUD_INEAR,0.996502,"Bluetooth Earbuds,True Wireless Stereo Headphones Kelodo w/Microphone Earphones for Call Noise Cancelling Mini in Ear Magnetic Headset with Long Battery Charging Case for Running Sports White",Earbud Headphones,internal_oof
B0036ZXATO,ON_EAR,ON_EAR,ON_EAR,0.80708,"TOOKS SPORTEC Skully Performance Skull Cap with Built-in Removable Headphones - Color: Black, Comfortable 100% Prostretch (Dryfit) Keeps You Cool","Headphones, Earbuds & Accessories",internal_oof
B0BYNSJFF3,EARBUD_INEAR,EARBUD_INEAR,EARBUD_INEAR,0.735331,"MAS CARNEY 【2 Pack Black+White】 WH5 Semi in-Ear Headphones with Microphone, Compatible with MP3/MP4, iPad, iPod, Huawei, Samsung Galaxy, Computers, Laptops and All 3.5mm Headphone Devices",Earbud Headphones,internal_oof
B08QFXB2Y9,EARBUD_INEAR,EARBUD_INEAR,EARBUD_INEAR,0.984579,"ASTRUM ET320 Earbuds – True Wireless Earbuds with Type-C Charging Case, Bluetooth V5.1 Earbuds with a Comfortable, Secure Fit, Long Battery Life, Great Sound, Auto Pair & Touch Control - White",Earbud Headphones,internal_oof
B09WTY86N6,ON_EAR,ON_EAR,ON_EAR,0.88185,"iClever HS01 Food Grade Kids Headphones with Microphone, 85/94dB Volume Limiter, Cat Ear Headphones for Kids Boys Girls, Wired Childrens Headphones for School/Travel/Tablet/E-Learning/iPad, Green",On-Ear Headphones,internal_oof
B00YCC47DI,EARBUD_INEAR,EARBUD_INEAR,EARBUD_INEAR,0.944511,Samsung EO-HS3303WE Samsung Galaxy S4 Headset 3.5mm Stereo with Volume Key - Non-Retail Packaging - White,Headphones & Earbuds,internal_oof
B0B55XFVSD,EARBUD_INEAR,EARBUD_INEAR,EARBUD_INEAR,0.982953,"UGREEN HiTune Wireless Earbuds Bluetooth 5.0, Aptx HiFi Stereo Wireless Headphones with Built-in Mic, CVC 8.0 Clear Call Bluetooth Earbuds, Wireless Earphones with Deep Bass, 27H Playtime Rosegold",Earbud Headphones,internal_oof
B0832BWCYM,EARBUD_INEAR,EARBUD_INEAR,EARBUD_INEAR,0.998266,True Wireless Wireless Waterproof Earbuds Super bass Earphone Earbuds HD Stereo Sound Bluetooth Wireless Earphone with Charging Case(White),Earbud Headphones,internal_oof
B09K67QXKT,EARBUD_INEAR,EARBUD_INEAR,EARBUD_INEAR,0.992396,"Bluetooth Earbuds Wireless Active Noise Canceling Headphones in-Ear Earphones with 4 Mics for Sports, Enhanced Deep Bass, 30Hrs Playtime, IPX8 Waterproof, Touch Control, USB-C Quick Charging Case",Earbud Headphones,internal_oof
B00YB31A56,OVER_EAR,UNKNOWN,ON_EAR,0.370143,PRO Mental Beats Expert DJ Noise Cancelling Headphones w/ Microphone - 00545,Headphones & Earbuds,internal_oof
B0085OETSM,EARBUD_INEAR,EARBUD_INEAR,EARBUD_INEAR,0.938032,Sentry Budz Noise Reduction Ear Buds Color Varies - Sentry HO105,Earbud Headphones,internal_oof
B0BJBXCNWD,EARBUD_INEAR,EARBUD_INEAR,EARBUD_INEAR,0.990809,Airor Bluetooth Wireless Noise Cancelling Earbuds for iPhone | in-Ear Headphones with Portable Silicone Charging case | Hi-Fi Stereo Microphone Wireless Earbuds for Waterproof for Sport(Pink),Earbud Headphones,internal_oof
B0058C6LA8,OVER_EAR,OVER_EAR,OVER_EAR,0.919839,iHip DJRASTAHP DJ Style Rasta Headphones - Red/Yellow/Green/Black (Discontinued by Manufacturer),Over-Ear Headphones,internal_oof
B0B6C9QK1P,EARBUD_INEAR,EARBUD_INEAR,EARBUD_INEAR,0.994184,DAFO Wireless Earbuds Bluetooth 5.0 Headphones with Charging Case Noise Cancelling 3D Stereo Headsets Built in Mic in Ear Ear Buds IPX5 Waterproof Air Buds for iPhone/Android,Earbud Headphones,internal_oof
B00WUOEKN2,OVER_EAR,OVER_EAR,OVER_EAR,0.978594,Sennheiser HD-201 Lightweight Over Ear Headphones (Discontinued by Manufacturer),Over-Ear Headphones,internal_oof
B0C2W6QZX2,EARBUD_INEAR,EARBUD_INEAR,EARBUD_INEAR,0.9698,JBL T210 Signature Sound Pure Bass Headphones in Ear Earphones with Microphone Black,Earbud Headphones,internal_oof
B0091TBFW8,ON_EAR,ON_EAR,ON_EAR,0.976747,Beyerdynamic DTX 501P Mobile Headphone White,On-Ear Headphones,internal_oof
B00GSLQI24,EARBUD_INEAR,EARBUD_INEAR,EARBUD_INEAR,0.95622,Soul Electronics Headphones S-Cable for Samsung Devices,Earbud Headphones,internal_oof
B000FFS9V2,EARBUD_INEAR,EARBUD_INEAR,EARBUD_INEAR,0.881105,V-MODA Remix In-Ear Noise-Isolating Metal Headphone (Hot Pink) (Discontinued by Manufacturer),Earbud Headphones,internal_oof
B00NIBK9NG,EARBUD_INEAR,UNKNOWN,ON_EAR,0.429803,intone Sound Ip950 Stereo Folding Stretchable Headphones Adjustable Headband Headset Kids Earphones or Adults Lightweight Headsets with in-line Mic for Iphone/ipad/tablet/andriod/mp3/mp4/laptop,Headphones & Earbuds,internal_oof
B0851C5KLV,EARBUD_INEAR,EARBUD_INEAR,EARBUD_INEAR,0.980707,"UGREEN HiTune Wireless Earbuds Bluetooth 5.0, Wireless Headphones with Built-in Mic, CVC 8.0 Clear Call Bluetooth Earbuds, Aptx HiFi Stereo Wireless Earphones with Deep Bass, 2 EQ Modes, 27H Playtime",Earbud Headphones,internal_oof
B07FKNC4KJ,OVER_EAR,OVER_EAR,OVER_EAR,0.992042,"Mogic HS06 Bluetooth Over Ear Headphones with Mic, Foldable Design, Long Battery Life",Over-Ear Headphones,internal_oof
B003I8V6GS,EARBUD_INEAR,EARBUD_INEAR,EARBUD_INEAR,0.875414,"Cellet HTC Mono Headset for HTC XV6175 OZONE, myTouch 3G, Dash 3G, Touch Pro2 (GSM) & G1 - Black",Headphones & Earbuds,internal_oof
B0C2TGNB6R,EARBUD_INEAR,EARBUD_INEAR,EARBUD_INEAR,0.975339,"KZ ZSX in-Ears Monitors 5BA+1DD 6 Driver Hybrid in-Ear Headphones HiFi Earphones with Zinc Alloy Faceplate, 0.75mm 2 Pin Detachable Cable for Audiophile Musician (Without Mic,Black)",Earbud Headphones,internal_oof
B0B2L8GG83,EARBUD_INEAR,EARBUD_INEAR,EARBUD_INEAR,0.968147,"Naxa Electronics NG-1500 Gaming True Wireless Bluetooth Earbuds with Charging Case for Up to 2 Hours Play Time, Touchable Controls, Includes USB Type C Charge Cable, Black",Earbud Headphones,internal_oof
B07YXQ78MK,EARBUD_INEAR,EARBUD_INEAR,EARBUD_INEAR,0.990117,"Wireless Earbuds Bluetooth 5.0 Headset with Wireless Charging Case, LFS Mini Sweatproof Sport Denoise in-Ear Headsets Built-in Mic 15+ Hours Playtime, One-Step Pairing with Button-Control Operation",Earbud Headphones,internal_oof
B00ZLTBXSS,EARBUD_INEAR,EARBUD_INEAR,EARBUD_INEAR,0.980537,Samsung Eo-Eg920Bw White Headset/Handsfree/Headphone/Earphone with Volume Control for Galaxy Phones (Non Retail Packaging - Bulk Packaging),Earbud Headphones,internal_oof
B0C2TXG41Y,EARBUD_INEAR,EARBUD_INEAR,EARBUD_INEAR,0.987883,"PALOVUE Wireless Earbuds in-Ear Earphones with Bluetooth 5.3 Built-in Mic Headphones Deep Bass Stereo with Lightweight Compact Charging Case for Sport/Work Compatible with iPhone Android, White…",Earbud Headphones,internal_oof
B01MSZO0TJ,EARBUD_INEAR,EARBUD_INEAR,EARBUD_INEAR,0.985526,Panasonic Canal type earphone High resolution sound source compatible RP-HDE3M-K （Black)(Japan Domestic genuine products),Earbud Headphones,internal_oof
B00CETJINU,EARBUD_INEAR,EARBUD_INEAR,EARBUD_INEAR,0.616064,Kikkerland US041 Robot Key Earbuds,Headphones & Earbuds,internal_oof
B0BR7Q3X4J,EARBUD_INEAR,EARBUD_INEAR,EARBUD_INEAR,0.988727,VIDONN Open Ear Headphones Wireless Bluetooth 5.2 OpenBuds T2 Sport Open Earbuds Non Bone Conduction with Earhook and Charging Case for Sports Running Headphones Exercise Around Ea (Black),Earbud Headphones,internal_oof
B00BY5GY2S,EARBUD_INEAR,EARBUD_INEAR,EARBUD_INEAR,0.77557,"Jabra TAG Wireless Bluetooth Stereo Headset, Black (Discontinued by Manufacturer)",Headphones & Earbuds,internal_oof
B009XHW5O0,OVER_EAR,OVER_EAR,OVER_EAR,0.985009,Able Planet NC180PKM MUSICIANS CHOICE NEON Around the Ear Active Noise Canceling Headphones with Award-Winning LINX AUDIO,Over-Ear Headphones,internal_oof
B071WC62WV,EARBUD_INEAR,EARBUD_INEAR,EARBUD_INEAR,0.943666,"New Fashion Women Girl Rhinestone Jewelry Design Pearl Necklace Earphones,Super Bass HIFI Wired Earbuds Headphones with Mic Stereo Sound Music Earpiece for IOS and Android Smartphone (multicolor)",Earbud Headphones,internal_oof
B089CKQFTR,EARBUD_INEAR,EARBUD_INEAR,EARBUD_INEAR,0.995336,"Wireless Earbuds, Bluetooth 5.0 Headphones in-Ear, IPX7 Waterproof Sport Running Earphones with Charging Case, Bass Stereo/40H Playing Time,Built-in Mic Single/Twin Mode for iPhone/Android",Earbud Headphones,internal_oof
B08F7773WT,ON_EAR,OVER_EAR,OVER_EAR,0.845776,"gorsun Wireless Bluetooth 5.0 Headphones, Stereo On-Ear Headset Foldable Lightweight with Soft Memory-Protein Earmuffs for Phones,Built-in Microphone, Wired Mode/Wireless Mode (Black Silver)",Over-Ear Headphones,internal_oof
B01MS28QJ1,EARBUD_INEAR,EARBUD_INEAR,EARBUD_INEAR,0.890729,MEE Audio M6 PRO Noise-Isolating Limited Edition Blue in-Ear Monitors w/Detachable Cables,Earbud Headphones,internal_oof
B016YTNVGK,EARBUD_INEAR,EARBUD_INEAR,EARBUD_INEAR,0.947357,Motorola in Ear Headphones Earbuds in 3.5mm Jack Universal Headset - Original Retail Packing,Earbud Headphones,internal_oof
B0BX5288JQ,EARBUD_INEAR,EARBUD_INEAR,EARBUD_INEAR,0.991938,"Monster DNA Fit Wireless Bluetooth Earbuds - Noise Cancelling Earbuds with Wireless Charging Case & Built-in Microphone, Water Resistant Bluetooth Headphones & Ear Buds",Earbud Headphones,internal_oof
B097MRW46F,EARBUD_INEAR,EARBUD_INEAR,EARBUD_INEAR,0.946248,"Soundcore by Anker Life P3 Noise Cancelling Earbuds, Ultra Long 50H Playtime, Fast Charging, Big Bass, Multi-Mode Noise Cancelling, AI-Enhanced Calls, Wireless Charging, App Control, Bluetooth 5.2",Earbud Headphones,internal_oof
B01H41G3CG,EARBUD_INEAR,EARBUD_INEAR,EARBUD_INEAR,0.969523,"Jabra Halo Smart Wireless Bluetooth Headset, Black/Silver",Earbud Headphones,internal_oof
B07LC189X3,OVER_EAR,OVER_EAR,OVER_EAR,0.985919,"beyerdynamic DT 770-PRO Studio Headphones 80 Ohms Closed Dynamic (474746) with Full Size Headphone Case, Headphone Stand & Microfiber Cleaning Cloth",Over-Ear Headphones,internal_oof
B0015CO3XW,ON_EAR,ON_EAR,ON_EAR,0.857804,MAX190402 - Maxell Lightweight Compact Folding Headphones,Headphones & Earbuds,internal_oof
B000XHDA8Y,EARBUD_INEAR,EARBUD_INEAR,EARBUD_INEAR,0.557634,Plantronics UPCALISTO Bluetooth Headset (Discontinued by Manufacturer),Headphones & Earbuds,internal_oof
B00A78LMXE,EARBUD_INEAR,EARBUD_INEAR,EARBUD_INEAR,0.939213,"JVC HAFX1X Headphone Xtreme-Xplosivs, Black, Red",Earbud Headphones,internal_oof
B01590EAL0,ON_EAR,ON_EAR,ON_EAR,0.944626,"TOOKS NextGen POLARCAP Fleece Headphone Beanie with Built-in Removable Headphones | New Inline Remote with Microphone, Volume Adjust and Music/Call Control | Color: Black","Headphones, Earbuds & Accessories",internal_oof
B098P7ZRPJ,EARBUD_INEAR,EARBUD_INEAR,EARBUD_INEAR,0.993717,"A SLICE RED Wireless Earbuds with Charging Case Built-in Microphone Stereo Sound in-Ear Bluetooth Headphones Premium Deep Bass Headset, Black",Earbud Headphones,internal_oof
B004SQ3AL8,EARBUD_INEAR,EARBUD_INEAR,EARBUD_INEAR,0.996088,"Wireless Earbuds, iFuntec Bluetooth Headphones Stereo Wireless Earphones with Mic Mini in-Ear Earphones Earpiece Anti-Sweat Sports Earburds with Charging Case Portable for Android Smartphones, Black",Earbud Headphones,internal_oof
B073X3H66B,EARBUD_INEAR,EARBUD_INEAR,EARBUD_INEAR,0.970646,"SAMSUNG Earphones Corded Tuned by AKG (Galaxy S8 and S8+ Inbox replacement), Grey",Earbud Headphones,internal_oof
B0C8BHW3D3,EARBUD_INEAR,EARBUD_INEAR,EARBUD_INEAR,0.986769,"Guudsoud Bone Conduction Earphones Wireless, sweatproof and Waterproof Earphones Suitable for Running, Cycling",Open-Ear Headphones,internal_oof
B01MTEGYY1,EARBUD_INEAR,EARBUD_INEAR,EARBUD_INEAR,0.950896,Earphones Colorful Durable Earbuds with Volume Control Wrapped Handmade Cute for iphone Apple Youth Design Red Blue by OrangePenguin (with Microphone),Earbud Headphones,internal_oof
B0029VFB6Q,EARBUD_INEAR,EARBUD_INEAR,EARBUD_INEAR,0.947939,Aliph Jawbone 2 II Black Bluetooth Headset with NoiseAssassin,Headphones & Earbuds,internal_oof
B07Z5PW12R,EARBUD_INEAR,OVER_EAR,OVER_EAR,0.962884,FiiO FA7 Quad Balanced Armature Driver Over The Ear Earphones Hi-Res High Fidelity with Detachable Cable Design for Smartphones/PC Tablet(Smoke),Over-Ear Headphones,internal_oof
B007003IO8,EARBUD_INEAR,EARBUD_INEAR,EARBUD_INEAR,0.861824,Aftershokz AS300 Wraparound Sport Headphones with Bone Conduction Technology - Dark Gray (Discontinued by Manufacturer),Headphones & Earbuds,internal_oof
B00WXEH70M,EARBUD_INEAR,EARBUD_INEAR,EARBUD_INEAR,0.795969,"VOJO RABBIT, Apple Earpods Cover Sport Skin with Silicone Earbuds Sleeves [Grey & Clear](2 Pairs) Sweat & Water Proof Ear Phones Hook Grips Earphones Earbuds for Apple iPhone 6 6s plus 5s 5 se 5c Cool","Headphones, Earbuds & Accessories",internal_oof
B07N645XHW,EARBUD_INEAR,EARBUD_INEAR,EARBUD_INEAR,0.989303,RevoNext in Ear Monitor Colourful RX8S IEM Earphones Dynamic Triple Driver with a Silicone Storage Case Sport Earphones Running Earbuds,Earbud Headphones,internal_oof
B07YYWM2LN,EARBUD_INEAR,EARBUD_INEAR,EARBUD_INEAR,0.977207,Skullcandy Indy True Wireless In-Ear Earbuds - Black,Earbud Headphones,internal_oof
B0B4JBYCH8,EARBUD_INEAR,EARBUD_INEAR,EARBUD_INEAR,0.997305,"Wireless Earbuds, Bluetooth Wireless Earphones- Noise Cancelling Premium Deep Bass Earpods with Waterproof Charging Case Built-in Mic for Sports Home 30 Hrs Playtime",Earbud Headphones,internal_oof
B00DEF4X9M,EARBUD_INEAR,EARBUD_INEAR,EARBUD_INEAR,0.938033,T-Mobile 32665 Original Tangle Free 3.5mm Premium Stereo Headset - Non-Retail Packaging - Black,Headphones & Earbuds,internal_oof
B002RYSDVA,EARBUD_INEAR,EARBUD_INEAR,EARBUD_INEAR,0.992272,"JOVERS Earbuds,3.5mm Microphone Earphones Stereo Headphones Noise Isolating Headset Fit Compatible with Earbud Xs/XR/XS Max/Earphones",Earbud Headphones,internal_oof
B0033PRON0,EARBUD_INEAR,EARBUD_INEAR,EARBUD_INEAR,0.877838,Pioneer SE-CE10-XK Portable Audio Earbud Headphones with Carrying Case (Black),Earbud Headphones,internal_oof
B08CVMXPGY,EARBUD_INEAR,EARBUD_INEAR,EARBUD_INEAR,0.985817,"OnePlus Buds - True Wireless Earbuds with Charging Case, White - Fast Charging, Long Battery Life and Deep Bass",Earbud Headphones,internal_oof
B0BGP46WQQ,EARBUD_INEAR,EARBUD_INEAR,EARBUD_INEAR,0.991912,"Wireless Earbud, Sport Bluetooth 5.3 Earbud with Earhook Wireless Earphones in-Ear with Immersive Sound, Bluetooth Headphones IP7 Waterproof, Dual LED Display, 48H Playtime, Noise Cancelling, Rose Red",Earbud Headphones,internal_oof
B00UXT6TTO,ON_EAR,ON_EAR,ON_EAR,0.606754,SmithOutlet 100 Pack Over The Head Low Cost Headphones in Bulk,Headphones & Earbuds,internal_oof
B013LKL25W,EARBUD_INEAR,EARBUD_INEAR,EARBUD_INEAR,0.969178,LG Electronics Tone Active Premium Wireless Stereo Headset - Retail Packaging - Blue,Earbud Headphones,internal_oof
B08K9YT25X,EARBUD_INEAR,EARBUD_INEAR,EARBUD_INEAR,0.967755,"OnePlus Buds Z - True Wireless in-Ear Earbuds with Charging Case, White – Fast Charging, Deep Bass, Comfortable and Lightweight, IP55,Glossy White",Earbud Headphones,internal_oof
B009TGN1KW,EARBUD_INEAR,EARBUD_INEAR,EARBUD_INEAR,0.91929,LG Electronics Tone+ HBS-730 Bluetooth Headset - Retail Packaging - Black,Headphones & Earbuds,internal_oof
B07G759W23,EARBUD_INEAR,EARBUD_INEAR,EARBUD_INEAR,0.99267,"Mix Hero Wireless Earbuds, Bluetooth 5.2 Headphones with 1800mAh Charging Case",Earbud Headphones,internal_oof
B09X159LJW,EARBUD_INEAR,EARBUD_INEAR,EARBUD_INEAR,0.98196,"TOZO NC9 Pro 2022 Version Hybrid Active Noise Cancelling Wireless Earbuds IPX6 Waterproof Bluetooth in Ear Headphones Bluetooth 5.2 Stereo Earphones, Immersive Sound Premium Deep Bass Headset",Earbud Headphones,internal_oof
B07CV5P311,EARBUD_INEAR,EARBUD_INEAR,EARBUD_INEAR,0.987829,"Raycon E70 Pro Best True Wireless Earbuds with Built-in Mic and Charging Case, Bluetooth Headphones for iPhone, Samsung, iPad, Android (Black)",Earbud Headphones,internal_oof
B01JO7ASRY,ON_EAR,ON_EAR,ON_EAR,0.599517,"iClever Kids Headphones for Christmas, Wired On-Ear Headsets with Removable Deer Horn, 85dB Volume Limited, Food Grade Silicone, 3.5mm Audio Jack, Children headphones for Tablets/Phones/Laptop",Over-Ear Headphones,internal_oof
B09KT2Q34R,EARBUD_INEAR,EARBUD_INEAR,EARBUD_INEAR,0.958687,JBL Tune 230NC TWS True Wireless In-Ear Noise Cancelling Headphones - Black,Earbud Headphones,internal_oof
B073XZJJZ5,EARBUD_INEAR,EARBUD_INEAR,EARBUD_INEAR,0.978449,Earphones/Earbuds/Headphones 2Pack Black Compatible with iPhone/Galaxy S10/S10+/S10e S9/S9+ S8/S8+ Note8 / Note10/Note10+ Android in-Ear Headphones Remote + Mic Hands-Free Earphones,Earbud Headphones,internal_oof
B09SZ5FQQJ,OVER_EAR,OVER_EAR,OVER_EAR,0.931896,"SAMONPOW Kids Headphones, Bluetooth Headphones for Kids Wireless Headphone with Microphone Multiple Color LED Light Ideal Gift Wireless Headset for School Travel Christmas New Year",Over-Ear Headphones,internal_oof
B08GSQ7B9Z,EARBUD_INEAR,EARBUD_INEAR,EARBUD_INEAR,0.967779,"Xiaomi Mi True Wireless Earbuds Basic 2, 12 hours of Battery, Switch Between Single and Double-ear, Compatible with iPhone, Samsung and Android, High Performance Touch Control, Bluetooth 5.0",Earbud Headphones,internal_oof
B0B24HS7TT,EARBUD_INEAR,EARBUD_INEAR,EARBUD_INEAR,0.981801,"BFMODFAF Wireless Bluetooth Earbuds Microphone Active Noise Cancellation Stereo Portable with Charging case Headset IPX7 Waterproof Earphones,Sport Music Game Call ，for iPhone Android (Black)",Earbud Headphones,internal_oof
B09S6Y5BRG,EARBUD_INEAR,EARBUD_INEAR,EARBUD_INEAR,0.993299,"Otium Bluetooth Earbuds Wireless Headphones Bluetooth Headphones, Sports Earbuds, IPX7 Waterproof Stereo Earphones for Gym Running 15 Hours Playtime Sound Isolation Headsets",Earbud Headphones,internal_oof
B003AY35O6,EARBUD_INEAR,EARBUD_INEAR,EARBUD_INEAR,0.99494,"Wireless Earbuds, 486D Stereo Sound Wireless Headphones Wireless Sport Earbud with Breathing Mini in-Ear Sports Earphones Noise Cancelling Headsets, Bluetooth Earbuds",Earbud Headphones,internal_oof
B004QPS59I,EARBUD_INEAR,EARBUD_INEAR,EARBUD_INEAR,0.968692,"Pro Executive Solid Black High Quality Stereo Handsfree Headset Mic Earphone for Apple iPhone 3G 3GS, 4, Cricket M6000 Zio, Dell Streak, HTC Inspire 4G, ADR6275 Desire, ADR6300 Incredible, Aria, EVO 4G, Shift, HD2, Hero, myTouch 3G 3.5mm jack, Fender, myTouch 3G Slide, LG GS390 Prime, VS740 Ally, VS750 Fathom, Motorola A955 Droid 2, MB502 Charm, MB810 Droid X, WX404 Grasp, BlackBerry 9300 Curve 3G, 9800 Torch, Samsung D700 Epic 4G, i500 Fascinate, NXS Nexus S",Headphones & Earbuds,internal_oof
B07GNYYDSP,OVER_EAR,OVER_EAR,OVER_EAR,0.981528,HIFIMAN HE6se Full-Size Over Ear Planar Magnetic Audiophile Adjustable Headphone with Comfortable Earpads Open-Back Design Easy Cable Swapping,Over-Ear Headphones,internal_oof
B0BFJXSM5T,EARBUD_INEAR,EARBUD_INEAR,EARBUD_INEAR,0.97691,Hoseili?2022new edition Bluetooth 5.0 Earphones in-Ear Stereo Sound Microphone Mini Wireless Earbuds with Headphones and Portable Charging Case for iOS Android PC. XGB16,Earbud Headphones,internal_oof
B00OBRC1WI,EARBUD_INEAR,EARBUD_INEAR,EARBUD_INEAR,0.808548,"Bluetooth Headphones with NFC Technology and Touch Control Pad for Volume/Pause/Track Forward - Backward. for iPhone, iPad, PC, Mac and Android (Red) by RIF6 TM",Earbud Headphones,internal_oof
B013QMNNAW,EARBUD_INEAR,EARBUD_INEAR,EARBUD_INEAR,0.98988,DZT1968 3.5mm Stereo in Ear Clip Ear Earphone Headphone Headset with Mic (Gray),Earbud Headphones,internal_oof
B079L6CH9C,EARBUD_INEAR,EARBUD_INEAR,EARBUD_INEAR,0.981524,NoiseHush NX80 Earphones Premium Bass Stereo Headphones In-Ear with Tangle Free Cable Inline Microphone Earbuds - White/Red,Earbud Headphones,internal_oof
B0B7MLPW3K,EARBUD_INEAR,EARBUD_INEAR,EARBUD_INEAR,0.994626,"Bluetooth Wireless Headphones Earbuds with Wireless Charging Case,with Earhooks Headset Built-in Mic for Sport,Clear Calls,Work, Music (Black)",Earbud Headphones,internal_oof
B002TG3OWE,EARBUD_INEAR,EARBUD_INEAR,EARBUD_INEAR,0.984626,Midland TH3 Tactical Series Earhook Headset,Earbud Headphones,internal_oof
B0BZ3WYJL1,EARBUD_INEAR,EARBUD_INEAR,EARBUD_INEAR,0.985713,Wireless Earbuds Bluetooth Headphones 120H Playtime IPX7 Waterproof in-Ear Earphones Power Display Ear Buds with Mic and 2600mAh Charging Case for Sports Workout Laptop TV Computer Phone Gaming Black,Earbud Headphones,internal_oof
B07G23V23Y,OVER_EAR,OVER_EAR,OVER_EAR,0.97419,Picun P26 Bluetooth Headphones Over Ear 80H Playtime Hi-Fi Stereo Wireless Headphones Deep Bass Foldable Wired/Wireless/TF for Cell Phone/PC Bluetooth 5.0 Wireless Headset with Mic (Black Red),Over-Ear Headphones,internal_oof
B01GH5XI5U,EARBUD_INEAR,EARBUD_INEAR,EARBUD_INEAR,0.956957,Lovinstar Size 5 Earphone Earbuds Cover for Yurbuds 2Pair Black,Earbud Headphones,internal_oof
B01LZUNBZY,EARBUD_INEAR,EARBUD_INEAR,EARBUD_INEAR,0.503495,20 Pack Fireboomoon Cord Organizer Headset Headphone Earphone Wrap Winder/ Cord Manager/ Cable Winder/Cable Saver Protector/Earphones Saver,"Headphones, Earbuds & Accessories",internal_oof
B0CGX38ZS7,EARBUD_INEAR,EARBUD_INEAR,EARBUD_INEAR,0.99885,Wireless Earbuds Bluetooth Headphones IPX7 Waterproof Bluetooth Earbuds 30H Playtime Headset with Charging Case Wireless Bluetooth Earphones with Mic for iPhone/Samsung/Android (White),Earbud Headphones,internal_oof
B07WTXFKP5,EARBUD_INEAR,EARBUD_INEAR,EARBUD_INEAR,0.981704,"Altec Lansing MZX634 True Evo Air Wireless Earbuds with Wireless Charging Case | Durable Bluetooth Earbuds, Portable Charging Case, Long Battery Life, IPX-6 Protection from Sweat and Rain (Black)",Earbud Headphones,internal_oof
B096XQTRHN,EARBUD_INEAR,EARBUD_INEAR,EARBUD_INEAR,0.946564,"Wireless Earbuds Bluetooth 5.0 Headphones,ME-100 Rotatable Single Ear Hook Earphone with Microphone Premium Deep Bass Headset for Phone Black Blue One Size",Earbud Headphones,internal_oof
B00IHS8DY2,EARBUD_INEAR,EARBUD_INEAR,EARBUD_INEAR,0.964489,BLUE HandsFree EarPhone HeadPhones HeadSet With Mic For HTC Windows Phone 8X,Headphones & Earbuds,internal_oof
B0833DNGLX,EARBUD_INEAR,EARBUD_INEAR,EARBUD_INEAR,0.974799,"TWS Headphones Wireless Compatible with Amazon Fire HD 10 (2019) Tablet, Earbuds Earphones True Wireless Stereo Headset Hands-Free Mic Charging Case for Fire HD 10 (2019 Model ONLY)",Earbud Headphones,internal_oof
B081NDCRV2,EARBUD_INEAR,EARBUD_INEAR,EARBUD_INEAR,0.993465,"Urbanista Paris True Wireless Earphones 20H Playtime Wireless Charging Case and Bluetooth 5.0, Noise Cancelling Earphones with Touch Controls + Built-in Mic, Compatible with Android and iOS – Black",Earbud Headphones,internal_oof
B09P1773NX,EARBUD_INEAR,EARBUD_INEAR,EARBUD_INEAR,0.980784,"Cotogni Wireless Earbuds, P3 Earphones Wireless, Hi-Fi Stereo Sound Touch Control Bluetooth Headphones with Volume Control, 40 Hs Play Time, IPX6 Waterproof (Red)",Earbud Headphones,internal_oof
B01IBXTJG8,EARBUD_INEAR,EARBUD_INEAR,EARBUD_INEAR,0.846207,Beats by Dr dre Powerbeats2 Wireless In-Ear Bluetooth Headphone with Mic - Shock Yellow (Renewed),Earbud Headphones,internal_oof
B00GBQ501Q,EARBUD_INEAR,EARBUD_INEAR,EARBUD_INEAR,0.991714,JVC Xtreme Xplosives HA-FX3X Earphone,Earbud Headphones,internal_oof
B00M1MUJZQ,EARBUD_INEAR,EARBUD_INEAR,EARBUD_INEAR,0.92944,"GVKAR(TM) 3.5mm Noise-Isolation Stereo Earbuds with Microphone For Samsung Galaxy S5 Active / ATIV SE / Galaxy Note 3 / Galaxy Mega / Galaxy S5 S V / Galaxy Note 2 N7100 Android Smartphone Tablet and For All Apple Ipads, Ipods, Iphones, Androids, Mp3 Players, And All Audio Devices Using A 3.5 mm Other Cellphone Smartphone (black)",Headphones & Earbuds,internal_oof
B08KCQBSYJ,EARBUD_INEAR,EARBUD_INEAR,EARBUD_INEAR,0.981333,"TCL S200 True Wireless Earbuds with 4 Microphones, Bluetooth Headphones, Echo Noise Cancellation, Clear Sound, Type C Charging Case, Touch Control, Waterproof Earphones for Work, Home Office, Black",Earbud Headphones,internal_oof
B0BFHJPYLD,EARBUD_INEAR,EARBUD_INEAR,EARBUD_INEAR,0.979409,Hoseili?2022new edition Bluetooth 5.0 Wireless Earphones in-Ear Stereo Sound Microphone Mini Wireless Earbuds with Headphones and Portable Charging Case for iOS Android PC. XGB8,Earbud Headphones,internal_oof
B07S764D9V,EARBUD_INEAR,EARBUD_INEAR,EARBUD_INEAR,0.846566,"Panasonic ErgoFit Wired Earbuds, In-Ear Headphones with Microphone and Call Controller, Ergonomic Custom-Fit Earpieces (S/M/L), 3.5mm Jack for Phones and Laptops - RP-TCM125-A (Blue)",Earbud Headphones,internal_oof
B01FVVS63U,EARBUD_INEAR,EARBUD_INEAR,EARBUD_INEAR,0.893365,"Generic Sport Headphones Bluetooth 4.0 Headsets with Magnet Design and Sweatproof for iPhone 6/6S Plus, Samsung Galaxy S7 and More (Gray)",Headphones & Earbuds,internal_oof
B07FVY8549,EARBUD_INEAR,EARBUD_INEAR,EARBUD_INEAR,0.973098,"Accessonico Earbuds Compatible with Samsung Galaxy S9, Compatible with Galaxy S8 Active Earphones, Headphones Microphone Phone Call in-Ear Stereo Sound Music Noise Cancelling Wired Control",Earbud Headphones,internal_oof
B07TF5XCH3,EARBUD_INEAR,EARBUD_INEAR,EARBUD_INEAR,0.945527,"Linsoul Peacock Audio P1 Dynamic HiFi in-Ear Earphones, Custom Hand Made Earbuds for Audiophile DJ Musician with Detachable 2Pin 0.78mm Cable (11-Rainbow)",Earbud Headphones,internal_oof
B002PU9ORS,ON_EAR,ON_EAR,ON_EAR,0.938293,AKG K480NC Active Noise Reducing Mini Headphones (Black) (Discontinued by Manufacturer),On-Ear Headphones,internal_oof
B0BHWYQ47Y,EARBUD_INEAR,EARBUD_INEAR,EARBUD_INEAR,0.995167,"kurdene Bluetooth Wireless Earbuds, S8 Deep Bass Sound 38H Playtime IPX8 Waterproof Earphones Call Clear with Microphone in-Ear Bluetooth Headphones Comfortable for iPhone, Android",Earbud Headphones,internal_oof
B00XMP7BU2,EARBUD_INEAR,UNKNOWN,EARBUD_INEAR,0.459996,"JAZZA ANC-J1 Foldable Stereo Active Noise Cancelling Headphones,40mw Rated Power 90mw Max,Strong Bass, Folding and Lightweight Travel Headset(Black)",Earbud Headphones,internal_oof
B00QVUQQN8,EARBUD_INEAR,EARBUD_INEAR,EARBUD_INEAR,0.650748,Green LED Flashing Earbuds w/ In-Line Microphone,Headphones & Earbuds,internal_oof
B09QX6XP2K,EARBUD_INEAR,EARBUD_INEAR,EARBUD_INEAR,0.995756,"Xiaomi Wireless Earbuds Redmi Buds 3 Lite, Wireless Earphones Bluetooth 5.2 Latency Stereo Game Headphones with Mic, Sweatproof Sport in-Ear Earphones with Charging Battery Case (White)",Earbud Headphones,internal_oof
B07MW4YJLW,EARBUD_INEAR,EARBUD_INEAR,EARBUD_INEAR,0.917316,"Type-C Headphone Port in-Ear Headphones, Gedun Stereo Running Noise Reduction, with Remote Control and Microphone Remote Control, for Glory 9 Huawei P20 Pro Millet 6 Mi6 Letv 2 pro 2 max2 (White)",Earbud Headphones,internal_oof
B008FZBLI2,EARBUD_INEAR,EARBUD_INEAR,EARBUD_INEAR,0.835425,Fusion Pink/Dark Gunmetal Headset for iPhone/Droid/Smartphones with mic,Headphones & Earbuds,internal_oof
B07T85W8P7,EARBUD_INEAR,EARBUD_INEAR,EARBUD_INEAR,0.891771,"Sony WF-1000XM3 Industry Leading Noise Canceling Truly Wireless Earbuds Headset/Headphones with Alexa Voice Control And Mic For Phone Call, Silver",Earbud Headphones,internal_oof
B09NPLVMMG,EARBUD_INEAR,EARBUD_INEAR,EARBUD_INEAR,0.989293,Bluetooth 5.0 Wireless Earbuds Super Portable True Wireless Stereo Headphones in Ear Deep Bass Built in Mic IPX6 Waterproof with Charging Case (Only 50g) 40H Playtime for Workout Running (White),Earbud Headphones,internal_oof
B00ETI275K,ON_EAR,ON_EAR,ON_EAR,0.99714,Beats Solo HD Wired On-Ear Headphone - Matte Black (Discontinued by Manufacturer),On-Ear Headphones,internal_oof
B00689BUOM,EARBUD_INEAR,EARBUD_INEAR,EARBUD_INEAR,0.887564,"Jlab Go 4 GB Waterproof, Sweatproof, Sports MP3 Player Headphones (White/Gray)",Headphones & Earbuds,internal_oof
B07MVVJPGJ,EARBUD_INEAR,EARBUD_INEAR,EARBUD_INEAR,0.990578,"Sabbat E12 3D Clear Sound True Wireless Earbuds Blutooth 5.0 TWS Stereo Earphones A week's Endurance with Built-in Mic and Charging Case for iPhone, Samsung, iPad, Android(Dark Brown)",Earbud Headphones,internal_oof
B010MG57R2,EARBUD_INEAR,UNKNOWN,EARBUD_INEAR,0.458705,Trinity Hyperion - Micro Dynamic in-Ear Headphone,Headphones & Earbuds,internal_oof
B018MZWBSI,ON_EAR,ON_EAR,ON_EAR,0.997661,Brookstone Compact Wireless Headphones,On-Ear Headphones,internal_oof
B085T299YM,EARBUD_INEAR,EARBUD_INEAR,EARBUD_INEAR,0.996865,"dyplay Sports True Wireless Earbuds, IPX7 Waterproof in Ear TWS Stereo Sound Bluetooth 5.0 Headphones with Charging Case and Mic 40H Playtime Sports Earphones for Running Gym Workout Fitness Exercise",Earbud Headphones,internal_oof
B00DQ5NU4O,EARBUD_INEAR,EARBUD_INEAR,EARBUD_INEAR,0.852659,"Plantronics M165 Marque 2 Ultralight Wireless Bluetooth Headset - Compatible with iPhone, Android, and Other Leading Smartphones - White",Headphones & Earbuds,internal_oof
B07HJF8WK1,EARBUD_INEAR,EARBUD_INEAR,EARBUD_INEAR,0.994105,Compatible with Stylo 4 Plus - Premium Sound Earbuds Hands-Free Earphones w Mic Metal Headphones Headset in-Ear Wired [3.5mm] [White] for LG Stylo 4 Plus,Earbud Headphones,internal_oof
B000M23HVU,EARBUD_INEAR,EARBUD_INEAR,EARBUD_INEAR,0.809243,Nextel Cosmos VN250 ENV3 VX9200 VX-9200 RUMOR LX260 UX260 Accolade VX5600 I1 ENV2 VX-9100 W755 VOYAGER VX10K VX10000 Barrage V860 VX8300 VX-8300 Motorola OEm Cell Phone Hands-Free Headset (Silver) HS120 / CHYN4516A,Headphones & Earbuds,internal_oof
B0C235B94P,EARBUD_INEAR,EARBUD_INEAR,EARBUD_INEAR,0.942614,Apple AirPods Pro (Renewed),Earbud Headphones,internal_oof
B00LIAQ9QK,EARBUD_INEAR,EARBUD_INEAR,EARBUD_INEAR,0.907303,Tok Tok Designs 25 Quantity Pack - goBulk Stereo Earbud (Neodymium Speaker),Earbud Headphones,internal_oof
B004Y3XOIY,EARBUD_INEAR,EARBUD_INEAR,EARBUD_INEAR,0.59716,Scosche HP153MD Increased Dynamic Range Earphone with Volume and Mic (Discontinued by Manufacturer),Headphones & Earbuds,internal_oof
B09YV9YG5J,EARBUD_INEAR,EARBUD_INEAR,EARBUD_INEAR,0.976238,OKEEFE Bluetooth Headphones 48Hrs Playback Wireless Earbuds with Wireless Charging Case and Earhooks Over Ear Waterproof Earphones with Mic for Sports Running Workout iOS Android TV Phone Purple,Earbud Headphones,internal_oof
B07RQRX7RW,EARBUD_INEAR,EARBUD_INEAR,EARBUD_INEAR,0.983788,"HAYLOU True Wireless Earbuds, GT1 Bluetooth 5.0 Sports HD Stereo Touch Control Ear Buds with IPX5 Waterproof/Fast Connection/Mini Case(Only 30g)/Total 12H Playtime (Black)",Earbud Headphones,internal_oof
B00D75AB6I,EARBUD_INEAR,EARBUD_INEAR,EARBUD_INEAR,0.892206,Sennheiser Cx 180 Street Ii in-Ear Headphone Black,Earbud Headphones,internal_oof
B08TRV6KXT,EARBUD_INEAR,EARBUD_INEAR,EARBUD_INEAR,0.965521,"Gabba Goods Bluetooth Stereo Earbuds Truebds Elite, with Travel Charging case, Built-in mic and up to 8 Hours of plying time",Earbud Headphones,internal_oof
B083Y256TY,EARBUD_INEAR,EARBUD_INEAR,EARBUD_INEAR,0.985,Arylic True Wireless Bluetooth 5.0 Low Latency HiFi Stereo Game Earbuds with Large Battery Capaticy Charging Case and Mic M500,Earbud Headphones,internal_oof
B0CCLR6GCC,EARBUD_INEAR,EARBUD_INEAR,EARBUD_INEAR,0.996917,Jicjocy Wireless Earbuds Active Noise Cancelling Bluetooth Earbuds Stereo Clear Calls Wireless Ear Buds in-Ear Headphones with Charging Case LED Display Waterproof Earphones for Sports Work (White),Earbud Headphones,internal_oof
B0C68MFDN2,EARBUD_INEAR,EARBUD_INEAR,EARBUD_INEAR,0.991307,CTEX 2 Packs Earbuds for Headphones Wired Earphones,Earbud Headphones,internal_oof
B014DYJ67Q,EARBUD_INEAR,EARBUD_INEAR,EARBUD_INEAR,0.987201,"SAMSUNG (2 Pack) OEM Wired 3.5mm White Headset with Microphone, Volume Control, and Call Answer End Button [EO-EG920BW] for SAMSUNG Galaxy S6 Edge+ / S5, Galaxy Note 5/4 / Edge (Bulk Packaging)",Earbud Headphones,internal_oof
B0BZSP3Y1G,EARBUD_INEAR,EARBUD_INEAR,EARBUD_INEAR,0.924643,"Jirtec Sports Pro Wireless Earbuds Bluetooth 5.3 Headphones | 120hrs Playtime with Charging Case LED Battery Display | Waterproof Stereo Over-Ear Earphones | Ear Hooks for Running, Sport, Gym Workout",Earbud Headphones,internal_oof
B01MY4R4NX,EARBUD_INEAR,EARBUD_INEAR,EARBUD_INEAR,0.984041,"TOMANTEK TK-EM203 Earphones Headphones, High Definition, in-ear, Tangle Free, Noise Isolating with Microphone & 3.5mm Cable for iPhone, iPod, iPad, MP3 Players, Samsung Galaxy etc, Silver",Earbud Headphones,internal_oof
B002RWJGXQ,EARBUD_INEAR,EARBUD_INEAR,EARBUD_INEAR,0.557188,"Pineapple's Rumble X Vibrating earphone, Ultimate Gaming, Movie watching - White",Headphones & Earbuds,internal_oof
B09CL8ZWDK,EARBUD_INEAR,EARBUD_INEAR,EARBUD_INEAR,0.997742,"Hntmao True Wireless Earbuds, IPX7 Waterproof Bluetooth Earbuds, 30H Cyclic Playtime Headphones with Charging Case and mic for iPhone Android, in-Ear Stereo Earphones Headset for Sport Grey",Earbud Headphones,internal_oof
B0785GFTW8,OVER_EAR,OVER_EAR,OVER_EAR,0.995626,"Turcom Over Ear Wired Gaming Headphones, DJ-Style Monitor Headphone, Stereo Studio Sound 50 mm drivers and 100 dB, Lightweight Adjustable Professional Headset with Microphone Auxiliary Cable (TS-823)",Over-Ear Headphones,internal_oof
B08RTN8KZC,EARBUD_INEAR,EARBUD_INEAR,EARBUD_INEAR,0.972471,"1MORE Triple Driver In-Ear Earphones Hi-Res Headphones with High Resolution, Bass Driven Sound, MEMS Mic, In-Line Remote, High Fidelity for Smartphones/PC/Tablet - Silver",Earbud Headphones,internal_oof
B08H52NP67,EARBUD_INEAR,EARBUD_INEAR,EARBUD_INEAR,0.988756,"Wireless Earbuds Bluetooth 5.0 Headphones with Digital Intelligence LED Display Charging Case, 35Hrs Playtime Stereo Sound, IPX5 Waterproof, Headsets with Built-in Microphone for Sports, Work, Home",Earbud Headphones,internal_oof
B00405GNPC,EARBUD_INEAR,EARBUD_INEAR,EARBUD_INEAR,0.949609,GTMax Black 3.5mm Metal Stereo Headset Handsfree Soft Gel Earbud with Microphone for AT&T BlackBerry Torch 9800,Headphones & Earbuds,internal_oof
B09FX3WFGF,ON_EAR,ON_EAR,ON_EAR,0.9618,JBL Tune 660NC: Wireless On-Ear Headphones with Active Noise Cancellation - Black (Renewed),On-Ear Headphones,internal_oof
B003O7YB4M,EARBUD_INEAR,EARBUD_INEAR,EARBUD_INEAR,0.761244,Universal Bluetooth Handsfree Headset for Motorola H700,Headphones & Earbuds,internal_oof
B091TXJDPR,EARBUD_INEAR,EARBUD_INEAR,EARBUD_INEAR,0.987674,LeLerat Wireless Earbuds Bluetooth 5.0 Headphones Noise canceling Earphone Wireless with Charging Case 3D Stereo Earpods Auto Pairing Built-in Mic 24H Play Time Bluetooth Earplugs for iPhone/Android,Earbud Headphones,internal_oof
B00C6ACRPI,OVER_EAR,OVER_EAR,OVER_EAR,0.96941,Bowers & Wilkins P3 Headphones - Blue/Grey,Over-Ear Headphones,internal_oof
B01M5EUN6U,ON_EAR,ON_EAR,ON_EAR,0.609997,"TOOKS Wireless SPORTEC BAND (FLEECE) Headphone Headband With Built-In Removable Headphones | Integrated Mic, Volume and Music/Call Control | Listen To Music and Handle Phone Calls Remotely",Headphones & Earbuds,internal_oof
B0833RK2XW,EARBUD_INEAR,EARBUD_INEAR,EARBUD_INEAR,0.970417,Professional Metal Headphone in Ear Wired Earphone Heavy Bass Sound Quality Music Sport Headset Headsets with Built-in Microphone 3.5mm in-Ear Wired Earphone,Earbud Headphones,internal_oof
B07D7799JY,EARBUD_INEAR,EARBUD_INEAR,EARBUD_INEAR,0.981304,2-Pack Premium Earphones/Earbuds/Headphones with Stereo Mic&Remote Control for Galaxy S7/S7 Edge and More Android Smartphones Compatible with 3.5 mm Headphone White,Earbud Headphones,internal_oof
B00Q7AR69U,OVER_EAR,EARBUD_INEAR,EARBUD_INEAR,0.516178,"Jabra PC and Smartphone Headphones with Active Environmental Noise Canceling, Mic - Evolve 80 - PC Compatible Softphones and Apps - Cisco Jabber, Webex, Skype, Dragon, Audio Streaming",Headphones & Earbuds,internal_oof
B07SKLLYTW,EARBUD_INEAR,EARBUD_INEAR,EARBUD_INEAR,0.982129,Apple AirPods 2 with Charging Case - White (Renewed),Earbud Headphones,internal_oof
B07H3L7XBN,EARBUD_INEAR,EARBUD_INEAR,EARBUD_INEAR,0.99105,"Arisen Phantom Metallic Bluetooth 4.1 Headphones, 11Hrs Playtime Magnetic Workout Wireless Earbuds HD Sound w/Bass, Sweatproof Running Sport Earphones with Mic for iPhone Samsung Android (Ore Grey)",Earbud Headphones,internal_oof
B098MX1QKG,EARBUD_INEAR,EARBUD_INEAR,EARBUD_INEAR,0.985225,"Jabra Elite Active 75t True Wireless Bluetooth Earbuds, Titanium Black – Wireless Earbuds for Running and Sport, Charging Case Included, Active Noise Cancelling Sport Earbuds (Renewed)",Earbud Headphones,internal_oof
B01MU1CBIY,OVER_EAR,OVER_EAR,OVER_EAR,0.973084,eKids Marvel Guardians of The Galaxy Vol 2 Marvel Movie iHome Over The Ear Headphones with Built in Microphone,Over-Ear Headphones,internal_oof
B0179H8SDC,OVER_EAR,OVER_EAR,OVER_EAR,0.903661,"Juboury Solace Battery Active Noise Canceling Over-Ear Headsets for iOS, Samsung Andorid Phones,Tablets,Portable Music Players,Laptop, PC, in-Flight Entertainment Devices with Carrying Case",Headphones & Earbuds,internal_oof
B09W24BTZY,EARBUD_INEAR,EARBUD_INEAR,EARBUD_INEAR,0.993906,"Wireless Earbuds,Thohia Bluetooth Earphones Wireless Charging/Type-C, Hi-Fi Stereo&Silicone Ear-Cap,White Wireless Earphones Bluetooth, Bluetooth Earbuds for iPhone Android,Touch Control, 3 Modes",Earbud Headphones,internal_oof
B07VHXK77N,EARBUD_INEAR,EARBUD_INEAR,EARBUD_INEAR,0.972562,"iFrogz Audio - Airtime TWS - Wireless Earbud and Charging Case - Black, 304003083",Earbud Headphones,internal_oof
B0BQRB32GF,EARBUD_INEAR,EARBUD_INEAR,EARBUD_INEAR,0.928186,"2 Pack Wired Earcups, Stereo Earphone with Microphone, Automatic Noise Reduction, Bass Surround, Suitable for All 3.5mm Interface Devices",Earbud Headphones,internal_oof
B07R8PR5YZ,OVER_EAR,EARBUD_INEAR,EARBUD_INEAR,0.510792,"Picun Bluetooth Headphones Wireless Headphones Over Ear Hybrid HiFi Stereo Headset w/HD Mic, 4 Driver Units EQ Bass 40 Hours Playtime Soft Protein Earpads for Cellphone Gym Workout Home Office -Black",Earbud Headphones,internal_oof
B0B5ZJ8XR8,EARBUD_INEAR,EARBUD_INEAR,EARBUD_INEAR,0.994939,"Wireless Earbud Bluetooth 5.0 Headphones with Charging Case, IPX8 Waterproof, 3D Stereo Air Buds in-Ear Ear Buds Built-in Mic, Open Lid Auto Pairing for Android/Samsung/Apple iPhone - Black",Earbud Headphones,internal_oof
B0BZCPSL51,EARBUD_INEAR,EARBUD_INEAR,EARBUD_INEAR,0.994418,"Bone Conduction Headphones, Open Ear Sports Wireless Earphones Bluetooth 5.0 with Built-in Mic for Running, Cycling, Hiking, Driving",Earbud Headphones,internal_oof
B095X5ZW48,EARBUD_INEAR,EARBUD_INEAR,EARBUD_INEAR,0.990002,"NYZ Wireless Earbuds, [2022 Upgraded] True Wireless Bluetooth Headphones in-Ear Earphones HiFi Stereo Cordless Earbuds with Microphone for iPhone,Android,Windows (Space C1)",Earbud Headphones,internal_oof
B07FPG94RP,EARBUD_INEAR,EARBUD_INEAR,EARBUD_INEAR,0.995496,PASONOMI Bluetooth Earbuds Wireless Headphones Bluetooth Headset Wireless Earphones IPX7 Waterproof Bluetooth 5.0 Stereo Hi-Fi Sound with 2200mA Charging Case [2019 Version] (Black),Earbud Headphones,internal_oof
B0046CHCB8,EARBUD_INEAR,EARBUD_INEAR,EARBUD_INEAR,0.919099,Cobra 2:1 Mono and Stereo Bluetooth Headset with Streaming Music Capability - Bluetooth Headset - Retail Packaging - Black,Headphones & Earbuds,internal_oof
B0BMPKQQN1,EARBUD_INEAR,EARBUD_INEAR,EARBUD_INEAR,0.996953,"FOF Bluetooth 5.3 True Wireless Earbuds, ENC Noise Cancelling in-Ear Earphones with 4 Microphones, 50H Endurance TWS Headset with LED Power Display Charging Case(500mAh), IPX6 Waterproof, Dual Mode",Earbud Headphones,internal_oof
B08MWWNGYG,EARBUD_INEAR,EARBUD_INEAR,EARBUD_INEAR,0.990211,"SAMSUNG Galaxy Buds Pro, Bluetooth Earbuds, True Wireless, Noise Cancelling, Charging Case, Quality Sound, Water Resistant, Phantom Silver (US Version)",Earbud Headphones,internal_oof
B000S0THPG,EARBUD_INEAR,EARBUD_INEAR,EARBUD_INEAR,0.906508,LG Electronics HBM-730 Bluetooth Headset,Headphones & Earbuds,internal_oof
B0BSLYLP42,EARBUD_INEAR,EARBUD_INEAR,EARBUD_INEAR,0.980962,Wireless Earbuds Bluetooth Headphones 60H Playtime Ear Buds with LED Power Display Charging Case Earphones in-Ear Earbud with Microphone for Android Cell Phone Gaming Computer Laptop Sport Black,Earbud Headphones,internal_oof
B0BKL752ZG,EARBUD_INEAR,EARBUD_INEAR,EARBUD_INEAR,0.966107,"Wireless Bluetooth 5.3 Ear-Mounted Sport Headphone, Charging Case Digital LED Intelligence Display, 9D Stereo HiFi Stereo,with Mic Waterproof Low Latency Headphone, for iOS Android",Earbud Headphones,internal_oof
B001U6PUCG,EARBUD_INEAR,EARBUD_INEAR,EARBUD_INEAR,0.954063,Earbud Style High Fidelity Stereo headphones for iPod/Zune/Sansa/iPhone,Earbud Headphones,internal_oof
B00X3GZDB4,ON_EAR,OVER_EAR,OVER_EAR,0.541918,"iLive Wireless Headphones - Wireless - Bluetooth, Black (IAHB16B)","Headphones, Earbuds & Accessories",internal_oof
B00Q5VBPDY,OVER_EAR,OVER_EAR,OVER_EAR,0.878167,"AUSDOM Lightweight Wired Over-Ear HD Stereo Headset Sports Music Headphone Mic with a Microphone Headset Soft Leather Ear Cups, Stereo Gaming Headphone Headset with In-line Mic compatible for iPhone iPad Samsung PC (Green)","Headphones, Earbuds & Accessories",internal_oof
B07CL2VLVF,EARBUD_INEAR,EARBUD_INEAR,EARBUD_INEAR,0.989174,"Crazybaby Air Nano True Wireless in-Ear Headphones Lightweight Mini Colorful TWS Bluetooth 5.0 Earbuds Sport Earphones Snug Fit, LED, Noise Isolation, Charging Case, Phone Control, Mic - Black",Earbud Headphones,internal_oof
B01N015LGV,EARBUD_INEAR,EARBUD_INEAR,EARBUD_INEAR,0.90003,"BearsFire Wireless Music Hat Beanie with Bluetooth Headphone Earphone Speaker Mic Hands-Free, Men Women Winter Warm Thick Skull Cap Outdoor Sport Running Knit Hat for Iphone Android Cell Phones",Earbud Headphones,internal_oof
B0071369M2,EARBUD_INEAR,EARBUD_INEAR,EARBUD_INEAR,0.932952,Skullcandy S2IKDY-133 Ink'd 2.0 Mic'd with Mic1,Earbud Headphones,internal_oof
B084FZZLM1,EARBUD_INEAR,EARBUD_INEAR,EARBUD_INEAR,0.986274,Linsoul ThieAudio Voyager3 Triple Balanced Armatures 3BA in-Ear Earphones with Detachable Cable for Audiophile Musician,Earbud Headphones,internal_oof
B0B62FJF1J,EARBUD_INEAR,EARBUD_INEAR,EARBUD_INEAR,0.982592,"Bose SoundSport, Wireless Earbuds, (Sweatproof Bluetooth Headphones for Running and Sports), Black",Earbud Headphones,internal_oof
B09JBJD3GX,EARBUD_INEAR,EARBUD_INEAR,EARBUD_INEAR,0.979637,"Bytech iHome True Wireless Earbuds Charging Case Music Phone Conference Calls, 15 Hours Playtime",Earbud Headphones,internal_oof
B0BZ6XH3LC,EARBUD_INEAR,EARBUD_INEAR,EARBUD_INEAR,0.989109,"ZIUTY Wireless Earbuds, Bluetooth 5.3 Headphones 50H Playtime with LED Digital Display Charging Case, IPX5 Waterproof Earphones with Mic for Android iOS Cell Phone Computer Laptop Sports (White)",Earbud Headphones,internal_oof
B07VRPHLCG,EARBUD_INEAR,EARBUD_INEAR,EARBUD_INEAR,0.962217,"Dudios True Wireless Headphone, Bluetooth 5.0 Earbuds HiFi Stereo Sound Mini in-Ear Headset (One-Button Control, 15 hrs Playtime, Auto Pairing)-Upgraded Version",Earbud Headphones,internal_oof
B00Y0VO83K,EARBUD_INEAR,EARBUD_INEAR,EARBUD_INEAR,0.922336,Luminous Univesal Headphone Earphone with Microphone 3.5mm Stereo Plug Compatible with iPhone Samsung Nokia HTC etc. (Black),Headphones & Earbuds,internal_oof
B096L4YLZ1,EARBUD_INEAR,EARBUD_INEAR,EARBUD_INEAR,0.990086,Wireless Earbuds Bluetooth 5.0 Headphones Noise Cancelling Earphones with Charging Case 3D Stereo Earpods Pop-Up Auto Pairing Ear Buds Earbuds for iPhone/Sumsung/Android Earbuds (Pro 3),Earbud Headphones,internal_oof
B0B3F8JPDD,EARBUD_INEAR,EARBUD_INEAR,EARBUD_INEAR,0.991223,"Bang & Olufsen Beoplay E8 Sport True Wireless in-Ear Bluetooth Earphones with Customizable Comfort Fit, Microphones and Touch Control and Wireless Charging Case, Black (Renewed Premium)",Earbud Headphones,internal_oof
B0031RD3YY,OVER_EAR,OVER_EAR,OVER_EAR,0.984643,beyerdynamic T 1 HiFi-Stereo Kopfhörer,Over-Ear Headphones,internal_oof
B00OD2I562,EARBUD_INEAR,EARBUD_INEAR,EARBUD_INEAR,0.893722,"ROCK JAW ME-PA-F-003 V2 ARCANA v2 In-Ear Headphones, Silver and Wood",Earbud Headphones,internal_oof
B0756VVVF5,OVER_EAR,OVER_EAR,OVER_EAR,0.997527,Skullcandy Hesh 3 Wireless Over-Ear Headphone - Gray,Over-Ear Headphones,internal_oof
B074WG1WWP,EARBUD_INEAR,EARBUD_INEAR,EARBUD_INEAR,0.917998,ECS Dictaphone 878862 Transcriber Headset Ear Cushions (3 Pair),Earbud Headphones,internal_oof
B0BQYZJ9S5,EARBUD_INEAR,EARBUD_INEAR,EARBUD_INEAR,0.982267,HYDZXINGW 2-in-1 Smart Watchs with Earbuds Build-in TWS Wireless BT5.0 Earphone Fitness Sports Health Monitor Black,Earbud Headphones,internal_oof
B003TO52BG,ON_EAR,EARBUD_INEAR,EARBUD_INEAR,0.59477,Jaybird Sportsband Stereo Bluetooth Headphone - Bulk Packaging - Runners Red (Discontinued by Manufacturer),Headphones & Earbuds,internal_oof
B0BG5GXR4D,EARBUD_INEAR,EARBUD_INEAR,EARBUD_INEAR,0.988288,"KOSETON E10 True Wireless Earbuds, Mini Pink – Wireless in-Ear Headphones with Charging Case for HD Calls & Music – Bluetooth Earbuds with Superior Sound & Premium Comfort",Earbud Headphones,internal_oof
B000VQU3N2,EARBUD_INEAR,EARBUD_INEAR,EARBUD_INEAR,0.932846,Scosche IUHP3 Sport Ear Buds (Discontinued by Manufacturer),Earbud Headphones,internal_oof
B07DK7ZWZ2,EARBUD_INEAR,EARBUD_INEAR,EARBUD_INEAR,0.973684,"KZ ES4 in-Ear Headphones,Ollivan Deep Bass Earbuds HiFi Noise Isolating Headset Armature with Dynamic Hybrid Driver 0.75mm 2 Pins Universal Detachable Cable for iPhone and Android(Green Without Mic)",Earbud Headphones,internal_oof
B0BTLSMVNY,EARBUD_INEAR,EARBUD_INEAR,EARBUD_INEAR,0.971659,"Audiovance EU501 Earbuds, Wireless Headphones Bluetooth Ear Buds for iPhone Android, ANC Noise Cancelling, Immersive Sound, Clear Calls, Comfort Fit, Wireless Charging, Waterproof, 24H Battery.",Earbud Headphones,internal_oof
B085HMZ9YZ,EARBUD_INEAR,EARBUD_INEAR,EARBUD_INEAR,0.944646,"Linsoul LETSHUOER Tape Pro Composite Electrostatic Dynamic Driver HiFi in-Ear Earphone with Adjustable Bass, Detachable 2Pin Cable for Audiophile Musicians (Silver)",Earbud Headphones,internal_oof
B07WXZXWDV,EARBUD_INEAR,EARBUD_INEAR,EARBUD_INEAR,0.963188,"Sony WI-XB400 Wireless In-Ear Extra Bass Headset/Headphones with mic for phone call, Black",Earbud Headphones,internal_oof
B09SG8GJNW,EARBUD_INEAR,EARBUD_INEAR,EARBUD_INEAR,0.997027,ROITON Wireless Earbuds Bluetooth 5.0 Headphones with 30H Cycle Playtime Built-in Mic IPX6 Waterproof Headsets with Charging Case for in-Ear Buds Stereo Earphones for Android etc,Earbud Headphones,internal_oof
B010KM5B1U,OVER_EAR,OVER_EAR,OVER_EAR,0.83075,Beats Studio 2.0 WIRED Over-Ear Headphone - Titanium NOT WIRELESS (Refurbished),Earbud Headphones,internal_oof
B0747YHPGD,OVER_EAR,OVER_EAR,OVER_EAR,0.927787,YAMAHA HPH-MT5W Headphones (White) w/Cleaning Cloth and Extension Cable,Over-Ear Headphones,internal_oof
B07Z8BQHQK,OVER_EAR,OVER_EAR,OVER_EAR,0.989181,"Kids Headphones,Snowwicase - Wired Headphones for Kids,with LED Glowing Cat Ears Headphones,Foldable Over-Ear Gaming Headsets for Kindle/iPad/Children/Teens/Boys/Girls (Rose)",Over-Ear Headphones,internal_oof
B094NL7R1S,OVER_EAR,OVER_EAR,OVER_EAR,0.970397,Sony Noise Cancelling Headphones WHCH700N: Wireless Bluetooth Over The Ear Headset with Mic for Phone-Call and Alexa Voice Control W/GM 7- in-1 Accessories (Gray),Over-Ear Headphones,internal_oof
B0B6G46NF3,EARBUD_INEAR,EARBUD_INEAR,EARBUD_INEAR,0.989816,"kurdene W01 Diamond Wireless Earbuds Bluetooth, Immersive Hi-Fi Stereo Sound with Wireless Charging Case Bluetooth 5.3 Ear Buds Built-in Microphone IPX5 Waterproof Headphone for iPhone, Android",Earbud Headphones,internal_oof
B08BCK86SM,EARBUD_INEAR,EARBUD_INEAR,EARBUD_INEAR,0.892423,TOZO T10 Bluetooth 5.0 Wireless Earbuds with Wireless Charging Case IPX8 Waterproof Stereo Headphones in Ear Built in Mic Headset Premium Sound with Deep Bass for Sport Black (Renewed),On-Ear Headphones,internal_oof
B0BR96V55Q,ON_EAR,ON_EAR,ON_EAR,0.968972,"iClever Kids Headphones with Microphone for Girls - 85/94dB Volume Control - Wired Headphones for Kids, Adjustable Headband, Foldable - Childrens Headphones for School/iPad/Tablet/Airplane, Rose",On-Ear Headphones,internal_oof
B0BCJKKZD4,OVER_EAR,OVER_EAR,OVER_EAR,0.92361,"Perytong Sleeping Headphones Bluetooth Headband, Soft Sleep Headband Headphones Long Time Play Sleep Headphones Bluetooth with Built in Speakers Perfect for Sleep,Workout,Running,Yoga,Travel",Over-Ear Headphones,internal_oof
B00A82DTU8,EARBUD_INEAR,EARBUD_INEAR,EARBUD_INEAR,0.842025,Four Pieces Large Replacement kit for Jawbone ERA 1 Hook Loop Clip and 3 Spout Earbuds,Headphones & Earbuds,internal_oof
B002P0VT0S,EARBUD_INEAR,EARBUD_INEAR,EARBUD_INEAR,0.809096,Jawbone Prime Scarlet Red,Headphones & Earbuds,internal_oof
B074PNJ1G9,EARBUD_INEAR,EARBUD_INEAR,EARBUD_INEAR,0.973947,in Ear Headphones Wired Earbud with Line-in Microphone Heavy Bass Dynamic Driver Earphones with Non Tangle Fabric Braid for Running Gym Android Phones Music Player Dark Chrome E1,Earbud Headphones,internal_oof
B00CFPJVS0,EARBUD_INEAR,EARBUD_INEAR,EARBUD_INEAR,0.983099,"JOVERS Earbuds, Microphone Earphones Stereo Headphones Noise Isolating Headset Fit Compatible with Earbud Xs/XR/XS Max/Earbud 7/7 Plus Earbud X",Earbud Headphones,internal_oof
B01L8S6NE4,OVER_EAR,OVER_EAR,OVER_EAR,0.948191,JinSun G2000 Gaming Headset Headphone Stereo Over-ear Game Bass Headset Headband Earphone with Mic and LED Light for PS4 Laptop PC Tablet Smartphones (White),Headphones & Earbuds,internal_oof
B09Y1K2WVJ,EARBUD_INEAR,EARBUD_INEAR,EARBUD_INEAR,0.996873,RUMIXI Wireless Earbuds with Immersive Sound True 5.0 Bluetooth in-Ear Earphones with 2000mAh Charging Case Easy-Pairing Stereo Calls/Touch Control/Built-in Micro/IPX7 Waterproof/Deep Bass for Sports,Earbud Headphones,internal_oof
B093GSGWSS,EARBUD_INEAR,EARBUD_INEAR,EARBUD_INEAR,0.956555,"Soundcore Anker Life Dot 2 True Wireless Earbuds, 100 Hour Playtime, 8mm Drivers, Superior Sound, Secure Fit with AirWings, Bluetooth 5, Comfortable Design for Commute, Sports",Earbud Headphones,internal_oof
B08M93NRK3,EARBUD_INEAR,EARBUD_INEAR,EARBUD_INEAR,0.97582,"Earphones, Wired Earbuds with Microphone and Volume Control, in-Ear Stereo Sound Headphones Compatible with 3.5mm Headphones Devices",Earbud Headphones,internal_oof
B004FV67XO,EARBUD_INEAR,EARBUD_INEAR,EARBUD_INEAR,0.765302,"JVC HAF150B Headphone, Gumy, Cord-Match Olive Black (Discontinued by Manufacturer)",Earbud Headphones,internal_oof
B005SK5YVW,EARBUD_INEAR,EARBUD_INEAR,EARBUD_INEAR,0.931977,AIAIAI Teenage Engineering PX-0 Earbuds - with In-line Mic Compatible with iPod/iPad/iPhone/Android Devices In-ear Earbuds Headphones for OP-1 Synthesizer,Earbud Headphones,internal_oof
B0B3MM9KKP,EARBUD_INEAR,EARBUD_INEAR,EARBUD_INEAR,0.980123,"Bone Conduction Headphones - Wireless Swimming Headphones Comfortable Fit, Hi-Fi Sound Bluetooth 5.2 Open Ear Sports Headphones with MP3 Play 16G Memory for Gym Yoga Workout",Earbud Headphones,internal_oof
B004BSFSTA,OVER_EAR,OVER_EAR,OVER_EAR,0.966148,Marshall Major Headphones - Black,Over-Ear Headphones,internal_oof
B001L674SI,EARBUD_INEAR,EARBUD_INEAR,EARBUD_INEAR,0.921005,"Sennheiser CX300 II CX 300 II Precision Enhanced Bass Earbuds, Black (Discontinued by Manufacturer)",Earbud Headphones,internal_oof
B002N8LIB2,EARBUD_INEAR,EARBUD_INEAR,EARBUD_INEAR,0.944134,"Samsung Stereo Headset with Answer/End for Samsung SCH-R600 Hue 2, SGH-T939, SCH-R850, and SPH-M900",Headphones & Earbuds,internal_oof
B0BM5353Z3,ON_EAR,ON_EAR,ON_EAR,0.849337,"LilGadgets Connect+ Kids Wired Headphones with Microphone, Volume Limiting for Safe Listening, Adjustable Headband, Cushioned Earpads to Ensure Comfort, for Kids, Toddlers, Boys & Girls, Pink",On-Ear Headphones,internal_oof
B0BXX85J3Y,OVER_EAR,OVER_EAR,OVER_EAR,0.993086,"Avantree Audition Pro 40 hr Bluetooth Over Ear Headphones with Mic for Music, Calls & TV, APTX Low Latency, Multipoint, Foldable Headset, Wireless & Wired for PC Computer Phone",Over-Ear Headphones,internal_oof
B094XR749T,EARBUD_INEAR,EARBUD_INEAR,EARBUD_INEAR,0.970573,"USB C Earbuds,ivoros Type-C Headphones HiFi in-Ear Stereo Earphones with Volume Control,Work for iPad Pro/Air/Mini,Google Pixel 6/5/4/3/2/XL,Samsung Galaxy S22+Ultra/Note 20/S21/S20/Tab S7/S8-Black",Earbud Headphones,internal_oof
B00RQ6QWGM,EARBUD_INEAR,EARBUD_INEAR,EARBUD_INEAR,0.550983,Zipi Magnetic Earbud Strap & Cord Organizer (Black),Headphones & Earbuds,internal_oof
B07ZWJR9GD,EARBUD_INEAR,EARBUD_INEAR,EARBUD_INEAR,0.986754,XClear Wireless Earbuds with Immersive Sounds True 5.0 Bluetooth in-Ear Headphones with Charging Case/Quick-Pairing Stereo Calls/Built-in Microphones/IPX5 Sweatproof/Pumping Bass for Sports Black,Earbud Headphones,internal_oof
B004BN40AS,EARBUD_INEAR,EARBUD_INEAR,EARBUD_INEAR,0.77403,Motorola S10-HD Bluetooth Stereo Headphones - Retail Packaging,Headphones & Earbuds,internal_oof
B003VQJL5U,EARBUD_INEAR,EARBUD_INEAR,EARBUD_INEAR,0.899521,Premium Mono Headset for HTC EVO 4G,Headphones & Earbuds,internal_oof
B003U4TYN2,EARBUD_INEAR,EARBUD_INEAR,EARBUD_INEAR,0.980215,Michael Jackson Ear Buds,Earbud Headphones,internal_oof
B00G3KZJ34,OVER_EAR,OVER_EAR,OVER_EAR,0.726164,"Sony Long Range Wireless Stereo Headphones with Wide Comfortable Headband, Volume Control and Mute Switch for all Sony KDL-40BX450, KDL-46BX450, KDL-55HX850, KDL-46HX850, KDL-46EX645, KDL-50EX645 & KDL-60EX645 LED LCD HDTV Flat Screen Television - Works Up To 26 feet Away",Over-Ear Headphones,internal_oof
B0BHN6DCR9,EARBUD_INEAR,EARBUD_INEAR,EARBUD_INEAR,0.997041,TAGRY Wireless Headsets with Charging Case IPX7 Waterproof for Sports,Earbud Headphones,internal_oof
B091K4WYD1,OVER_EAR,OVER_EAR,OVER_EAR,0.984119,"OneOdio Over Ear Headphone, Wired Bass Headsets with 50mm Driver, Foldable Lightweight Headphones with Shareport and Mic for Recording Monitoring Podcast Guitar PC TV - (Red)",Over-Ear Headphones,internal_oof
B08D2M4RBG,EARBUD_INEAR,EARBUD_INEAR,EARBUD_INEAR,0.979355,[2 Pack] 3.5mm Earbuds/Headphones/Earphones with Microphone in-Ear Earbuds Noise Isolation Headsets Heavy Bass Earphones Compatible iPhone iPad iPod S10 Android All 3.5 mm Audio Devices,Earbud Headphones,internal_oof
B06VV7K55Z,EARBUD_INEAR,EARBUD_INEAR,EARBUD_INEAR,0.936945,Earbuds In Ear Headphones with Mic DT108 Memory Foam 3.5mm Stereo Super Bass Earphones in Line Remote Control for iPhone iPad Samsung Android Cell Phones Tablets Laptop Computer (Silver),Earbud Headphones,internal_oof
B018WZ8NAI,EARBUD_INEAR,EARBUD_INEAR,EARBUD_INEAR,0.587545,KeyZone 1PC Macarons headphones Headset For All Phone MP3 Tablet Laptop Blue,Headphones & Earbuds,internal_oof
B09XQMRYBJ,ON_EAR,ON_EAR,ON_EAR,0.739065,"Kids Headphones with Mic, Share Port, Foldable Stereo On-Ear Kids Headset, 91dB Volume Limited, Adjustable Headband Headphones for Kids Teens Adults, School Headphones for iPad Tablet, Pink & Green",Over-Ear Headphones,internal_oof
B00ODYZFOU,EARBUD_INEAR,EARBUD_INEAR,EARBUD_INEAR,0.938678,"CLUBLIFE CL51-1-09 CL-5 Maximal In-Ear Headphones with Mic, Red",Earbud Headphones,internal_oof
B09PRC3WC5,EARBUD_INEAR,EARBUD_INEAR,EARBUD_INEAR,0.985124,"TOZO A1 Mini Wireless Earbuds Bluetooth 5.3 in Ear Light-Weight Headphones Built-in Microphone, IPX5 Waterproof, Immersive Premium Sound Long Distance Connection Headset with Charging Case, Black",Earbud Headphones,internal_oof
B0BMXMNG7G,EARBUD_INEAR,EARBUD_INEAR,EARBUD_INEAR,0.980946,"TOZO NC9 2022 Version Hybrid Active Noise Cancelling Wireless Earbuds, in Ear Headphones IPX6 Waterproof Bluetooth 5.3 Stereo Earphones, Immersive Sound Premium Deep Bass Headset Matte White",Earbud Headphones,internal_oof
B06XRWWJNL,OVER_EAR,UNKNOWN,ON_EAR,0.40616,"Cat Ear Headphones Glowing Light with USB Charging for Phone, Computer, Tablet",Headphones & Earbuds,internal_oof
B0BS9PQ8XX,EARBUD_INEAR,EARBUD_INEAR,EARBUD_INEAR,0.646388,"OPN SOUND - Aria Open Ear Headset with Charging Case - Headphones with Bluetooth, Wireless Earbud with Noise Cancelling - Upgraded Stereo Ear Phones - Long-Term Comfort for Sports/Workout - Black",Over-Ear Headphones,internal_oof
B0BVR81LYV,EARBUD_INEAR,EARBUD_INEAR,EARBUD_INEAR,0.992036,"Tiksounds Wireless Earbuds, Bluetooth Headphones with Microphone, IPX7 Waterproof, 35H Playtime with LED Power Display, High-Fidelity Stereo Earphones for Sports and Work",Earbud Headphones,internal_oof
B08FF6SFZ3,EARBUD_INEAR,EARBUD_INEAR,EARBUD_INEAR,0.995222,"Wireless Gear Bluetooth 5.0 True Wireless Stereo Earbuds with Charging Case, Black",Earbud Headphones,internal_oof
B09Z2JYPVM,ON_EAR,ON_EAR,ON_EAR,0.98491,"Kids Headphones Wired Ｈeadset for School with Adjustable Headband,3.5mm Jack Foldable On-Ear Headphones with Sharing Cable for Girls Boys Teens Children,Pink",On-Ear Headphones,internal_oof
B076KLJYKC,EARBUD_INEAR,ON_EAR,ON_EAR,0.733125,"Wired Kids Headphones, Foldable Cute Cat Headphones with Flash LED Ears Cosplay Earphone for Teens Girls Toddlers Kids Adults,Compatible with MP3 iPhone Android Smartphone Tablet PC (White&Pink)",On-Ear Headphones,internal_oof
B00VQIGB6C,EARBUD_INEAR,EARBUD_INEAR,EARBUD_INEAR,0.900029,i-Bud IBud Stereo Headset,Headphones & Earbuds,internal_oof
B0170RBJ9Q,EARBUD_INEAR,EARBUD_INEAR,EARBUD_INEAR,0.919314,"sephia SP3060 Earbuds - HD Bass Driven Audio, Lightweight Aluminum in Ear Headphone, S/M/L Ear Bud Tips, Earphone Case, 3.5mm Tangle-Free Cord - for Music, Podcasts, and More (Without Mic)",Earbud Headphones,internal_oof
B074KYCSD5,ON_EAR,UNKNOWN,OVER_EAR,0.413401,"Jabra Evolve 65 Stereo Bluetooth Wireless UC Headphones Bundle - Global Teck Mic Cushions, USB Dongle, Charging Stand, Compatible with Softphones, Streaming Music, Smartphones, Tablets, PC, MAC",On-Ear Headphones,internal_oof
B091LXKW6C,EARBUD_INEAR,EARBUD_INEAR,EARBUD_INEAR,0.997523,"Tribit Wireless Earbuds, 100H Playtime Bluetooth 5.0 IPX8 Waterproof Touch Control True Wireless Bluetooth Earbuds with Mic Earphones in-Ear Deep Bass Built-in Mic Bluetooth Headphones, FlyBuds 3",Earbud Headphones,internal_oof
B00768AXIS,EARBUD_INEAR,EARBUD_INEAR,EARBUD_INEAR,0.937224,OEM Apple 3.5mm Earphones with Mic and Volume Control (Newest Version) Includes a FREE BLACK Iphone 4/4s Bumper Case (Different Colors Avaliable),Headphones & Earbuds,internal_oof
B09NMN3H6R,EARBUD_INEAR,EARBUD_INEAR,EARBUD_INEAR,0.964918,"Acuvar Fully Wireless Bluetooth 5.0 Rechargeable iPX5 Water & Sweat Proof Earbud Headphones w Microphone, Touch Controls, Smart LCD Charging Case, Surround Stereo Bass and Noise Cancelling (White)",Earbud Headphones,internal_oof
B07QHXKR97,EARBUD_INEAR,EARBUD_INEAR,EARBUD_INEAR,0.852023,"iMangoo Earphone Wire Slider, [10 Pack] Universal 2mm Hole Slide Block Headphone Cable Splitting Chuck Earbuds Sliding Divider Earphone Cord Branching Accessories Mini Slider Black & White",Earbud Headphones,internal_oof
B09KQC7Z4S,OVER_EAR,OVER_EAR,OVER_EAR,0.917069,"Bose QuietComfort 35 II Wireless Bluetooth Headphones, Noise-Cancelling, with Alexa Voice Control - Black",Over-Ear Headphones,internal_oof
B088GJ1L5Z,OVER_EAR,OVER_EAR,OVER_EAR,0.975486,"Sony Noise Cancelling Headphones WHCH710N: Wireless Bluetooth Over the Ear Headset with Mic for Phone-Call, Blue (Amazon Exclusive)",Over-Ear Headphones,internal_oof
B07KCPQTX3,EARBUD_INEAR,EARBUD_INEAR,EARBUD_INEAR,0.943145,"Wearhaus Beam Wireless Bluetooth Sharing Earbuds, HiFi Bass Stereo in-Ear Sweatproof Sports Headset w/Mic, Color Changing LED Light, Lightweight Case for Gym Running Gaming Travel Work (White)",Earbud Headphones,internal_oof
B0C1ZHJRGB,EARBUD_INEAR,EARBUD_INEAR,EARBUD_INEAR,0.923558,Wireless Earbuds Bluetooth Headphones 48hrs Play Back Sport Earphones with LED Display Over-Ear Buds with Earhooks Built-in Mic Headset for Workout Blue BMANI-VEAT00L,Earbud Headphones,internal_oof
B002MS68QI,EARBUD_INEAR,EARBUD_INEAR,EARBUD_INEAR,0.726417,OrionGadgets Retractable Stereo Headphones for Samsung Solstice A887 (Black),Headphones & Earbuds,internal_oof
B09XV6XJ6C,EARBUD_INEAR,EARBUD_INEAR,EARBUD_INEAR,0.991455,"LASUNEY Wireless Earbuds Bluetoth Headphones, Touch Control Stereo Sound Bluetoth Earbuds with Mic, 35H Playtime Waterproof Wireless Ear Buds with Type C Charging Case for iPhone Android (Green)",Earbud Headphones,internal_oof
B00V5QFUHG,EARBUD_INEAR,EARBUD_INEAR,EARBUD_INEAR,0.915019,Stoga Wireless Bluetooth Headset Tsong TH-009 Universal Stereo Music Bluetooth V4.1 Headphone Eearphone for iphone 4/4S/5/5S/6 Samsung HTC,Headphones & Earbuds,internal_oof
B001GAHBCI,EARBUD_INEAR,EARBUD_INEAR,EARBUD_INEAR,0.957428,Bluetrek Metal Bluetooth Headset,Headphones & Earbuds,internal_oof
B07MR5C4NW,EARBUD_INEAR,EARBUD_INEAR,EARBUD_INEAR,0.995989,Raycon E50 Wireless Earbuds Bluetooth Headphones - Bluetooth 5.0 Bluetooth Earbuds Bluetooth Headset True Wireless Earbuds 30 Hours Playtime with Charging Case Built-in Mic White,Earbud Headphones,internal_oof
B0C3R2WCKX,EARBUD_INEAR,EARBUD_INEAR,EARBUD_INEAR,0.9953,"comiso Wireless Earbuds Bluetooth Headphones, True Wireless in Ear Bluetooth 5.1 Earbuds with Microphone, Deep Bass, IPX7 Waterproof Loud Voice Earphones for Sport Outdoor Running Gym Workout(Black)",Earbud Headphones,internal_oof
B0BSL3VQHX,EARBUD_INEAR,EARBUD_INEAR,EARBUD_INEAR,0.996167,"GODCRYSTAL Wireless Earbuds,IPX5 Waterproof Bluetooth Earbuds Stereo Earphone, Bluetooth 5.0 in-Ear Earbuds with Wireless Bluetooth Headphone 30H Playtime, for iPhone/Android",Earbud Headphones,internal_oof
B002M7KF4U,EARBUD_INEAR,EARBUD_INEAR,EARBUD_INEAR,0.70648,Wireless Peltor WS Bluetooth Comms Protector Headset + XP Boom Mic!,Headphones & Earbuds,internal_oof
B09WMDYYCT,EARBUD_INEAR,EARBUD_INEAR,EARBUD_INEAR,0.993388,"RUSAM TWS AR30 True Wireless Earbuds,Bluetooth 5.2 Headphones,Touch Control Stereo Earphones,in-Ear Built-in Mic Headset,Premium Deep Bass for Music Sport Game,White",Earbud Headphones,internal_oof
B08KRC18S8,EARBUD_INEAR,EARBUD_INEAR,EARBUD_INEAR,0.988395,"Galaxy Buds True Wireless Earbuds (Wireless Charging Case included), Silver â€“ US Version",Earbud Headphones,internal_oof
B07BBKDDLR,EARBUD_INEAR,EARBUD_INEAR,EARBUD_INEAR,0.907642,"monque HIFi In-ear Stereo Headphones with Dual Drivers Earbuds High-fidelity Audio and Deep Bass Wired Earphones with Mic for Hands-free Calling,Mobile Phones",Headphones & Earbuds,internal_oof
B074K8H2GV,OVER_EAR,OVER_EAR,OVER_EAR,0.977636,NOON VR PRO with PC-to-VR Streaming & Built-in Stereo Headphones for Cinematic & Gaming Experience,Over-Ear Headphones,internal_oof
B00USOK166,ON_EAR,ON_EAR,ON_EAR,0.838699,"iLive iAHK55SP Safe Volume Headphones, Pink/White",Headphones & Earbuds,internal_oof
B07VRDNQR3,OVER_EAR,OVER_EAR,OVER_EAR,0.898659,"Plantronics Voyager 104 Bluetooth Headset, Over The Head Headset with Microphone Built for Truckers (Renewed)",Over-Ear Headphones,internal_oof
B07DG6D7K3,EARBUD_INEAR,EARBUD_INEAR,EARBUD_INEAR,0.994688,XKDUN Sports Headphones Wireless Earbuds Anti Falling Off Bluetooth Earphones for Exercise with Charging Case Sweatproof HD Stereo Sound in Ear with Microphone 6 Hrs Running Gym iOS Android Black,Earbud Headphones,internal_oof
B00CWFMUM2,EARBUD_INEAR,EARBUD_INEAR,EARBUD_INEAR,0.866058,Creative Hitz MA-350 In-Ear Noise Isolating Headphones with 9mm Driver and In-Line Mic and Volume Control (Green) (Discontinued by Manufacturer),Earbud Headphones,internal_oof
B07DGL38ZK,EARBUD_INEAR,EARBUD_INEAR,EARBUD_INEAR,0.924048,"Skullcandy Ink'd 2.0 in-Ear Earbud - Camo, Green",Earbud Headphones,internal_oof
B001DLAKIC,EARBUD_INEAR,EARBUD_INEAR,EARBUD_INEAR,0.96827,Plantronics Voyager 520 Bluetooth Headset (75859-01) with gift for Samsung SGH-A717 Samsung SGH-A727 Samsung A737 Samsung Beat SGH-T539 Samsung Blackjack 2 Samsung Blast SGH-T729 Samsung SGH-D900 Black Carbon Samsung Gleam Glyde U1036,Headphones & Earbuds,internal_oof
B01N2N993M,EARBUD_INEAR,EARBUD_INEAR,EARBUD_INEAR,0.920885,"WaveWall 'Airtubes', Anti Radiation Earphones, Tested and Designed to Shield Radiations to Head, Reduced Exposure from EMF & RF Waves, Noise Isolating Headphones, with High Sensitivity Microphone",Earbud Headphones,internal_oof
B07RWJ531B,EARBUD_INEAR,EARBUD_INEAR,EARBUD_INEAR,0.979532,"SoundPEATS Bluetooth Earphones, Wireless 4.1 Magnetic Earphones, in-Ear IPX6 Sweatproof Headphones with Mic (Superior Sound with Upgraded Drivers, APTX, 8 Hours Working Time, Secure Fit Design)",Earbud Headphones,internal_oof
B078S34QZD,EARBUD_INEAR,ON_EAR,ON_EAR,0.751652,Sony Mdr Xb-450 Extra Bass Foldable Headphones Black,Earbud Headphones,internal_oof
B0C72D4J46,EARBUD_INEAR,EARBUD_INEAR,EARBUD_INEAR,0.99318,occiam Wireless Earbuds Bluetooth Headphones 48H Play Back Earphones in Ear Waterproof with Microphone LED Display for Sports Running Workout Pink,Earbud Headphones,internal_oof
B0BL6LSDLM,EARBUD_INEAR,EARBUD_INEAR,EARBUD_INEAR,0.994268,"bakibo Wireless Earbuds, Bluetooth 5.3 in-Ear Earphones with Built-in 6 Mic Waterproof Ear Buds Deep Bass Stereo Headphones, 32 Hours Play Time Type-C Fast Charging Case for iPhone Android, White",Earbud Headphones,internal_oof
B07PWHF7PJ,EARBUD_INEAR,EARBUD_INEAR,EARBUD_INEAR,0.959097,"TREBLAB X5 - True Wireless Earbuds - Signature HD Sound w/Beryllium Speakers, 30 Hour Battery + Charging Case, Noise Cancelling Mic, Waterproof IPX4, Bluetooth Headphones (Renewed)",Earbud Headphones,internal_oof
B0BPCF1D41,EARBUD_INEAR,EARBUD_INEAR,EARBUD_INEAR,0.892548,"realme TechLife Buds T100 Bluetooth Truly Wireless in Ear Earbuds with mic, AI ENC for Calls, Google Fast Pair, 28 Hours Total Playback with Fast Charging and Low Latency Gaming Mode (Black)",Earbud Headphones,internal_oof
B00110LSOA,EARBUD_INEAR,EARBUD_INEAR,EARBUD_INEAR,0.921916,"Earbuds/Earphones/Headphones,Wired Ear Buds with Remote Control Perfect for iPhone XS Max/XR/X/8 Plus/8/7S/7 Samung S10/S10e/S10+/S9/S8 iPad IOS Note10/9/8/Tablet and Other Compatible Devices,2 Pack",Earbud Headphones,internal_oof
B08W4YFY9M,EARBUD_INEAR,EARBUD_INEAR,EARBUD_INEAR,0.996751,Wireless Earbuds + Charging CASE,Earbud Headphones,internal_oof
B019IDX344,EARBUD_INEAR,EARBUD_INEAR,EARBUD_INEAR,0.975903,Sownd A108B (Blue) Audio Premium w/ Reflective Cable In-Ear Noise-isolating Earbuds w/Mic,Earbud Headphones,internal_oof
B0BKLDJXJ9,EARBUD_INEAR,EARBUD_INEAR,EARBUD_INEAR,0.953099,JVC HA-EB75S Sports Ear Clip Headphones Silver,Earbud Headphones,internal_oof
B0035CVLJY,EARBUD_INEAR,EARBUD_INEAR,EARBUD_INEAR,0.908868,"Premium Stereo Headset Hands-free for LG Xenon GR500, GR700 (Vu Plus), GS505 (Sentio), GD710 (Shine II), GT950 (Arena), GW820 (eXpo), LG CF360",Headphones & Earbuds,internal_oof
B077FHQJ4R,ON_EAR,ON_EAR,ON_EAR,0.827691,Hearts Emoji and Unicorn Fatheads Folding Stereo Headphones,Headphones & Earbuds,internal_oof
B08B5FZP1N,EARBUD_INEAR,EARBUD_INEAR,EARBUD_INEAR,0.979073,"Kirababy Earbuds Wired with Microphone Pack of 5, Noise Isolating in-Ear Headphones, Powerful Heavy Bass, High Definition, Earphones Compatible with Most 3.5mm Jack",Earbud Headphones,internal_oof
B07KSPDR2K,EARBUD_INEAR,EARBUD_INEAR,EARBUD_INEAR,0.925204,"Bose SoundSport in-ear headphones for Samsung and Android devices, Charcoal",Earbud Headphones,internal_oof
B0037U7SG4,EARBUD_INEAR,EARBUD_INEAR,EARBUD_INEAR,0.867844,Stereo In-The-Ear Headphones /w 2.5mm Adapter for Sony EX71 (Black),Earbud Headphones,internal_oof
B0BS6WXK8G,EARBUD_INEAR,EARBUD_INEAR,EARBUD_INEAR,0.963719,"Linsoul Kinera QOA Gimlet 10mm LCP Diaphragm Dynamic Driver HiFi in-Ear Earphone IEM with Detachable 2pin Cable for Audiophile Musician (Green, Gimlet)",Earbud Headphones,internal_oof
B09MRYCWTH,EARBUD_INEAR,EARBUD_INEAR,EARBUD_INEAR,0.981827,"Earbuds Cleaning Pen, 3 Pcs 3 in 1 Multi-Function Earbud Cleaning Putty Wireless Earphones Soft Brush Cleaning Tools Headset Box Charging Compartment Cleaner Kit for Camera, Earphone, Phone, Keyboard",Earbud Headphones,internal_oof
B097PN7N6Y,EARBUD_INEAR,EARBUD_INEAR,EARBUD_INEAR,0.984497,"ZIHNIC Wireless Earbuds,Bluetooth Earphone with Touch Control and Charging Case,IPX5 Sweatproof,35H Playtime for Work, Home,Office-Black",Earbud Headphones,internal_oof
B0BY4P5G9T,EARBUD_INEAR,EARBUD_INEAR,EARBUD_INEAR,0.994242,"F9 Wireless Earbuds,Bluetooth 5.0 earphone,Hi-Fi Stereo,IPX5 Waterproof,40H Playtime,Touch Control with Smart LED Display Charging Case&3 Silicone Earplugs,Compatible with Phone&Android (Black)",Earbud Headphones,internal_oof
B01N55LDUM,EARBUD_INEAR,EARBUD_INEAR,EARBUD_INEAR,0.99035,"GranVela Mrice E100A Classic Style Earbud Headphones High Fidelity Stereo Wired Earphones with Microphone Tangle-Free Triangle Cable for iPhone, Android, Samsung, HTC, LG Smartphones - Black",Earbud Headphones,internal_oof
B01MA1MJ6H,EARBUD_INEAR,EARBUD_INEAR,EARBUD_INEAR,0.970444,"Betron BS10 Earphones Wired Headphones in Ear Noise Isolating Earbuds with Microphone and Volume Control Powerful Bass Driven Sound, 12mm Large Drivers, Ergonomic Design",Earbud Headphones,internal_oof
B079ZNCN64,EARBUD_INEAR,EARBUD_INEAR,EARBUD_INEAR,0.914649,JLab Audio JBuds Pro Bluetooth Wireless Signature Earbuds | Titanium 10mm Drivers | 6-Hour Battery Life | Music Controls | Noise Isolation | Bluetooth 4.1 Extra Gel Tips and Cush Fins | Black/Purple,Earbud Headphones,internal_oof
B001NTDGQC,EARBUD_INEAR,EARBUD_INEAR,EARBUD_INEAR,0.974008,Ultimate Ears MetroFi 170 Noise-Isolating Earphones (Discontinued by Manufacturer),Earbud Headphones,internal_oof
B0BZP5G1RB,EARBUD_INEAR,EARBUD_INEAR,EARBUD_INEAR,0.979426,"BUGANI Open Ear Headphones Wireless Bluetooth, Touch Control Bluetooth 5.3, Waterproof Sport for Workout Running, Earphones with Clear Talk, 8 Hours Playtime, Black",Open-Ear Headphones,internal_oof
B07T1B9G1V,EARBUD_INEAR,EARBUD_INEAR,EARBUD_INEAR,0.995116,"AICase TWS Wireless Headphones,Bluetooth 5.0 Wireless Earbuds Built-in Mic Mini Sweatproof Sport Headsets in-Ear Headset with Wireless Charging Case for Android and iOS Smartphones (HQB-U)",Earbud Headphones,internal_oof
B07WPFPP5C,EARBUD_INEAR,EARBUD_INEAR,EARBUD_INEAR,0.976323,"Soundcore Anker Spirit 2 Bluetooth Headphones, Deep Bass, IP67 Waterproof, Dustproof, Sweatproof, AirWings for Secure Fit, 14H Playtime, Wireless Earbuds for Gym, Running, Workout",Earbud Headphones,internal_oof
B01N1XTM1B,EARBUD_INEAR,EARBUD_INEAR,EARBUD_INEAR,0.96828,"Farstrider 2Packs Stereo Earphones/Headphones/Earbuds with Hard Carrying Case Bag, High Definition, Heavy Deep Bass, Noise Isolating, Tangle Free, Ergonomic Comfort-Fit for iPhone Samsung Ipad PC etc",Earbud Headphones,internal_oof
B0034K44C8,OVER_EAR,OVER_EAR,OVER_EAR,0.98022,Sennheiser PXC 450 Active Noise-Canceling Headphones,Over-Ear Headphones,internal_oof
B081HGWMG3,EARBUD_INEAR,EARBUD_INEAR,EARBUD_INEAR,0.977776,"Linsoul TRN BA5 5 Balanced Armatures HiFi in-Ear Earphone IEM with Magnesium Alloy Housing, Detachable 2 Pin Cable for Audiophile Musician (with mic, Black)",Earbud Headphones,internal_oof
B07DNP19VT,EARBUD_INEAR,ON_EAR,ON_EAR,0.522393,"Headphone, wired earbuds",Headphones & Earbuds,internal_oof
B099DT4CHS,EARBUD_INEAR,EARBUD_INEAR,EARBUD_INEAR,0.996346,BassPal Bluetooth 5.1 Wireless Earbuds Sports Bluetooth Earbuds in Ear Headphones IPx7 Waterproof Wireless Earphones with Microphone for iPhone Android Sports Running Exercise Gym Workout Laptop,Earbud Headphones,internal_oof
B08DG66LRL,OVER_EAR,OVER_EAR,OVER_EAR,0.99436,beyerdynamic DT 880 Premium Edition 600 Ohm Over-Ear Stereo Headphones Bundle with Protection Plan and Leather Storage Bag,Over-Ear Headphones,internal_oof
B07JG4VYJT,OVER_EAR,OVER_EAR,OVER_EAR,0.758104,"Bluetooth Headphones Over Ear, Foldable Wireless Headphones Stereo Hi-Fi Bluetooth Headsets with Bass, Mic and Soft Earmuffs for Girl Women Wired Mode Cell Phone TV Computer Laptop Android Rose Gold",Earbud Headphones,internal_oof
B004PEIFVI,EARBUD_INEAR,EARBUD_INEAR,EARBUD_INEAR,0.900397,"iLuv iEP205ORG Bubble Gum 2 Flexible, Jelly-Type Stereo Earphones - Orange",Earbud Headphones,internal_oof
B0799GGV9R,EARBUD_INEAR,EARBUD_INEAR,EARBUD_INEAR,0.996743,"Wireless Earbuds, Soundmoov Bluetooth Headphones Handsfree Stereo Earphone with Microphone, Noise Cancelling Sweatproof Mini True Headset for iPhone, Android and Smartphones Tablets",Earbud Headphones,internal_oof
B005TZAL9Q,EARBUD_INEAR,EARBUD_INEAR,EARBUD_INEAR,0.69078,Pioneer Steez Sealed Earbuds Black SE-D10C-K (Japan Import),Headphones & Earbuds,internal_oof
B07HBTYBMB,EARBUD_INEAR,EARBUD_INEAR,EARBUD_INEAR,0.968852,"ICOMTOFIT Bluetooth Headset, Wireless Bluetooth Earpiece V5.0 8-10 Hours Talktime Stereo Noise Cancelling Mic, Compatible for iPhone Android Cell Phones Driving/Business/Office (Black)",Earbud Headphones,internal_oof
B0B7VDV46F,EARBUD_INEAR,EARBUD_INEAR,EARBUD_INEAR,0.795188,TOZO NC9 Hybrid Active Noise Cancelling Wireless Earbuds Black & TOZO NC9 Protective Silicone Case Black,Cases,internal_oof
B0CFQFTHVV,EARBUD_INEAR,EARBUD_INEAR,EARBUD_INEAR,0.996045,"Wireless Earbud Bluetooth Headphones Mini Bluetooth Earbud with HD Mic,2023 Wireless Earphones in Ear Ear Buds with USB C Charging Case, IP7 Waterproof, Deep Bass, 30H Playtime with LED Power Display",Earbud Headphones,internal_oof
B08WCGKBT9,OVER_EAR,OVER_EAR,OVER_EAR,0.953537,"PowerLocus Bluetooth Headphones Over Ear, Bluetooth Headphone Rose Gold, Wireless Headphones Foldable, Hi-Fi Stereo, Soft Memory Foam Earmuffs, Built-in Mic & Wired Mode for iPhone,Android,PC,Laptops",Over-Ear Headphones,internal_oof
B0C7H5J36V,EARBUD_INEAR,EARBUD_INEAR,EARBUD_INEAR,0.994158,occiam Wireless Earbuds Bluetooth in-Ear Headphones with Microphones IPX7 Waterproof Ear Buds with LED Power Display Charging Case 64H Playback Time Earphones for Office Sports,Earbud Headphones,internal_oof
B005Z48AF8,ON_EAR,ON_EAR,ON_EAR,0.521598,"AIAIAI TMA-1 Fool's Gold Headphones with Microphone, Black",Headphones & Earbuds,internal_oof
B07T2FGG2Z,EARBUD_INEAR,EARBUD_INEAR,EARBUD_INEAR,0.841212,"Sony WF-1000XM3 Truly Wireless Noise Cancelling Headphones with Mic, up to 32 Hours Battery Life, Stable Bluetooth Connection, Wearing Detection with Alexa Built-in - Black",Earbud Headphones,internal_oof
B001R4M6KU,OVER_EAR,UNKNOWN,EARBUD_INEAR,0.469934,Koss QZ900 Noise Cancellation Headphone (Black),Headphones & Earbuds,internal_oof
B0C6JV1WQH,EARBUD_INEAR,EARBUD_INEAR,EARBUD_INEAR,0.995064,"Wireless Earbuds Bluetooth Earphones Clear Call with Charging Case, Bluetooth 5.3 Ear buds Built in Noise Cancellation Microphone, IPX7 Waterproof Headphones, 50 Hrs Compatible with iPhone & Android",Earbud Headphones,internal_oof
B074N94LY5,EARBUD_INEAR,EARBUD_INEAR,EARBUD_INEAR,0.993726,"IJOY Future Sport Wireless Waterproof Bluetooth Headset, Purple (Pack of 2)",Earbud Headphones,internal_oof
B08GHHBPFB,EARBUD_INEAR,EARBUD_INEAR,EARBUD_INEAR,0.801698,Aftershokz OpenMove Wireless Bone Conduction Open-Ear Bluetooth Headphones Includes Pack,Over-Ear Headphones,internal_oof
B009NE5Z04,ON_EAR,ON_EAR,ON_EAR,0.874651,"ReF by iLuv - Canvas Fabric Exterior On-Ear Headphones with Incredibly Deep Bass - Perfect match to Fashionable Outfits and Loud Bass Music such as EDM, Hip Hop, Rap, Rock & Roll - Compatible with Apple iPad, iPhone & iPod (Blue)",Headphones & Earbuds,internal_oof
B07771N61M,EARBUD_INEAR,EARBUD_INEAR,EARBUD_INEAR,0.968079,Klip xtreme AthletikX Sports Wireless Stereo Earphones with Microphone | Sweat & Splash Resistant with Secure Fit Bands & Noise Cancelling Technology [Yellow],Earbud Headphones,internal_oof
B00OVWK2U6,OVER_EAR,OVER_EAR,OVER_EAR,0.986089,Ultrasone Signature Pro S-Logic Plus Surround Sound Professional Closed-back Headphones with Hard-Sided Carrying Case,Over-Ear Headphones,internal_oof
B00Q2G0GNM,EARBUD_INEAR,EARBUD_INEAR,EARBUD_INEAR,0.948208,Pink Color 3.5mm Audio Earphone Headphones Headset Earbuds Volume Control With Microphone Hands Free For Samsung Galaxy S 4G T959V,Headphones & Earbuds,internal_oof
B00YSL7AFU,OVER_EAR,UNKNOWN,OVER_EAR,0.423443,"Soft Kid Adjustable Headphone for Girl and Boy with Cute Animal Toy, Ear Protection and Volume Limiting for Tablet, PC, Phone (Dog)",Headphones & Earbuds,internal_oof
B0891Z6HWT,ON_EAR,ON_EAR,ON_EAR,0.912236,"Artix CL750 Wired Headphones with Mic & Volume Control — Noise Isolating Computer Headphones Wired, On-Ear Headphones with Wire, Plug In Headphones for Laptop, Corded Headphone Over Ear Aux Jack 3.5mm",On-Ear Headphones,internal_oof
B0B5CMMRCF,EARBUD_INEAR,EARBUD_INEAR,EARBUD_INEAR,0.930249,Multi-use airpod and Earbud Cleaning Pen kit. Microfiber Brush. Metal tip for Hard to Reach Areas. All airpod Models White and Silver,Earbud Headphones,internal_oof
B01N6U754T,EARBUD_INEAR,EARBUD_INEAR,EARBUD_INEAR,0.958035,Silicone Sport Tips (2 Pairs) for The Apple Earpods and Earbuds Compatible with iPhone 7/6 / 6S / 6 Plus/ 5S/ 5C/ 5 Earphones Headphones Earbuds by Pantheon,Earbud Headphones,internal_oof
B00HWQ07R6,EARBUD_INEAR,EARBUD_INEAR,EARBUD_INEAR,0.860419,Baakyeek Pack of 10 3.5mm Headset for MP3 MP4 Player Cell Phone,Headphones & Earbuds,internal_oof
B07KVMH6SW,EARBUD_INEAR,EARBUD_INEAR,EARBUD_INEAR,0.89155,"Back Bay Runner Wireless Bluetooth Earbuds [2020 Update] Sweatproof Headphones, Adjustable Ear-Hooks, 8-Hour Battery, 5 EQ Sound Modes, Microphone and Earphone Carrying Case",Earbud Headphones,internal_oof
B00NBR6GIO,OVER_EAR,OVER_EAR,OVER_EAR,0.829439,Sony MDR-XB450AP Extra Bass Headphone - Black (International Version U.S. Warranty May not Apply),Over-Ear Headphones,internal_oof
B09GDXGT8D,EARBUD_INEAR,EARBUD_INEAR,EARBUD_INEAR,0.996435,Vislla Bluetooth Headphones Sports Wireless Earbuds TWS BT5.0 Stereo Deep Bass Waterproof Earphones Noise Canceling Headset with Battery Display Charging Case & Built-in Mic,Earbud Headphones,internal_oof
B0C64XLVHK,EARBUD_INEAR,EARBUD_INEAR,EARBUD_INEAR,0.998288,"pdibukc Wireless Earbuds Bluetooth Headphones 36H Play Time 5.0 Bluetooth with Wireless Charging Case, IPX6 Waterproof Sweat-Proof Earphones True Wireless Earbuds, in-Ear Earbuds for Working Sports",Earbud Headphones,internal_oof
B003Z6QH44,EARBUD_INEAR,EARBUD_INEAR,EARBUD_INEAR,0.851237,Etymotic Research ER89-2 etyBLU2 Wireless Bluetooth Headset,Headphones & Earbuds,internal_oof
B00EY7IIB8,EARBUD_INEAR,EARBUD_INEAR,EARBUD_INEAR,0.807615,Poposh 7x Crystal Butterfly 3.5mm Anti Dust Plug Bling Earphone Jack Glitter Diamond Rhinestone Headphone Port Stopper Caps For iPhone 3 3G 3GS 4 4GS 4S/iPad 1 2 3 /Ipad mini/ etc,Headphones & Earbuds,internal_oof
B0742BLFHT,EARBUD_INEAR,EARBUD_INEAR,EARBUD_INEAR,0.985803,KZ ATE Earphones Copper Driver HI-FI Sports Headphones Stereo In-Ear Earbuds with Foam Eartips for Smartphone Apple iPhone iPad iPod Samsung HTC LG MP3/4 Tablet etc (ATE with Microphone),Earbud Headphones,internal_oof
B00E0XGTBC,EARBUD_INEAR,EARBUD_INEAR,EARBUD_INEAR,0.995534,Wireless Earbuds Stereo Bluetooth Headphones with Charging Case Mini in-Ear Earphones Built-in Mic Noise Canceling Sweatproof Sports Wireless Headphone Bluetooth Earbud (Black-011),Earbud Headphones,internal_oof
B07TCZBZ73,EARBUD_INEAR,EARBUD_INEAR,EARBUD_INEAR,0.949908,PHILIPS SHE1405BK in-Ear Headphone Headset with Mic SHE1405 Black,Earbud Headphones,internal_oof
B00EJR4NI0,EARBUD_INEAR,EARBUD_INEAR,EARBUD_INEAR,0.791298,T-Mobile Stereo String Headset 3.5mm W/ Mic Original TMobile - Wire String (Silver and Black),Headphones & Earbuds,internal_oof
B074F3YW3R,EARBUD_INEAR,EARBUD_INEAR,EARBUD_INEAR,0.976203,"Bose SoundSport Free, True Wireless Earbuds, (Sweatproof Bluetooth Headphones for Workouts and Sports), Midnight Blue / Citron",Earbud Headphones,internal_oof
B001UKL51W,EARBUD_INEAR,EARBUD_INEAR,EARBUD_INEAR,0.90233,Jawbone II Gold Bluetooth Jawbone II Headset,Headphones & Earbuds,internal_oof
B0181TU8RQ,EARBUD_INEAR,EARBUD_INEAR,EARBUD_INEAR,0.963298,"Bluetooth Headset car Dock(CSR8610), AGPTEK Wireless Bluetooth 4.1 Headphone/Earphone/Earpiece with in-car Charging Dock for iPhone Samsung and Other Smart Phones (Space Gray)",Headphones & Earbuds,internal_oof
B07VD3M6M3,EARBUD_INEAR,EARBUD_INEAR,EARBUD_INEAR,0.997305,"Bluetooth Earbuds Wireless Earbuds Bluetooth Earphones Wireless Headphones, Bluetooth 5.0 Deep Bass IPX7 Waterproof TWS Stereo in-Ear Headphones with Charging Case",Earbud Headphones,internal_oof
B0BZJ8MWXJ,EARBUD_INEAR,EARBUD_INEAR,EARBUD_INEAR,0.968472,ZINGBIRD Wireless Earbuds 50H Playback Bluetooth Headphones with Wireless Charging Case Waterproof Ear Buds in-Ear Earphones with Microphone for Android Gaming Computer Laptop TV Sport Black,Earbud Headphones,internal_oof
B0C9CKW4R6,EARBUD_INEAR,EARBUD_INEAR,EARBUD_INEAR,0.931,"UliX Rider Wired Earbuds in-Ear Headphones, Earphones with Microphone, 5 Years Warranty, with Anti-Tangle Cable, Ear Buds for iPhone, iPad, Samsung, School Students, Kids, Women, Small Ears",Open-Ear Headphones,internal_oof
B0BP68M5DZ,EARBUD_INEAR,EARBUD_INEAR,EARBUD_INEAR,0.994899,"QOVQ Waterproof Bluetooth 5.3 True Wireless Earbuds, Touch Control,30H Cyclic Playtime TWS Headphones with Charging Case and mic, in-Ear Stereo",Earbud Headphones,internal_oof
B015IUTEB2,EARBUD_INEAR,EARBUD_INEAR,EARBUD_INEAR,0.97964,Foxnovo In-Ear Earphone with Cute Colorful Storage Box (Green),Earbud Headphones,internal_oof
B08T983NCY,EARBUD_INEAR,EARBUD_INEAR,EARBUD_INEAR,0.939294,"ApexOne Wired Metal in-Ear Earbuds Headphones with MIC &Volume Control and Pocket Case, Crystal Clear Sound Bass Stereo Noise Isolating Earphones (Earbuds, Black Case and 2 Small Tips Included)",Cases,internal_oof
B07HCBGQY4,EARBUD_INEAR,EARBUD_INEAR,EARBUD_INEAR,0.94146,"Headphones, Earphones Earbuds Headphones with Microphone Stereo Sound Mic Remote Volume Control Compatible with 3.5 mm Headphone",Earbud Headphones,internal_oof
B00I3LTQ9O,EARBUD_INEAR,EARBUD_INEAR,EARBUD_INEAR,0.94324,"Betron B750 Earphones Wired in-Ear Headphones with Noise Isolating Earbuds, Tangle-Free Flat Cable, Bass Driven Sound for Laptop Computer Tablet Smartphone with 3.5mm Headphone Jack",Earbud Headphones,internal_oof
B07CGM3CYP,EARBUD_INEAR,EARBUD_INEAR,EARBUD_INEAR,0.976211,"Bluetooth Headphones,Wireless Earbuds Cordless Sport Headsets Stereo In-Ear Earpieces for iPhone X/8/7/7 Plus/6/6s Plus Android, Samsung, Galaxy with Charging Case((t2)",Headphones & Earbuds,internal_oof
B0BLNJ3FZL,EARBUD_INEAR,EARBUD_INEAR,EARBUD_INEAR,0.998671,X-PODS True Wireless Earbuds Bluetooth Headphones Upgraded Touch Control with Wireless Charging Case IPX8 Waterproof Stereo Earphones in-Ear Built-in Mic Headset Premium Deep Bass for Sport Black,Earbud Headphones,internal_oof
B07RJ28KYH,EARBUD_INEAR,EARBUD_INEAR,EARBUD_INEAR,0.962916,JLab JBuds Air Icon True Wireless Signature Bluetooth Earbuds + Charging Case | Black & Gold | IP55 Sweat Resistance | Bluetooth 5.0 Connection | Stereo Phone Calls | 3 EQ Sound Settings,Earbud Headphones,internal_oof
B00E4JWRVI,EARBUD_INEAR,EARBUD_INEAR,EARBUD_INEAR,0.985808,"Avantree Sacool Wireless Sports Bluetooth Stereo Earbuds Bluetooth Headset with Microphone for iPhone, Samsung, HTC, PC, Tablets-White/Green.",Earbud Headphones,internal_oof
B003FW0DH0,ON_EAR,ON_EAR,ON_EAR,0.507067,Gigaware 43-122 USB Stereo Headphones w/Boom Microphone & Inline Volume Control (Silver/Black),"Headphones, Earbuds & Accessories",internal_oof
B00F8PFLEM,EARBUD_INEAR,EARBUD_INEAR,EARBUD_INEAR,0.947587,"GOgroove AudiOHM WD In-Ear Headphones with Noise Isolating, In-Line Call / Music Controls and Hemp Carrying Case for Phones/Tablets/ MP3 Players - Light Walnut Wood",Earbud Headphones,internal_oof
B00OWUMPMK,EARBUD_INEAR,EARBUD_INEAR,EARBUD_INEAR,0.812308,"JuSp HBS 740, Best Seller ,HBS-740 Bluetooth V4.0 Wireless Bluetooth Stereo Headset Neckband style Earphone and Handfree Headphones for Cellphones, such as iPhone,Samsung, LG, Moto, Nokia, HTC, PC, iPad, PSP & any Bluetooth enabled device(black-red)",Headphones & Earbuds,internal_oof
B08VD2NX25,OVER_EAR,OVER_EAR,OVER_EAR,0.932766,"Soundcore by Anker Life Q30 Hybrid Active Noise Cancelling Headphones with Multiple Modes, Hi-Res Sound, Custom EQ via App, 40H Playtime, Comfortable Fit, Bluetooth Headphones, Multipoint Connection",Over-Ear Headphones,internal_oof
B01N5FM1AZ,ON_EAR,EARBUD_INEAR,EARBUD_INEAR,0.514541,Halo Sport - Unlock Your Potential,Headphones & Earbuds,internal_oof
B09D41HQVZ,EARBUD_INEAR,EARBUD_INEAR,EARBUD_INEAR,0.976822,KLIM Fusion Earbuds with Microphone - New 2023 - Long-Lasting Wired Ear Buds - Innovative: in-Ear with Memory Foam - Earphones with Mic and 3.5mm Jack - Green,Earbud Headphones,internal_oof
B0B76C88B8,EARBUD_INEAR,EARBUD_INEAR,EARBUD_INEAR,0.981852,"OCELY Wireless Sports Earbuds, [Lilt Series] Bluetooth 5.2 Ear Bud Headphone, Noise Isolation, Transparency, Gaming Mode, IPX7 Waterproof, ENC, Clear Calls, 24H with Charging Case, White",Earbud Headphones,internal_oof
B09V3W5XFY,EARBUD_INEAR,EARBUD_INEAR,EARBUD_INEAR,0.98594,"Jabra Elite Active 75t True Wireless Bluetooth, Navy – Earbuds for Running and Sport, Charging Case Included, 24 Hour Battery, Active Noise Cancelling Earbuds",Earbud Headphones,internal_oof
B07C3LYSY1,EARBUD_INEAR,EARBUD_INEAR,EARBUD_INEAR,0.983782,"in Ear Earphones with Microphone, Woostar in Ear Headphones, Earbuds with Microphone, Stereo Audio Sound with Strong Bass for iPhone, iPad, iPod, Samsung Galaxy, Huawei, MP3 Player/PS4",Earbud Headphones,internal_oof
B08D37BCNJ,EARBUD_INEAR,EARBUD_INEAR,EARBUD_INEAR,0.970833,"fosa1 True Wireless Earbud, Portable Mini Binaural Call Stereo in Ear Headphones Built in Mic Noise Reduction with Charging Case Fit for Running Gym Outdoor",Earbud Headphones,internal_oof
B0002GZLY2,ON_EAR,ON_EAR,ON_EAR,0.918044,Direct Sound EX-29 Dynamic Closed Headphones Black w/10' Headphone Extension Cable,On-Ear Headphones,internal_oof
B0BGHYMMLP,EARBUD_INEAR,EARBUD_INEAR,EARBUD_INEAR,0.989733,"NA# Wireless Earbuds Bluetooth in Ear Light-Weight Headphones Built-in Microphone Immersive Premium Sound with Charging Case,High-Fidelity Stereo Earphones",Earbud Headphones,internal_oof
