product_id,label,confidence,form_factor,taxonomy_device_evidence,taxonomy_accessory_evidence,title_device_evidence,title_accessory_evidence,conflict,reason,title,store,leaf_categories,l3_categories,rating_number,gold_label,gold_form_factor,reviewer_note
B0B76KXDS2,DEVICE,0.98,EARBUD_INEAR,2,0,0,0,0,taxonomy_device=2,"Bone Conduction Headphones,Bluetooth 5.1 Open-Ear Wireless Headphones,Ear Hook Earphone Sports Stereo Earphones,Open Ear Wireless Headset,Waterproof/Sweatproof",Heayzoki,Earbud Headphones,Headphones & Earbuds,56,DEVICE,EARBUD_INEAR,标题描述可独立使用的完整耳机/耳塞设备，细分类目为 Earbud Headphones；判为 DEVICE；形态依据：标题含耳塞/入耳/开放式耳戴设备词，且其主体线索早于头戴式描述。
B01EHCE4VM,ACCESSORY,0.995,NOT_APPLICABLE,0,2,0,1,0,taxonomy_accessory=2;title_accessory=1,"Timibis Headphone Replacement Headband Cover for Bose, AKG, Sennheiser, Sony, Beats, Audio-Technica Comfort Cushion/Top Pad Protector (Black)",FHccte,Earpads,Earpads,78,ACCESSORY,NOT_APPLICABLE,标题明确为替换耳垫/耳罩，不是可独立使用的完整耳机；细分类目 Earpads 与此一致；判为 ACCESSORY。
B07D3B272F,ACCESSORY,0.995,NOT_APPLICABLE,0,2,0,1,0,taxonomy_accessory=2;title_accessory=1,"For Apple AirPods Case(The Top Cover Fits Well),Silicone Shock Proof Protective AirPods Cover, One comes with Keychain AirPods Case for AirPods Accessories.Black",Suonady,Cases,Cases,37,ACCESSORY,NOT_APPLICABLE,标题明确为保护壳/收纳配件，不是可独立使用的完整耳机；细分类目 Cases 与此一致；判为 ACCESSORY。
B07T9J8SZW,ACCESSORY,0.995,NOT_APPLICABLE,0,2,0,1,0,taxonomy_accessory=2;title_accessory=1,"CTYBB for Airpod Case,Silicone Airpods Case Cover with Fur Ball Keychain Compatible with Apple Airpods 2/1 (Front LED Visible) Light Purple",CTYBB,Cases,Cases,24855,ACCESSORY,NOT_APPLICABLE,标题明确为保护壳/收纳配件，不是可独立使用的完整耳机；细分类目 Cases 与此一致；判为 ACCESSORY。
B084TJCVJD,ACCESSORY,0.94,NOT_APPLICABLE,0,2,1,0,1,taxonomy_accessory=2;title_device=1;conflict,Adhiper Replacement Top Headband Repair Parts Compatible for Dr. Dre Studio 1.0 Studio (1st Gen) Wired Wireless Over-Ear Headphones (White),Adhiper,Earpads,Earpads,30,ACCESSORY,NOT_APPLICABLE,标题主体是替换件、线缆/收纳件、蓝牙接收件、头盔扬声器套件或手机外接听筒，并非完整耳机；判为 ACCESSORY。
B08D68XHDV,DEVICE,0.955,EARBUD_INEAR,2,0,2,1,1,taxonomy_device=2;title_device=2;title_accessory=1;conflict,LINPA World Wireless Earbuds Sports Bluetooth 5.0 Headphones True Wireless Stereo Deep Bass Built in Mic IPX7 Waterproof Earphones in Ear with Charging Case 54 Hours Playtime for Workout Running,L LINPA WORLD,Earbud Headphones,Headphones & Earbuds,19,DEVICE,EARBUD_INEAR,标题主体是完整耳机，后列保护壳/线缆/支架等随附配件（套装不改变主体标签）；判为 DEVICE；形态依据：标题含耳塞/入耳/开放式耳戴设备词，且其主体线索早于头戴式描述。
B07YDM371X,DEVICE,0.995,EARBUD_INEAR,2,0,4,0,0,taxonomy_device=2;title_device=4,"Wireless Earbuds, NYZ [2022 Upgraded] True Wireless Bluetooth Headphones in-Ear Earphones HiFi Stereo Cordless Earbuds with Microphone for iPhone,Android,Windows (Space C1)",NYZ,Earbud Headphones,Headphones & Earbuds,12014,DEVICE,EARBUD_INEAR,标题主体是完整耳机，后列保护壳/线缆/支架等随附配件（套装不改变主体标签）；判为 DEVICE；形态依据：标题含耳塞/入耳/开放式耳戴设备词，且其主体线索早于头戴式描述。
B0007CGOZQ,ACCESSORY,0.98,NOT_APPLICABLE,0,2,0,0,0,taxonomy_accessory=2,35534 3.5mm Stereo Jack Female to 2.5mm Stereo Jack Male Audio Adapter,Lindy,Adapters,Adapters,6,ACCESSORY,NOT_APPLICABLE,标题明确为线缆/转接配件，不是可独立使用的完整耳机；细分类目 Adapters 与此一致；判为 ACCESSORY。
B002ZXCHNS,AMBIGUOUS,0.5,NOT_APPLICABLE,0,0,0,0,0,insufficient_evidence,"NIXON Whip Headphones Black, One Size",NIXON,Headphones & Earbuds,Headphones & Earbuds,2,DEVICE,ON_EAR,标题中的便携/折叠/儿童/头带式线索或核验到的厂商规格表明耳垫压在耳廓上；判为 DEVICE / ON_EAR。 核验来源：https://www.eprice.com.hk/mobile/talk/4544/42534/1/rv/apple-iphone-4-16gb-launch 原自动标签为 AMBIGUOUS，本次复核后更正。
B09JSLH3H1,DEVICE,0.955,EARBUD_INEAR,2,0,2,1,1,taxonomy_device=2;title_device=2;title_accessory=1;conflict,"JLab Go Air Pop True Wireless Bluetooth Earbuds + Charging Case | Rose Red | Dual Connect | IPX4 Sweat Resistance | Bluetooth 5.1 Connection | 3 EQ Sound Settings Signature, Balanced, Bass Boost",JLab,Earbud Headphones,Headphones & Earbuds,25574,DEVICE,EARBUD_INEAR,标题描述可独立使用的完整耳机/耳塞设备，细分类目为 Earbud Headphones；判为 DEVICE；形态依据：标题含耳塞/入耳/开放式耳戴设备词，且其主体线索早于头戴式描述。
B00O7UJY10,DEVICE,0.98,EARBUD_INEAR,2,0,0,0,0,taxonomy_device=2,Bluetooth Wireless Audio Headphones with Built in Mic for Phone Calls and Web Chats.,Westinghouse,Earbud Headphones,Headphones & Earbuds,77,DEVICE,EARBUD_INEAR,标题描述可独立使用的完整耳机/耳塞设备，细分类目为 Earbud Headphones；判为 DEVICE；形态依据：细分类目为 Earbud Headphones。
B088M68HFK,DEVICE,0.985,EARBUD_INEAR,2,0,3,1,1,taxonomy_device=2;title_device=3;title_accessory=1;conflict,"Wireless Earbuds, HSPRO Bluetooth Earbuds Touch Control in-Ear True Wireless Bluetooth Headphones, 20 Hrs Playtime with Charging Case, Hi-Fi Stereo Earbuds with Built-in Mic for Sports Work, White",Hspro,Earbud Headphones,Headphones & Earbuds,14443,DEVICE,EARBUD_INEAR,标题主体是完整耳机，后列保护壳/线缆/支架等随附配件（套装不改变主体标签）；判为 DEVICE；形态依据：标题含耳塞/入耳/开放式耳戴设备词，且其主体线索早于头戴式描述。
B072WT838T,AMBIGUOUS,0.5,NOT_APPLICABLE,0,0,0,0,0,insufficient_evidence,"Samsung Galaxy S8 Case 5.8 inch Dual Layer Hard Armor Cases, Card Slot Holder Wallet Case with Kickstand, Blue",Eclipse Legend,Headphones & Earbuds,Headphones & Earbuds,11,ACCESSORY,NOT_APPLICABLE,标题明确为保护壳/收纳配件，不是可独立使用的完整耳机；结合标题的兼容/替换关系判定；判为 ACCESSORY。 原自动标签为 AMBIGUOUS，本次以商品主体语义和类目复核后更正。
B0BNL5VP5F,ACCESSORY,0.995,NOT_APPLICABLE,0,2,0,2,0,taxonomy_accessory=2;title_accessory=2,"Aulumu A19 for AirPods Pro Case [2nd/1st Generation] with Lock, Full-Body Protective Tough Cover with Keychain Compatible with Apple Airpods Pro(2022/2019) Case for Men Women, Cool Design",Aulumu,Cases,Cases,42,ACCESSORY,NOT_APPLICABLE,标题明确为保护壳/收纳配件，不是可独立使用的完整耳机；细分类目 Cases 与此一致；判为 ACCESSORY。
B0BVZLQ7QW,DEVICE,0.98,EARBUD_INEAR,2,0,0,0,0,taxonomy_device=2,-,ANGIEHAIE,Earbud Headphones,Headphones & Earbuds,46,AMBIGUOUS,NOT_APPLICABLE,needs_review: 标题“-”未描述完整耳机或明确耳机配件，且与类目“Earbud Headphones”不一致/信息残缺；保留 AMBIGUOUS，不强行归类。 原自动标签为 DEVICE，本次以商品主体语义和类目复核后更正。
B0105VDCZ8,DEVICE,0.995,OVER_EAR,2,0,1,0,0,taxonomy_device=2;title_device=1,Bose QuietComfort 25 Acoustic Noise Cancelling Headphones for Apple devices - White (Wired 3.5mm),Bose,Over-Ear Headphones,Headphones & Earbuds,13731,DEVICE,OVER_EAR,标题描述可独立使用的完整耳机/耳塞设备，细分类目为 Over-Ear Headphones；判为 DEVICE；形态依据：细分类目为 Over-Ear Headphones。
B0B6F19V87,AMBIGUOUS,0.6,NOT_APPLICABLE,0,0,1,0,0,title_device=1,SplashNColor Cat Ear Headphone Super Cute Add Ons Attachment | Cat Ears Headphone Accessories for Gaming or Wireless Bluetooth Headset | Adjustable Straps - Universal Fit,splash n color,Headphones & Earbuds,Headphones & Earbuds,144,DEVICE,OVER_EAR,标题描述可独立使用的完整耳机/耳塞设备，并含连接、声学或供电功能信息；判为 DEVICE；形态依据：标题语义为带耳罩的游戏/办公/监听头戴式耳机。 原自动标签为 AMBIGUOUS，本次以商品主体语义和类目复核后更正。
B08W24RM1S,ACCESSORY,0.98,NOT_APPLICABLE,0,2,0,0,0,taxonomy_accessory=2,"Pizen BT35 Wireless Bluetooth Cable,Support aptX-HD/aptX/AAC,Silver Plated MMCX Cable Type C for Charging, 22H Playtime, with Mic,Special for HiFi/Audiophiles/Musicians",Pizen,Extension Cords,Extension Cords,1,ACCESSORY,NOT_APPLICABLE,标题明确为线缆/转接配件，不是可独立使用的完整耳机；细分类目 Extension Cords 与此一致；判为 ACCESSORY。
B082SY2YV7,ACCESSORY,0.995,NOT_APPLICABLE,0,2,0,1,0,taxonomy_accessory=2;title_accessory=1,"HALLEAST for Galaxy Buds Case Cover, Galaxy Buds+ Plus Carrying Case TPU Full Protective Skin with Keychain for Galaxy Buds Wireless 2019 2020 Earbuds Accessories, Black",HALLEAST,Cases,Cases,15776,ACCESSORY,NOT_APPLICABLE,标题明确为保护壳/收纳配件，不是可独立使用的完整耳机；细分类目 Cases 与此一致；判为 ACCESSORY。
B071HW5X3C,AMBIGUOUS,0.5,NOT_APPLICABLE,2,0,1,2,1,taxonomy_device=2;title_device=1;title_accessory=2;conflict,QearFun Stereo 3.5mm in Ear Cat Earphones Earbuds with Microphone with Earphone Storage Case for Smartphone MP3 iPod PC Music (Blue),QearFun,Earbud Headphones,Headphones & Earbuds,2911,DEVICE,EARBUD_INEAR,标题主体是完整耳机，后列保护壳/线缆/支架等随附配件（套装不改变主体标签）；判为 DEVICE；形态依据：标题含耳塞/入耳/开放式耳戴设备词，且其主体线索早于头戴式描述。 原自动标签为 AMBIGUOUS，本次以商品主体语义和类目复核后更正。
B09NQJB586,ACCESSORY,0.995,NOT_APPLICABLE,0,2,1,1,1,taxonomy_accessory=2;title_device=1;title_accessory=1;conflict,"HUTNUOY 2Pcs Bluetooth Earbuds Cleaning Pen, Cleaner Kit for Airpods Pro 3 in 1 Multi-fuction Earphone Brush for Charging Case Mobile Phone Camera",HUTNUOY,Cases,Cases,86,ACCESSORY,NOT_APPLICABLE,标题明确为保护壳/收纳配件，不是可独立使用的完整耳机；细分类目 Cases 与此一致；判为 ACCESSORY。
B07KM2BW2P,ACCESSORY,0.995,NOT_APPLICABLE,0,2,0,1,0,taxonomy_accessory=2;title_accessory=1,"Airpods Case, Music tracker Protective Thicken Airpods Cover Soft Silicone Chargeable Headphone Case with Anti-Lost Carabiner for Apple Airpods 1&2 Charging Case (Black)",Music tracker,Cases,Cases,20858,ACCESSORY,NOT_APPLICABLE,标题明确为保护壳/收纳配件，不是可独立使用的完整耳机；细分类目 Cases 与此一致；判为 ACCESSORY。
B000NHZOZG,AMBIGUOUS,0.6,NOT_APPLICABLE,0,0,1,0,0,title_device=1,Nokia BH-301-LT Bluetooth Headset,Nokia,Headphones & Earbuds,Headphones & Earbuds,2,DEVICE,EARBUD_INEAR,标题描述可独立使用的完整耳机/耳塞设备，并含连接、声学或供电功能信息；判为 DEVICE；形态依据：标题语义为手机用单耳/免提蓝牙耳机或有线耳麦。 原自动标签为 AMBIGUOUS，本次以商品主体语义和类目复核后更正。
B09576KDFW,AMBIGUOUS,0.6,NOT_APPLICABLE,2,0,1,1,1,taxonomy_device=2;title_device=1;title_accessory=1;conflict,"SGNics Wireless Earbuds for LG Stylo 6, Touch Control with Charging Case IPX5 Sweat-Proof TWS Stereo Earphones Hi-Fi Deep Bass Noise Cancellation Outdoor Indoor Sport-White",SGNics,Earbud Headphones,Headphones & Earbuds,43,DEVICE,EARBUD_INEAR,标题主体是完整耳机，后列保护壳/线缆/支架等随附配件（套装不改变主体标签）；判为 DEVICE；形态依据：标题含耳塞/入耳/开放式耳戴设备词，且其主体线索早于头戴式描述。 原自动标签为 AMBIGUOUS，本次以商品主体语义和类目复核后更正。
B087XVF858,AMBIGUOUS,0.6,NOT_APPLICABLE,2,0,1,1,1,taxonomy_device=2;title_device=1;title_accessory=1;conflict,Skinit Decal Audio Skin Compatible with Bose Noise Cancelling Headphones 700 - Skinit Originally Designed White Carbon Fiber Design,Skinit,Earbud Headphones,Headphones & Earbuds,2,ACCESSORY,NOT_APPLICABLE,标题明确为保护壳/收纳配件，不是可独立使用的完整耳机；结合标题的兼容/替换关系判定；判为 ACCESSORY。 原自动标签为 AMBIGUOUS，本次以商品主体语义和类目复核后更正。
B07Y545SQ9,ACCESSORY,0.995,NOT_APPLICABLE,0,2,0,2,0,taxonomy_accessory=2;title_accessory=2,"UGREEN Headphone Splitter 3.5mm Audio Stereo Y Splitter Extension Cable Male to Female Dual Headphone Jack Adapter for Earphone Headset Compatible with iPhone Samsung Tablet Laptop, White",UGREEN,Adapters,Adapters,22376,ACCESSORY,NOT_APPLICABLE,标题明确为线缆/转接配件，不是可独立使用的完整耳机；细分类目 Adapters 与此一致；判为 ACCESSORY。
B004R90HS0,AMBIGUOUS,0.5,NOT_APPLICABLE,0,0,0,0,0,insufficient_evidence,STRING SWING CRADLE FOR VIOLIN CC04V,String Swing,Headphones & Earbuds,Headphones & Earbuds,1,AMBIGUOUS,NOT_APPLICABLE,needs_review: 标题“STRING SWING CRADLE FOR VIOLIN CC04V”未描述完整耳机或明确耳机配件，且与类目“Headphones & Earbuds”不一致/信息残缺；保留 AMBIGUOUS，不强行归类。
B0872WMQW3,ACCESSORY,0.995,NOT_APPLICABLE,0,2,0,2,0,taxonomy_accessory=2;title_accessory=2,"AirPods Pro Case, KMMIN Protective Silicone Case Cover for AirPods 3rd Gen Shockproof Scratch-Resistant Unique Twill Texture AirPods Pro Accessories with Hook Anti-Lost Grips Lanyard Storage Case",KMMIN,Cases,Cases,526,ACCESSORY,NOT_APPLICABLE,标题明确为保护壳/收纳配件，不是可独立使用的完整耳机；细分类目 Cases 与此一致；判为 ACCESSORY。
B0BNZZ3PYK,DEVICE,0.995,EARBUD_INEAR,2,0,1,0,0,taxonomy_device=2;title_device=1,"Wireless Osteoconductive Bluetooth Headphones - Ear Hook Earbuds with Waterproof Sweat Proof/Co-nduction Open Timbre/Noise Reduction/Split Key & Non Ear Design, Suitable for Sports Business",MUMICO,Earbud Headphones,Headphones & Earbuds,2,DEVICE,EARBUD_INEAR,标题描述可独立使用的完整耳机/耳塞设备，细分类目为 Earbud Headphones；判为 DEVICE；形态依据：标题含耳塞/入耳/开放式耳戴设备词，且其主体线索早于头戴式描述。
B0C4T871PL,ACCESSORY,0.94,NOT_APPLICABLE,0,2,1,0,1,taxonomy_accessory=2;title_device=1;conflict,"SOULWIT Professional Earpads Cushions Replacement for Sony WH-1000XM3 (WH1000XM3) Over-Ear Headphones, Ear Pads with Softer Protein Leather, Noise Isolation Memory Foam, Added Thickness (Gold)",SOULWIT,Earpads,Earpads,298,ACCESSORY,NOT_APPLICABLE,标题明确为替换耳垫/耳罩，不是可独立使用的完整耳机；细分类目 Earpads 与此一致；判为 ACCESSORY。
B07S3ZY1HG,DEVICE,0.955,EARBUD_INEAR,2,0,2,1,1,taxonomy_device=2;title_device=2;title_accessory=1;conflict,"Purity True Wireless Earbuds with Immersive Sound, Bluetooth 5.0 Earphones in-Ear with Charging Case Easy-Pairing Stereo Calls/Built-in Microphones/IPX5 Sweatproof/Pumping Bass for Sports,Workout,Gym",Purity,Earbud Headphones,Headphones & Earbuds,32537,DEVICE,EARBUD_INEAR,标题主体是完整耳机，后列保护壳/线缆/支架等随附配件（套装不改变主体标签）；判为 DEVICE；形态依据：标题含耳塞/入耳/开放式耳戴设备词，且其主体线索早于头戴式描述。
B0BFJYCF5Q,AMBIGUOUS,0.5,NOT_APPLICABLE,2,0,1,2,1,taxonomy_device=2;title_device=1;title_accessory=2;conflict,Hoseili?2022new editionBluetooth Headphones?.Bluetooth 5.0 Earphones in-Ear Stereo Sound Microphone Mini Wireless Earbuds with Portable Charging Case for iOS Android PC. XGB17,Hoseili,Earbud Headphones,Headphones & Earbuds,14,DEVICE,EARBUD_INEAR,标题描述可独立使用的完整耳机/耳塞设备，细分类目为 Earbud Headphones；判为 DEVICE；形态依据：标题含耳塞/入耳/开放式耳戴设备词，且其主体线索早于头戴式描述。 原自动标签为 AMBIGUOUS，本次以商品主体语义和类目复核后更正。
B09LQGKZP8,ACCESSORY,0.995,NOT_APPLICABLE,0,2,1,2,1,taxonomy_accessory=2;title_device=1;title_accessory=2;conflict,"GVOEARS Replacement Ear Pads for Corsair HS70 Pro HS60 HS50, Durable Knitted Gaming Headset Noise Isolation Cushions (Grey)",G GVOEARS,Earpads,Earpads,95,ACCESSORY,NOT_APPLICABLE,标题明确为替换耳垫/耳罩，不是可独立使用的完整耳机；细分类目 Earpads 与此一致；判为 ACCESSORY。
B00PB6PHT2,AMBIGUOUS,0.5,NOT_APPLICABLE,0,0,0,0,0,insufficient_evidence,"Parrot Minikit Neo 2 HD - Voice controlled portable Bluetooth hands-free kit with HD Voice, Green",Parrot,Headphones & Earbuds,Headphones & Earbuds,7,AMBIGUOUS,NOT_APPLICABLE,"needs_review: 标题“Parrot Minikit Neo 2 HD - Voice controlled portable Bluetooth hands-free kit with HD Voice, Green”未描述完整耳机或明确耳机配件，且与类目“Headphones & Earbuds”不一致/信息残缺；保留 AMBIGUOUS，不强行归类。"
B093T1SFC5,AMBIGUOUS,0.6,NOT_APPLICABLE,2,0,1,1,1,taxonomy_device=2;title_device=1;title_accessory=1;conflict,"PHILIPS T3215 Wireless in-Ear Earbuds, TWS Bluetooth 5.1 Stereo Headphones, IPX4, Up to 24 (6+18) hrs of Playtime with USB-C Charging case - White (TAT3215WT)",Philips,Earbud Headphones,Headphones & Earbuds,187,DEVICE,EARBUD_INEAR,标题主体是完整耳机，后列保护壳/线缆/支架等随附配件（套装不改变主体标签）；判为 DEVICE；形态依据：标题含耳塞/入耳/开放式耳戴设备词，且其主体线索早于头戴式描述。 原自动标签为 AMBIGUOUS，本次以商品主体语义和类目复核后更正。
B006Y3RMOE,AMBIGUOUS,0.5,NOT_APPLICABLE,0,0,0,0,0,insufficient_evidence,Enhanced Bass Hi-Fi Noise Isolating Earphones,Lgp,Headphones & Earbuds,Headphones & Earbuds,5,DEVICE,EARBUD_INEAR,标题描述可独立使用的完整耳机/耳塞设备，并含连接、声学或供电功能信息；判为 DEVICE；形态依据：标题含耳塞/耳机式耳戴设备词，未出现相冲突的头戴形态描述。 原自动标签为 AMBIGUOUS，本次以商品主体语义和类目复核后更正。
B012VIWG28,ACCESSORY,0.995,NOT_APPLICABLE,0,2,1,1,1,taxonomy_accessory=2;title_device=1;title_accessory=1;conflict,"BRAINWAVZ Hengja - The Desk Headphone Stand Hanger Mount, All Metal, Rotatable Mount, PC & Gaming Headset Holder",BRAINWAVZ,Adapters,Adapters,4203,ACCESSORY,NOT_APPLICABLE,标题明确为支架/挂架，不是可独立使用的完整耳机；细分类目 Adapters 与此一致；判为 ACCESSORY。
B08S3H7Z72,ACCESSORY,0.94,NOT_APPLICABLE,0,2,1,0,1,taxonomy_accessory=2;title_device=1;conflict,Ear Pads Compatible with Corsair Virtuoso RGB Wireless SE Gaming Headset-Memory Foam Earcups Cushions Replacement (Black),YDYBZB,Earpads,Earpads,117,ACCESSORY,NOT_APPLICABLE,标题明确为替换耳垫/耳罩，不是可独立使用的完整耳机；细分类目 Earpads 与此一致；判为 ACCESSORY。
B01LN2W9E8,AMBIGUOUS,0.5,NOT_APPLICABLE,0,0,0,0,0,insufficient_evidence,Elrene Patriotic Fireworks Red White and Blue Printed Polyester Fabric Tablecloth (52 x 70 Rectangle/Oblong),BBITUOGG,Headphones & Earbuds,Headphones & Earbuds,1,AMBIGUOUS,NOT_APPLICABLE,needs_review: 标题“Elrene Patriotic Fireworks Red White and Blue Printed Polyester Fabric Tablecloth (52 x 70 Rectangle/Oblong)”未描述完整耳机或明确耳机配件，且与类目“Headphones & Earbuds”不一致/信息残缺；保留 AMBIGUOUS，不强行归类。
B00IZT3GRW,AMBIGUOUS,0.6,NOT_APPLICABLE,0,0,1,0,0,title_device=1,RockIt Sounds R-50M in-Ear Monitor Balanced Armature Earphones Earbuds with Microphone,RockIt Sounds,Headphones & Earbuds,Headphones & Earbuds,1,DEVICE,EARBUD_INEAR,标题主体是完整耳机，后列保护壳/线缆/支架等随附配件（套装不改变主体标签）；判为 DEVICE；形态依据：标题含耳塞/入耳/开放式耳戴设备词，且其主体线索早于头戴式描述。 原自动标签为 AMBIGUOUS，本次以商品主体语义和类目复核后更正。
B09YH38TX2,AMBIGUOUS,0.5,NOT_APPLICABLE,2,0,1,2,1,taxonomy_device=2;title_device=1;title_accessory=2;conflict,Eumspo Wireless Earbuds Bluetoth V5.1 Headphones 35H Playtime Stereo Sound in-Ear Bluetoth Earbuds IPX7 Waterproof Touch Control Wireless Headphones with Charging Case for Sports Workout Running,Eumspo,Earbud Headphones,Headphones & Earbuds,88,DEVICE,EARBUD_INEAR,标题主体是完整耳机，后列保护壳/线缆/支架等随附配件（套装不改变主体标签）；判为 DEVICE；形态依据：标题含耳塞/入耳/开放式耳戴设备词，且其主体线索早于头戴式描述。 原自动标签为 AMBIGUOUS，本次以商品主体语义和类目复核后更正。
B088GQM6XV,AMBIGUOUS,0.5,NOT_APPLICABLE,2,0,1,2,1,taxonomy_device=2;title_device=1;title_accessory=2;conflict,"AMORNO Wireless Earbuds Bluetooth 5.0, in-Ear Deep Bass Headphones,Volume Control,IPX7 SweatProof,CVC6.0 Noise Cancelling Earphones Dual Mic with Metallic Charging Case for Workout Sports",AMORNO,Earbud Headphones,Headphones & Earbuds,1047,DEVICE,EARBUD_INEAR,标题主体是完整耳机，后列保护壳/线缆/支架等随附配件（套装不改变主体标签）；判为 DEVICE；形态依据：标题含耳塞/入耳/开放式耳戴设备词，且其主体线索早于头戴式描述。 原自动标签为 AMBIGUOUS，本次以商品主体语义和类目复核后更正。
B00ZK3WC62,AMBIGUOUS,0.6,NOT_APPLICABLE,1,0,0,1,1,taxonomy_device=1;title_accessory=1;conflict,SHD 3.5mm Cable Aux Cable Right Angle 1/8 Stereo Audio Cable Auxiliary Cord for Car for Phone Gold Plated Step Down Design -1.5Feet 2Pack White,SHD,"Headphones, Earbuds & Accessories",,214,ACCESSORY,NOT_APPLICABLE,标题明确为线缆/转接配件，不是可独立使用的完整耳机；结合标题的兼容/替换关系判定；判为 ACCESSORY。 原自动标签为 AMBIGUOUS，本次以商品主体语义和类目复核后更正。
B07FNL4STM,DEVICE,0.98,OVER_EAR,2,0,0,0,0,taxonomy_device=2,"Audio-Technica ATH-M40x Professional Studio Monitor Headphone, Black, with Cutting Edge Engineering, 90 Degree Swiveling Earcups, Pro-grade Earpads/Headband, Detachable Cables Included",Audio-Technica,Over-Ear Headphones,Headphones & Earbuds,14651,DEVICE,OVER_EAR,标题主体是完整耳机，后列保护壳/线缆/支架等随附配件（套装不改变主体标签）；判为 DEVICE；形态依据：细分类目为 Over-Ear Headphones。
B000KU7YBI,AMBIGUOUS,0.5,NOT_APPLICABLE,0,0,0,0,0,insufficient_evidence,JOVERS (2-Pack) 3.5mm Headphone Jack Adapter Cable Adapter Xs Adapter XR Headphone Jack and More (iOS 10 / iOS 12)(White) Accessories,JOVERS,Headphones & Earbuds,Headphones & Earbuds,8,ACCESSORY,NOT_APPLICABLE,标题明确为线缆/转接配件，不是可独立使用的完整耳机；结合标题的兼容/替换关系判定；判为 ACCESSORY。 原自动标签为 AMBIGUOUS，本次以商品主体语义和类目复核后更正。
B09Q57DW44,AMBIGUOUS,0.6,NOT_APPLICABLE,2,0,1,1,1,taxonomy_device=2;title_device=1;title_accessory=1;conflict,"Wireless Earbud, Bluetoth 5.2 Headphones 2022 Bluetoth Earbud with HD Mic, Wireless Earphones in Ear Ear Buds with USB-C Charging Case, IP7 Waterproof Deep Bass, Dual LED, 40H Mini Headset for Sport",Bowost,Earbud Headphones,Headphones & Earbuds,547,DEVICE,EARBUD_INEAR,标题主体是完整耳机，后列保护壳/线缆/支架等随附配件（套装不改变主体标签）；判为 DEVICE；形态依据：标题含耳塞/入耳/开放式耳戴设备词，且其主体线索早于头戴式描述。 原自动标签为 AMBIGUOUS，本次以商品主体语义和类目复核后更正。
B07R5HS314,ACCESSORY,0.995,NOT_APPLICABLE,0,2,0,1,0,taxonomy_accessory=2;title_accessory=1,Coffea AirPods Case Cover with Keychain Compatible with Apple AirPods 2 for Man Wonen Girls White,COFFEA,Cases,Cases,3898,ACCESSORY,NOT_APPLICABLE,标题明确为保护壳/收纳配件，不是可独立使用的完整耳机；细分类目 Cases 与此一致；判为 ACCESSORY。
B01CHS5O94,AMBIGUOUS,0.5,NOT_APPLICABLE,0,0,0,0,0,insufficient_evidence,Honor Engine Earphone for Honor 5X and Smart Phones- Pink,HUAWEI,Headphones & Earbuds,Headphones & Earbuds,38,DEVICE,EARBUD_INEAR,标题描述可独立使用的完整耳机/耳塞设备，并含连接、声学或供电功能信息；判为 DEVICE；形态依据：标题含耳塞/耳机式耳戴设备词，未出现相冲突的头戴形态描述。 原自动标签为 AMBIGUOUS，本次以商品主体语义和类目复核后更正。
B001FF944W,AMBIGUOUS,0.5,NOT_APPLICABLE,0,0,0,0,0,insufficient_evidence,Motorola 89237N Motorola H620 - Headset ( over-the-ear ) - wireless - Bluetooth 2.0 - black - 1 Pack - Case - Carrier Packaging - Neutral,Motorola,Headphones & Earbuds,Headphones & Earbuds,62,DEVICE,OVER_EAR,标题描述可独立使用的完整耳机/耳塞设备，并含连接、声学或供电功能信息；判为 DEVICE；形态依据：标题明确为 over-ear/around-ear/full-size，且该形态是最先出现的主体描述。 原自动标签为 AMBIGUOUS，本次以商品主体语义和类目复核后更正。
B00UKEMG44,DEVICE,0.995,EARBUD_INEAR,2,0,1,0,0,taxonomy_device=2;title_device=1,"Hello Kitty 32109-BL-TRU Bling Headphone with Mic, Cheetah Print",Sakar,Earbud Headphones,Headphones & Earbuds,1,DEVICE,EARBUD_INEAR,标题描述可独立使用的完整耳机/耳塞设备，细分类目为 Earbud Headphones；判为 DEVICE；形态依据：细分类目为 Earbud Headphones。
B08XJZ1F9C,DEVICE,0.955,EARBUD_INEAR,2,0,2,1,1,taxonomy_device=2;title_device=2;title_accessory=1;conflict,AMZANE Wireless Earbuds Bluetooth Headphones with Wireless Charging Case and LED Digital Display Bluetooth 5.1 HD Bass Sound Earphones Touch Control Built-in Mic Headsets 35Hrs Playtime for Sport Work,AMZANE,Earbud Headphones,Headphones & Earbuds,33,DEVICE,EARBUD_INEAR,标题主体是完整耳机，后列保护壳/线缆/支架等随附配件（套装不改变主体标签）；判为 DEVICE；形态依据：标题含耳塞/入耳/开放式耳戴设备词，且其主体线索早于头戴式描述。
B002UI2DSW,AMBIGUOUS,0.5,NOT_APPLICABLE,0,0,0,0,0,insufficient_evidence,BlackBerry Noise Isolating Handsfree Stereo Headset Earphones for Alltel BlackBerry Tour 9630,BlackBerry,Headphones & Earbuds,Headphones & Earbuds,2,DEVICE,EARBUD_INEAR,标题描述可独立使用的完整耳机/耳塞设备，并含连接、声学或供电功能信息；判为 DEVICE；形态依据：标题含耳塞/耳机式耳戴设备词，未出现相冲突的头戴形态描述。 原自动标签为 AMBIGUOUS，本次以商品主体语义和类目复核后更正。
B082261JRD,DEVICE,0.98,EARBUD_INEAR,2,0,0,0,0,taxonomy_device=2,"MightySkins Carbon Fiber Skin for Apple Airpods Pro - Black Diamond Plate | Textured Carbon Fiber Finish | Easy to Apply, Remove, and Change Styles | Made in The USA (CF-APAIPOPR-Black Diamond Plate)",MIGHTY SKINS,Earbud Headphones,Headphones & Earbuds,12,ACCESSORY,NOT_APPLICABLE,标题明确为保护壳/收纳配件，不是可独立使用的完整耳机；结合标题的兼容/替换关系判定；判为 ACCESSORY。 原自动标签为 DEVICE，本次以商品主体语义和类目复核后更正。
B07T9JL5Y1,ACCESSORY,0.995,NOT_APPLICABLE,0,2,0,1,0,taxonomy_accessory=2;title_accessory=1,"CTYBB for Airpod Case,Silicone Airpods Case Cover with Fur Ball Keychain Compatible with Apple Airpods 2/1 (Front LED Visible) Red",CTYBB,Cases,Cases,24856,ACCESSORY,NOT_APPLICABLE,标题明确为保护壳/收纳配件，不是可独立使用的完整耳机；细分类目 Cases 与此一致；判为 ACCESSORY。
B0BWRQZKDZ,ACCESSORY,0.995,NOT_APPLICABLE,0,2,0,1,0,taxonomy_accessory=2;title_accessory=1,"Compatible for AirPods Pro Charging Case Replacement, Compatible for Wireless AirPods Pro Charger Case with Bluetooth Pairing Sync Button",Vape Accessories,Cases,Cases,35,ACCESSORY,NOT_APPLICABLE,标题明确为保护壳/收纳配件，不是可独立使用的完整耳机；细分类目 Cases 与此一致；判为 ACCESSORY。
B0C23S2B6P,DEVICE,0.955,EARBUD_INEAR,2,0,2,1,1,taxonomy_device=2;title_device=2;title_accessory=1;conflict,Bluetooth Headphones Wireless Earbuds 4 Mics Clear Call with Wireless Charging Case LED Power Display Lightweight Stereo Earphones in Ear Buds 32H Playtime for iPhone Android iOS Cell Phones TV Sport,Votlik,Earbud Headphones,Headphones & Earbuds,27,DEVICE,EARBUD_INEAR,标题主体是完整耳机，后列保护壳/线缆/支架等随附配件（套装不改变主体标签）；判为 DEVICE；形态依据：标题含耳塞/入耳/开放式耳戴设备词，且其主体线索早于头戴式描述。
B004QIWY60,AMBIGUOUS,0.6,NOT_APPLICABLE,0,0,1,0,0,title_device=1,Aliph Jawbone ICON the ACE Series Bluetooth Headset [Bulk Packaged],Jawbone,Headphones & Earbuds,Headphones & Earbuds,22,DEVICE,EARBUD_INEAR,标题描述可独立使用的完整耳机/耳塞设备，并含连接、声学或供电功能信息；判为 DEVICE；形态依据：标题语义为手机用单耳/免提蓝牙耳机或有线耳麦。 原自动标签为 AMBIGUOUS，本次以商品主体语义和类目复核后更正。
B07MC75BD4,ACCESSORY,0.995,NOT_APPLICABLE,0,2,0,1,0,taxonomy_accessory=2;title_accessory=1,"Airpods Case, Music tracker Protective Thicken Airpods Cover Soft Silicone Chargeable Headphone Case with Anti-Lost Carabiner for Apple Airpods 1&2 Charging Case (Khaki)",Music tracker,Cases,Cases,20856,ACCESSORY,NOT_APPLICABLE,标题明确为保护壳/收纳配件，不是可独立使用的完整耳机；细分类目 Cases 与此一致；判为 ACCESSORY。
B001CR82LO,DEVICE,0.995,EARBUD_INEAR,2,0,1,0,0,taxonomy_device=2;title_device=1,Jabra BT4010 Bluetooth Headset,Jabra,Earbud Headphones,Headphones & Earbuds,8,DEVICE,EARBUD_INEAR,标题描述可独立使用的完整耳机/耳塞设备，细分类目为 Earbud Headphones；判为 DEVICE；形态依据：细分类目为 Earbud Headphones。
B07JFW2X3W,ACCESSORY,0.94,NOT_APPLICABLE,0,2,1,0,1,taxonomy_accessory=2;title_device=1;conflict,Solo2 Headband Replacement Top Headband Repair Parts Compatible for Beats Solo 3.0 Wireless Solo 2.0 Wireless Over-Ear Headphones (Black),Learsoon,Earpads,Earpads,5,ACCESSORY,NOT_APPLICABLE,标题主体是替换件、线缆/收纳件、蓝牙接收件、头盔扬声器套件或手机外接听筒，并非完整耳机；判为 ACCESSORY。
B08BY81C41,ACCESSORY,0.995,NOT_APPLICABLE,0,2,0,1,0,taxonomy_accessory=2;title_accessory=1,"AirPods Pro Case, Full-Body Rugged Protective Cover, Resilient Shock Absorption Design, Durable Smooth Skin Case with Keychain for AirPod Pro 2019 - Military Green",amBand,Cases,Cases,15660,ACCESSORY,NOT_APPLICABLE,标题明确为保护壳/收纳配件，不是可独立使用的完整耳机；细分类目 Cases 与此一致；判为 ACCESSORY。
B08Y8XQK3B,ACCESSORY,0.995,NOT_APPLICABLE,0,2,1,3,1,taxonomy_accessory=2;title_device=1;title_accessory=3;conflict,Kourpar Headband Canopy Cover for AirPods Max Top Pad Sleeve Ear Cushion Protective Cover Compatible with Apple Over-Ear Headphone Earpads Accessory Protector Frame Wrapped Skin Soft Silicone Green,Kourpar,Earpads,Earpads,2,ACCESSORY,NOT_APPLICABLE,标题明确为替换耳垫/耳罩，不是可独立使用的完整耳机；细分类目 Earpads 与此一致；判为 ACCESSORY。
B01L72MR3M,ACCESSORY,0.98,NOT_APPLICABLE,0,2,0,0,0,taxonomy_accessory=2,Ownsig Silicone Cosmetic Bag Jelly Color Can Used For Cellphone Coin Purses Bag Small Size Have Cute Shape Pink,Runahaa,Adapters,Adapters,4,ACCESSORY,NOT_APPLICABLE,标题明确为线缆/转接配件，不是可独立使用的完整耳机；细分类目 Adapters 与此一致；判为 ACCESSORY。
B077HZQKLJ,DEVICE,0.98,OVER_EAR,2,0,0,0,0,taxonomy_device=2,SteeNF Wired Stereo Deep Bass Wired Headphones Fashion for Kids or Adults (Black),BBDGO,Over-Ear Headphones,Headphones & Earbuds,5,DEVICE,OVER_EAR,标题描述可独立使用的完整耳机/耳塞设备，细分类目为 Over-Ear Headphones；判为 DEVICE；形态依据：细分类目为 Over-Ear Headphones。
B00ERLB5Z2,ACCESSORY,0.98,NOT_APPLICABLE,0,2,0,0,0,taxonomy_accessory=2,Goodies Replacement Grey rubber cushion pad parts for Dr. Dre Solo HD Headphones,Goodies,Earpads,Earpads,11,ACCESSORY,NOT_APPLICABLE,标题主体是替换件、线缆/收纳件、蓝牙接收件、头盔扬声器套件或手机外接听筒，并非完整耳机；判为 ACCESSORY。
B0BQ36R2BG,ACCESSORY,0.995,NOT_APPLICABLE,0,2,0,1,0,taxonomy_accessory=2;title_accessory=1,"Valkit Compatible Airpods Pro 2 Case Clear with Lock, Shockproof AirPods Pro 2nd/1st Generation Case Soft Transparent Protective Cover with Lanyard iPods Pro 2 Skin for Airpods Pro 2nd/1st Gen",valkit,Cases,Cases,2,ACCESSORY,NOT_APPLICABLE,标题明确为保护壳/收纳配件，不是可独立使用的完整耳机；细分类目 Cases 与此一致；判为 ACCESSORY。
B00L1SC9XQ,AMBIGUOUS,0.5,NOT_APPLICABLE,0,0,0,0,0,insufficient_evidence,"Decibullz - Custom Molded Earphone Adapters (100-PNK, Pink)",Decibullz,Headphones & Earbuds,Headphones & Earbuds,385,ACCESSORY,NOT_APPLICABLE,标题明确为耳机配件，不是可独立使用的完整耳机；结合标题的兼容/替换关系判定；判为 ACCESSORY。 原自动标签为 AMBIGUOUS，本次以商品主体语义和类目复核后更正。
B07TZHNN92,DEVICE,0.995,EARBUD_INEAR,2,0,2,0,0,taxonomy_device=2;title_device=2,"Xiaomi TWSEJ04LS Redmi Airdots Earphones, Bluetooth, Sweatproof, True Wireless Earbuds, Global Version - Black, Small",Xiaomi,Earbud Headphones,Headphones & Earbuds,16203,DEVICE,EARBUD_INEAR,标题描述可独立使用的完整耳机/耳塞设备，细分类目为 Earbud Headphones；判为 DEVICE；形态依据：标题含耳塞/入耳/开放式耳戴设备词，且其主体线索早于头戴式描述。
B08QTLXPQN,DEVICE,0.955,EARBUD_INEAR,2,0,2,1,1,taxonomy_device=2;title_device=2;title_accessory=1;conflict,Meizu POP 2S True Wireless Earbuds Bluetooth 5.0 in-Ear Sports Earphone Headphones Touch Control with Wireless Charging Case,Meizu,Earbud Headphones,Headphones & Earbuds,35,DEVICE,EARBUD_INEAR,标题主体是完整耳机，后列保护壳/线缆/支架等随附配件（套装不改变主体标签）；判为 DEVICE；形态依据：标题含耳塞/入耳/开放式耳戴设备词，且其主体线索早于头戴式描述。
B07GJBF112,ACCESSORY,0.98,NOT_APPLICABLE,0,2,0,0,0,taxonomy_accessory=2,"iPhone X 8 7 Headphones Jack Adapter, Jiaygan 2-1 Audio and Charger Headphone Jack Aux Adapter Connector Support iOS 11 iOS12",NiceFuse,Adapters,Adapters,1,ACCESSORY,NOT_APPLICABLE,标题明确为线缆/转接配件，不是可独立使用的完整耳机；细分类目 Adapters 与此一致；判为 ACCESSORY。
B09Z9HKKVG,AMBIGUOUS,0.6,NOT_APPLICABLE,2,0,1,1,1,taxonomy_device=2;title_device=1;title_accessory=1;conflict,"Wireless Earbuds, Mini Bluetooth 5.0 Earphones with Charging Case,IPX5 Waterproof, in-Ear Built-in Mic Headset Deep Bass Stereo for Sport Running 30",Xuujovr,Earbud Headphones,Headphones & Earbuds,2,DEVICE,EARBUD_INEAR,标题主体是完整耳机，后列保护壳/线缆/支架等随附配件（套装不改变主体标签）；判为 DEVICE；形态依据：标题含耳塞/入耳/开放式耳戴设备词，且其主体线索早于头戴式描述。 原自动标签为 AMBIGUOUS，本次以商品主体语义和类目复核后更正。
B004PLVROS,ACCESSORY,0.98,NOT_APPLICABLE,0,2,0,0,0,taxonomy_accessory=2,"Deerma Headphone Jack Adapter, 3.5 Mm dongle Earphone",Deerma,Adapters,Adapters,25,ACCESSORY,NOT_APPLICABLE,标题明确为线缆/转接配件，不是可独立使用的完整耳机；细分类目 Adapters 与此一致；判为 ACCESSORY。
B00MSSDV5I,AMBIGUOUS,0.6,NOT_APPLICABLE,1,0,0,1,1,taxonomy_device=1;title_accessory=1;conflict,6.35/3.5mm to 22.5mm Replacement Cable for B&W Bowers & Wilkins P3 Headphones 1.5m,P3-2,"Headphones, Earbuds & Accessories",,17,ACCESSORY,NOT_APPLICABLE,标题明确为线缆/转接配件，不是可独立使用的完整耳机；结合标题的兼容/替换关系判定；判为 ACCESSORY。 原自动标签为 AMBIGUOUS，本次以商品主体语义和类目复核后更正。
B07Y8QNV3Z,AMBIGUOUS,0.6,NOT_APPLICABLE,2,0,0,1,1,taxonomy_device=2;title_accessory=1;conflict,"Wireless Headset Sports Compatible with Motorola Moto Z4, Earphones Hands-Free Mic Neckband Headphones Earbuds Hi-Fi Sound for Moto Z4 Phone Model",NISMobile,Earbud Headphones,Headphones & Earbuds,5,DEVICE,EARBUD_INEAR,标题描述可独立使用的完整耳机/耳塞设备，细分类目为 Earbud Headphones；判为 DEVICE；形态依据：标题含耳塞/入耳/开放式耳戴设备词，且其主体线索早于头戴式描述。 原自动标签为 AMBIGUOUS，本次以商品主体语义和类目复核后更正。
B08GPKN6VD,AMBIGUOUS,0.6,NOT_APPLICABLE,0,0,0,1,0,title_accessory=1,Sonim - Klein 3.5mm Adapter for XP5s and XP8 (Packaged),Sonim,Headphones & Earbuds,Headphones & Earbuds,18,ACCESSORY,NOT_APPLICABLE,标题明确为线缆/转接配件，不是可独立使用的完整耳机；结合标题的兼容/替换关系判定；判为 ACCESSORY。 原自动标签为 AMBIGUOUS，本次以商品主体语义和类目复核后更正。
B094QWP6LD,AMBIGUOUS,0.6,NOT_APPLICABLE,2,0,1,1,1,taxonomy_device=2;title_device=1;title_accessory=1;conflict,"OKYUK IP68 Waterproof Earbuds for Swimming Shower Bath Driving Sauna, Bluetooth 5.0 Wireless Earbuds with Wireless Charging Case, Premium Deep Bass Earphones in Ear Headset Built-in Mic for Sport/Gym",OKYUK,Earbud Headphones,Headphones & Earbuds,70,DEVICE,EARBUD_INEAR,标题主体是完整耳机，后列保护壳/线缆/支架等随附配件（套装不改变主体标签）；判为 DEVICE；形态依据：标题含耳塞/入耳/开放式耳戴设备词，且其主体线索早于头戴式描述。 原自动标签为 AMBIGUOUS，本次以商品主体语义和类目复核后更正。
B008B9901W,AMBIGUOUS,0.5,NOT_APPLICABLE,0,0,0,0,0,insufficient_evidence,Hype Comfort Plus Earbud Stereo Headphones w/3.5mm Jack (Green),Hype,Headphones & Earbuds,Headphones & Earbuds,7,DEVICE,EARBUD_INEAR,标题描述可独立使用的完整耳机/耳塞设备，并含连接、声学或供电功能信息；判为 DEVICE；形态依据：标题含耳塞/入耳/开放式耳戴设备词，且其主体线索早于头戴式描述。 原自动标签为 AMBIGUOUS，本次以商品主体语义和类目复核后更正。
B08YY63JS1,DEVICE,0.985,EARBUD_INEAR,2,0,3,1,1,taxonomy_device=2;title_device=3;title_accessory=1;conflict,"COWON Gala - Hybrid Active Noise Cancelling Bluetooth 5.2, True Wireless Earbuds with Wireless Charging Case, IPX4, One-Touch Change Mode, Built in 3 Microphones, Auto Pairing (Red Black)",COWON,Earbud Headphones,Headphones & Earbuds,18,DEVICE,EARBUD_INEAR,标题主体是完整耳机，后列保护壳/线缆/支架等随附配件（套装不改变主体标签）；判为 DEVICE；形态依据：标题含耳塞/入耳/开放式耳戴设备词，且其主体线索早于头戴式描述。
B09Q3D2WS2,AMBIGUOUS,0.6,NOT_APPLICABLE,2,0,1,1,1,taxonomy_device=2;title_device=1;title_accessory=1;conflict,"QCY T17 Ear Buds Wireless Bluetooth Earbuds with Charging Case Waterproof Stereo Headphones in Ear Built in Mic Headset Touch Control Premium Sound for iPhone Android, Black",QCY,Earbud Headphones,Headphones & Earbuds,1996,DEVICE,EARBUD_INEAR,标题主体是完整耳机，后列保护壳/线缆/支架等随附配件（套装不改变主体标签）；判为 DEVICE；形态依据：标题含耳塞/入耳/开放式耳戴设备词，且其主体线索早于头戴式描述。 原自动标签为 AMBIGUOUS，本次以商品主体语义和类目复核后更正。
B07N653J42,AMBIGUOUS,0.6,NOT_APPLICABLE,2,0,1,1,1,taxonomy_device=2;title_device=1;title_accessory=1;conflict,RevoNext Ear Monitors Musicians Colourful Noise Cancelling Earbuds RX8S IEM Earphones Dynamic Triple Driver with a Silicone Storage Case Sport Earphones Running Earbuds,RevoNext,Earbud Headphones,Headphones & Earbuds,43,DEVICE,EARBUD_INEAR,标题主体是完整耳机，后列保护壳/线缆/支架等随附配件（套装不改变主体标签）；判为 DEVICE；形态依据：标题含耳塞/入耳/开放式耳戴设备词，且其主体线索早于头戴式描述。 原自动标签为 AMBIGUOUS，本次以商品主体语义和类目复核后更正。
B0BSGWJ6MX,DEVICE,0.98,EARBUD_INEAR,2,0,0,0,0,taxonomy_device=2,"Wireless Ear Clip Bone Conduction Headphones, 2023 Upgrade Open Ear Headphones Wireless Bluetooth, Bone Conduction Headphones Bluetooth Earphones for Running, Sports, Cycling (Khaki power display)",BNGXR,Earbud Headphones,Headphones & Earbuds,374,DEVICE,EARBUD_INEAR,标题描述可独立使用的完整耳机/耳塞设备，细分类目为 Earbud Headphones；判为 DEVICE；形态依据：标题含耳塞/入耳/开放式耳戴设备词，且其主体线索早于头戴式描述。
B0B6Z5LXT4,ACCESSORY,0.995,NOT_APPLICABLE,0,2,1,2,1,taxonomy_accessory=2;title_device=1;title_accessory=2;conflict,"Memory Foam Replacement Premium Ear Tips for Apple Airpods Pro Wireless Earbuds, Ultra-Comfort, Noise Reduction, Anti-Slip Eartips, Fit in The Charging Case, Easy Install, 3-Paris Mixed Sizes",FRAMONICS,Earpads,Earpads,835,ACCESSORY,NOT_APPLICABLE,标题明确为替换耳垫/耳罩，不是可独立使用的完整耳机；细分类目 Earpads 与此一致；判为 ACCESSORY。
B0BTVNDPQ2,DEVICE,0.955,EARBUD_INEAR,2,0,2,1,1,taxonomy_device=2;title_device=2;title_accessory=1;conflict,"Purada Waterproof Bluetooth 5.3 True Wireless Earbuds, Touch Control,30H Cyclic Playtime TWS Headphones with Charging Case and mic, in-Ear Stereo",Purada,Earbud Headphones,Headphones & Earbuds,193,DEVICE,EARBUD_INEAR,标题主体是完整耳机，后列保护壳/线缆/支架等随附配件（套装不改变主体标签）；判为 DEVICE；形态依据：标题含耳塞/入耳/开放式耳戴设备词，且其主体线索早于头戴式描述。
B07N4LZVMB,AMBIGUOUS,0.6,NOT_APPLICABLE,2,0,1,1,1,taxonomy_device=2;title_device=1;title_accessory=1;conflict,AMORNO Wireless Earbuds Replacement Charging case (Gold),AMORNO,Earbud Headphones,Headphones & Earbuds,34,DEVICE,EARBUD_INEAR,标题描述可独立使用的完整耳机/耳塞设备，细分类目为 Earbud Headphones；判为 DEVICE；形态依据：标题含耳塞/入耳/开放式耳戴设备词，且其主体线索早于头戴式描述。 原自动标签为 AMBIGUOUS，本次以商品主体语义和类目复核后更正。
B004M8SAJ4,DEVICE,0.98,EARBUD_INEAR,2,0,0,0,0,taxonomy_device=2,"JVC HAFX1X Headphone Xtreme-Xplosivs, Black, Red",JVC,Earbud Headphones,Headphones & Earbuds,11910,DEVICE,EARBUD_INEAR,标题描述可独立使用的完整耳机/耳塞设备，细分类目为 Earbud Headphones；判为 DEVICE；形态依据：细分类目为 Earbud Headphones。
B095J3HLGN,DEVICE,0.995,ON_EAR,2,0,1,0,0,taxonomy_device=2;title_device=1,JBL Tune 510BT: Wireless On-Ear Headphones with Purebass Sound - Black,JBL,On-Ear Headphones,Headphones & Earbuds,32038,DEVICE,ON_EAR,标题描述可独立使用的完整耳机/耳塞设备，细分类目为 On-Ear Headphones；判为 DEVICE；形态依据：标题明确为 on-ear/supra-aural，或该形态是最先出现的主体描述。
B01GDVT3BG,AMBIGUOUS,0.5,NOT_APPLICABLE,0,0,0,0,0,insufficient_evidence,Stereo Music Headphones Ear Clip For LG G3 D858 H778 AKA G Flex 2 with Mic & Remote Control Microphone Wired Earpods Ear Hooks,Generic,Headphones & Earbuds,Headphones & Earbuds,2,DEVICE,EARBUD_INEAR,标题描述可独立使用的完整耳机/耳塞设备，并含连接、声学或供电功能信息；判为 DEVICE；形态依据：标题含耳塞/入耳/开放式耳戴设备词，且其主体线索早于头戴式描述。 原自动标签为 AMBIGUOUS，本次以商品主体语义和类目复核后更正。
B0B17CZHN4,DEVICE,0.995,EARBUD_INEAR,2,0,1,0,0,taxonomy_device=2;title_device=1,Wired Earbuds Noise Isolating In-Ear Headphones Earphones with Mic Volume Control 3.5mm Plug for Sports Workout Compatible with Cell Phones Android Samsung Galaxy Moto Tablets Laptops Computer (White),Tangostu,Earbud Headphones,Headphones & Earbuds,209,DEVICE,EARBUD_INEAR,标题描述可独立使用的完整耳机/耳塞设备，细分类目为 Earbud Headphones；判为 DEVICE；形态依据：标题含耳塞/入耳/开放式耳戴设备词，且其主体线索早于头戴式描述。
B009IKCHYU,DEVICE,0.995,EARBUD_INEAR,2,0,2,0,0,taxonomy_device=2;title_device=2,JBL J22i High-Performance In-Ear Headphones with Microphone - White,JBL,Earbud Headphones,Headphones & Earbuds,147,DEVICE,EARBUD_INEAR,标题主体是完整耳机，后列保护壳/线缆/支架等随附配件（套装不改变主体标签）；判为 DEVICE；形态依据：标题含耳塞/入耳/开放式耳戴设备词，且其主体线索早于头戴式描述。
B07MWHVRGY,ACCESSORY,0.98,NOT_APPLICABLE,0,2,0,0,0,taxonomy_accessory=2,"Hide & Drink, Leather Owl Earphone Wrap/Cord Organizer/Holder/Earbud/Cord Keeper, Handmade :: Bourbon Brown",Hide & Drink,Cases,Cases,9,ACCESSORY,NOT_APPLICABLE,标题明确为保护壳/收纳配件，不是可独立使用的完整耳机；细分类目 Cases 与此一致；判为 ACCESSORY。
B0CCRFYPDW,AMBIGUOUS,0.6,NOT_APPLICABLE,2,0,1,1,1,taxonomy_device=2;title_device=1;title_accessory=1;conflict,Xyxxmfxl Wireless Earbuds Bluetooth 5.3 Immersive Stereo Long Playtime with Charging Case IPX7 Waterproof Ergonomic Design with Mic Noise Reduction for iPhone/Android,Xyxxmfxl,Earbud Headphones,Headphones & Earbuds,2,DEVICE,EARBUD_INEAR,标题主体是完整耳机，后列保护壳/线缆/支架等随附配件（套装不改变主体标签）；判为 DEVICE；形态依据：标题含耳塞/入耳/开放式耳戴设备词，且其主体线索早于头戴式描述。 原自动标签为 AMBIGUOUS，本次以商品主体语义和类目复核后更正。
B07BQVGQFH,AMBIGUOUS,0.6,NOT_APPLICABLE,2,0,0,1,1,taxonomy_device=2;title_accessory=1;conflict,"elago® E502M Control Talk in-Ear Earphones-Carrying Case Included (Compatible with iPhone 6/6+,5/5S,4/4S,Galaxy. Control-Talk with Built in Microphone)-[Dark Grey/Jean Indigo]",elago,Earbud Headphones,Headphones & Earbuds,14,DEVICE,EARBUD_INEAR,标题描述可独立使用的完整耳机/耳塞设备，细分类目为 Earbud Headphones；判为 DEVICE；形态依据：标题含耳塞/入耳/开放式耳戴设备词，且其主体线索早于头戴式描述。 原自动标签为 AMBIGUOUS，本次以商品主体语义和类目复核后更正。
B08DBDSVBC,DEVICE,0.995,OVER_EAR,2,0,1,0,0,taxonomy_device=2;title_device=1,"Sony WH-1000XM4 Wireless Premium Noise Canceling Overhead Headphones with Mic for Phone-Call and Alexa Voice Control, Midnight Blue WH1000XM4",Sony,Over-Ear Headphones,Headphones & Earbuds,49487,DEVICE,OVER_EAR,标题描述可独立使用的完整耳机/耳塞设备，细分类目为 Over-Ear Headphones；判为 DEVICE；形态依据：细分类目为 Over-Ear Headphones。
B005T8JMFC,DEVICE,0.98,ON_EAR,2,0,0,0,0,taxonomy_device=2,iFrogz Frequency Headphones,iFrogz,On-Ear Headphones,Headphones & Earbuds,2,DEVICE,ON_EAR,标题描述可独立使用的完整耳机/耳塞设备，细分类目为 On-Ear Headphones；判为 DEVICE；形态依据：细分类目为 On-Ear Headphones。
B00U7W2HCK,ACCESSORY,0.995,NOT_APPLICABLE,0,2,0,1,0,taxonomy_accessory=2;title_accessory=1,Sound World Solutions CS10CS50 Replacement Ear Tips Medium,Sound World Solutions,Earpads,Earpads,3,ACCESSORY,NOT_APPLICABLE,标题明确为替换耳垫/耳罩，不是可独立使用的完整耳机；细分类目 Earpads 与此一致；判为 ACCESSORY。
B0190ILXOE,AMBIGUOUS,0.5,NOT_APPLICABLE,0,0,0,0,0,insufficient_evidence,Cassette Player 888,Reshow,Headphones & Earbuds,Headphones & Earbuds,71,AMBIGUOUS,NOT_APPLICABLE,needs_review: 标题“Cassette Player 888”未描述完整耳机或明确耳机配件，且与类目“Headphones & Earbuds”不一致/信息残缺；保留 AMBIGUOUS，不强行归类。
B0012C65FE,DEVICE,0.995,EARBUD_INEAR,2,0,1,0,0,taxonomy_device=2;title_device=1,Iqua Bluetooth Headset - White,iqua,Earbud Headphones,Headphones & Earbuds,1,DEVICE,EARBUD_INEAR,标题描述可独立使用的完整耳机/耳塞设备，细分类目为 Earbud Headphones；判为 DEVICE；形态依据：细分类目为 Earbud Headphones。
B003Y7OJJO,AMBIGUOUS,0.5,NOT_APPLICABLE,0,0,0,0,0,insufficient_evidence,OEM RIM Blackberry Curve 8520 STEREO Handsfree Headset w/Microphone + On/Off Switch,,Headphones & Earbuds,Headphones & Earbuds,5,DEVICE,EARBUD_INEAR,标题描述可独立使用的完整耳机/耳塞设备，并含连接、声学或供电功能信息；判为 DEVICE；形态依据：标题语义为手机用单耳/免提蓝牙耳机或有线耳麦。 原自动标签为 AMBIGUOUS，本次以商品主体语义和类目复核后更正。
B097QV3VN9,ACCESSORY,0.995,NOT_APPLICABLE,0,2,0,2,0,taxonomy_accessory=2;title_accessory=2,"Maxjoy Compatible AirPods Case Cover, Red Cloud Cool Air Pod 2 Cute Case Hard Shell with Keychain Protective Shockproof Cover Compatible with Apple AirPods Charging Case 2&1, Red + Black",Maxjoy,Cases,Cases,11674,ACCESSORY,NOT_APPLICABLE,标题明确为保护壳/收纳配件，不是可独立使用的完整耳机；细分类目 Cases 与此一致；判为 ACCESSORY。
B075K7Z2QK,AMBIGUOUS,0.6,NOT_APPLICABLE,2,0,1,1,1,taxonomy_device=2;title_device=1;title_accessory=1;conflict,"TUSAZU Headphones In-Ear Earbuds Earphones, 3.5mm Metal Housing Best Wired Bass Stereo Headset Built-in Mic/Hands-free/Volume Control+Carrying Case (Rose gold)",TUSAZU,Earbud Headphones,Headphones & Earbuds,11,DEVICE,EARBUD_INEAR,标题主体是完整耳机，后列保护壳/线缆/支架等随附配件（套装不改变主体标签）；判为 DEVICE；形态依据：标题含耳塞/入耳/开放式耳戴设备词，且其主体线索早于头戴式描述。 原自动标签为 AMBIGUOUS，本次以商品主体语义和类目复核后更正。
B010U25HA0,AMBIGUOUS,0.6,NOT_APPLICABLE,1,0,0,0,0,taxonomy_device=1,"Sony MDR1ADAC/B Premium Hi-Res DAC/Amplifier-Integrated Headphones, Black",Sony,"Headphones, Earbuds & Accessories",,36,DEVICE,OVER_EAR,标题或核验到的规格表明为包耳/环耳/专业监听或大型耳罩式耳机；判为 DEVICE / OVER_EAR。 核验来源：https://www.sony.com.tw/zh/electronics/headband-headphones/mdr-1adac/specifications 原自动标签为 AMBIGUOUS，本次复核后更正。
B00Y86P1KQ,ACCESSORY,0.94,NOT_APPLICABLE,2,0,0,2,1,taxonomy_device=2;title_accessory=2;conflict,"eBerry Latest Braided Fabric Wrapped Cords In-ear Earphones Headphones Headset with Inline Microphone + Headphone Carrying Case for for iPhone 6 Plus 6 5S 5C 5 4S Samsung S6 S6 edge S5 S4 Note 4 3 2, iPad, iPod, LG, HTC, Blackberry, Android Tablet and More",eBerry,Earbud Headphones,Headphones & Earbuds,69,DEVICE,EARBUD_INEAR,标题描述可独立使用的完整耳机/耳塞设备，细分类目为 Earbud Headphones；判为 DEVICE；形态依据：标题含耳塞/入耳/开放式耳戴设备词，且其主体线索早于头戴式描述。 原自动标签为 ACCESSORY，本次以商品主体语义和类目复核后更正。
B09KH3BHD7,ACCESSORY,0.995,NOT_APPLICABLE,0,2,0,3,0,taxonomy_accessory=2;title_accessory=3,"Valkit for Airpods Pro Case Cover for Men with Lock, Military Armor Series Full-Body AirPod Pro Case with Keychain Cool Air Pod Pro Shockproof Protective Case for AirPods Pro 2019, Black",valkit,Cases,Cases,11944,ACCESSORY,NOT_APPLICABLE,标题明确为保护壳/收纳配件，不是可独立使用的完整耳机；细分类目 Cases 与此一致；判为 ACCESSORY。
B0BXT863XV,DEVICE,0.995,EARBUD_INEAR,2,0,1,0,0,taxonomy_device=2;title_device=1,Betron BS10 Earphones Wired in Ear Earbud Headphones Strong Bass Noise Isolating Ear Buds 3.5mm Jack Tangle-Free Cord Compatible with Tablet Laptop iPhone iPad Smartphones (Gold),Betron,Earbud Headphones,Headphones & Earbuds,11512,DEVICE,EARBUD_INEAR,标题描述可独立使用的完整耳机/耳塞设备，细分类目为 Earbud Headphones；判为 DEVICE；形态依据：标题含耳塞/入耳/开放式耳戴设备词，且其主体线索早于头戴式描述。
B08XNCHTCY,DEVICE,0.955,EARBUD_INEAR,2,0,2,1,1,taxonomy_device=2;title_device=2;title_accessory=1;conflict,TOZO T6 True Wireless Earbuds Bluetooth 5.3 Headphones Touch Control with Wireless Charging Case IPX8 Waterproof Stereo Earphones in-Ear Built-in Mic Headset Premium Deep Bass White (2022 Upgraded),TOZO,Earbud Headphones,Headphones & Earbuds,249207,DEVICE,EARBUD_INEAR,标题主体是完整耳机，后列保护壳/线缆/支架等随附配件（套装不改变主体标签）；判为 DEVICE；形态依据：标题含耳塞/入耳/开放式耳戴设备词，且其主体线索早于头戴式描述。
B00CBG89C2,AMBIGUOUS,0.6,NOT_APPLICABLE,1,0,0,1,1,taxonomy_device=1;title_accessory=1;conflict,"Dragonpad 3.5mm Right Angle 800 AUX Replacement Headphone Cable for Dr. Dre Headphones Monster Solo Beats Studio, 1.2m",DragonPad,"Headphones, Earbuds & Accessories",,24,ACCESSORY,NOT_APPLICABLE,标题明确为线缆/转接配件，不是可独立使用的完整耳机；结合标题的兼容/替换关系判定；判为 ACCESSORY。 原自动标签为 AMBIGUOUS，本次以商品主体语义和类目复核后更正。
B004WLAJM2,AMBIGUOUS,0.6,NOT_APPLICABLE,1,0,0,0,0,taxonomy_device=1,Califone HIR-HP1 Computer Listening Center Wireless Infrared Stereo/Mono Headphones,Califone,"Headphones, Earbuds & Accessories",,1,DEVICE,OVER_EAR,标题描述可独立使用的完整耳机/耳塞设备，并含连接、声学或供电功能信息；判为 DEVICE；形态依据：标题语义为带耳罩的游戏/办公/监听头戴式耳机。 原自动标签为 AMBIGUOUS，本次以商品主体语义和类目复核后更正。
B0BHSVGLM5,AMBIGUOUS,0.6,NOT_APPLICABLE,2,0,0,1,1,taxonomy_device=2;title_accessory=1;conflict,"Funly mee Headphone Stand Holder, Headset Stand,Earphone Stand with Aluminum Supporting Bar and Base for All Headphone Sizes - Sliver",Funly mee,Over-Ear Headphones,Headphones & Earbuds,33,ACCESSORY,NOT_APPLICABLE,标题明确为支架/挂架，不是可独立使用的完整耳机；结合标题的兼容/替换关系判定；判为 ACCESSORY。 原自动标签为 AMBIGUOUS，本次以商品主体语义和类目复核后更正。
B07S9ZJ58P,DEVICE,0.98,EARBUD_INEAR,2,0,0,0,0,taxonomy_device=2,"Soopii Quick Charge 60W/12A 6-Port USB Charging Station for Multiple Devices, 6 Charging Cables Included, I Watch Holder,for Phones,Tablets, Other Electronics,White",SOOPII,Earbud Headphones,Headphones & Earbuds,38,ACCESSORY,NOT_APPLICABLE,标题明确为支架/挂架，不是可独立使用的完整耳机；结合标题的兼容/替换关系判定；判为 ACCESSORY。 原自动标签为 DEVICE，本次以商品主体语义和类目复核后更正。
B00198UATS,DEVICE,0.98,EARBUD_INEAR,2,0,0,0,0,taxonomy_device=2,"Audio-Technica ATH-WM5 Dynamic Headphones with 1.0 m Retractable Cord, 30 mm Driver Diameter, Color: Black",Audio-Technica,Earbud Headphones,Headphones & Earbuds,1,DEVICE,EARBUD_INEAR,标题主体是完整耳机，后列保护壳/线缆/支架等随附配件（套装不改变主体标签）；判为 DEVICE；形态依据：细分类目为 Earbud Headphones。
B00LN5HYFK,AMBIGUOUS,0.5,NOT_APPLICABLE,0,0,0,0,0,insufficient_evidence,Sexy Rosy Lace Flower Stretchy Sheer Panties Hipster G-String Thong Lingerie M,BBITUOGG,Headphones & Earbuds,Headphones & Earbuds,1,AMBIGUOUS,NOT_APPLICABLE,needs_review: 标题“Sexy Rosy Lace Flower Stretchy Sheer Panties Hipster G-String Thong Lingerie M”未描述完整耳机或明确耳机配件，且与类目“Headphones & Earbuds”不一致/信息残缺；保留 AMBIGUOUS，不强行归类。
B094Y8K2N6,ACCESSORY,0.995,NOT_APPLICABLE,0,2,0,2,0,taxonomy_accessory=2;title_accessory=2,"Polentacial Anime Series AirPods Pro Protective case Cover Accessories TPU Material, Full Protection Shock-Proof Cover with Keychain is Compatible with Apple AirPods 3 (Ita-chi 5)",Polentacial,Cases,Cases,13,ACCESSORY,NOT_APPLICABLE,标题明确为保护壳/收纳配件，不是可独立使用的完整耳机；细分类目 Cases 与此一致；判为 ACCESSORY。
B08MQH3DK5,ACCESSORY,0.995,NOT_APPLICABLE,0,2,0,1,0,taxonomy_accessory=2;title_accessory=1,Bad Bunny 50 Pcs Stickers 2 Button Pins Face Mouth Covers Necklace Compatible with Airpods Pro/3,ADFER,Cases,Cases,109,ACCESSORY,NOT_APPLICABLE,标题明确为保护壳/收纳配件，不是可独立使用的完整耳机；细分类目 Cases 与此一致；判为 ACCESSORY。
B07R5B8V1H,DEVICE,0.97,EARBUD_INEAR,2,0,4,2,1,taxonomy_device=2;title_device=4;title_accessory=2;conflict,"Wireless Earbuds, Bluetooth Earbuds 5.0 with Mic, True Wireless Bluetooth Earphones Stereo with 2200mAh Charging Case for Running Mini Earbuds Bass In-Ear Earbuds Compatible IOS Android Cell Phone",MUJOY,Earbud Headphones,Headphones & Earbuds,303,DEVICE,EARBUD_INEAR,标题主体是完整耳机，后列保护壳/线缆/支架等随附配件（套装不改变主体标签）；判为 DEVICE；形态依据：标题含耳塞/入耳/开放式耳戴设备词，且其主体线索早于头戴式描述。
B07TG76W95,DEVICE,0.955,EARBUD_INEAR,2,0,2,1,1,taxonomy_device=2;title_device=2;title_accessory=1;conflict,ZEAKOC True Wireless Earbuds TWS Stereo Bluetooth 5.0 Headphones with Professional Audio Chipset CVC8.0 Noise Cancelling in-Ear Earphone IPX5 Waterproof 40H Playtime Sports Earpiece with Charging Case,ZEAKOC,Earbud Headphones,Headphones & Earbuds,536,DEVICE,EARBUD_INEAR,标题主体是完整耳机，后列保护壳/线缆/支架等随附配件（套装不改变主体标签）；判为 DEVICE；形态依据：标题含耳塞/入耳/开放式耳戴设备词，且其主体线索早于头戴式描述。
B0169ZPIWO,AMBIGUOUS,0.6,NOT_APPLICABLE,1,0,0,1,1,taxonomy_device=1;title_accessory=1;conflict,Blue OFC New Audio Replacement Cable for Sol Republic Master Tracks HD V8 V10 V12 X3 Headphone Earphone Headset,NEW NEOMUSICIA,"Headphones, Earbuds & Accessories",,76,ACCESSORY,NOT_APPLICABLE,标题明确为线缆/转接配件，不是可独立使用的完整耳机；结合标题的兼容/替换关系判定；判为 ACCESSORY。 原自动标签为 AMBIGUOUS，本次以商品主体语义和类目复核后更正。
B07DR9PDK3,AMBIGUOUS,0.6,NOT_APPLICABLE,2,0,1,1,1,taxonomy_device=2;title_device=1;title_accessory=1;conflict,ELFINEAR Wood Earphones in-Ear Earbuds Hi-Fi Stereo Headphones for iPhone iPad iPod Samsung Galaxy and More Android Smartphones Compatible with 3.5 mm Headphone Earpods Black,ELFINEAR,Earbud Headphones,Headphones & Earbuds,15,DEVICE,EARBUD_INEAR,标题描述可独立使用的完整耳机/耳塞设备，细分类目为 Earbud Headphones；判为 DEVICE；形态依据：标题含耳塞/入耳/开放式耳戴设备词，且其主体线索早于头戴式描述。 原自动标签为 AMBIGUOUS，本次以商品主体语义和类目复核后更正。
B01CFKYXM8,DEVICE,0.995,OVER_EAR,2,0,1,0,0,taxonomy_device=2;title_device=1,"EINSKEY Kids Headphones with Microphone, Volume Limited Hearing Protection & Foldable Lightweight Design",EINSKEY,Over-Ear Headphones,Headphones & Earbuds,13,DEVICE,OVER_EAR,标题主体是完整耳机，后列保护壳/线缆/支架等随附配件（套装不改变主体标签）；判为 DEVICE；形态依据：细分类目为 Over-Ear Headphones。
B0BH29Q9CX,DEVICE,0.98,OVER_EAR,2,0,0,0,0,taxonomy_device=2,"LIGHTIMETUNNEL Sleep Headphones, 3D Bluetooth Sleep Mask, Washable Sleeping Headphones with Ultra Thin Stereo Speakers Microphone Hands Free for Insomnia Travel",LIGHTIMETUNNEL,Over-Ear Headphones,Headphones & Earbuds,18194,DEVICE,OVER_EAR,标题主体是完整耳机，后列保护壳/线缆/支架等随附配件（套装不改变主体标签）；判为 DEVICE；形态依据：细分类目为 Over-Ear Headphones。
B09QG4QCT7,DEVICE,0.985,EARBUD_INEAR,2,0,3,1,1,taxonomy_device=2;title_device=3;title_accessory=1;conflict,"COMFOM Bluetooth Headphones V5.1 True Wireless Earbuds 4-Mics for Clear Call & 30Hrs Playback with Wireless Charging Case, in-Ear Stereo Earphones IPX5 Waterproof Headset for iPhone/Android/Windows",COMFOM,Earbud Headphones,Headphones & Earbuds,99,DEVICE,EARBUD_INEAR,标题主体是完整耳机，后列保护壳/线缆/支架等随附配件（套装不改变主体标签）；判为 DEVICE；形态依据：标题含耳塞/入耳/开放式耳戴设备词，且其主体线索早于头戴式描述。
B01N7MMXEW,ACCESSORY,0.98,NOT_APPLICABLE,0,2,0,0,0,taxonomy_accessory=2,"Adorable, Soft, Durable and Easy to Maintain Better Homes and Gardens Kids Pom Pom Comforter Set, (Aqua/Blue, Twin)",MiToo,Adapters,Adapters,6,ACCESSORY,NOT_APPLICABLE,标题明确为线缆/转接配件，不是可独立使用的完整耳机；细分类目 Adapters 与此一致；判为 ACCESSORY。
B0013JT3XC,AMBIGUOUS,0.5,NOT_APPLICABLE,0,0,0,0,0,insufficient_evidence,Shure SE210 Sound Isolating Earphone - Black,Shure,Headphones & Earbuds,Headphones & Earbuds,142,DEVICE,EARBUD_INEAR,标题描述可独立使用的完整耳机/耳塞设备，并含连接、声学或供电功能信息；判为 DEVICE；形态依据：标题含耳塞/耳机式耳戴设备词，未出现相冲突的头戴形态描述。 原自动标签为 AMBIGUOUS，本次以商品主体语义和类目复核后更正。
B07K69419V,ACCESSORY,0.995,NOT_APPLICABLE,0,2,1,1,1,taxonomy_accessory=2;title_device=1;title_accessory=1;conflict,"YOCOWOCO Upgraded aptX Wireless Bluetooth Adapter for Bose QuietComfort QC 25 Headphones with Mic/Volume Control, Black",YOCOWOCO,Adapters,Adapters,750,ACCESSORY,NOT_APPLICABLE,标题明确为线缆/转接配件，不是可独立使用的完整耳机；细分类目 Adapters 与此一致；判为 ACCESSORY。
B0B69CYGRN,AMBIGUOUS,0.6,NOT_APPLICABLE,2,0,1,1,1,taxonomy_device=2;title_device=1;title_accessory=1;conflict,"eKids Cocomelon Bluetooth Headphones for Kids, Wireless Headphones with Rechargeable Battery and USB-C Charging Cable Included",eKids,Over-Ear Headphones,Headphones & Earbuds,67,DEVICE,OVER_EAR,标题主体是完整耳机，后列保护壳/线缆/支架等随附配件（套装不改变主体标签）；判为 DEVICE；形态依据：细分类目为 Over-Ear Headphones。 原自动标签为 AMBIGUOUS，本次以商品主体语义和类目复核后更正。
B07ZX23DHL,ACCESSORY,0.94,NOT_APPLICABLE,0,2,1,0,1,taxonomy_accessory=2;title_device=1;conflict,Ultra Thick Soft Silicone Lemon Tea Case with Hook for Apple Airpods 1 2 Air Pods Wireless Earbuds Protective 3D Fresh Fun Kids Teens Girls Boys,ChillNChic,Cases,Cases,3,ACCESSORY,NOT_APPLICABLE,标题明确为保护壳/收纳配件，不是可独立使用的完整耳机；细分类目 Cases 与此一致；判为 ACCESSORY。
B0BR5548TM,AMBIGUOUS,0.6,NOT_APPLICABLE,2,0,1,1,1,taxonomy_device=2;title_device=1;title_accessory=1;conflict,LADIGASU Wireless Earbuds Bluetooth in Ear Sports Earbuds Light-Weight Headphones Built-in Microphone Immersive Premium Sound with Charging Case,LADIGASU,Earbud Headphones,Headphones & Earbuds,1,DEVICE,EARBUD_INEAR,标题描述可独立使用的完整耳机/耳塞设备，细分类目为 Earbud Headphones；判为 DEVICE；形态依据：标题含耳塞/入耳/开放式耳戴设备词，且其主体线索早于头戴式描述。 原自动标签为 AMBIGUOUS，本次以商品主体语义和类目复核后更正。
B0B456YFGK,AMBIGUOUS,0.6,NOT_APPLICABLE,2,0,1,1,1,taxonomy_device=2;title_device=1;title_accessory=1;conflict,"Nejioon Wireless Earbuds, 15W Fast Mag-Safe Charger Stand, Magnetic Foldable Charging Station, Compatible with iPhone 13/12/SE/11/XS/8,Samsung Galaxy,AirPods Pro,iWatch(Adapter Included)",Nejioon,Earbud Headphones,Headphones & Earbuds,22,ACCESSORY,NOT_APPLICABLE,标题明确为支架/挂架，不是可独立使用的完整耳机；结合标题的兼容/替换关系判定；判为 ACCESSORY。 原自动标签为 AMBIGUOUS，本次以商品主体语义和类目复核后更正。
B07X8RKVLV,ACCESSORY,0.995,NOT_APPLICABLE,0,2,0,3,0,taxonomy_accessory=2;title_accessory=3,"Airpods Case, Airpods Protective Hard Case Cover with Keychain Compatible with AirPods 2/1 Eco-Friendly Cute Girls Men Durable Shockproof Drop Proof Case for AirPods Charging Case, White Watercolor",Happypapa,Cases,Cases,7,ACCESSORY,NOT_APPLICABLE,标题明确为保护壳/收纳配件，不是可独立使用的完整耳机；细分类目 Cases 与此一致；判为 ACCESSORY。
B0C5B8LFSM,DEVICE,0.995,EARBUD_INEAR,2,0,4,0,0,taxonomy_device=2;title_device=4,"Skullcandy Jib True Wireless Earbud with Microphone / 22 Hour Battery Life / Use with iPhone and Android / Best for Gym, and Gaming / Bluetooth Earbud Headphones - Black",Skullcandy,Earbud Headphones,Headphones & Earbuds,16071,DEVICE,EARBUD_INEAR,标题主体是完整耳机，后列保护壳/线缆/支架等随附配件（套装不改变主体标签）；判为 DEVICE；形态依据：标题含耳塞/入耳/开放式耳戴设备词，且其主体线索早于头戴式描述。
B08C783FKF,AMBIGUOUS,0.6,NOT_APPLICABLE,0,2,3,0,1,taxonomy_accessory=2;title_device=3;conflict,My Hero Academia Case Personalize USB C Charger Cable Compatible Ear Buds Wireless Earbuds Bluetooth Headphones with Microphone 40 Hours Playtime Stereo (Blue),FICJEAD,Cases,Cases,182,ACCESSORY,NOT_APPLICABLE,标题明确为保护壳/收纳配件，不是可独立使用的完整耳机；细分类目 Cases 与此一致；判为 ACCESSORY。 原自动标签为 AMBIGUOUS，本次以商品主体语义和类目复核后更正。
B083246VR6,DEVICE,0.98,ON_EAR,2,0,0,0,0,taxonomy_device=2,"Sony MDR-ZX110NC Extra Bass Noise-Cancelling Headphones with Neodymium Magnets & 30mm Drivers, Black (Renewed)",Amazon Renewed,On-Ear Headphones,Headphones & Earbuds,699,DEVICE,ON_EAR,标题描述可独立使用的完整耳机/耳塞设备，细分类目为 On-Ear Headphones；判为 DEVICE；形态依据：细分类目为 On-Ear Headphones。
B0BFF4NMRH,AMBIGUOUS,0.6,NOT_APPLICABLE,2,0,1,1,1,taxonomy_device=2;title_device=1;title_accessory=1;conflict,"Wireless Headphones for Graduation Gifts,Noise Cancelling Bluetooth Earbuds with Wireless Touch Control and Charging Case,IPX5 Waterproof EarBuds 40H with ENC HD in-Ear Built-in Mic Headset Deep Bass",Tsuinz,Earbud Headphones,Headphones & Earbuds,9,DEVICE,EARBUD_INEAR,标题主体是完整耳机，后列保护壳/线缆/支架等随附配件（套装不改变主体标签）；判为 DEVICE；形态依据：标题含耳塞/入耳/开放式耳戴设备词，且其主体线索早于头戴式描述。 原自动标签为 AMBIGUOUS，本次以商品主体语义和类目复核后更正。
B00AL04LDQ,DEVICE,0.98,EARBUD_INEAR,2,0,0,0,0,taxonomy_device=2,Koss Ktxpro1 Stereo Headphone,Koss,Earbud Headphones,Headphones & Earbuds,1,DEVICE,EARBUD_INEAR,标题描述可独立使用的完整耳机/耳塞设备，细分类目为 Earbud Headphones；判为 DEVICE；形态依据：细分类目为 Earbud Headphones。
B01I56YM36,AMBIGUOUS,0.5,NOT_APPLICABLE,0,0,0,0,0,insufficient_evidence,Red Ant Headphones R480 Noise Isolating Earphones Headsets with Microphone for Smartphones (White),Red Ant,Headphones & Earbuds,Headphones & Earbuds,160,DEVICE,EARBUD_INEAR,标题主体是完整耳机，后列保护壳/线缆/支架等随附配件（套装不改变主体标签）；判为 DEVICE；形态依据：标题含耳塞/耳机式耳戴设备词，未出现相冲突的头戴形态描述。 原自动标签为 AMBIGUOUS，本次以商品主体语义和类目复核后更正。
B001JT7E7S,AMBIGUOUS,0.6,NOT_APPLICABLE,1,0,0,0,0,taxonomy_device=1,Sentry 219 Audio Pro Audio Plug Kit with Case,Sentry Industries Inc.,"Headphones, Earbuds & Accessories",,3,ACCESSORY,NOT_APPLICABLE,标题主体是替换件、线缆/收纳件、蓝牙接收件、头盔扬声器套件或手机外接听筒，并非完整耳机；判为 ACCESSORY。 原自动标签为 AMBIGUOUS，本次复核后更正。
B00AEYA2AK,AMBIGUOUS,0.6,NOT_APPLICABLE,2,0,0,1,1,taxonomy_device=2;title_accessory=1;conflict,Clear TPU Case Skin Cover for New iPod Touch 5th Generation 5g 5,CL CLEVERLOVE,Earbud Headphones,Headphones & Earbuds,194,ACCESSORY,NOT_APPLICABLE,标题明确为保护壳/收纳配件，不是可独立使用的完整耳机；结合标题的兼容/替换关系判定；判为 ACCESSORY。 原自动标签为 AMBIGUOUS，本次以商品主体语义和类目复核后更正。
B007Y0EGI6,DEVICE,0.995,EARBUD_INEAR,2,0,1,0,0,taxonomy_device=2;title_device=1,"Bell'O Digital BDH220BK In-Ear Headphones with Dynamic Bass, Black",Bell'O,Earbud Headphones,Headphones & Earbuds,5,DEVICE,EARBUD_INEAR,标题描述可独立使用的完整耳机/耳塞设备，细分类目为 Earbud Headphones；判为 DEVICE；形态依据：标题含耳塞/入耳/开放式耳戴设备词，且其主体线索早于头戴式描述。
B0BF9LKVNH,ACCESSORY,0.995,NOT_APPLICABLE,0,2,0,1,0,taxonomy_accessory=2;title_accessory=1,DUKABEL TopSeries Long 6.35mm (1/4 inch) to 3.5mm (1/8 inch) Headphone Jack Adapter -8ft (2.4m) 1/8 Female to 1/4 Male Extension Cable 3.5 to 6.35 for Mixer Guitar Piano Amplifier Speaker and More,DUKABEL,Adapters,Adapters,1900,ACCESSORY,NOT_APPLICABLE,标题明确为线缆/转接配件，不是可独立使用的完整耳机；细分类目 Adapters 与此一致；判为 ACCESSORY。
B017QKFOBQ,DEVICE,0.98,EARBUD_INEAR,2,0,0,0,0,taxonomy_device=2,"BuyVaya 100x Wholesale/Bulk Disposable Stereo Headphones for iPhone, Andriod Phones, Ear Buds,Tablets, Any 3.5mm Port (100 Pack) (Blue)",BuyVaya,Earbud Headphones,Headphones & Earbuds,8,DEVICE,EARBUD_INEAR,标题描述可独立使用的完整耳机/耳塞设备，细分类目为 Earbud Headphones；判为 DEVICE；形态依据：细分类目为 Earbud Headphones。
B005K520MQ,AMBIGUOUS,0.5,NOT_APPLICABLE,0,0,0,0,0,insufficient_evidence,Genius HS-905BT Bluetooth Stereo Headset for Music and Call answering,Genius,Headphones & Earbuds,Headphones & Earbuds,26,DEVICE,EARBUD_INEAR,标题描述可独立使用的完整耳机/耳塞设备，并含连接、声学或供电功能信息；判为 DEVICE；形态依据：标题语义为手机用单耳/免提蓝牙耳机或有线耳麦。 原自动标签为 AMBIGUOUS，本次以商品主体语义和类目复核后更正。
B07V838V7S,ACCESSORY,0.995,NOT_APPLICABLE,0,2,0,1,0,taxonomy_accessory=2;title_accessory=1,Headphone Adapter for iPhone X Earphone Dongle 3.5mm Jack AUX Cable Audio Adaptor Splitter for iPhone 7/7Plus/8/8Plus/XR/XS max Music & Charge Headset Cable Convertor Accessories Support iOS 12-Black,ZZUOMU,Adapters,Adapters,3,ACCESSORY,NOT_APPLICABLE,标题明确为线缆/转接配件，不是可独立使用的完整耳机；细分类目 Adapters 与此一致；判为 ACCESSORY。
B0B9N49HLM,AMBIGUOUS,0.6,NOT_APPLICABLE,2,0,1,1,1,taxonomy_device=2;title_device=1;title_accessory=1;conflict,"MAIRDI Bone Conduction Headphone Wireless with Mic, Open-Ear Bluetooth Headphone Titanium, with USB Bluetooth Adapter for PC, Sweat Resistant Sport Earphone for Running Workout Driving Bicycling",MAIRDI,Earbud Headphones,Headphones & Earbuds,126,DEVICE,EARBUD_INEAR,标题主体是完整耳机，后列保护壳/线缆/支架等随附配件（套装不改变主体标签）；判为 DEVICE；形态依据：标题含耳塞/入耳/开放式耳戴设备词，且其主体线索早于头戴式描述。 原自动标签为 AMBIGUOUS，本次以商品主体语义和类目复核后更正。
B092JRYP5J,AMBIGUOUS,0.6,NOT_APPLICABLE,2,0,1,1,1,taxonomy_device=2;title_device=1;title_accessory=1;conflict,"Klipsch T5 II True Wireless Bluetooth 5.0 Earphones in Gunmetal with Transparency Mode, Beamforming Mics, Best Fitting Ear Tips, and 32 Hours of Battery Life in a Slim Charging Case",Klipsch,Earbud Headphones,Headphones & Earbuds,1838,DEVICE,EARBUD_INEAR,标题主体是完整耳机，后列保护壳/线缆/支架等随附配件（套装不改变主体标签）；判为 DEVICE；形态依据：标题含耳塞/耳机式耳戴设备词，未出现相冲突的头戴形态描述。 原自动标签为 AMBIGUOUS，本次以商品主体语义和类目复核后更正。
B005M08M2Q,DEVICE,0.98,EARBUD_INEAR,2,0,0,0,0,taxonomy_device=2,Sony MDRE9LP/BLK Ear Buds,Sony,Earbud Headphones,Headphones & Earbuds,14018,DEVICE,EARBUD_INEAR,标题/型号表明是入耳耳塞、手机单耳蓝牙耳机、运动耳机或随身耳塞系统；判为 DEVICE / EARBUD_INEAR。
B00NH8OWH4,DEVICE,0.98,EARBUD_INEAR,2,0,0,0,0,taxonomy_device=2,"Califone 2810-BE Listening First Stereo Headphone, Bear Motif - Pack of 6",Califone,Earbud Headphones,Headphones & Earbuds,2,DEVICE,EARBUD_INEAR,标题描述可独立使用的完整耳机/耳塞设备，细分类目为 Earbud Headphones；判为 DEVICE；形态依据：细分类目为 Earbud Headphones。
B00DE01NZ4,ACCESSORY,0.98,NOT_APPLICABLE,0,2,0,0,0,taxonomy_accessory=2,Mermaid Hunt Poster by Tom Wood 13 x 19in with Poster Hanger,IKHISHI,Adapters,Adapters,3,ACCESSORY,NOT_APPLICABLE,标题明确为支架/挂架，不是可独立使用的完整耳机；细分类目 Adapters 与此一致；判为 ACCESSORY。
B07ZJC3BHS,ACCESSORY,0.98,NOT_APPLICABLE,0,2,0,0,0,taxonomy_accessory=2,Leather + TPU Headphone Case Keychain,Lymanhouse,Cases,Cases,41,ACCESSORY,NOT_APPLICABLE,标题明确为保护壳/收纳配件，不是可独立使用的完整耳机；细分类目 Cases 与此一致；判为 ACCESSORY。
B07KM2M8MD,ACCESSORY,0.995,NOT_APPLICABLE,0,2,0,1,0,taxonomy_accessory=2;title_accessory=1,"Airpods Case, Music tracker Protective Thicken Airpods Cover Soft Silicone Chargeable Headphone Case with Anti-Lost Carabiner for Apple Airpods 1&2 Charging Case (Red)",Music tracker,Cases,Cases,20811,ACCESSORY,NOT_APPLICABLE,标题明确为保护壳/收纳配件，不是可独立使用的完整耳机；细分类目 Cases 与此一致；判为 ACCESSORY。
B07M8FXGS3,ACCESSORY,0.995,NOT_APPLICABLE,0,2,0,2,0,taxonomy_accessory=2;title_accessory=2,"AirPods Case Cover Cute with Keychain, Enhenstre Airpods Case for Girls,Silicone Skin Cover for AirPods Case with More Extra Accessories (AirPods Case Kits, Yellow)",ENHENSTRE,Cases,Cases,55,ACCESSORY,NOT_APPLICABLE,标题明确为保护壳/收纳配件，不是可独立使用的完整耳机；细分类目 Cases 与此一致；判为 ACCESSORY。
B000Z750QW,AMBIGUOUS,0.6,NOT_APPLICABLE,0,0,1,0,0,title_device=1,"Palm Bluetooth Headset for Treo 650, 680, 750, and Centro Smartphones",Palm,Headphones & Earbuds,Headphones & Earbuds,6,DEVICE,EARBUD_INEAR,标题描述可独立使用的完整耳机/耳塞设备，并含连接、声学或供电功能信息；判为 DEVICE；形态依据：标题语义为手机用单耳/免提蓝牙耳机或有线耳麦。 原自动标签为 AMBIGUOUS，本次以商品主体语义和类目复核后更正。
B00I0TU9GI,DEVICE,0.955,EARBUD_INEAR,2,0,2,1,1,taxonomy_device=2;title_device=2;title_accessory=1;conflict,"Wireless Earbuds, Bluetooth Headphones Bluetooth 5.0 with Charging Case Wireless Earphones Waterproof in-Ear Built-in Mic Headset Premium Stereo Hi-Fi Sound with Deep Bass(Black) X1",Chicago Metallic,Earbud Headphones,Headphones & Earbuds,12,DEVICE,EARBUD_INEAR,标题主体是完整耳机，后列保护壳/线缆/支架等随附配件（套装不改变主体标签）；判为 DEVICE；形态依据：标题含耳塞/入耳/开放式耳戴设备词，且其主体线索早于头戴式描述。
B07H7QLNZD,AMBIGUOUS,0.5,NOT_APPLICABLE,0,0,0,0,0,insufficient_evidence,19 Piece Pottery Tools Sculpting Carving Tool Set,Kawayy,Headphones & Earbuds,Headphones & Earbuds,3,AMBIGUOUS,NOT_APPLICABLE,needs_review: 标题“19 Piece Pottery Tools Sculpting Carving Tool Set”未描述完整耳机或明确耳机配件，且与类目“Headphones & Earbuds”不一致/信息残缺；保留 AMBIGUOUS，不强行归类。
B001S4G2Q8,AMBIGUOUS,0.5,NOT_APPLICABLE,0,0,0,0,0,insufficient_evidence,CS50 Earloops,Plantronics,Headphones & Earbuds,Headphones & Earbuds,21,ACCESSORY,NOT_APPLICABLE,标题明确为耳机配件，不是可独立使用的完整耳机；结合标题的兼容/替换关系判定；判为 ACCESSORY。 原自动标签为 AMBIGUOUS，本次以商品主体语义和类目复核后更正。
B07YYDMB1Q,AMBIGUOUS,0.5,NOT_APPLICABLE,2,0,1,2,1,taxonomy_device=2;title_device=1;title_accessory=2;conflict,"GOSCIEN Wireless Earbuds, Headphones Wireless Immersive Bass Sound Bluetooth 5.1 Headphones with Noise Cancellation Mic, IPX7 Waterproof Bluetooth Earphone with Charging Case for iPhone/Android",GOSCIEN,Earbud Headphones,Headphones & Earbuds,4485,DEVICE,EARBUD_INEAR,标题主体是完整耳机，后列保护壳/线缆/支架等随附配件（套装不改变主体标签）；判为 DEVICE；形态依据：标题含耳塞/入耳/开放式耳戴设备词，且其主体线索早于头戴式描述。 原自动标签为 AMBIGUOUS，本次以商品主体语义和类目复核后更正。
B0B3HP358X,ACCESSORY,0.995,NOT_APPLICABLE,0,2,1,2,1,taxonomy_accessory=2;title_device=1;title_accessory=2;conflict,Solo2.0 Professional Soft Ear Pads Cushions Replacement Earpads Compatible with Beats Solo 2 SOLO2.0 Wired On-Ear Headphones(Pink),Saipomor,Earpads,Earpads,42,ACCESSORY,NOT_APPLICABLE,标题明确为替换耳垫/耳罩，不是可独立使用的完整耳机；细分类目 Earpads 与此一致；判为 ACCESSORY。
B0836TZGQ7,ACCESSORY,0.995,NOT_APPLICABLE,0,2,0,3,0,taxonomy_accessory=2;title_accessory=3,"Shark Teeth Camo Softshell Silicone AirPods IMD Case for Apple AirPods 2 & 1, Wireless Charging Case Protective Cover and Skin Supreme Girls Boys Women Kids Teens Airpods (Silver)",Arshek,Cases,Cases,11914,ACCESSORY,NOT_APPLICABLE,标题明确为保护壳/收纳配件，不是可独立使用的完整耳机；细分类目 Cases 与此一致；判为 ACCESSORY。
B0BPB2SD9Z,ACCESSORY,0.995,NOT_APPLICABLE,0,2,0,2,0,taxonomy_accessory=2;title_accessory=2,iphone Adapter for Headphone Jack and Charger Dual Lightning 3.5 Headphone Audio & Lightning Charger Splitter for Calling+Music+Charge+Mic+Control Apple Earphones Converter for iPhone 14/13/12/11/ipad,Opluz,Adapters,Adapters,4,ACCESSORY,NOT_APPLICABLE,标题明确为线缆/转接配件，不是可独立使用的完整耳机；细分类目 Adapters 与此一致；判为 ACCESSORY。
B07H57N74R,DEVICE,0.98,EARBUD_INEAR,2,0,0,0,0,taxonomy_device=2,iFrogz Sound Hub Tone Earbuds - Black/Grey,iFrogz,Earbud Headphones,Headphones & Earbuds,32,DEVICE,EARBUD_INEAR,标题描述可独立使用的完整耳机/耳塞设备，细分类目为 Earbud Headphones；判为 DEVICE；形态依据：标题含耳塞/入耳/开放式耳戴设备词，且其主体线索早于头戴式描述。
B07S2KP554,DEVICE,0.98,ON_EAR,2,0,0,0,0,taxonomy_device=2,"Duyoku Yoelrsa Velvet Jewelry Box with 3 Acrylic Drawers & Lipstick Cosmetic Brush Top Display Holder,Earring, Rings Storage Container, Makeup Organizer for Bathroom, Dresser, 2 Pieces Set (Grey)",Yoelrsa,On-Ear Headphones,Headphones & Earbuds,14,ACCESSORY,NOT_APPLICABLE,标题明确为支架/挂架，不是可独立使用的完整耳机；结合标题的兼容/替换关系判定；判为 ACCESSORY。 原自动标签为 DEVICE，本次以商品主体语义和类目复核后更正。
B01MTQMRIL,DEVICE,0.98,EARBUD_INEAR,2,0,0,0,0,taxonomy_device=2,QKZ DM9 Zinc Alloy HiFi Metal Earphone With Mic,QKZ,Earbud Headphones,Headphones & Earbuds,3,DEVICE,EARBUD_INEAR,标题描述可独立使用的完整耳机/耳塞设备，细分类目为 Earbud Headphones；判为 DEVICE；形态依据：标题含耳塞/耳机式耳戴设备词，未出现相冲突的头戴形态描述。
B00CLZ1DDU,AMBIGUOUS,0.5,NOT_APPLICABLE,0,0,0,0,0,insufficient_evidence,"5 Assorted Earbuds Eartips Compatible with Jabra BT2090, BT2080, BT2070, BT2050, BT2040, BT2010, EasyCall and EasyGo Wireless Headset Devices",NICKSTON,Headphones & Earbuds,Headphones & Earbuds,1,ACCESSORY,NOT_APPLICABLE,标题明确为替换耳塞套，不是可独立使用的完整耳机；结合标题的兼容/替换关系判定；判为 ACCESSORY。 原自动标签为 AMBIGUOUS，本次以商品主体语义和类目复核后更正。
B00D3F8T5M,ACCESSORY,0.98,NOT_APPLICABLE,0,2,0,0,0,taxonomy_accessory=2,A5 Tempered Glass Screen Protector,Newtion,Adapters,Adapters,8,ACCESSORY,NOT_APPLICABLE,标题明确为线缆/转接配件，不是可独立使用的完整耳机；细分类目 Adapters 与此一致；判为 ACCESSORY。
B09B3VZ1GL,ACCESSORY,0.995,NOT_APPLICABLE,0,2,1,1,1,taxonomy_accessory=2;title_device=1;title_accessory=1;conflict,"9 Pairs Replacement Earbud Tips,Silicone Earpads Ear Tips，Compatible with Senso,Zeus,Otium,Hussar,Mpow（Inner Hole 3.8-5.1mm） in-Ear Headphones S,M,L",N\C,Earpads,Earpads,407,ACCESSORY,NOT_APPLICABLE,标题明确为替换耳垫/耳罩，不是可独立使用的完整耳机；细分类目 Earpads 与此一致；判为 ACCESSORY。
B0098EYEO2,DEVICE,0.98,EARBUD_INEAR,2,0,0,0,0,taxonomy_device=2,JVC HAFX1X Headphone Xtreme-Xplosivs,JVC,Earbud Headphones,Headphones & Earbuds,11940,DEVICE,EARBUD_INEAR,标题描述可独立使用的完整耳机/耳塞设备，细分类目为 Earbud Headphones；判为 DEVICE；形态依据：细分类目为 Earbud Headphones。
B08HJSFD53,DEVICE,0.995,EARBUD_INEAR,2,0,1,0,0,taxonomy_device=2;title_device=1,"BoomPods Sportpods TWS in-Ear Bluetooth Sport Headphones with True Wireless Stereo Connection & Finger Touch Control, Powerful Bass, Sweatproof - Ergonomic Ear Tip Workout Earbuds (Black)",Boompods,Earbud Headphones,Headphones & Earbuds,71,DEVICE,EARBUD_INEAR,标题主体是完整耳机，后列保护壳/线缆/支架等随附配件（套装不改变主体标签）；判为 DEVICE；形态依据：标题含耳塞/入耳/开放式耳戴设备词，且其主体线索早于头戴式描述。
B0BSFHNT2J,DEVICE,0.98,EARBUD_INEAR,2,0,0,0,0,taxonomy_device=2,Headphones Earphone Earbuds Wired Headset with Microphone and Volume Control,Kacul,Earbud Headphones,Headphones & Earbuds,23,DEVICE,EARBUD_INEAR,标题主体是完整耳机，后列保护壳/线缆/支架等随附配件（套装不改变主体标签）；判为 DEVICE；形态依据：标题含耳塞/入耳/开放式耳戴设备词，且其主体线索早于头戴式描述。
B002DWNDF2,AMBIGUOUS,0.5,NOT_APPLICABLE,0,0,0,0,0,insufficient_evidence,EP-220 (Black),Creative Labs,Headphones & Earbuds,Headphones & Earbuds,5,AMBIGUOUS,NOT_APPLICABLE,needs_review: 标题“EP-220 (Black)”未描述完整耳机或明确耳机配件，且与类目“Headphones & Earbuds”不一致/信息残缺；保留 AMBIGUOUS，不强行归类。
B01GZZ3ZTQ,DEVICE,0.98,EARBUD_INEAR,2,0,0,0,0,taxonomy_device=2,H2O Audio Swim Solution Interval (INT4-BK-SG8),H2O Audio,Earbud Headphones,Headphones & Earbuds,19,DEVICE,EARBUD_INEAR,标题/型号表明是入耳耳塞、手机单耳蓝牙耳机、运动耳机或随身耳塞系统；判为 DEVICE / EARBUD_INEAR。
B0BHS9XH9K,ACCESSORY,0.995,NOT_APPLICABLE,0,2,1,2,1,taxonomy_accessory=2;title_device=1;title_accessory=2;conflict,"FBLFOBELI Headphone Cases EVA Hard Storage Case for JBL Tune 500BT/510BT/T450BT/710BT/JBL Live 650 BT NC On-Ear Wireless Bluetooth Headphone, Travel Protective Bag (Black)",FBLFOBELI,Cases,Cases,41,ACCESSORY,NOT_APPLICABLE,标题明确为保护壳/收纳配件，不是可独立使用的完整耳机；细分类目 Cases 与此一致；判为 ACCESSORY。
B083436BY9,ACCESSORY,0.995,NOT_APPLICABLE,0,2,0,1,0,taxonomy_accessory=2;title_accessory=1,"Laffav AirPods Case Cover Silicone Protective Case Skin for Apple AirPods 2 & 1 (Front LED Visible), 2 Pack, Black, Mint Green",Laffav,Cases,Cases,12166,ACCESSORY,NOT_APPLICABLE,标题明确为保护壳/收纳配件，不是可独立使用的完整耳机；细分类目 Cases 与此一致；判为 ACCESSORY。
B00WAA3A14,AMBIGUOUS,0.5,NOT_APPLICABLE,0,0,0,0,0,insufficient_evidence,3pcs Small White Replacement Ear Gels Ear Buds Compatible with Motorola Elite Sliver II 2nd Gen Version Wireless Headset,NICKSTON,Headphones & Earbuds,Headphones & Earbuds,2,ACCESSORY,NOT_APPLICABLE,标题明确为替换耳塞套，不是可独立使用的完整耳机；结合标题的兼容/替换关系判定；判为 ACCESSORY。 原自动标签为 AMBIGUOUS，本次以商品主体语义和类目复核后更正。
B0BMWXW2G4,ACCESSORY,0.995,NOT_APPLICABLE,0,2,0,2,0,taxonomy_accessory=2;title_accessory=2,AIIKO Compatible Galaxy Buds 2 Pro Case 2022/Galaxy Buds 2/Pro Case 2021 /Galaxy Buds Live Case 2020 Clear Soft TPU Shockproof Case Protective Cover for Samsung Earbuds with Keychain - Clear,Aiiko,Cases,Cases,2112,ACCESSORY,NOT_APPLICABLE,标题明确为保护壳/收纳配件，不是可独立使用的完整耳机；细分类目 Cases 与此一致；判为 ACCESSORY。
B096MG8Q1Z,AMBIGUOUS,0.5,NOT_APPLICABLE,2,0,1,2,1,taxonomy_device=2;title_device=1;title_accessory=2;conflict,"PRTUKYT Wireless Earbuds, Bluetooth 5 Headphones Noise-Canceling Ear Buds with Premium Deep Bass, Built-in Mic Earphones Ipx7 Waterproof 600H Standby Time with Charging Case for Sports Running(Black)",PRTUKYT,Earbud Headphones,Headphones & Earbuds,89,DEVICE,EARBUD_INEAR,标题主体是完整耳机，后列保护壳/线缆/支架等随附配件（套装不改变主体标签）；判为 DEVICE；形态依据：标题含耳塞/入耳/开放式耳戴设备词，且其主体线索早于头戴式描述。 原自动标签为 AMBIGUOUS，本次以商品主体语义和类目复核后更正。
B081VBGTC7,ACCESSORY,0.995,NOT_APPLICABLE,0,2,1,2,1,taxonomy_accessory=2;title_device=1;title_accessory=2;conflict,"Geekria Shield Headphones Case Compatible with Echo Buds Wireless Bluetooth Earbuds Case, Replacement Hard Shell Travel Carrying Bag with Cable Storage (Grey)",GEEKRIA,Cases,Cases,295,ACCESSORY,NOT_APPLICABLE,标题明确为保护壳/收纳配件，不是可独立使用的完整耳机；细分类目 Cases 与此一致；判为 ACCESSORY。
B071XTPNB3,DEVICE,0.995,EARBUD_INEAR,2,0,2,0,0,taxonomy_device=2;title_device=2,"TREBLAB X11, Truly Wireless Bluetooth Earbuds, Best Sports Headphones Made for Running, Workout and Travel. True HD Sound, Secure-Fit, IPX4 Sweat-Proof, Noise Cancelling Headset w/Mic (White)",TREBLAB,Earbud Headphones,Headphones & Earbuds,92,DEVICE,EARBUD_INEAR,标题描述可独立使用的完整耳机/耳塞设备，细分类目为 Earbud Headphones；判为 DEVICE；形态依据：标题含耳塞/入耳/开放式耳戴设备词，且其主体线索早于头戴式描述。
B000NK7ELA,AMBIGUOUS,0.6,NOT_APPLICABLE,0,0,1,0,0,title_device=1,Motorola H550 Bluetooth Headset (Black),Motorola,Headphones & Earbuds,Headphones & Earbuds,22,DEVICE,EARBUD_INEAR,标题描述可独立使用的完整耳机/耳塞设备，并含连接、声学或供电功能信息；判为 DEVICE；形态依据：标题语义为手机用单耳/免提蓝牙耳机或有线耳麦。 原自动标签为 AMBIGUOUS，本次以商品主体语义和类目复核后更正。
B0932V48F9,ACCESSORY,0.94,NOT_APPLICABLE,0,2,1,0,1,taxonomy_accessory=2;title_device=1;conflict,Earpads Compatible with Virtuoso RGB Wireless SE Gaming Headset - Memory Foam Earcups - PU Ear Cushions (White),TRANSTEK,Earpads,Earpads,249,ACCESSORY,NOT_APPLICABLE,标题明确为替换耳垫/耳罩，不是可独立使用的完整耳机；细分类目 Earpads 与此一致；判为 ACCESSORY。
B09XRCVYGC,DEVICE,0.98,EARBUD_INEAR,2,0,0,0,0,taxonomy_device=2,"OnePlus Bullets Wireless Z2 Bluetooth 5.0 in Ear Earphones, Bombastic Bass – 12.4 mm Drivers, 30 Hrs Battery Life (Magico Black)",OnePlus,Earbud Headphones,Headphones & Earbuds,121313,DEVICE,EARBUD_INEAR,标题描述可独立使用的完整耳机/耳塞设备，细分类目为 Earbud Headphones；判为 DEVICE；形态依据：标题含耳塞/入耳/开放式耳戴设备词，且其主体线索早于头戴式描述。
B09ZDP5MS9,ACCESSORY,0.995,NOT_APPLICABLE,0,2,0,3,0,taxonomy_accessory=2;title_accessory=3,"CULIPPA AirPods Pro Case Cover, Full-Body Hard Shell Luxury Leather Scratch Resistant Drop Proof Protective Cover for Women Girl Earphones Charging Case [Front LED Visible] - Black",CULIPPA,Cases,Cases,16,ACCESSORY,NOT_APPLICABLE,标题明确为保护壳/收纳配件，不是可独立使用的完整耳机；细分类目 Cases 与此一致；判为 ACCESSORY。
B08BHQF638,ACCESSORY,0.995,NOT_APPLICABLE,0,2,0,3,0,taxonomy_accessory=2;title_accessory=3,"Laffav AirPods 2 & 1 Case for Women Men (Front LED Visible) Soft Silicone Protective Cover Skin with Keychain kit Set Compatible with Apple AirPods 2 and 1, 2 Pack, Teal and Lilac",Laffav,Cases,Cases,12138,ACCESSORY,NOT_APPLICABLE,标题明确为保护壳/收纳配件，不是可独立使用的完整耳机；细分类目 Cases 与此一致；判为 ACCESSORY。
B0C4GCK1B2,DEVICE,0.985,EARBUD_INEAR,2,0,3,1,1,taxonomy_device=2;title_device=3;title_accessory=1;conflict,"Wireless Earbuds Bluetooth 5.3, Noise Cancelling Earbuds Bluetooth Headphones, LED Power Display with Mic in-Ear Ear Buds with Charging Case Wireless Earbuds for iPhone/Samsung/Android Phone Earpods",TOLDIM,Earbud Headphones,Headphones & Earbuds,13,DEVICE,EARBUD_INEAR,标题主体是完整耳机，后列保护壳/线缆/支架等随附配件（套装不改变主体标签）；判为 DEVICE；形态依据：标题含耳塞/入耳/开放式耳戴设备词，且其主体线索早于头戴式描述。
B07R3HZ5BV,AMBIGUOUS,0.6,NOT_APPLICABLE,2,0,1,1,1,taxonomy_device=2;title_device=1;title_accessory=1;conflict,"Avantree 2 Pack Bluetooth 5.0 Over Ear Headphones with Metal Dual Headphone Stand for Watching TV, aptX Low Latency, Wireless Headset with Mic for Home Office PC Computer Phones Calls - AS9PA Set",Avantree,Over-Ear Headphones,Headphones & Earbuds,105,DEVICE,OVER_EAR,标题主体是完整耳机，后列保护壳/线缆/支架等随附配件（套装不改变主体标签）；判为 DEVICE；形态依据：标题明确为 over-ear/around-ear/full-size，且该形态是最先出现的主体描述。 原自动标签为 AMBIGUOUS，本次以商品主体语义和类目复核后更正。
B018T98L90,AMBIGUOUS,0.5,NOT_APPLICABLE,0,0,0,0,0,insufficient_evidence,iJoy LGO-NCB-TRE Logo Premium Wireless Active Bluetooth Neck Band Headset Retail Packaging – Tree Green,iJoy,Headphones & Earbuds,Headphones & Earbuds,13,DEVICE,EARBUD_INEAR,标题描述可独立使用的完整耳机/耳塞设备，并含连接、声学或供电功能信息；判为 DEVICE；形态依据：标题语义为手机用单耳/免提蓝牙耳机或有线耳麦。 原自动标签为 AMBIGUOUS，本次以商品主体语义和类目复核后更正。
B0BY8GR9H8,DEVICE,0.995,OVER_EAR,2,0,2,0,0,taxonomy_device=2;title_device=2,"Intoberp Wireless Bluetooth Headphones Over Ear, 40 Hours Playtime Wireless Headphones with Microphone,Foldable Light Weight Headset with HiFi Stereo Sound for Travel Work (Beige)",Intoberp,Over-Ear Headphones,Headphones & Earbuds,28,DEVICE,OVER_EAR,标题主体是完整耳机，后列保护壳/线缆/支架等随附配件（套装不改变主体标签）；判为 DEVICE；形态依据：标题明确为 over-ear/around-ear/full-size，且该形态是最先出现的主体描述。
B00A6DK39Y,DEVICE,0.98,EARBUD_INEAR,2,0,0,0,0,taxonomy_device=2,JLab JBuds J6M High Fidelity Metal Ergonomic Earbuds Style Headphones (Passionfruit Pink / Black),JLab,Earbud Headphones,Headphones & Earbuds,20,DEVICE,EARBUD_INEAR,标题描述可独立使用的完整耳机/耳塞设备，细分类目为 Earbud Headphones；判为 DEVICE；形态依据：标题含耳塞/入耳/开放式耳戴设备词，且其主体线索早于头戴式描述。
B07L1RFVJ4,ACCESSORY,0.995,NOT_APPLICABLE,0,2,0,1,0,taxonomy_accessory=2;title_accessory=1,"CBoner 2 in 1 Lightning Adapter for iPhone 7 [2-Pack], iPhone Splitter,2-Port Lightning Headphone Audio and Charger Adapter for iPhone 7/7 Plus/8/8 Plus/X/XS/XR",CBoner,Adapters,Adapters,16,ACCESSORY,NOT_APPLICABLE,标题明确为线缆/转接配件，不是可独立使用的完整耳机；细分类目 Adapters 与此一致；判为 ACCESSORY。
B00PPBNZFQ,AMBIGUOUS,0.5,NOT_APPLICABLE,0,0,0,0,0,insufficient_evidence,Tenq® Universal 3.5mm Plug Throat Mic Air Tube Covert Earpiece Headset for iPhone 5 4s 4g 3gs 3g Samsung Galaxy Note 2 Ii S3 Siii S2 SII N7100 I9300 Etc Black,TENQ,Headphones & Earbuds,Headphones & Earbuds,2,DEVICE,EARBUD_INEAR,标题描述可独立使用的完整耳机/耳塞设备，并含连接、声学或供电功能信息；判为 DEVICE；形态依据：标题语义为手机用单耳/免提蓝牙耳机或有线耳麦。 原自动标签为 AMBIGUOUS，本次以商品主体语义和类目复核后更正。
B0925RKCRN,ACCESSORY,0.995,NOT_APPLICABLE,0,2,0,2,0,taxonomy_accessory=2;title_accessory=2,"NAMEILIAN Compatible with AirPods Shell, Hard Silicone Shockproof Shell, Protective Cover with a Keychain, Suitable for AirPods 2/1 and AirPods pro Charging Shell",Aeiniweraabbcc,Cases,Cases,15,ACCESSORY,NOT_APPLICABLE,标题明确为保护壳/收纳配件，不是可独立使用的完整耳机；细分类目 Cases 与此一致；判为 ACCESSORY。
B07TCVKTWS,AMBIGUOUS,0.5,NOT_APPLICABLE,0,0,0,0,0,insufficient_evidence,"Tophappy 1.6 x 9 Inches Auger Drill Bit, Garden Plant Flower Bulb Rapid Planter for Planting Bulb Seedlings & Bedding for 3/8"" Hex Drive Drill Earth Auger Drill Fence Post Umbrella Hole Digger",MOZJONXLLY,Headphones & Earbuds,Headphones & Earbuds,2,AMBIGUOUS,NOT_APPLICABLE,"needs_review: 标题“Tophappy 1.6 x 9 Inches Auger Drill Bit, Garden Plant Flower Bulb Rapid Planter for Planting Bulb Seedlings & Bedding for 3/8"" Hex Drive Drill Earth A”未描述完整耳机或明确耳机配件，且与类目“Headphones & Earbuds”不一致/信息残缺；保留 AMBIGUOUS，不强行归类。"
1426320965,ACCESSORY,0.98,NOT_APPLICABLE,0,2,0,0,0,taxonomy_accessory=2,"National Geographic Kids Why?: Over 1,111 Answers to Everything",Crispin Boyer (Author),Adapters,Adapters,13513,ACCESSORY,NOT_APPLICABLE,标题明确为线缆/转接配件，不是可独立使用的完整耳机；细分类目 Adapters 与此一致；判为 ACCESSORY。
B08DR2NXYD,ACCESSORY,0.995,NOT_APPLICABLE,0,2,1,1,1,taxonomy_accessory=2;title_device=1;title_accessory=1;conflict,kwmobile Case Compatible with Razer Hammerhead True Wireless Case - Silicone Cover Holder for Earbuds - Black,kwmobile,Cases,Cases,80,ACCESSORY,NOT_APPLICABLE,标题明确为保护壳/收纳配件，不是可独立使用的完整耳机；细分类目 Cases 与此一致；判为 ACCESSORY。
B08H7XT421,ACCESSORY,0.995,NOT_APPLICABLE,0,2,0,1,0,taxonomy_accessory=2;title_accessory=1,"Airpods Case, BELONGME Airpods Silicone Case Cover with Keychain, 360°Protective AirPods Accessories Kits Shockproof Airpods Case Compatible with Apple Airpods 2 &1 (Front LED Visible) Alaskan Blue",BELONGME,Cases,Cases,2929,ACCESSORY,NOT_APPLICABLE,标题明确为保护壳/收纳配件，不是可独立使用的完整耳机；细分类目 Cases 与此一致；判为 ACCESSORY。
B079JX8SYH,AMBIGUOUS,0.6,NOT_APPLICABLE,1,0,0,0,0,taxonomy_device=1,"NAHAI Compatible AirPods Accessories Strap, Adjustable Ear Hooks Holders for AirPods Wireless Headset White",NAHAI,"Headphones, Earbuds & Accessories",,14,ACCESSORY,NOT_APPLICABLE,标题明确为耳机配件，不是可独立使用的完整耳机；结合标题的兼容/替换关系判定；判为 ACCESSORY。 原自动标签为 AMBIGUOUS，本次以商品主体语义和类目复核后更正。
B001HVWUDG,AMBIGUOUS,0.6,NOT_APPLICABLE,0,0,1,0,0,title_device=1,Plantronics PL-VOYAGER-835 Plantronics Voyager 835 Bluetooth Headset [CD] [Wireless Phone Accessory] - 1 Pack - Case - Carrier Packaging - Neutral (Discontinued by Manufacturer),Plantronics,Headphones & Earbuds,Headphones & Earbuds,52,DEVICE,EARBUD_INEAR,标题描述可独立使用的完整耳机/耳塞设备，并含连接、声学或供电功能信息；判为 DEVICE；形态依据：标题语义为手机用单耳/免提蓝牙耳机或有线耳麦。 原自动标签为 AMBIGUOUS，本次以商品主体语义和类目复核后更正。
B09J4RW8PP,DEVICE,0.955,EARBUD_INEAR,2,0,2,1,1,taxonomy_device=2;title_device=2;title_accessory=1;conflict,BLX Earbuds - Wireless Bluetooth 5.1 Earbuds with Charging Case | TWS Dual Stereo Bluetooth Headphones | Bluetooth Earphones with 4.5 Hours Battery | in-Ear Headphones for Android and iPhone,BLAUX,Earbud Headphones,Headphones & Earbuds,2352,DEVICE,EARBUD_INEAR,标题主体是完整耳机，后列保护壳/线缆/支架等随附配件（套装不改变主体标签）；判为 DEVICE；形态依据：标题含耳塞/入耳/开放式耳戴设备词，且其主体线索早于头戴式描述。
B00XRP8VDI,AMBIGUOUS,0.5,NOT_APPLICABLE,0,0,0,0,0,insufficient_evidence,LG G Stylo Blue High Fidelity Stereo Headphones With Hands Free Microphone And Send/Answer/End Button,Cellet,Headphones & Earbuds,Headphones & Earbuds,1,DEVICE,EARBUD_INEAR,标题/型号表明是入耳耳塞、手机单耳蓝牙耳机、运动耳机或随身耳塞系统；判为 DEVICE / EARBUD_INEAR。 原自动标签为 AMBIGUOUS，本次复核后更正。
B07FYXS7JX,AMBIGUOUS,0.6,NOT_APPLICABLE,1,0,0,0,0,taxonomy_device=1,"InstallerParts 3.5mm Male to Male Auxiliary Cable (1Ft) - Compatible with iPhone, Android, Mac, PC, iPad, and More",InstallerParts,"Headphones, Earbuds & Accessories",,46,ACCESSORY,NOT_APPLICABLE,标题明确为线缆/转接配件，不是可独立使用的完整耳机；结合标题的兼容/替换关系判定；判为 ACCESSORY。 原自动标签为 AMBIGUOUS，本次以商品主体语义和类目复核后更正。
B001EJOY9E,AMBIGUOUS,0.5,NOT_APPLICABLE,0,0,0,0,0,insufficient_evidence,Motorola CHYN4516 One Touch Stereo Headset HS120,Motorola,Headphones & Earbuds,Headphones & Earbuds,4,DEVICE,EARBUD_INEAR,标题描述可独立使用的完整耳机/耳塞设备，并含连接、声学或供电功能信息；判为 DEVICE；形态依据：标题语义为手机用单耳/免提蓝牙耳机或有线耳麦。 原自动标签为 AMBIGUOUS，本次以商品主体语义和类目复核后更正。
B0B37TV4WJ,AMBIGUOUS,0.6,NOT_APPLICABLE,2,0,1,1,1,taxonomy_device=2;title_device=1;title_accessory=1;conflict,"Skullcandy Hesh 2 Wireless Over-Ear Headphone - Black with Line Round Charging Cable, USB-C to USB-C - Dark Blue/Green, 4ft",Skullcandy,Over-Ear Headphones,Headphones & Earbuds,11690,DEVICE,OVER_EAR,标题主体是完整耳机，后列保护壳/线缆/支架等随附配件（套装不改变主体标签）；判为 DEVICE；形态依据：标题明确为 over-ear/around-ear/full-size，且该形态是最先出现的主体描述。 原自动标签为 AMBIGUOUS，本次以商品主体语义和类目复核后更正。
B002XDOULC,AMBIGUOUS,0.6,NOT_APPLICABLE,0,0,1,0,0,title_device=1,LG HBM-520 Bluetooth Headset (Black) - New OEM in Bulk,LG,Headphones & Earbuds,Headphones & Earbuds,11,DEVICE,EARBUD_INEAR,标题描述可独立使用的完整耳机/耳塞设备，并含连接、声学或供电功能信息；判为 DEVICE；形态依据：标题语义为手机用单耳/免提蓝牙耳机或有线耳麦。 原自动标签为 AMBIGUOUS，本次以商品主体语义和类目复核后更正。
B01881R24O,AMBIGUOUS,0.6,NOT_APPLICABLE,2,0,0,1,1,taxonomy_device=2;title_accessory=1;conflict,Samsung Galaxy EO-EG920LW Universal 3.5mm Jack Stereo Headset -in OEM Samsung Protective Case & YoYo Headset USB Winder - Made in Vietnam,Allen's Antiques,Earbud Headphones,Headphones & Earbuds,120,DEVICE,EARBUD_INEAR,标题描述可独立使用的完整耳机/耳塞设备，细分类目为 Earbud Headphones；判为 DEVICE；形态依据：细分类目为 Earbud Headphones。 原自动标签为 AMBIGUOUS，本次以商品主体语义和类目复核后更正。
B00076FUUC,AMBIGUOUS,0.5,NOT_APPLICABLE,0,0,0,0,0,insufficient_evidence,Telex EH-1 Explorer Headphone with (300305100),Telex,Headphones & Earbuds,Headphones & Earbuds,1,DEVICE,OVER_EAR,标题或核验到的规格表明为包耳/环耳/专业监听或大型耳罩式耳机；判为 DEVICE / OVER_EAR。 核验来源：https://www.av-iq.com/avcat/ctl1642/index.cfm?manufacturer=califone-international&product=eh-1 原自动标签为 AMBIGUOUS，本次复核后更正。
B09WMMFZG4,ACCESSORY,0.995,NOT_APPLICABLE,0,2,0,1,0,taxonomy_accessory=2;title_accessory=1,"RAVIAD Multi Charging Cable 4FT, 3 in 1 Charging Cable Nylon Braided Multi Charger Cable Fast Charging Cord with IP Type-C Micro USB Connectors Compatible with Most Phones, Tablets and More - Black",RAVIAD,Cases,Cases,928,ACCESSORY,NOT_APPLICABLE,标题明确为保护壳/收纳配件，不是可独立使用的完整耳机；细分类目 Cases 与此一致；判为 ACCESSORY。
B00GJ1ED9I,AMBIGUOUS,0.5,NOT_APPLICABLE,0,0,0,0,0,insufficient_evidence,"Graphics and More Geometric Orange Fox Home Button Stickers Fits Apple iPhone 4/4S/5/5C/5S, iPad, iPod Touch - Non-Retail Packaging - Clear",GRAPHICS & MORE,Headphones & Earbuds,Headphones & Earbuds,2,AMBIGUOUS,NOT_APPLICABLE,"needs_review: 标题“Graphics and More Geometric Orange Fox Home Button Stickers Fits Apple iPhone 4/4S/5/5C/5S, iPad, iPod Touch - Non-Retail Packaging - Clear”未描述完整耳机或明确耳机配件，且与类目“Headphones & Earbuds”不一致/信息残缺；保留 AMBIGUOUS，不强行归类。"
B09GLTP53G,DEVICE,0.995,EARBUD_INEAR,2,0,2,0,0,taxonomy_device=2;title_device=2,"Aipower K01 True Wireless Earbuds Bluetooth 5.0 with 30H Playtime, IPX5 Waterproof, Volume Control, Hands-Free Wireless Headphones Single/Twin Mode",Aipower,Earbud Headphones,Headphones & Earbuds,6,DEVICE,EARBUD_INEAR,标题描述可独立使用的完整耳机/耳塞设备，细分类目为 Earbud Headphones；判为 DEVICE；形态依据：标题含耳塞/入耳/开放式耳戴设备词，且其主体线索早于头戴式描述。
B0BHQYMT5Q,AMBIGUOUS,0.6,NOT_APPLICABLE,2,0,0,1,1,taxonomy_device=2;title_accessory=1;conflict,HAYLOU PurFree Bone Conduction Headphones Magnetic Charging Cable,HAYLOU,Earbud Headphones,Headphones & Earbuds,4,DEVICE,EARBUD_INEAR,标题描述可独立使用的完整耳机/耳塞设备，细分类目为 Earbud Headphones；判为 DEVICE；形态依据：标题含耳塞/入耳/开放式耳戴设备词，且其主体线索早于头戴式描述。 原自动标签为 AMBIGUOUS，本次以商品主体语义和类目复核后更正。
B0115N6PWM,AMBIGUOUS,0.6,NOT_APPLICABLE,1,0,0,1,1,taxonomy_device=1;title_accessory=1;conflict,Premium Earphone Cable for Shure SE215 SE315 SE425 SE535 SE846 Ultimate Ears UE900 (Black),Akash Design,"Headphones, Earbuds & Accessories",,66,ACCESSORY,NOT_APPLICABLE,标题明确为线缆/转接配件，不是可独立使用的完整耳机；结合标题的兼容/替换关系判定；判为 ACCESSORY。 原自动标签为 AMBIGUOUS，本次以商品主体语义和类目复核后更正。
B086WL5VJ9,DEVICE,0.985,EARBUD_INEAR,2,0,3,1,1,taxonomy_device=2;title_device=3;title_accessory=1;conflict,TREBLAB True Wireless Earbuds X5 Bluetooth 5.0 with Microphone 35H Playtime Noise Cancelling Headphones TWS Cordless Earphones w/Deep Bass for Sports/Running/Workout w/Charging Case Black,TREBLAB,Earbud Headphones,Headphones & Earbuds,686,DEVICE,EARBUD_INEAR,标题主体是完整耳机，后列保护壳/线缆/支架等随附配件（套装不改变主体标签）；判为 DEVICE；形态依据：标题含耳塞/入耳/开放式耳戴设备词，且其主体线索早于头戴式描述。
B073CCYWT4,AMBIGUOUS,0.5,NOT_APPLICABLE,0,0,0,0,0,insufficient_evidence,Billboard Bluetooth Wireless Over the Ear Earbuds With Controls and Microphone - White,Billboard,Headphones & Earbuds,Headphones & Earbuds,2,DEVICE,EARBUD_INEAR,标题主体是完整耳机，后列保护壳/线缆/支架等随附配件（套装不改变主体标签）；判为 DEVICE；形态依据：标题含耳塞/入耳/开放式耳戴设备词，且其主体线索早于头戴式描述。 原自动标签为 AMBIGUOUS，本次以商品主体语义和类目复核后更正。
B077VN1WZ5,DEVICE,0.995,EARBUD_INEAR,2,0,1,0,0,taxonomy_device=2;title_device=1,"Ectreme Wired Metal in Ear Headphones, Noise Isolating Stereo Bass Earphones with Mic (Gray)",Ectreme,Earbud Headphones,Headphones & Earbuds,23,DEVICE,EARBUD_INEAR,标题描述可独立使用的完整耳机/耳塞设备，细分类目为 Earbud Headphones；判为 DEVICE；形态依据：标题含耳塞/入耳/开放式耳戴设备词，且其主体线索早于头戴式描述。
B003Y59IBA,AMBIGUOUS,0.5,NOT_APPLICABLE,0,0,0,0,0,insufficient_evidence,Creative HQ-1450 Headphones (Black),Creative,Headphones & Earbuds,Headphones & Earbuds,3,DEVICE,ON_EAR,标题中的便携/折叠/儿童/头带式线索或核验到的厂商规格表明耳垫压在耳廓上；判为 DEVICE / ON_EAR。 核验来源：https://www.bhphotovideo.com/c/product/819586-REG/Creative_Labs_51EF0330AA001_HQ_1450_On_Ear_Stereo_Headphones.html 原自动标签为 AMBIGUOUS，本次复核后更正。
B008DDBHJE,AMBIGUOUS,0.6,NOT_APPLICABLE,1,0,0,0,0,taxonomy_device=1,Ampridge IJ-302 iJAM Headphone Cable,Ampridge,"Headphones, Earbuds & Accessories",,1,ACCESSORY,NOT_APPLICABLE,标题明确为线缆/转接配件，不是可独立使用的完整耳机；结合标题的兼容/替换关系判定；判为 ACCESSORY。 原自动标签为 AMBIGUOUS，本次以商品主体语义和类目复核后更正。
B01APMJQ98,AMBIGUOUS,0.6,NOT_APPLICABLE,2,0,0,1,1,taxonomy_device=2;title_accessory=1;conflict,Super Power Supply 6FT AC Cord for Sansui HDLCD185W HD LCD185W HDLCD19WB HD LCD19WB HDLCDVD195D HD LCDVD195D HDLCDVD19D HD LCDVD19D,Super Power Supply,Earbud Headphones,Headphones & Earbuds,1,ACCESSORY,NOT_APPLICABLE,标题明确为线缆/转接配件，不是可独立使用的完整耳机；结合标题的兼容/替换关系判定；判为 ACCESSORY。 原自动标签为 AMBIGUOUS，本次以商品主体语义和类目复核后更正。
B0017OM8ZI,AMBIGUOUS,0.5,NOT_APPLICABLE,0,0,0,0,0,insufficient_evidence,Plantronics Pink Crystallized MiX M60 Mobile Headset,Plantronics,Headphones & Earbuds,Headphones & Earbuds,3,DEVICE,EARBUD_INEAR,标题描述可独立使用的完整耳机/耳塞设备，并含连接、声学或供电功能信息；判为 DEVICE；形态依据：标题语义为手机用单耳/免提蓝牙耳机或有线耳麦。 原自动标签为 AMBIGUOUS，本次以商品主体语义和类目复核后更正。
B00XX60YCC,AMBIGUOUS,0.6,NOT_APPLICABLE,2,0,0,1,1,taxonomy_device=2;title_accessory=1;conflict,"Headphone+Portable Mini Round Hard Storage Case Bag,Asscom® MTL Dual Driver Heavy Bass Premium In-ear Noise-isolating Headphones((3.5mm plug) with Mic,Comaptible for iPhones, iPods and iPads, Android Devices, mp3 players, CD players and more.",Asscom,Earbud Headphones,Headphones & Earbuds,13,DEVICE,EARBUD_INEAR,标题主体是完整耳机，后列保护壳/线缆/支架等随附配件（套装不改变主体标签）；判为 DEVICE；形态依据：标题含耳塞/入耳/开放式耳戴设备词，且其主体线索早于头戴式描述。 原自动标签为 AMBIGUOUS，本次以商品主体语义和类目复核后更正。
B00YC9N4VW,AMBIGUOUS,0.5,NOT_APPLICABLE,0,0,0,0,0,insufficient_evidence,"CAD Audio Studio Headphones, White (MH210W)",CAD Audio,Headphones & Earbuds,Headphones & Earbuds,6,DEVICE,OVER_EAR,标题描述可独立使用的完整耳机/耳塞设备，并含连接、声学或供电功能信息；判为 DEVICE；形态依据：标题语义为带耳罩的游戏/办公/监听头戴式耳机。 原自动标签为 AMBIGUOUS，本次以商品主体语义和类目复核后更正。
B09SM1YWX5,ACCESSORY,0.98,NOT_APPLICABLE,0,2,0,0,0,taxonomy_accessory=2,"[4 Packs] AirTag Case Accessories Set Kit Hard PC Cover Holder for Apple Air Tag with Keychain,Protective Secure Airtags Loop Tracker Accessory with AirTag Holder Keyring for New",GAFKIDFO,Cases,Cases,23,ACCESSORY,NOT_APPLICABLE,标题明确为保护壳/收纳配件，不是可独立使用的完整耳机；细分类目 Cases 与此一致；判为 ACCESSORY。
B00CQBLTZQ,AMBIGUOUS,0.6,NOT_APPLICABLE,0,0,0,1,0,title_accessory=1,SumacLife Waterproof Dry Bag Sleeve Cover for Samsung Galaxy Tab S2 8.0 inch Tablets,Vangoddy,Headphones & Earbuds,Headphones & Earbuds,2,ACCESSORY,NOT_APPLICABLE,标题明确为保护壳/收纳配件，不是可独立使用的完整耳机；结合标题的兼容/替换关系判定；判为 ACCESSORY。 原自动标签为 AMBIGUOUS，本次以商品主体语义和类目复核后更正。
B004QWOSLK,AMBIGUOUS,0.5,NOT_APPLICABLE,0,0,0,0,0,insufficient_evidence,Motorola S10-HD Bluetooth Stereo Headphones - Retail Packaging,Motorola,Headphones & Earbuds,Headphones & Earbuds,4246,DEVICE,EARBUD_INEAR,标题/型号表明是入耳耳塞、手机单耳蓝牙耳机、运动耳机或随身耳塞系统；判为 DEVICE / EARBUD_INEAR。 原自动标签为 AMBIGUOUS，本次复核后更正。
B07F6B77WQ,AMBIGUOUS,0.6,NOT_APPLICABLE,2,0,0,1,1,taxonomy_device=2;title_accessory=1;conflict,KZ ZS10 Headphones Earphones HiFi Wired Earphone in Ear Monitor Earbuds 5 Hybrid Drivers 3.5mm Detachable Cable for Sports(Red with Mic),KZ,Earbud Headphones,Headphones & Earbuds,1,DEVICE,EARBUD_INEAR,标题描述可独立使用的完整耳机/耳塞设备，细分类目为 Earbud Headphones；判为 DEVICE；形态依据：标题含耳塞/入耳/开放式耳戴设备词，且其主体线索早于头戴式描述。 原自动标签为 AMBIGUOUS，本次以商品主体语义和类目复核后更正。
B07439THSL,ACCESSORY,0.94,NOT_APPLICABLE,2,0,0,2,1,taxonomy_device=2;title_accessory=2;conflict,"iPhone 7 iPhone 8 Cases,GAOAG Wallet Case with ID/Credit Card Holders,Premium Leather Magnetic Clasp Heavy Duty Protective Cover for iPhone 7 iPhone 8(yellow3)",BABEMALL,Earbud Headphones,Headphones & Earbuds,13,ACCESSORY,NOT_APPLICABLE,标题明确为保护壳/收纳配件，不是可独立使用的完整耳机；结合标题的兼容/替换关系判定；判为 ACCESSORY。
B005L96E4G,AMBIGUOUS,0.5,NOT_APPLICABLE,0,0,0,0,0,insufficient_evidence,PureGear PureBeats Premium In-Ear 3.5mm Headset With Mic (Bulk Packaging),PureGear,Headphones & Earbuds,Headphones & Earbuds,333,DEVICE,EARBUD_INEAR,标题描述可独立使用的完整耳机/耳塞设备，并含连接、声学或供电功能信息；判为 DEVICE；形态依据：标题含耳塞/入耳/开放式耳戴设备词，且其主体线索早于头戴式描述。 原自动标签为 AMBIGUOUS，本次以商品主体语义和类目复核后更正。
B07W6J55MR,AMBIGUOUS,0.6,NOT_APPLICABLE,2,0,2,2,1,taxonomy_device=2;title_device=2;title_accessory=2;conflict,Kaladior Hard Carrying Case for SoundPEATS True Wireless Bluetooth Earbuds in-Ear Stereo Bluetooth Headphones Wireless Earphones,Kaladior,Earbud Headphones,Headphones & Earbuds,6,ACCESSORY,NOT_APPLICABLE,标题明确为保护壳/收纳配件，不是可独立使用的完整耳机；结合标题的兼容/替换关系判定；判为 ACCESSORY。 原自动标签为 AMBIGUOUS，本次以商品主体语义和类目复核后更正。
B078RGL8SB,DEVICE,0.995,ON_EAR,2,0,1,0,0,taxonomy_device=2;title_device=1,ELECDER i37 Kids Headphones Children Girls Boys Teens Foldable Adjustable On Ear Headphones 3.5mm Jack Compatible Cellphones Computer MP3/4 Kindle School Tablet Rose/Pink,ELECDER,On-Ear Headphones,Headphones & Earbuds,26206,DEVICE,ON_EAR,标题描述可独立使用的完整耳机/耳塞设备，细分类目为 On-Ear Headphones；判为 DEVICE；形态依据：标题明确为 on-ear/supra-aural，或该形态是最先出现的主体描述。
B08KFK2VSX,AMBIGUOUS,0.6,NOT_APPLICABLE,2,0,1,1,1,taxonomy_device=2;title_device=1;title_accessory=1;conflict,"Bluedio Bluetooth Mini Wireless Earbuds, Ei Wireless Headphones in-Ear Earphones with Charging Case, 40Hrs Playtime, Car Headset Built-in Mic Support Wireless Charging for Cell Phone, Sport, White",Bluedio,Earbud Headphones,Headphones & Earbuds,857,DEVICE,EARBUD_INEAR,标题主体是完整耳机，后列保护壳/线缆/支架等随附配件（套装不改变主体标签）；判为 DEVICE；形态依据：标题含耳塞/入耳/开放式耳戴设备词，且其主体线索早于头戴式描述。 原自动标签为 AMBIGUOUS，本次以商品主体语义和类目复核后更正。
B0011X5SY8,AMBIGUOUS,0.5,NOT_APPLICABLE,0,0,0,0,0,insufficient_evidence,Motorola H371 Bluetooth v2.0 Headset (Black),Motorola,Headphones & Earbuds,Headphones & Earbuds,29,DEVICE,EARBUD_INEAR,标题描述可独立使用的完整耳机/耳塞设备，并含连接、声学或供电功能信息；判为 DEVICE；形态依据：标题语义为手机用单耳/免提蓝牙耳机或有线耳麦。 原自动标签为 AMBIGUOUS，本次以商品主体语义和类目复核后更正。
B07VVB347J,ACCESSORY,0.995,NOT_APPLICABLE,0,2,0,1,0,taxonomy_accessory=2;title_accessory=1,"CTYBB for Airpod Case,Silicone Airpods Case Cover with Fur Ball Keychain Compatible with Apple Airpods 2/1 (Front LED Visible)",CTYBB,Cases,Cases,24855,ACCESSORY,NOT_APPLICABLE,标题明确为保护壳/收纳配件，不是可独立使用的完整耳机；细分类目 Cases 与此一致；判为 ACCESSORY。
B00FQM03KY,AMBIGUOUS,0.6,NOT_APPLICABLE,0,0,1,0,0,title_device=1,SoundLogic Superior Bass Stereo Headphone With Microphone,SOUNDLOGIC,Headphones & Earbuds,Headphones & Earbuds,2,DEVICE,NEEDS_REVIEW,needs_review: 可确认商品包含/属于完整音频耳机，但现有标题及可得资料不足或相互矛盾，无法可靠区分入耳、压耳和包耳；判为 DEVICE / NEEDS_REVIEW。 原自动标签为 AMBIGUOUS，本次复核后更正。
B0B6Z9R55G,ACCESSORY,0.995,NOT_APPLICABLE,0,2,0,1,0,taxonomy_accessory=2;title_accessory=1,"Apple MFi Certified 2 Pack Headphone Adapter for iPhone,Lightning to 3.5 mm Headphone Jack Adapter Audio Aux Cord Dongle, Compatible with iPhone 13/12/11/XS/XR/X 8/, Support Call+Music Control",Cirafon,Adapters,Adapters,145,ACCESSORY,NOT_APPLICABLE,标题明确为线缆/转接配件，不是可独立使用的完整耳机；细分类目 Adapters 与此一致；判为 ACCESSORY。
B0C88N44MS,DEVICE,0.955,EARBUD_INEAR,2,0,2,1,1,taxonomy_device=2;title_device=2;title_accessory=1;conflict,"Wireless Earbuds, 30Hrs Playtime Bluetooth Earbuds Built in Noise Cancellation Mic with Charging Case, Headphones with Stereo Sound, IP67 Waterproof Ear Buds Touch Control Smart Pop-up Auto Pairing",FOGUTUNE,Earbud Headphones,Headphones & Earbuds,27,DEVICE,EARBUD_INEAR,标题主体是完整耳机，后列保护壳/线缆/支架等随附配件（套装不改变主体标签）；判为 DEVICE；形态依据：标题含耳塞/入耳/开放式耳戴设备词，且其主体线索早于头戴式描述。
B08D8DYYR3,ACCESSORY,0.995,NOT_APPLICABLE,0,2,0,3,0,taxonomy_accessory=2;title_accessory=3,"KUXEEN Compatible with Airpods Case, 3 in 1 Cute Hard Airpods Accessories Protective Case Cover Portable & Shockproof Cover Case Portable for Airpods 2 & 1 Charging Case (American Flag and Eagle)",KUXEEN,Cases,Cases,23,ACCESSORY,NOT_APPLICABLE,标题明确为保护壳/收纳配件，不是可独立使用的完整耳机；细分类目 Cases 与此一致；判为 ACCESSORY。
B09L3XQY2W,AMBIGUOUS,0.6,NOT_APPLICABLE,2,0,1,1,1,taxonomy_device=2;title_device=1;title_accessory=1;conflict,"COBY True Wireless Sport Earbuds 15 Hours, Charging Case, Playback Controls, Siri and Google Assistant, Auto Bluetooth 5.0 Pairing, for Gym, Running, Workout - Works with iPhone, Android, iPad (Black)",Coby,Earbud Headphones,Headphones & Earbuds,15,DEVICE,EARBUD_INEAR,标题描述可独立使用的完整耳机/耳塞设备，细分类目为 Earbud Headphones；判为 DEVICE；形态依据：标题含耳塞/入耳/开放式耳戴设备词，且其主体线索早于头戴式描述。 原自动标签为 AMBIGUOUS，本次以商品主体语义和类目复核后更正。
B0751LL633,DEVICE,0.98,EARBUD_INEAR,2,0,0,0,0,taxonomy_device=2,"Floyd Rose Audio Headphones, Black, 1 (FR360WH)",Floyd Rose,Earbud Headphones,Headphones & Earbuds,8,DEVICE,EARBUD_INEAR,标题描述可独立使用的完整耳机/耳塞设备，细分类目为 Earbud Headphones；判为 DEVICE；形态依据：细分类目为 Earbud Headphones。
B075MB1QQY,AMBIGUOUS,0.5,NOT_APPLICABLE,0,0,0,0,0,insufficient_evidence,"Lightning to 3.5mm Headphone Adapter, Lightning to 3.5mm Aux Headphone Jack Audio & Charger for iPhone 7 / 7 plus (Black)",CoCoMalls,Headphones & Earbuds,Headphones & Earbuds,72,ACCESSORY,NOT_APPLICABLE,标题明确为线缆/转接配件，不是可独立使用的完整耳机；结合标题的兼容/替换关系判定；判为 ACCESSORY。 原自动标签为 AMBIGUOUS，本次以商品主体语义和类目复核后更正。
B082NN2VZ2,DEVICE,0.955,EARBUD_INEAR,2,0,2,1,1,taxonomy_device=2;title_device=2;title_accessory=1;conflict,dyplay True Wireless Earbuds Ultra Wide Band Active Noise Cancellation Bluetooth V5.0 in-Ear Stereo Wireless Headphones 45Hrs Playtime ANC TWS Earbuds Touch Control with Mic & Wireless Charging Case,dyplay,Earbud Headphones,Headphones & Earbuds,23,DEVICE,EARBUD_INEAR,标题主体是完整耳机，后列保护壳/线缆/支架等随附配件（套装不改变主体标签）；判为 DEVICE；形态依据：标题含耳塞/入耳/开放式耳戴设备词，且其主体线索早于头戴式描述。
B00WSM6W8W,DEVICE,0.98,ON_EAR,2,0,0,0,0,taxonomy_device=2,"Koss KSC75 Portable Stereophone Headphones, Single, Standard Packaging White/Gray",Koss,On-Ear Headphones,Headphones & Earbuds,7558,DEVICE,ON_EAR,标题描述可独立使用的完整耳机/耳塞设备，细分类目为 On-Ear Headphones；判为 DEVICE；形态依据：细分类目为 On-Ear Headphones。
B0844Z17H1,DEVICE,0.955,EARBUD_INEAR,2,0,2,1,1,taxonomy_device=2;title_device=2;title_accessory=1;conflict,"JLab JBuds Air Sport True Wireless Bluetooth Earbuds + Charging Case - White - IP66 Sweat Resistance - Class 1 Bluetooth 5.0 Connection - 3 EQ Sound Settings Signature, Balanced, Bass Boost",JLab,Earbud Headphones,Headphones & Earbuds,11557,DEVICE,EARBUD_INEAR,标题描述可独立使用的完整耳机/耳塞设备，细分类目为 Earbud Headphones；判为 DEVICE；形态依据：标题含耳塞/入耳/开放式耳戴设备词，且其主体线索早于头戴式描述。
B004GADH2S,AMBIGUOUS,0.6,NOT_APPLICABLE,1,0,0,0,0,taxonomy_device=1,AIAIAI: TMA-1 Replacement Headphone Cord - Coiled,AIAIAI,"Headphones, Earbuds & Accessories",,2,ACCESSORY,NOT_APPLICABLE,标题明确为线缆/转接配件，不是可独立使用的完整耳机；结合标题的兼容/替换关系判定；判为 ACCESSORY。 原自动标签为 AMBIGUOUS，本次以商品主体语义和类目复核后更正。
B0048072Z4,AMBIGUOUS,0.5,NOT_APPLICABLE,0,0,0,0,0,insufficient_evidence,"Skullcandy Aviator 3.5 mm Binaural Head-Band Black Headset - Auriculares con micrófono (PC/Gaming, 0-40 °C, -20-45 °C, Binaural, Head-Band, Black)",Skullcandy,Headphones & Earbuds,Headphones & Earbuds,50,DEVICE,OVER_EAR,标题描述可独立使用的完整耳机/耳塞设备，并含连接、声学或供电功能信息；判为 DEVICE；形态依据：标题语义为带耳罩的游戏/办公/监听头戴式耳机。 原自动标签为 AMBIGUOUS，本次以商品主体语义和类目复核后更正。
B07VC3SV8J,AMBIGUOUS,0.6,NOT_APPLICABLE,2,0,1,1,1,taxonomy_device=2;title_device=1;title_accessory=1;conflict,Sony WH-XB900N Extra BASS Wireless Noise Cancelling Headphones (Black) with Hardshell Headphone case and Aluminum Headphone Stand Bundle,Sony,Over-Ear Headphones,Headphones & Earbuds,133,DEVICE,OVER_EAR,标题主体是完整耳机，后列保护壳/线缆/支架等随附配件（套装不改变主体标签）；判为 DEVICE；形态依据：细分类目为 Over-Ear Headphones。 原自动标签为 AMBIGUOUS，本次以商品主体语义和类目复核后更正。
B08HDJR1KV,AMBIGUOUS,0.6,NOT_APPLICABLE,2,0,0,1,1,taxonomy_device=2;title_accessory=1;conflict,"HoomBand Wireless | Bluetooth Innovative Headband for Sleep, Travel, Meditation | Charging Cable Included & Free Access to Hypnotic Stories Created by Sleep Experts (Size M/L)",Hoom,Over-Ear Headphones,Headphones & Earbuds,960,DEVICE,OVER_EAR,标题描述可独立使用的完整耳机/耳塞设备，细分类目为 Over-Ear Headphones；判为 DEVICE；形态依据：细分类目为 Over-Ear Headphones。 原自动标签为 AMBIGUOUS，本次以商品主体语义和类目复核后更正。
B07X9H5MJL,ACCESSORY,0.995,NOT_APPLICABLE,0,2,0,1,0,taxonomy_accessory=2;title_accessory=1,"Don't Touch My POD Airpods Case,Compatible AirPods Case Cover Smooth Hard PC Protective Skin for Apple Airpod Case 1st / 2nd Charging Case",SGPCN,Cases,Cases,149,ACCESSORY,NOT_APPLICABLE,标题明确为保护壳/收纳配件，不是可独立使用的完整耳机；细分类目 Cases 与此一致；判为 ACCESSORY。
B0BSNW6G7D,DEVICE,0.985,EARBUD_INEAR,2,0,3,1,1,taxonomy_device=2;title_device=3;title_accessory=1;conflict,"iWorld Elevate True Wireless Earbuds with Charging Case, Bluetooth in-Ear Headphones with Built-in Microphone and Touch Control, Universally Compatible Headset for Android, iPhone and PC (Rose Gold)",iWorld,Earbud Headphones,Headphones & Earbuds,247,DEVICE,EARBUD_INEAR,标题主体是完整耳机，后列保护壳/线缆/支架等随附配件（套装不改变主体标签）；判为 DEVICE；形态依据：标题含耳塞/入耳/开放式耳戴设备词，且其主体线索早于头戴式描述。
B08F9HNZN4,ACCESSORY,0.995,NOT_APPLICABLE,0,2,0,1,0,taxonomy_accessory=2;title_accessory=1,Replacement Parts 10x Ear Cover Foam Pads earpads for Sony Walkman SRF-HM55 SRF HM 55 Headphones,Condoah,Earpads,Earpads,1,ACCESSORY,NOT_APPLICABLE,标题明确为替换耳垫/耳罩，不是可独立使用的完整耳机；细分类目 Earpads 与此一致；判为 ACCESSORY。
B077PTJFNH,AMBIGUOUS,0.6,NOT_APPLICABLE,2,0,1,1,1,taxonomy_device=2;title_device=1;title_accessory=1;conflict,"Headphone in Ear Earbuds, Magnetic Stereo Bass Earphone with Mic/Volume Control, Waterproof and Sweat + Charm Earphone Case for Easy Carry (Black)",DOUX,Earbud Headphones,Headphones & Earbuds,2,DEVICE,EARBUD_INEAR,标题主体是完整耳机，后列保护壳/线缆/支架等随附配件（套装不改变主体标签）；判为 DEVICE；形态依据：标题含耳塞/入耳/开放式耳戴设备词，且其主体线索早于头戴式描述。 原自动标签为 AMBIGUOUS，本次以商品主体语义和类目复核后更正。
B08PVX92V6,ACCESSORY,0.98,NOT_APPLICABLE,0,2,0,0,0,taxonomy_accessory=2,Glacier White Replacement Bose Sport Earbud eartips Compatible for Bose Sport Earbud New (Glacier White),Advan,Earpads,Earpads,12,ACCESSORY,NOT_APPLICABLE,标题明确为替换耳垫/耳罩，不是可独立使用的完整耳机；细分类目 Earpads 与此一致；判为 ACCESSORY。
B00XI8RNOM,AMBIGUOUS,0.5,NOT_APPLICABLE,0,0,0,0,0,insufficient_evidence,4pcs New Clear Earhooks Compatible with Plantronics Voyager Edge Wireless Headsets Ear Hooks Loops Clips Stabilizers Earloops Earclips Replacement Parts,NICKSTON,Headphones & Earbuds,Headphones & Earbuds,24,ACCESSORY,NOT_APPLICABLE,标题明确为替换/维修部件，不是可独立使用的完整耳机；结合标题的兼容/替换关系判定；判为 ACCESSORY。 原自动标签为 AMBIGUOUS，本次以商品主体语义和类目复核后更正。
B09NKWLJ7Y,DEVICE,0.995,OVER_EAR,2,0,2,0,0,taxonomy_device=2;title_device=2,"TUINYO Wireless Headphones Over Ear, Bluetooth Headphones with Microphone, Foldable Stereo Wireless Headset-Light Blue",TUINYO,Over-Ear Headphones,Headphones & Earbuds,18045,DEVICE,OVER_EAR,标题主体是完整耳机，后列保护壳/线缆/支架等随附配件（套装不改变主体标签）；判为 DEVICE；形态依据：标题明确为 over-ear/around-ear/full-size，且该形态是最先出现的主体描述。
B008631LXI,AMBIGUOUS,0.6,NOT_APPLICABLE,2,0,1,1,1,taxonomy_device=2;title_device=1;title_accessory=1;conflict,"iKross 3.5mm Stereo Earbuds with Microphone + Green Headset Case for Acer Aspire Switch 11 10, ICONIA TAB 10/ Tab 8/ ONE 7/ TAB 7/ B1-720/ A1-830/ A3-A10, Aspire P3 Ultrabook",iKross,Earbud Headphones,Headphones & Earbuds,2,DEVICE,EARBUD_INEAR,标题主体是完整耳机，后列保护壳/线缆/支架等随附配件（套装不改变主体标签）；判为 DEVICE；形态依据：标题含耳塞/入耳/开放式耳戴设备词，且其主体线索早于头戴式描述。 原自动标签为 AMBIGUOUS，本次以商品主体语义和类目复核后更正。
B01MS078TG,AMBIGUOUS,0.6,NOT_APPLICABLE,2,0,0,1,1,taxonomy_device=2;title_accessory=1;conflict,"Hitek Running Sports Headphones with Illuminating Cable for Enhanced Night Visibility During Outdoor Exercise, Jogging, Walking, Microphone and Answer Button for Hands Free Phone Calls, in Ear",Hitek,Earbud Headphones,Headphones & Earbuds,2,DEVICE,EARBUD_INEAR,标题主体是完整耳机，后列保护壳/线缆/支架等随附配件（套装不改变主体标签）；判为 DEVICE；形态依据：标题含耳塞/入耳/开放式耳戴设备词，且其主体线索早于头戴式描述。 原自动标签为 AMBIGUOUS，本次以商品主体语义和类目复核后更正。
B07TVPZK4M,DEVICE,0.98,ON_EAR,2,0,0,0,0,taxonomy_device=2,Magnavox MHP5031-WH Foldable Stereo Headphones with Extreme Bass in White,Magnavox,On-Ear Headphones,Headphones & Earbuds,41,DEVICE,ON_EAR,标题描述可独立使用的完整耳机/耳塞设备，细分类目为 On-Ear Headphones；判为 DEVICE；形态依据：细分类目为 On-Ear Headphones。
B07XPCFVT5,AMBIGUOUS,0.6,NOT_APPLICABLE,2,0,1,1,1,taxonomy_device=2;title_device=1;title_accessory=1;conflict,Upgraded Bluetooth 5.0 Headphones Wireless Earbuds Mini Earphones in-Ear Stereo Sound Noise Cancelling 2 Built-in Mic Charging Case Compatible Headsets Device Sport Ear Buds for Smartphones,SimpTronic Tech,Earbud Headphones,Headphones & Earbuds,839,DEVICE,EARBUD_INEAR,标题描述可独立使用的完整耳机/耳塞设备，细分类目为 Earbud Headphones；判为 DEVICE；形态依据：标题含耳塞/入耳/开放式耳戴设备词，且其主体线索早于头戴式描述。 原自动标签为 AMBIGUOUS，本次以商品主体语义和类目复核后更正。
B077T39TSY,ACCESSORY,0.94,NOT_APPLICABLE,2,0,0,2,1,taxonomy_device=2;title_accessory=2;conflict,myCharge PowerGear Tunes Protective Charging Case for Earbuds Headphones (1000 mAh / 1A Output),myCharge,Earbud Headphones,Headphones & Earbuds,68,ACCESSORY,NOT_APPLICABLE,标题明确为保护壳/收纳配件，不是可独立使用的完整耳机；结合标题的兼容/替换关系判定；判为 ACCESSORY。
B0CGNXTCSC,ACCESSORY,0.98,NOT_APPLICABLE,0,2,0,0,0,taxonomy_accessory=2,"Headphones for iPhone with Microphone, Volume Control and Noise Isolation - Compatible with iPhone 14/13/12/11/7/8/8plus X/Xs/XR/Xs max/pro/se - Supports All iOS Systems（Black）!",PANBOM,Adapters,Adapters,103,DEVICE,EARBUD_INEAR,标题/型号表明是入耳耳塞、手机单耳蓝牙耳机、运动耳机或随身耳塞系统；判为 DEVICE / EARBUD_INEAR。 原自动标签为 ACCESSORY，本次复核后更正。
B00A9YTND2,AMBIGUOUS,0.6,NOT_APPLICABLE,0,0,1,0,0,title_device=1,"Charging Cradle For Motorola H12, H680, H681, H685, H690, H695 Bluetooth Headset",Sincerely Ltd,Headphones & Earbuds,Headphones & Earbuds,7,ACCESSORY,NOT_APPLICABLE,标题明确为耳机配件，不是可独立使用的完整耳机；结合标题的兼容/替换关系判定；判为 ACCESSORY。 原自动标签为 AMBIGUOUS，本次以商品主体语义和类目复核后更正。
B00P3T6XI6,ACCESSORY,0.995,NOT_APPLICABLE,0,2,0,2,0,taxonomy_accessory=2;title_accessory=2,Bastex Replacement Ear Pad Cushions for Logitech H800 Headphones,Bastex,Earpads,Earpads,189,ACCESSORY,NOT_APPLICABLE,标题明确为替换耳垫/耳罩，不是可独立使用的完整耳机；细分类目 Earpads 与此一致；判为 ACCESSORY。
B0BH4VZKQ5,AMBIGUOUS,0.6,NOT_APPLICABLE,2,0,1,1,1,taxonomy_device=2;title_device=1;title_accessory=1;conflict,"ZTOZ Wireless Earbuds Bluetooth 5.0 Headphones with Immersive Bass Sound, Mini Charging Case, Waterproof Earphones for Sport/Work, Headsets Compatible with iPhone/Android/PC, (White)",ZTOZ,Earbud Headphones,Headphones & Earbuds,133,DEVICE,EARBUD_INEAR,标题主体是完整耳机，后列保护壳/线缆/支架等随附配件（套装不改变主体标签）；判为 DEVICE；形态依据：标题含耳塞/入耳/开放式耳戴设备词，且其主体线索早于头戴式描述。 原自动标签为 AMBIGUOUS，本次以商品主体语义和类目复核后更正。
B00VM5I2I4,DEVICE,0.995,EARBUD_INEAR,2,0,1,0,0,taxonomy_device=2;title_device=1,"House of Marley, Little Bird Wired In-Ear Headphones - Noise Isolating, 9.2mm Driver, Two Ear Tip Sizes, Sustainably Crafted, Affordable Lifestyle, EM-JE060-RA Rasta",Marley,Earbud Headphones,Headphones & Earbuds,54,DEVICE,EARBUD_INEAR,标题描述可独立使用的完整耳机/耳塞设备，细分类目为 Earbud Headphones；判为 DEVICE；形态依据：标题含耳塞/入耳/开放式耳戴设备词，且其主体线索早于头戴式描述。
B0B37TT7JB,DEVICE,0.995,OVER_EAR,2,0,1,0,0,taxonomy_device=2;title_device=1,"Skullcandy Crusher Wireless Over-Ear Bluetooth Headphones for iPhone and Android with Microphone / 40 Hours Battery Life / Extra Bass Tech / Great for Music, School, Workouts, and Gaming - Grey/Tan",Skullcandy,Over-Ear Headphones,Headphones & Earbuds,21600,DEVICE,OVER_EAR,标题主体是完整耳机，后列保护壳/线缆/支架等随附配件（套装不改变主体标签）；判为 DEVICE；形态依据：标题明确为 over-ear/around-ear/full-size，且该形态是最先出现的主体描述。
B07YR475PS,DEVICE,0.98,ON_EAR,2,0,0,0,0,taxonomy_device=2,Kids Headphones Bluetooth Wireless 85db/110db Volume Limit Headset Fit for Aged 3-21 Over-Ear and Build-in Mic Wired & SD Card Mode Headphones for Boys Girls Travel School Phone Pad Tablet PC White,Woice,On-Ear Headphones,Headphones & Earbuds,12079,DEVICE,OVER_EAR,标题描述可独立使用的完整耳机/耳塞设备，细分类目为 On-Ear Headphones；判为 DEVICE；形态依据：标题明确为 over-ear/around-ear/full-size，且该形态是最先出现的主体描述。
B00PPBWSTK,AMBIGUOUS,0.5,NOT_APPLICABLE,0,0,0,0,0,insufficient_evidence,Lego Model Team 5580 Highway Rig,,Headphones & Earbuds,Headphones & Earbuds,2,AMBIGUOUS,NOT_APPLICABLE,needs_review: 标题“Lego Model Team 5580 Highway Rig”未描述完整耳机或明确耳机配件，且与类目“Headphones & Earbuds”不一致/信息残缺；保留 AMBIGUOUS，不强行归类。
B06XYSYHQ9,DEVICE,0.98,ON_EAR,2,0,0,0,0,taxonomy_device=2,SmithOutlet 10 Pack Low Cost Headphones for School/Library/Classrooms,SmithOutlet,On-Ear Headphones,Headphones & Earbuds,34,DEVICE,ON_EAR,标题描述可独立使用的完整耳机/耳塞设备，细分类目为 On-Ear Headphones；判为 DEVICE；形态依据：细分类目为 On-Ear Headphones。
B00WU13KV8,AMBIGUOUS,0.5,NOT_APPLICABLE,0,0,0,0,0,insufficient_evidence,Audio Technica Audiophile ATH-A1000X Closed-Back Dynamic Headphones,Audio-Technica,Headphones & Earbuds,Headphones & Earbuds,1,DEVICE,OVER_EAR,标题或核验到的规格表明为包耳/环耳/专业监听或大型耳罩式耳机；判为 DEVICE / OVER_EAR。 原自动标签为 AMBIGUOUS，本次复核后更正。
B0972KXXL5,AMBIGUOUS,0.6,NOT_APPLICABLE,2,0,1,1,1,taxonomy_device=2;title_device=1;title_accessory=1;conflict,"2 in 1 MP3 Player Combo Bluetooth Wireless Earbuds,TWS Bluetooth Earphones with TF Card Slot,30H Playtime with Charging Case Built-in Touch Control LED Screen for Sports Workout Hiking(Pink)",JIABAILE,Earbud Headphones,Headphones & Earbuds,1,DEVICE,EARBUD_INEAR,标题主体是完整耳机，后列保护壳/线缆/支架等随附配件（套装不改变主体标签）；判为 DEVICE；形态依据：标题含耳塞/入耳/开放式耳戴设备词，且其主体线索早于头戴式描述。 原自动标签为 AMBIGUOUS，本次以商品主体语义和类目复核后更正。
B004ECPAHS,DEVICE,0.98,OVER_EAR,2,0,0,0,0,taxonomy_device=2,Marshall Major Headphones - Black,Marshall,Over-Ear Headphones,Headphones & Earbuds,279,DEVICE,OVER_EAR,标题描述可独立使用的完整耳机/耳塞设备，细分类目为 Over-Ear Headphones；判为 DEVICE；形态依据：细分类目为 Over-Ear Headphones。
B09R8PRCDR,AMBIGUOUS,0.6,NOT_APPLICABLE,2,0,1,1,1,taxonomy_device=2;title_device=1;title_accessory=1;conflict,DeWalt JOBSITE PRO-X1 True Wireless EARBUS with Charging CASE,DEWALT,Earbud Headphones,Headphones & Earbuds,4,DEVICE,EARBUD_INEAR,标题/型号表明是入耳耳塞、手机单耳蓝牙耳机、运动耳机或随身耳塞系统；判为 DEVICE / EARBUD_INEAR。 原自动标签为 AMBIGUOUS，本次复核后更正。
B00BN5DD3C,AMBIGUOUS,0.6,NOT_APPLICABLE,0,0,1,0,0,title_device=1,"House of Marley Buffalo Soldier Song On-Ear Headphones , EM-JH033-MI",House of Marley,Headphones & Earbuds,Headphones & Earbuds,9,DEVICE,ON_EAR,标题描述可独立使用的完整耳机/耳塞设备，并含连接、声学或供电功能信息；判为 DEVICE；形态依据：标题明确为 on-ear/supra-aural，或该形态是最先出现的主体描述。 原自动标签为 AMBIGUOUS，本次以商品主体语义和类目复核后更正。
B00WUG9CKG,AMBIGUOUS,0.5,NOT_APPLICABLE,0,0,0,0,0,insufficient_evidence,Memorex CB-25 Stereo Earbuds works with your Ipod and MP3 player Blue (Discontinued by Manufacturer),Memorex,Headphones & Earbuds,Headphones & Earbuds,19,DEVICE,EARBUD_INEAR,标题描述可独立使用的完整耳机/耳塞设备，并含连接、声学或供电功能信息；判为 DEVICE；形态依据：标题含耳塞/入耳/开放式耳戴设备词，且其主体线索早于头戴式描述。 原自动标签为 AMBIGUOUS，本次以商品主体语义和类目复核后更正。
B082TT6KB5,ACCESSORY,0.995,NOT_APPLICABLE,0,2,0,1,0,taxonomy_accessory=2;title_accessory=1,"for Airpod Case, MARGE PLUS Silicone Airpods Case Cover (Front LED Visible) Compatible for Apple Airpods 2&1 Charging Case",MARGE PLUS,Cases,Cases,220,ACCESSORY,NOT_APPLICABLE,标题明确为保护壳/收纳配件，不是可独立使用的完整耳机；细分类目 Cases 与此一致；判为 ACCESSORY。
B0B12PBYCV,DEVICE,0.985,EARBUD_INEAR,2,0,3,1,1,taxonomy_device=2;title_device=3;title_accessory=1;conflict,Wireless Earbuds with Wireless Charging Case 60H Play Back Power Display Bluetooth Headphones Waterproof Touch Control Stereo Earphones with Microphone in-Ear Earbuds for Android iOS Laptop Sports,NUBBYO,Earbud Headphones,Headphones & Earbuds,286,DEVICE,EARBUD_INEAR,标题主体是完整耳机，后列保护壳/线缆/支架等随附配件（套装不改变主体标签）；判为 DEVICE；形态依据：标题含耳塞/入耳/开放式耳戴设备词，且其主体线索早于头戴式描述。
B089F7422S,ACCESSORY,0.98,NOT_APPLICABLE,0,2,0,0,0,taxonomy_accessory=2,"CCLOT Galaxy Buds Case/Galaxy Buds + Plus Case, Carrying Cover Skin Silicone Replacement White Wireless Cute with Keychain Music Bud Pods Airbuds Earbuds",CCLOT,Cases,Cases,24,ACCESSORY,NOT_APPLICABLE,标题明确为保护壳/收纳配件，不是可独立使用的完整耳机；细分类目 Cases 与此一致；判为 ACCESSORY。
B001G7F6YQ,AMBIGUOUS,0.5,NOT_APPLICABLE,0,0,0,0,0,insufficient_evidence,Cordoba Dolce 7/8 Size Acoustic Nylon String Classical Guitar,Cordoba,Headphones & Earbuds,Headphones & Earbuds,8,AMBIGUOUS,NOT_APPLICABLE,needs_review: 标题“Cordoba Dolce 7/8 Size Acoustic Nylon String Classical Guitar”未描述完整耳机或明确耳机配件，且与类目“Headphones & Earbuds”不一致/信息残缺；保留 AMBIGUOUS，不强行归类。
B010BZ4TGO,DEVICE,0.98,EARBUD_INEAR,2,0,0,0,0,taxonomy_device=2,CollegeFanGear Seton Hall Black T Shirt 'Official Logo' - XXX-Large,Katatomi,Earbud Headphones,Headphones & Earbuds,1,AMBIGUOUS,NOT_APPLICABLE,needs_review: 标题“CollegeFanGear Seton Hall Black T Shirt 'Official Logo' - XXX-Large”未描述完整耳机或明确耳机配件，且与类目“Earbud Headphones”不一致/信息残缺；保留 AMBIGUOUS，不强行归类。 原自动标签为 DEVICE，本次以商品主体语义和类目复核后更正。
B00MR9T4EK,AMBIGUOUS,0.5,NOT_APPLICABLE,0,0,0,0,0,insufficient_evidence,"Super Bass 3.5mm Stereo Earbuds for HTC One (M8)/ One M9, Samsung Galaxy S6 Edge/ S6/ S5/ Note 4/ Note 3, Sony Xperia Z3+/ Z2, LG G4/ G3, Google Nexus 6/ 5, Amazon Kindle Fire HD 7/ Fire HD 6/ Fire HD 7/ Fire HDX 8.9/ Fire Phone (Orange) - with Microphone & Volume Control + MYNETDEALS Stylus",MyNetDeals,Headphones & Earbuds,Headphones & Earbuds,4,DEVICE,EARBUD_INEAR,标题主体是完整耳机，后列保护壳/线缆/支架等随附配件（套装不改变主体标签）；判为 DEVICE；形态依据：标题含耳塞/入耳/开放式耳戴设备词，且其主体线索早于头戴式描述。 原自动标签为 AMBIGUOUS，本次以商品主体语义和类目复核后更正。
B00GH569F2,AMBIGUOUS,0.5,NOT_APPLICABLE,0,0,0,0,0,insufficient_evidence,Earphone 3.5mm Stereo Headset with Mic for Samsung Galaxy S3 SIII White,Yoga Style,Headphones & Earbuds,Headphones & Earbuds,2,DEVICE,EARBUD_INEAR,标题描述可独立使用的完整耳机/耳塞设备，并含连接、声学或供电功能信息；判为 DEVICE；形态依据：标题含耳塞/耳机式耳戴设备词，未出现相冲突的头戴形态描述。 原自动标签为 AMBIGUOUS，本次以商品主体语义和类目复核后更正。
B07Z2XJN38,DEVICE,0.995,EARBUD_INEAR,2,0,2,0,0,taxonomy_device=2;title_device=2,"Aux Headphones/Earphones/Earbuds, (2 Pack) Sobrilli 3.5mm Wired in-Ear Headphones with Mic and Remote Control Compatible with Galaxy S9 S8 S7 S6 S5 S4 Edge + Note 4 5 6 7 8 9 and More Android Devices",Sobrilli,Earbud Headphones,Headphones & Earbuds,126,DEVICE,EARBUD_INEAR,标题描述可独立使用的完整耳机/耳塞设备，细分类目为 Earbud Headphones；判为 DEVICE；形态依据：标题含耳塞/入耳/开放式耳戴设备词，且其主体线索早于头戴式描述。
B0B64W96HW,DEVICE,0.955,EARBUD_INEAR,2,0,2,1,1,taxonomy_device=2;title_device=2;title_accessory=1;conflict,"Skullcandy Dime True Wireless In-Ear Bluetooth Earbuds Compatible with iPhone and Android / Charging Case and Microphone / Great for Gym, Sports, and Gaming, IPX4 Water Dust Resistant - Grey/Blue",Skullcandy,Earbud Headphones,Headphones & Earbuds,48723,DEVICE,EARBUD_INEAR,标题主体是完整耳机，后列保护壳/线缆/支架等随附配件（套装不改变主体标签）；判为 DEVICE；形态依据：标题含耳塞/入耳/开放式耳戴设备词，且其主体线索早于头戴式描述。
B09GJLT2HF,ACCESSORY,0.995,NOT_APPLICABLE,0,2,0,1,0,taxonomy_accessory=2;title_accessory=1,"Learsoon Replacement Cord Compatible with Sol Republic Master Tracks HD HD2 Sol Republic V8 V10 V12 X3 Headphones (Red), 120cm/3.9ft",Learsoon,Extension Cords,Extension Cords,8,ACCESSORY,NOT_APPLICABLE,标题明确为线缆/转接配件，不是可独立使用的完整耳机；细分类目 Extension Cords 与此一致；判为 ACCESSORY。
B07RS2H5PR,DEVICE,0.98,EARBUD_INEAR,2,0,0,0,0,taxonomy_device=2,"GOOJODOQ Bluetooth Sleep Headphones CSR Bluetooth 5.0 Soft in-Ear Sleeping Earbuds,15 Hours Music time,Wireless Sleep Headsets with Built-in Mic for Insomnia, Side Sleeper, Gym, Relaxation and Sports",GOOJODOQ,Earbud Headphones,Headphones & Earbuds,1914,DEVICE,EARBUD_INEAR,标题描述可独立使用的完整耳机/耳塞设备，细分类目为 Earbud Headphones；判为 DEVICE；形态依据：标题含耳塞/入耳/开放式耳戴设备词，且其主体线索早于头戴式描述。
B0C6KW5G3N,DEVICE,0.98,OVER_EAR,2,0,0,0,0,taxonomy_device=2,Sleep Headphones Bluetooth Sleeping Headband - Comfy Sleeping Headphones for Side Sleeper Elastic Music Sleep Band Earbuds Cozy ASMR Wireless Eye Mask Cool Gadgets Electronic Tech Gifts for Men Women,HANPURE,Over-Ear Headphones,Headphones & Earbuds,12670,DEVICE,EARBUD_INEAR,标题描述可独立使用的完整耳机/耳塞设备，细分类目为 Over-Ear Headphones；判为 DEVICE；形态依据：标题含耳塞/入耳/开放式耳戴设备词，且其主体线索早于头戴式描述。
B0B9FKKTX6,DEVICE,0.995,EARBUD_INEAR,2,0,2,0,0,taxonomy_device=2;title_device=2,"Wireless Earbud, Bluetooth 5.3 Headphones with ENC HD Mic, Bluetooth Earphones with Deep Bass, Bluetooth Earbud in Ear Noise Cancelling, 40H Wireless Headphones IP7 Waterproof Ear Buds[2022 Upgrade]",Ddidbi,Earbud Headphones,Headphones & Earbuds,11391,DEVICE,EARBUD_INEAR,标题描述可独立使用的完整耳机/耳塞设备，细分类目为 Earbud Headphones；判为 DEVICE；形态依据：标题含耳塞/入耳/开放式耳戴设备词，且其主体线索早于头戴式描述。
B013SPVG9C,DEVICE,0.98,EARBUD_INEAR,2,0,0,0,0,taxonomy_device=2,"Dastone 3.5mm Noise Isolating Bass in-Ear Stereo Earphones Earbuds Headset,Headphones with Remote Control & Microphone for Smartphones Tablets Laptops Earphone Andriod iOS (Blue)",Dastone,Earbud Headphones,Headphones & Earbuds,26,DEVICE,EARBUD_INEAR,标题主体是完整耳机，后列保护壳/线缆/支架等随附配件（套装不改变主体标签）；判为 DEVICE；形态依据：标题含耳塞/入耳/开放式耳戴设备词，且其主体线索早于头戴式描述。
B000AM505I,AMBIGUOUS,0.5,NOT_APPLICABLE,0,0,0,0,0,insufficient_evidence,Quickliner for Lips 02 taupe 0.3 gr,Clinique,Headphones & Earbuds,Headphones & Earbuds,4,AMBIGUOUS,NOT_APPLICABLE,needs_review: 标题“Quickliner for Lips 02 taupe 0.3 gr”未描述完整耳机或明确耳机配件，且与类目“Headphones & Earbuds”不一致/信息残缺；保留 AMBIGUOUS，不强行归类。
B01FETSARG,DEVICE,0.98,EARBUD_INEAR,2,0,0,0,0,taxonomy_device=2,"Vegetable Steamer Basket Complete Bundle by YGDZ - 100% Premium Stainless Steel - Bonus 2 in 1 Ultra Sharp Julienne Veggie Peeler Gadget, Hook Utensil and Food Recipe eBook.With Cleaner.",Samajuf,Earbud Headphones,Headphones & Earbuds,2,AMBIGUOUS,NOT_APPLICABLE,"needs_review: 标题“Vegetable Steamer Basket Complete Bundle by YGDZ - 100% Premium Stainless Steel - Bonus 2 in 1 Ultra Sharp Julienne Veggie Peeler Gadget, Hook Utensil”未描述完整耳机或明确耳机配件，且与类目“Earbud Headphones”不一致/信息残缺；保留 AMBIGUOUS，不强行归类。 原自动标签为 DEVICE，本次以商品主体语义和类目复核后更正。"
B07MFTB8MZ,ACCESSORY,0.995,NOT_APPLICABLE,0,2,0,1,0,taxonomy_accessory=2;title_accessory=1,"Airpods Case, Music tracker Protective Thicken Airpods Cover Soft Silicone Chargeable Headphone Case with Anti-Lost Carabiner for Apple Airpods 1&2 Charging Case (Greyish Green)",Music tracker,Cases,Cases,20858,ACCESSORY,NOT_APPLICABLE,标题明确为保护壳/收纳配件，不是可独立使用的完整耳机；细分类目 Cases 与此一致；判为 ACCESSORY。
B00GAHDKNG,AMBIGUOUS,0.5,NOT_APPLICABLE,0,0,0,0,0,insufficient_evidence,Polk Audio Buckle Headphones - Black/Silver - with 3 button control and microphone,Polk Audio,Headphones & Earbuds,Headphones & Earbuds,296,DEVICE,OVER_EAR,标题或核验到的规格表明为包耳/环耳/专业监听或大型耳罩式耳机；判为 DEVICE / OVER_EAR。 核验来源：https://www.crutchfield.com/p_107BUCKLEB/Polk-Audio-Buckle-Black.html 原自动标签为 AMBIGUOUS，本次复核后更正。
B00BQ2GNO8,AMBIGUOUS,0.5,NOT_APPLICABLE,0,0,0,0,0,insufficient_evidence,"2 Unbreakable Large L XL Earhooks Earloops Compatible with Jawbone ERA Shadowbox, Smokescreen, Midnight, and Silver Lining Headsets",NICKSTON,Headphones & Earbuds,Headphones & Earbuds,3,ACCESSORY,NOT_APPLICABLE,标题明确为耳机配件，不是可独立使用的完整耳机；结合标题的兼容/替换关系判定；判为 ACCESSORY。 原自动标签为 AMBIGUOUS，本次以商品主体语义和类目复核后更正。
B083G6SQ5V,ACCESSORY,0.94,NOT_APPLICABLE,0,2,1,0,1,taxonomy_accessory=2;title_device=1;conflict,Beats by Dr. Dre Solo3 Wireless Bluetooth Headphones - Mickey's 90th Anniversary Edition - Kit with USB Adapter Cube,Beats_by_dre,Adapters,Adapters,862,DEVICE,ON_EAR,标题中的便携/折叠/儿童/头带式线索或核验到的厂商规格表明耳垫压在耳廓上；判为 DEVICE / ON_EAR。 原自动标签为 ACCESSORY，本次复核后更正。
B096PB8Y2S,AMBIGUOUS,0.6,NOT_APPLICABLE,2,0,1,1,1,taxonomy_device=2;title_device=1;title_accessory=1;conflict,Gaea Y30 Bluetooth 5.0 Wireless Earbuds Touch Control with Charging Case IPX5 Waterproof TWS Stereo Headphones in Ear Built in Mic Headset Premium Sound with Deep Bass for Sport Black,Gaea,Earbud Headphones,Headphones & Earbuds,9,DEVICE,EARBUD_INEAR,标题主体是完整耳机，后列保护壳/线缆/支架等随附配件（套装不改变主体标签）；判为 DEVICE；形态依据：标题含耳塞/入耳/开放式耳戴设备词，且其主体线索早于头戴式描述。 原自动标签为 AMBIGUOUS，本次以商品主体语义和类目复核后更正。
B083RSRQ6H,ACCESSORY,0.995,NOT_APPLICABLE,0,2,0,3,0,taxonomy_accessory=2;title_accessory=3,"Backpack Protective Case for Airpods 2&1, CILIFYKE Cute 3D Cartoon Character Earpods Case for Kids Girls Women,Stylish & Luxury Silicone Backpack Case Compatible with Airpod Cases Cover,Pink",Five Star Online,Cases,Cases,72,ACCESSORY,NOT_APPLICABLE,标题明确为保护壳/收纳配件，不是可独立使用的完整耳机；细分类目 Cases 与此一致；判为 ACCESSORY。
B01N0K8SVI,AMBIGUOUS,0.6,NOT_APPLICABLE,2,0,0,1,1,taxonomy_device=2;title_accessory=1;conflict,[Negative Version] IKOCO Universal 12W 3V 4.5V 5V 6V 7.5V 9V 12V 1A 1000mA Regulated Multi Voltage Switching Replacement Power Adapter for Household Electronics Routers Speakers LCD CCTV Cameras,IKOCO,Earbud Headphones,Headphones & Earbuds,4,ACCESSORY,NOT_APPLICABLE,标题明确为线缆/转接配件，不是可独立使用的完整耳机；结合标题的兼容/替换关系判定；判为 ACCESSORY。 原自动标签为 AMBIGUOUS，本次以商品主体语义和类目复核后更正。
B0C3H2SV75,DEVICE,0.995,EARBUD_INEAR,2,0,2,0,0,taxonomy_device=2;title_device=2,"Wireless Earbud, Bluetooth 5.3 Headphones Deep Bass Bluetooth Earbud with 4 Mics, Bluetooth Earphones in Ear Noise Cancelling Wireless Headphones, IP7 Waterproof 42H Ear Buds, LED Display Pink - 2023",Drsaec,Earbud Headphones,Headphones & Earbuds,13775,DEVICE,EARBUD_INEAR,标题描述可独立使用的完整耳机/耳塞设备，细分类目为 Earbud Headphones；判为 DEVICE；形态依据：标题含耳塞/入耳/开放式耳戴设备词，且其主体线索早于头戴式描述。
B07YBQ3SQ4,AMBIGUOUS,0.6,NOT_APPLICABLE,2,0,0,1,1,taxonomy_device=2;title_accessory=1;conflict,"WWT Replacement Head & Ear Pad Cushion for Blue Microphones Mo-Fi,Sadie,Ella,Lola",WWT,On-Ear Headphones,Headphones & Earbuds,15,ACCESSORY,NOT_APPLICABLE,标题明确为替换耳垫/耳罩，不是可独立使用的完整耳机；结合标题的兼容/替换关系判定；判为 ACCESSORY。 原自动标签为 AMBIGUOUS，本次以商品主体语义和类目复核后更正。
B0B572P5SF,AMBIGUOUS,0.6,NOT_APPLICABLE,2,0,1,1,1,taxonomy_device=2;title_device=1;title_accessory=1;conflict,"Ear Buds Wireless Earbuds, Bluetooth Earphones Clear Call with Charging Case, Bluetooth 5.3 Earbuds Deep Bass Built-in Mic, IPX5 Waterproof Headphones, 30 Hrs Compatible with iPhone & Android Black",Basiter,Earbud Headphones,Headphones & Earbuds,86,DEVICE,EARBUD_INEAR,标题主体是完整耳机，后列保护壳/线缆/支架等随附配件（套装不改变主体标签）；判为 DEVICE；形态依据：标题含耳塞/入耳/开放式耳戴设备词，且其主体线索早于头戴式描述。 原自动标签为 AMBIGUOUS，本次以商品主体语义和类目复核后更正。
B002W8S2TY,AMBIGUOUS,0.6,NOT_APPLICABLE,0,0,0,1,0,title_accessory=1,"Califone CA2-30 Individual Storage Headphones, 30 Pack Quantity, Convenient Resistant Storage Case, 6 Foot Straight Cord with 3.5mm Jack Plug, Flexible and Adjustable Headband, Beige",Califone,Headphones & Earbuds,Headphones & Earbuds,1,DEVICE,ON_EAR,标题中的便携/折叠/儿童/头带式线索或核验到的厂商规格表明耳垫压在耳廓上；判为 DEVICE / ON_EAR。 核验来源：https://corporate.schoolspecialty.com/static-files/califone/CA2-30_Spec.pdf 原自动标签为 AMBIGUOUS，本次复核后更正。
B082MXJVH3,DEVICE,0.995,OVER_EAR,2,0,1,0,0,taxonomy_device=2;title_device=1,"OneOdio A70 Bluetooth Over Ear Headphones, Wireless Headphones w/ 72H Playtime, Hi-Res, 3.5mm/6.35mm Wired Audio Jack for Studio Monitor & Mixing DJ E-Guitar AMP, Computer Laptop PC Tablet - Silver",OneOdio,Over-Ear Headphones,Headphones & Earbuds,11727,DEVICE,OVER_EAR,标题描述可独立使用的完整耳机/耳塞设备，细分类目为 Over-Ear Headphones；判为 DEVICE；形态依据：标题明确为 over-ear/around-ear/full-size，且该形态是最先出现的主体描述。
B0B5CKKKHK,DEVICE,0.995,EARBUD_INEAR,2,0,1,0,0,taxonomy_device=2;title_device=1,"NANKA Bone Conduction Headphones with Mic, Bluetooth 5.3 Open Ear Headphone with Noise-Canceling Boom Mic, Waterproof Wireless Headset with Mic for Office",NANKA,Earbud Headphones,Headphones & Earbuds,12,DEVICE,EARBUD_INEAR,标题描述可独立使用的完整耳机/耳塞设备，细分类目为 Earbud Headphones；判为 DEVICE；形态依据：标题含耳塞/入耳/开放式耳戴设备词，且其主体线索早于头戴式描述。
B01K5XFK3I,AMBIGUOUS,0.5,NOT_APPLICABLE,0,0,0,0,0,insufficient_evidence,"abhandicrafts - Shabby Chick Laptop Stand Vertical Dock, Computer Mounts for MacBook Air or Pro and Hp Dell Acer Toshiba Lenovo Sony Asus Laptop (Rose Wood)",ABHANDICRAFTS,Headphones & Earbuds,Headphones & Earbuds,7,ACCESSORY,NOT_APPLICABLE,标题明确为支架/挂架，不是可独立使用的完整耳机；结合标题的兼容/替换关系判定；判为 ACCESSORY。 原自动标签为 AMBIGUOUS，本次以商品主体语义和类目复核后更正。
B013JDQFDU,DEVICE,0.98,OVER_EAR,2,0,0,0,0,taxonomy_device=2,Roberts Fojjers Special Foldable Over The Head Stereo Dj Headphone 3.5 Mm for Pc Tablet Music Video & All Other Music Players. (Like Really Black),ROBERTS,Over-Ear Headphones,Headphones & Earbuds,192,DEVICE,OVER_EAR,标题描述可独立使用的完整耳机/耳塞设备，细分类目为 Over-Ear Headphones；判为 DEVICE；形态依据：细分类目为 Over-Ear Headphones。
B0BWH9Y3JS,AMBIGUOUS,0.6,NOT_APPLICABLE,2,0,2,2,1,taxonomy_device=2;title_device=2;title_accessory=2;conflict,Eumspo Wireless Earbuds Bluetooth V5.1 Earbuds 35H Playtime Stereo Sound in-Ear Bluetooth Headphones Waterproof Touch Control Wireless Headphones with LED Charging Case for Sports Running Workout,Eumspo,Earbud Headphones,Headphones & Earbuds,97,DEVICE,EARBUD_INEAR,标题主体是完整耳机，后列保护壳/线缆/支架等随附配件（套装不改变主体标签）；判为 DEVICE；形态依据：标题含耳塞/入耳/开放式耳戴设备词，且其主体线索早于头戴式描述。 原自动标签为 AMBIGUOUS，本次以商品主体语义和类目复核后更正。
B0719WTQVP,ACCESSORY,0.995,NOT_APPLICABLE,0,2,0,2,0,taxonomy_accessory=2;title_accessory=2,Poyatu Ear Pads for Logitech G35 G430 G930 F450 Headphones Replacement Ear Cushion Earpads Earbuds Black,POYATU,Earpads,Earpads,67,ACCESSORY,NOT_APPLICABLE,标题明确为替换耳垫/耳罩，不是可独立使用的完整耳机；细分类目 Earpads 与此一致；判为 ACCESSORY。
B073S1LVG4,ACCESSORY,0.995,NOT_APPLICABLE,0,2,1,2,1,taxonomy_accessory=2;title_device=1;title_accessory=2;conflict,"Geekria Hardshell Case for Bose QuietComfort QC35, QC25, Bluetooth Wireless, Noise Cancelling Headphones Hard Carrying Case/Travel Bag with Space for Cable, Parts and Accessories",GEEKRIA,Cases,Cases,5,ACCESSORY,NOT_APPLICABLE,标题明确为保护壳/收纳配件，不是可独立使用的完整耳机；细分类目 Cases 与此一致；判为 ACCESSORY。
B000QVDB2W,DEVICE,0.985,EARBUD_INEAR,2,0,3,1,1,taxonomy_device=2;title_device=3;title_accessory=1;conflict,"Wireless Earbuds Bluetooth Headphones IPX8 Waterproof Stereo Earbuds with Microphone, LED Battery Display 23H Playtime, Noise-Cancelling Headset with Charging Case (A115)","Molly Ringwald (Actor), River Phoenix (Actor), Waris Hussein (Director) & 0 more Format: VHS Tape",Earbud Headphones,Headphones & Earbuds,10,DEVICE,EARBUD_INEAR,标题主体是完整耳机，后列保护壳/线缆/支架等随附配件（套装不改变主体标签）；判为 DEVICE；形态依据：标题含耳塞/入耳/开放式耳戴设备词，且其主体线索早于头戴式描述。
B00WUEOCNU,AMBIGUOUS,0.6,NOT_APPLICABLE,2,0,0,1,1,taxonomy_device=2;title_accessory=1;conflict,"Koss RUK 50B Full-Sized Stereophone with Leatherette Cushions for Enhanced Sound, Blue (Discontinued by Manufacturer)",Koss,On-Ear Headphones,Headphones & Earbuds,10,DEVICE,OVER_EAR,标题描述可独立使用的完整耳机/耳塞设备，细分类目为 On-Ear Headphones；判为 DEVICE；形态依据：标题明确为 over-ear/around-ear/full-size，且该形态是最先出现的主体描述。 原自动标签为 AMBIGUOUS，本次以商品主体语义和类目复核后更正。
B00JML5NH8,AMBIGUOUS,0.6,NOT_APPLICABLE,1,0,0,0,0,taxonomy_device=1,Williams Sound Pocketalker PRO with folding headphone PKT PRO1-3,Williams Sound 1-3,"Headphones, Earbuds & Accessories",,1,DEVICE,ON_EAR,标题中的便携/折叠/儿童/头带式线索或核验到的厂商规格表明耳垫压在耳廓上；判为 DEVICE / ON_EAR。 核验来源：https://williamsav.com/wp-content/uploads/2020/04/pkt_c1_man_en_es.pdf 原自动标签为 AMBIGUOUS，本次复核后更正。
B07MVS6VV9,AMBIGUOUS,0.6,NOT_APPLICABLE,2,0,2,2,1,taxonomy_device=2;title_device=2;title_accessory=2;conflict,"Sabbat E12 3D Clear Sound True Wireless Earbuds Blutooth 5.0 TWS Stereo Earphones A week's Endurance with Built-in Mic and Charging Case for iPhone, Samsung, iPad, Android(RED)",ICESOMNUS,On-Ear Headphones,Headphones & Earbuds,11,DEVICE,EARBUD_INEAR,标题主体是完整耳机，后列保护壳/线缆/支架等随附配件（套装不改变主体标签）；判为 DEVICE；形态依据：标题含耳塞/入耳/开放式耳戴设备词，且其主体线索早于头戴式描述。 原自动标签为 AMBIGUOUS，本次以商品主体语义和类目复核后更正。
B07CHTNRGL,AMBIGUOUS,0.6,NOT_APPLICABLE,2,0,0,1,1,taxonomy_device=2;title_accessory=1;conflict,Echobox Nomad N1i Titanium in-Ear Monitor with Tangle-Free Cable for Apple iPhone,Echobox,Earbud Headphones,Headphones & Earbuds,7,DEVICE,EARBUD_INEAR,标题主体是完整耳机，后列保护壳/线缆/支架等随附配件（套装不改变主体标签）；判为 DEVICE；形态依据：标题含耳塞/入耳/开放式耳戴设备词，且其主体线索早于头戴式描述。 原自动标签为 AMBIGUOUS，本次以商品主体语义和类目复核后更正。
B004GSFI18,AMBIGUOUS,0.5,NOT_APPLICABLE,0,0,0,0,0,insufficient_evidence,Nokia BH-214 Bluetooth Stereo Headset with Detachable Headphones (Black),Nokia,Headphones & Earbuds,Headphones & Earbuds,1,DEVICE,EARBUD_INEAR,标题描述可独立使用的完整耳机/耳塞设备，并含连接、声学或供电功能信息；判为 DEVICE；形态依据：标题语义为手机用单耳/免提蓝牙耳机或有线耳麦。 原自动标签为 AMBIGUOUS，本次以商品主体语义和类目复核后更正。
B0161VXB48,AMBIGUOUS,0.5,NOT_APPLICABLE,0,0,0,0,0,insufficient_evidence,"LG Lancet Wi-Fi 4G LTE 4.5"" Black, Verizon",LG,Headphones & Earbuds,Headphones & Earbuds,14,AMBIGUOUS,NOT_APPLICABLE,"needs_review: 标题“LG Lancet Wi-Fi 4G LTE 4.5"" Black, Verizon”未描述完整耳机或明确耳机配件，且与类目“Headphones & Earbuds”不一致/信息残缺；保留 AMBIGUOUS，不强行归类。"
B07K7SRQ85,AMBIGUOUS,0.6,NOT_APPLICABLE,2,0,0,1,1,taxonomy_device=2;title_accessory=1;conflict,Mackie MC-150 Closed-Back Over-Ear Studio Headphones with Headphone Holder & 25' Stereo Extension Cable Bundle,Mackie,Over-Ear Headphones,Headphones & Earbuds,2,DEVICE,OVER_EAR,标题主体是完整耳机，后列保护壳/线缆/支架等随附配件（套装不改变主体标签）；判为 DEVICE；形态依据：标题明确为 over-ear/around-ear/full-size，且该形态是最先出现的主体描述。 原自动标签为 AMBIGUOUS，本次以商品主体语义和类目复核后更正。
B08S3KP5KS,ACCESSORY,0.94,NOT_APPLICABLE,0,2,1,0,1,taxonomy_accessory=2;title_device=1;conflict,Sixsop Virtuoso Earpads Compatible with Virtuoso RGB Wireless SE Gaming Headset - Integrated Plastic Buckle/Ear Cushion/Ear Cups (Brown),Sixsop,Earpads,Earpads,12,ACCESSORY,NOT_APPLICABLE,标题明确为替换耳垫/耳罩，不是可独立使用的完整耳机；细分类目 Earpads 与此一致；判为 ACCESSORY。
B07ZVS853D,ACCESSORY,0.995,NOT_APPLICABLE,0,2,0,1,0,taxonomy_accessory=2;title_accessory=1,HATALKIN Case Compatible with Case Premium Silicone Case Protective Cover (Front LED Visible) (Won't Affect Wireless Charging) (Green),HATALKIN,Cases,Cases,54,ACCESSORY,NOT_APPLICABLE,标题明确为保护壳/收纳配件，不是可独立使用的完整耳机；细分类目 Cases 与此一致；判为 ACCESSORY。
B07ZPMCP36,ACCESSORY,0.94,NOT_APPLICABLE,0,2,1,0,1,taxonomy_accessory=2;title_device=1;conflict,Ultra Thick Soft Silicone Donald Duck Case with Hook for Apple Airpods 1 2 1st 2nd Generation Wireless Earbuds 3D Sailor Navy Blue White Sailor Nautical Cute Lovely Kids Teens Girls Daughter,ChillNChic,Cases,Cases,55,ACCESSORY,NOT_APPLICABLE,标题明确为保护壳/收纳配件，不是可独立使用的完整耳机；细分类目 Cases 与此一致；判为 ACCESSORY。
B01H45PT4K,AMBIGUOUS,0.6,NOT_APPLICABLE,2,0,0,1,1,taxonomy_device=2;title_accessory=1;conflict,Plantronics Moisture-Resistant Earphones - Wireless - Bluetooth with Charging Case Cobalt Black (204352-01),Plantronics,Earbud Headphones,Headphones & Earbuds,114,DEVICE,EARBUD_INEAR,标题主体是完整耳机，后列保护壳/线缆/支架等随附配件（套装不改变主体标签）；判为 DEVICE；形态依据：标题含耳塞/耳机式耳戴设备词，未出现相冲突的头戴形态描述。 原自动标签为 AMBIGUOUS，本次以商品主体语义和类目复核后更正。
B0847K4W4H,ACCESSORY,0.995,NOT_APPLICABLE,0,2,1,2,1,taxonomy_accessory=2;title_device=1;title_accessory=2;conflict,"Geekria Shield Headphones Case for Large-Sized Over-Ear Headphones, Replacement Hard Shell Travel Carrying Bag with Cable Storage, Compatible with Audio-Technica ATH-M70X Headsets (Black)",GEEKRIA,Cases,Cases,9,ACCESSORY,NOT_APPLICABLE,标题明确为保护壳/收纳配件，不是可独立使用的完整耳机；细分类目 Cases 与此一致；判为 ACCESSORY。
B08CGQX4G9,DEVICE,0.995,EARBUD_INEAR,2,0,2,0,0,taxonomy_device=2;title_device=2,"JBL Tune 225TWS True Wireless Earbud Headphones - Pure Bass Sound, Bluetooth, 25H Battery, Dual Connect, Native Voice Assistant (Black)",JBL,Earbud Headphones,Headphones & Earbuds,23293,DEVICE,EARBUD_INEAR,标题描述可独立使用的完整耳机/耳塞设备，细分类目为 Earbud Headphones；判为 DEVICE；形态依据：标题含耳塞/入耳/开放式耳戴设备词，且其主体线索早于头戴式描述。
B093S6SSSY,ACCESSORY,0.995,NOT_APPLICABLE,0,2,0,2,0,taxonomy_accessory=2;title_accessory=2,"2 PCS Raiiniesttar Upgrade Transparent AirTag Keychain, AirTags Case for Apple AirTags 2021, Completely Wrapped on AirTags Keychain, Anti-Scratch Protective Case for Airtag, (Blue+Pink)",Raiiniesttar,Cases,Cases,1,ACCESSORY,NOT_APPLICABLE,标题明确为保护壳/收纳配件，不是可独立使用的完整耳机；细分类目 Cases 与此一致；判为 ACCESSORY。
B07LCJTT95,DEVICE,0.98,OVER_EAR,2,0,0,0,0,taxonomy_device=2,"Headphones for Girls，Wired Over Ear Headsets for Listen Music with Plush,Kids Headphone Lightweight,Adjusted,Fits All 3.5mm Interface Device",Moear,Over-Ear Headphones,Headphones & Earbuds,4,DEVICE,OVER_EAR,标题描述可独立使用的完整耳机/耳塞设备，细分类目为 Over-Ear Headphones；判为 DEVICE；形态依据：标题明确为 over-ear/around-ear/full-size，且该形态是最先出现的主体描述。
B07TMLDVSX,ACCESSORY,0.995,NOT_APPLICABLE,0,2,1,1,1,taxonomy_accessory=2;title_device=1;title_accessory=1;conflict,"EARSUN Upgrade Beats Solo 2/3 Earpad Replacement Compatible with Beats Solo 2.0/3.0 Wireless Ear Pads Cushion Muffs (On Ear Headphones), White",EARSUN,Earpads,Earpads,74,ACCESSORY,NOT_APPLICABLE,标题明确为替换耳垫/耳罩，不是可独立使用的完整耳机；细分类目 Earpads 与此一致；判为 ACCESSORY。
B008F4NU1Y,AMBIGUOUS,0.5,NOT_APPLICABLE,0,0,0,0,0,insufficient_evidence,Xtreme 99646 Retro Style Audio Handset - Retail Packaging - Black,Xtreme Cables,Headphones & Earbuds,Headphones & Earbuds,5,ACCESSORY,NOT_APPLICABLE,标题主体是替换件、线缆/收纳件、蓝牙接收件、头盔扬声器套件或手机外接听筒，并非完整耳机；判为 ACCESSORY。 原自动标签为 AMBIGUOUS，本次复核后更正。
B001Z0OFBO,DEVICE,0.98,OVER_EAR,2,0,0,0,0,taxonomy_device=2,Royal WES 50 900 MHz Wireless Stereo Headphones (Discontinued by Manufacturer),Royal,Over-Ear Headphones,Headphones & Earbuds,146,DEVICE,OVER_EAR,标题描述可独立使用的完整耳机/耳塞设备，细分类目为 Over-Ear Headphones；判为 DEVICE；形态依据：细分类目为 Over-Ear Headphones。
B001AKV86O,AMBIGUOUS,0.5,NOT_APPLICABLE,0,0,0,0,0,insufficient_evidence,Motorola H550 Bluetooth Wireless Headset (Cannon Grey),Motorola,Headphones & Earbuds,Headphones & Earbuds,5,DEVICE,EARBUD_INEAR,标题描述可独立使用的完整耳机/耳塞设备，并含连接、声学或供电功能信息；判为 DEVICE；形态依据：标题语义为手机用单耳/免提蓝牙耳机或有线耳麦。 原自动标签为 AMBIGUOUS，本次以商品主体语义和类目复核后更正。
B07NTJZ615,ACCESSORY,0.995,NOT_APPLICABLE,0,2,1,2,1,taxonomy_accessory=2;title_device=1;title_accessory=2;conflict,YDYBZB Ear Pads Replacement Earpads Ear Cushions Compatible with Urbanears Plattan On-Ear Headphones Protein Leather,YDYBZB,Earpads,Earpads,4,ACCESSORY,NOT_APPLICABLE,标题明确为替换耳垫/耳罩，不是可独立使用的完整耳机；细分类目 Earpads 与此一致；判为 ACCESSORY。
B00STAHE02,DEVICE,0.995,EARBUD_INEAR,2,0,1,0,0,taxonomy_device=2;title_device=1,"Granvela POD-747 in Ear Headphones, Wired, Noise Isolating, Ergonomic Comfort-Fit Earphones, No Mic Earbuds for iPhone, iPad, iPod, Samsung, 3.5mm Drive etc -Green",Granvela,Earbud Headphones,Headphones & Earbuds,13,DEVICE,EARBUD_INEAR,标题描述可独立使用的完整耳机/耳塞设备，细分类目为 Earbud Headphones；判为 DEVICE；形态依据：标题含耳塞/入耳/开放式耳戴设备词，且其主体线索早于头戴式描述。
B00I32IAZE,DEVICE,0.98,OVER_EAR,2,0,0,0,0,taxonomy_device=2,Gearonic Adjustable Foldable Triangle Over-Ear Earphone Headphones for iPod/iPad/iPhone/Android/MP3/MP4/PC Music - Non-Retail Packaging - Blue,GEARONIC,Over-Ear Headphones,Headphones & Earbuds,2,DEVICE,OVER_EAR,标题描述可独立使用的完整耳机/耳塞设备，细分类目为 Over-Ear Headphones；判为 DEVICE；形态依据：标题明确为 over-ear/around-ear/full-size，且该形态是最先出现的主体描述。
B01D82XXGO,ACCESSORY,0.98,NOT_APPLICABLE,0,2,0,0,0,taxonomy_accessory=2,"UGREEN 6.35mm 1/4 Male to 3.5mm 1/8 Female Stereo Headphone Adapter Audio Jack Plug Gold Plated for Speaker Headphone Guitar Digital Piano Amp, 2 Pack",UGREEN,Adapters,Adapters,14767,ACCESSORY,NOT_APPLICABLE,标题明确为线缆/转接配件，不是可独立使用的完整耳机；细分类目 Adapters 与此一致；判为 ACCESSORY。
B06XKD1C3V,AMBIGUOUS,0.6,NOT_APPLICABLE,2,0,0,1,1,taxonomy_device=2;title_accessory=1;conflict,Personalized Custom Floral Case for Samsung Galaxy Mega 2 / Pink Rose Bouquet Design / Initial/Name/Text DIY Cover,MarattLLANGKY,Earbud Headphones,Headphones & Earbuds,1,ACCESSORY,NOT_APPLICABLE,标题明确为保护壳/收纳配件，不是可独立使用的完整耳机；结合标题的兼容/替换关系判定；判为 ACCESSORY。 原自动标签为 AMBIGUOUS，本次以商品主体语义和类目复核后更正。
B08BWKCZBL,ACCESSORY,0.995,NOT_APPLICABLE,0,2,1,2,1,taxonomy_accessory=2;title_device=1;title_accessory=2;conflict,Zaracle Portable Protective Pouch Sleeve Silicone Cover Carring case for JBL Tune 220TWS Wireless in-Ear Headphone Charging Case (Gray),Zaracle,Cases,Cases,8,ACCESSORY,NOT_APPLICABLE,标题明确为保护壳/收纳配件，不是可独立使用的完整耳机；细分类目 Cases 与此一致；判为 ACCESSORY。
B015E3YC42,ACCESSORY,0.94,NOT_APPLICABLE,2,0,0,2,1,taxonomy_device=2;title_accessory=2;conflict,"Core Prime Case, LK Ultra [Slim Thin] Scratch Resistant TPU Rubber Soft Skin Silicone Protective Case Cover for Samsung Galaxy Core Prime, Mint",Anyfashion,Earbud Headphones,Headphones & Earbuds,58,ACCESSORY,NOT_APPLICABLE,标题明确为保护壳/收纳配件，不是可独立使用的完整耳机；结合标题的兼容/替换关系判定；判为 ACCESSORY。
B00008Z1PL,AMBIGUOUS,0.6,NOT_APPLICABLE,2,0,0,1,1,taxonomy_device=2;title_accessory=1;conflict,Coby CVE40 Super Bass Digital Stereo EP w/ Carrying Case (Discontinued by Manufacturer),Coby,Earbud Headphones,Headphones & Earbuds,2,DEVICE,EARBUD_INEAR,标题/型号表明是入耳耳塞、手机单耳蓝牙耳机、运动耳机或随身耳塞系统；判为 DEVICE / EARBUD_INEAR。 原自动标签为 AMBIGUOUS，本次复核后更正。
B09G5YKHY5,ACCESSORY,0.98,NOT_APPLICABLE,0,2,0,0,0,taxonomy_accessory=2,"Replacement Powerbeats Pro Earbuds Ear Tips Silicone Eartips Compatible with Powerbeats Pro Beats Wireless Earphone (Black, 4 Pair)",Alitutumao,Earpads,Earpads,17,ACCESSORY,NOT_APPLICABLE,标题明确为替换耳垫/耳罩，不是可独立使用的完整耳机；细分类目 Earpads 与此一致；判为 ACCESSORY。
B005FUDNBI,DEVICE,0.98,EARBUD_INEAR,2,0,0,0,0,taxonomy_device=2,TDK BA100 In Ear Balancing Headphones (Discontinued by Manufacturer),Memorex,Earbud Headphones,Headphones & Earbuds,10,DEVICE,EARBUD_INEAR,标题描述可独立使用的完整耳机/耳塞设备，细分类目为 Earbud Headphones；判为 DEVICE；形态依据：标题含耳塞/入耳/开放式耳戴设备词，且其主体线索早于头戴式描述。
B08B3QSV16,DEVICE,0.955,EARBUD_INEAR,2,0,2,1,1,taxonomy_device=2;title_device=2;title_accessory=1;conflict,"Tiksounds Wireless Earbuds, Bluetooth 5.1 Headphones with Microphone, 150H Playtime with Charging Case, IPX7 Waterproof, HI-FI Stereo Earphones, LED Display for Work Sport Game",Tiksounds,Earbud Headphones,Headphones & Earbuds,23486,DEVICE,EARBUD_INEAR,标题主体是完整耳机，后列保护壳/线缆/支架等随附配件（套装不改变主体标签）；判为 DEVICE；形态依据：标题含耳塞/入耳/开放式耳戴设备词，且其主体线索早于头戴式描述。
B07WV7LKNQ,ACCESSORY,0.995,NOT_APPLICABLE,0,2,0,3,0,taxonomy_accessory=2;title_accessory=3,"GMYLE Protective Case for Airpods, Silicone Wireless Charging Earbuds Cover with Keychain Accessories kit Set Compatible with Apple AirPods 2 & 1 – True Red",GMYLE,Cases,Cases,37547,ACCESSORY,NOT_APPLICABLE,标题明确为保护壳/收纳配件，不是可独立使用的完整耳机；细分类目 Cases 与此一致；判为 ACCESSORY。
B09MTTDDPB,ACCESSORY,0.995,NOT_APPLICABLE,0,2,0,1,0,taxonomy_accessory=2;title_accessory=1,"Nereides Compatible with AirPods 3 Case, Protective Leather Cover with Keychain, High-end Fashion Design Skin with Bling Rivets for Women, Supports Wireless Charging, Black",Nereides,Cases,Cases,52,ACCESSORY,NOT_APPLICABLE,标题明确为保护壳/收纳配件，不是可独立使用的完整耳机；细分类目 Cases 与此一致；判为 ACCESSORY。
B01DEVII5A,AMBIGUOUS,0.5,NOT_APPLICABLE,0,0,0,0,0,insufficient_evidence,YiZYiF Toddler Girl Polka Dots Swimsuit 3 Pieces Bathing Costume with Hat,UJTDFJD,Headphones & Earbuds,Headphones & Earbuds,4,AMBIGUOUS,NOT_APPLICABLE,needs_review: 标题“YiZYiF Toddler Girl Polka Dots Swimsuit 3 Pieces Bathing Costume with Hat”未描述完整耳机或明确耳机配件，且与类目“Headphones & Earbuds”不一致/信息残缺；保留 AMBIGUOUS，不强行归类。
B00M9CJIAA,DEVICE,0.995,EARBUD_INEAR,2,0,1,0,0,taxonomy_device=2;title_device=1,New Hi-Fi Stereo Bluetooth Headphone Headset with NFC Function Work for Samsung Android Smart Cell Phone Apple Phone and Almost All Tablet PC - NFC Function - Over The Head (White),Beyution,Earbud Headphones,Headphones & Earbuds,50,DEVICE,EARBUD_INEAR,标题描述可独立使用的完整耳机/耳塞设备，细分类目为 Earbud Headphones；判为 DEVICE；形态依据：细分类目为 Earbud Headphones。
B00PKTX5QC,DEVICE,0.98,OVER_EAR,2,0,0,0,0,taxonomy_device=2,LG Electronics Gruve Bluetooth Stereo Headphone - Retail Packaging - White,LG,Over-Ear Headphones,Headphones & Earbuds,7,DEVICE,OVER_EAR,标题描述可独立使用的完整耳机/耳塞设备，细分类目为 Over-Ear Headphones；判为 DEVICE；形态依据：细分类目为 Over-Ear Headphones。
B009NE5YAU,AMBIGUOUS,0.6,NOT_APPLICABLE,0,0,1,0,0,title_device=1,"iLuv ReF, Deep Bass On-Ear Headphones with Canvas Fabric Exterior for Apple - Compatible with iPhone 6, iPhone 5, 5S, 5C, iPad & iPod - White",iLuv,Headphones & Earbuds,Headphones & Earbuds,10,DEVICE,ON_EAR,标题描述可独立使用的完整耳机/耳塞设备，并含连接、声学或供电功能信息；判为 DEVICE；形态依据：标题明确为 on-ear/supra-aural，或该形态是最先出现的主体描述。 原自动标签为 AMBIGUOUS，本次以商品主体语义和类目复核后更正。
B0031I0L2A,AMBIGUOUS,0.6,NOT_APPLICABLE,0,0,1,0,0,title_device=1,"BIRUGEAR Blue 3.5mm Metal Stereo Headset Handsfree Soft Gel Earbud with Microphone for Samsung Galaxy S5; LG G Vista, G3, Optimus F3Q, G Flex, G2 and More",BIRUGEAR,Headphones & Earbuds,Headphones & Earbuds,12,DEVICE,EARBUD_INEAR,标题主体是完整耳机，后列保护壳/线缆/支架等随附配件（套装不改变主体标签）；判为 DEVICE；形态依据：标题含耳塞/入耳/开放式耳戴设备词，且其主体线索早于头戴式描述。 原自动标签为 AMBIGUOUS，本次以商品主体语义和类目复核后更正。
B074QQLSQR,AMBIGUOUS,0.6,NOT_APPLICABLE,2,0,0,1,1,taxonomy_device=2;title_accessory=1;conflict,Corded Perfume Earphones High-Fidelity Audio Heavy Bass Stereo Sport Earbuds Headphones with Remote Control/Noise Isolating/Crystal Sound/Long Cord for iPhone Apple PC Computer Android Phones (Gold),IMYMAX,Earbud Headphones,Headphones & Earbuds,38,DEVICE,EARBUD_INEAR,标题主体是完整耳机，后列保护壳/线缆/支架等随附配件（套装不改变主体标签）；判为 DEVICE；形态依据：标题含耳塞/入耳/开放式耳戴设备词，且其主体线索早于头戴式描述。 原自动标签为 AMBIGUOUS，本次以商品主体语义和类目复核后更正。
B08BHVY73T,ACCESSORY,0.995,NOT_APPLICABLE,0,2,0,1,0,taxonomy_accessory=2;title_accessory=1,"Laffav AirPods Case Cover Silicone Protective Case Skin Compatible for Apple AirPods 2 & 1 (Front LED Visible), 2 Pack, Turquoise and Mintgreen",Laffav,Cases,Cases,12138,ACCESSORY,NOT_APPLICABLE,标题明确为保护壳/收纳配件，不是可独立使用的完整耳机；细分类目 Cases 与此一致；判为 ACCESSORY。
B07XGJVTRV,ACCESSORY,0.995,NOT_APPLICABLE,0,2,0,2,0,taxonomy_accessory=2;title_accessory=2,"Airpods Case,Airpods 2 Case,iFunny Cute 3D Cartoon Cool Funny Pig Duck Case for Airpods Case,Kids Gilrs Teens Shockproof Protective Soft Silicone Case for Airpods 1 & 2 Charging Case (Pig Duck)",iFunny,Cases,Cases,16,ACCESSORY,NOT_APPLICABLE,标题明确为保护壳/收纳配件，不是可独立使用的完整耳机；细分类目 Cases 与此一致；判为 ACCESSORY。
B00S2P0M1C,DEVICE,0.995,EARBUD_INEAR,2,0,1,0,0,taxonomy_device=2;title_device=1,Betron YSM1000 Earphones in Ear Headphones Wired 3.5mm Jack Tangle-Free Cable Case and Noise Isolating Earbuds,Betron,Earbud Headphones,Headphones & Earbuds,15398,DEVICE,EARBUD_INEAR,标题描述可独立使用的完整耳机/耳塞设备，细分类目为 Earbud Headphones；判为 DEVICE；形态依据：标题含耳塞/入耳/开放式耳戴设备词，且其主体线索早于头戴式描述。
B000S6JSN6,AMBIGUOUS,0.5,NOT_APPLICABLE,0,0,0,0,0,insufficient_evidence,MOTOROLA HS820 HEADSET EARPIECE BLUE TOOTH HS 820 OEM,Motorola,Headphones & Earbuds,Headphones & Earbuds,2,DEVICE,EARBUD_INEAR,标题描述可独立使用的完整耳机/耳塞设备，并含连接、声学或供电功能信息；判为 DEVICE；形态依据：标题语义为手机用单耳/免提蓝牙耳机或有线耳麦。 原自动标签为 AMBIGUOUS，本次以商品主体语义和类目复核后更正。
B09MF44HCB,DEVICE,0.995,EARBUD_INEAR,2,0,1,0,0,taxonomy_device=2;title_device=1,"Black Shark JoyBuds Wireless Earbuds Bluetooth 5.2, 30ms Low Latency Gaming Mode, 14.2mm Driver Music Mode with Dual Mic ENC, 1.5h Fast Charge Ipx4 Waterproof Headphones in Ear Headset",Black Shark,Earbud Headphones,Headphones & Earbuds,111,DEVICE,EARBUD_INEAR,标题描述可独立使用的完整耳机/耳塞设备，细分类目为 Earbud Headphones；判为 DEVICE；形态依据：标题含耳塞/入耳/开放式耳戴设备词，且其主体线索早于头戴式描述。
B001CN1MAG,AMBIGUOUS,0.5,NOT_APPLICABLE,0,0,0,0,0,insufficient_evidence,Blackberry HDW-14322-002 Bluetooth Stereo Headset 3.5mm - Non-Retail Packaging - White,BlackBerry,Headphones & Earbuds,Headphones & Earbuds,7,DEVICE,EARBUD_INEAR,标题描述可独立使用的完整耳机/耳塞设备，并含连接、声学或供电功能信息；判为 DEVICE；形态依据：标题语义为手机用单耳/免提蓝牙耳机或有线耳麦。 原自动标签为 AMBIGUOUS，本次以商品主体语义和类目复核后更正。
B00PKTU83U,DEVICE,0.995,ON_EAR,2,0,2,0,0,taxonomy_device=2;title_device=2,"Sony ZX Series Wired On-Ear Headphones with Mic, White MDR-ZX110AP",Sony,On-Ear Headphones,Headphones & Earbuds,104579,DEVICE,ON_EAR,标题描述可独立使用的完整耳机/耳塞设备，细分类目为 On-Ear Headphones；判为 DEVICE；形态依据：标题明确为 on-ear/supra-aural，或该形态是最先出现的主体描述。
B00DN2R0BE,AMBIGUOUS,0.5,NOT_APPLICABLE,0,0,0,0,0,insufficient_evidence,3.5mm Universal Earphone Headset with Remote Mic For iPhone 4 4S 5 Galaxy S3 S4,"MECO Co,.LTD",Headphones & Earbuds,Headphones & Earbuds,4,DEVICE,EARBUD_INEAR,标题描述可独立使用的完整耳机/耳塞设备，并含连接、声学或供电功能信息；判为 DEVICE；形态依据：标题含耳塞/耳机式耳戴设备词，未出现相冲突的头戴形态描述。 原自动标签为 AMBIGUOUS，本次以商品主体语义和类目复核后更正。
B012FS11AC,ACCESSORY,0.98,NOT_APPLICABLE,0,2,0,0,0,taxonomy_accessory=2,HIeGI Quality Replacement Foam Pad Earbud Earpad 12 Pack Sponge Cushion Covers for iPod and Stereo Headsets - Black,HIeGI,Earpads,Earpads,240,ACCESSORY,NOT_APPLICABLE,标题明确为替换耳垫/耳罩，不是可独立使用的完整耳机；细分类目 Earpads 与此一致；判为 ACCESSORY。
B0012J0O8G,AMBIGUOUS,0.6,NOT_APPLICABLE,0,0,1,0,0,title_device=1,Plantronics 74404-01 Headset Charging Cradle for Voyager 510 Bluetooth Headset,Plantronics,Headphones & Earbuds,Headphones & Earbuds,144,ACCESSORY,NOT_APPLICABLE,标题明确为耳机配件，不是可独立使用的完整耳机；结合标题的兼容/替换关系判定；判为 ACCESSORY。 原自动标签为 AMBIGUOUS，本次以商品主体语义和类目复核后更正。
B079K52HVM,DEVICE,0.985,EARBUD_INEAR,2,0,3,1,1,taxonomy_device=2;title_device=3;title_accessory=1;conflict,Raycon E30 True Wireless Earbuds Noise Cancelling in-Ear Bluetooth Headphones with Charging Case - Blue,Raycon,Earbud Headphones,Headphones & Earbuds,8,DEVICE,EARBUD_INEAR,标题主体是完整耳机，后列保护壳/线缆/支架等随附配件（套装不改变主体标签）；判为 DEVICE；形态依据：标题含耳塞/入耳/开放式耳戴设备词，且其主体线索早于头戴式描述。
B071RHNDZW,AMBIGUOUS,0.5,NOT_APPLICABLE,0,0,0,0,0,insufficient_evidence,"Samsung Galaxy S8 Plus Case, SwiftBox Clear Case with Design for Samsung Galaxy S8 Plus (Grey Tiger)",YZJSM,Headphones & Earbuds,Headphones & Earbuds,2,ACCESSORY,NOT_APPLICABLE,标题明确为保护壳/收纳配件，不是可独立使用的完整耳机；结合标题的兼容/替换关系判定；判为 ACCESSORY。 原自动标签为 AMBIGUOUS，本次以商品主体语义和类目复核后更正。
B071S6KS1F,ACCESSORY,0.995,NOT_APPLICABLE,0,2,0,1,0,taxonomy_accessory=2;title_accessory=1,"NewFantasia Cable Boom Microphone Universal Volume Compatible with Gaming PS4 Xbox One PC Laptop Phone, Compatible with Sennheiser Momentum, Momentum 2.0, Sennheiser HD1 Headphones 4.9ft",NewFantasia,Extension Cords,Extension Cords,2,ACCESSORY,NOT_APPLICABLE,标题明确为线缆/转接配件，不是可独立使用的完整耳机；细分类目 Extension Cords 与此一致；判为 ACCESSORY。
B00I3LUWQA,DEVICE,0.98,OVER_EAR,2,0,0,0,0,taxonomy_device=2,Sony MDR-ZX310,Sony,Over-Ear Headphones,Headphones & Earbuds,12914,DEVICE,ON_EAR,标题中的便携/折叠/儿童/头带式线索或核验到的厂商规格表明耳垫压在耳廓上；判为 DEVICE / ON_EAR。
B004HQQV4W,ACCESSORY,0.98,NOT_APPLICABLE,0,2,0,0,0,taxonomy_accessory=2,Innovelis CordFits - Cord Management (Frosted Clear),Innovelis,Earpads,Earpads,7,ACCESSORY,NOT_APPLICABLE,标题明确为替换耳垫/耳罩，不是可独立使用的完整耳机；细分类目 Earpads 与此一致；判为 ACCESSORY。
B07KF31HHG,ACCESSORY,0.995,NOT_APPLICABLE,0,2,0,3,0,taxonomy_accessory=2;title_accessory=3,Wireless Charging Case Cover Compatible AirPods - Qi Standard Wireless Charging Receiver Protective Case for Apple AirPods Compatible with Any Qi Wireless Charger,RunElves,Cases,Cases,10,ACCESSORY,NOT_APPLICABLE,标题明确为保护壳/收纳配件，不是可独立使用的完整耳机；细分类目 Cases 与此一致；判为 ACCESSORY。
B00AHAPWME,AMBIGUOUS,0.5,NOT_APPLICABLE,0,0,0,0,0,insufficient_evidence,Dust brush,ILJILU,Headphones & Earbuds,Headphones & Earbuds,4,AMBIGUOUS,NOT_APPLICABLE,needs_review: 标题“Dust brush”未描述完整耳机或明确耳机配件，且与类目“Headphones & Earbuds”不一致/信息残缺；保留 AMBIGUOUS，不强行归类。
B08R58XF8Z,ACCESSORY,0.995,NOT_APPLICABLE,0,2,1,1,1,taxonomy_accessory=2;title_device=1;title_accessory=1;conflict,"Headphones EarPads Cushions Replacement for Bose QuietComfort 35 I/II, QuietComfort 25/15/ 2; AE2/ AE2W Over Ear Headphones Replacement Pads (Sliver)",TPLTECH,Earpads,Earpads,21,ACCESSORY,NOT_APPLICABLE,标题明确为替换耳垫/耳罩，不是可独立使用的完整耳机；细分类目 Earpads 与此一致；判为 ACCESSORY。
B0725BV2WR,AMBIGUOUS,0.6,NOT_APPLICABLE,2,0,0,1,1,taxonomy_device=2;title_accessory=1;conflict,"ALXCD Ear Gel for iPhone Earpods, Ear Buds Tips, 4 Pair Anti-Slip Soft Silicone Replacement Earbud Tips for Earphone of iPhone7 SE 6s iPhone 6s Plus 5s [Sport](Pink/Purple/Green/Blue)",ALXCD,Earbud Headphones,Headphones & Earbuds,9,ACCESSORY,NOT_APPLICABLE,标题明确为替换耳塞套，不是可独立使用的完整耳机；结合标题的兼容/替换关系判定；判为 ACCESSORY。 原自动标签为 AMBIGUOUS，本次以商品主体语义和类目复核后更正。
B0C2TY1YY7,AMBIGUOUS,0.5,NOT_APPLICABLE,0,2,2,0,1,taxonomy_accessory=2;title_device=2;conflict,"Aproca Grey Hard Storage Travel Case, Fit for Soundcore Anker Life Q20 Hybrid Active Noise Cancelling Headphones",Aproca,Cases,Cases,74,ACCESSORY,NOT_APPLICABLE,标题明确为保护壳/收纳配件，不是可独立使用的完整耳机；细分类目 Cases 与此一致；判为 ACCESSORY。 原自动标签为 AMBIGUOUS，本次以商品主体语义和类目复核后更正。
B0BF145LHJ,ACCESSORY,0.995,NOT_APPLICABLE,0,2,0,2,0,taxonomy_accessory=2;title_accessory=2,Luckvan Foam Ear Tips for Galaxy Buds2 Pro Earbuds Tips Replacement Samsung Galaxy Buds2 Pro Memory Foam Tips fit Charging Case Purple LMS 3 Pairs,Luckvan,Earpads,Earpads,15,ACCESSORY,NOT_APPLICABLE,标题明确为替换耳垫/耳罩，不是可独立使用的完整耳机；细分类目 Earpads 与此一致；判为 ACCESSORY。
B01DXUTOXW,AMBIGUOUS,0.5,NOT_APPLICABLE,0,0,0,0,0,insufficient_evidence,Outfit Peanuts vs Bella Shirts Topper Snowy,ISTOYO,Headphones & Earbuds,Headphones & Earbuds,16,AMBIGUOUS,NOT_APPLICABLE,needs_review: 标题“Outfit Peanuts vs Bella Shirts Topper Snowy”未描述完整耳机或明确耳机配件，且与类目“Headphones & Earbuds”不一致/信息残缺；保留 AMBIGUOUS，不强行归类。
B0BXLYHF9P,DEVICE,0.955,EARBUD_INEAR,2,0,2,1,1,taxonomy_device=2;title_device=2;title_accessory=1;conflict,"Skullcandy Indy Evo True Wireless In-Ear Bluetooth Earbuds, Compatible with iPhone and Android / Charging Case and Microphone / Great for Gym, Sports, and Gaming, IP55 Water Dust Resistant - 92 Blue",Skullcandy,Earbud Headphones,Headphones & Earbuds,31354,DEVICE,EARBUD_INEAR,标题主体是完整耳机，后列保护壳/线缆/支架等随附配件（套装不改变主体标签）；判为 DEVICE；形态依据：标题含耳塞/入耳/开放式耳戴设备词，且其主体线索早于头戴式描述。
B07KM3TKKZ,ACCESSORY,0.995,NOT_APPLICABLE,0,2,0,1,0,taxonomy_accessory=2;title_accessory=1,"Airpods Case, Music tracker Protective Thicken Airpods Cover Soft Silicone Chargeable Headphone Case with Anti-Lost Carabiner for Apple Airpods 1&2 Charging Case (Navy)",Music tracker,Cases,Cases,20859,ACCESSORY,NOT_APPLICABLE,标题明确为保护壳/收纳配件，不是可独立使用的完整耳机；细分类目 Cases 与此一致；判为 ACCESSORY。
B08HJ7YPRT,ACCESSORY,0.995,NOT_APPLICABLE,0,2,1,2,1,taxonomy_accessory=2;title_device=1;title_accessory=2;conflict,Magnetic Charging Cable for AfterShokz OpenRun & Aeropex & OpenComm & OpenRun Pro Bone Conduction Wireless Bluetooth Headphones,LZYDD,Extension Cords,Extension Cords,21,ACCESSORY,NOT_APPLICABLE,标题明确为线缆/转接配件，不是可独立使用的完整耳机；细分类目 Extension Cords 与此一致；判为 ACCESSORY。
B0023RRNRQ,AMBIGUOUS,0.5,NOT_APPLICABLE,0,0,0,0,0,insufficient_evidence,"Skullcandy S4CHBZ-BP Chops Earbuds, (Black/Pink) (Discontinued by Manufacturer)",Skullcandy,Headphones & Earbuds,Headphones & Earbuds,86,DEVICE,EARBUD_INEAR,标题描述可独立使用的完整耳机/耳塞设备，并含连接、声学或供电功能信息；判为 DEVICE；形态依据：标题含耳塞/入耳/开放式耳戴设备词，且其主体线索早于头戴式描述。 原自动标签为 AMBIGUOUS，本次以商品主体语义和类目复核后更正。
B0BK5CHQ6C,DEVICE,0.995,EARBUD_INEAR,2,0,1,0,0,taxonomy_device=2;title_device=1,"Earbud Cleaning Kit, Cleaner Kit for Airpods Multi-Function Airpods Cleaning Pen with Soft Brush Flocking Sponge Cleaning Tools for Bluetooth Earbud Case Headphones Camera Phone White",Saijiasike,Earbud Headphones,Headphones & Earbuds,27,DEVICE,EARBUD_INEAR,标题主体是完整耳机，后列保护壳/线缆/支架等随附配件（套装不改变主体标签）；判为 DEVICE；形态依据：标题含耳塞/入耳/开放式耳戴设备词，且其主体线索早于头戴式描述。
B07H7Z38Y1,AMBIGUOUS,0.5,NOT_APPLICABLE,0,0,0,0,0,insufficient_evidence,"Fishing Rod Sleeve Socks, Casting Rod Sleeve, 5.6ft Length, 1.1 inches Wide, Fishing Rod Cover Expand 150%, Rod Sleeves Cover Pole Tip, UV Fishing Rod Socks for 6.6ft - 7.6ft Poles, Fly Rod Sock 1 Pr",WOOZZONG,Headphones & Earbuds,Headphones & Earbuds,3,ACCESSORY,NOT_APPLICABLE,标题明确为保护壳/收纳配件，不是可独立使用的完整耳机；结合标题的兼容/替换关系判定；判为 ACCESSORY。 原自动标签为 AMBIGUOUS，本次以商品主体语义和类目复核后更正。
B00LEVRT0S,ACCESSORY,0.98,NOT_APPLICABLE,0,2,0,0,0,taxonomy_accessory=2,"myLife Cherry Blossom Pink with Gold Zipper {Glamorous Design} Faux Leather (Card, Cash and ID Holder + Magnetic Closing + Hand Strap) Slim Wallet for the iPhone 5C Smartphone by Apple (External Textured Synthetic Leather with Magnetic Clip + Internal Secure Snap In Hard Rubberized Bumper Holder) ""MORE INFO: This lightweight iPhone 5C wallet is made of durable and high quality synthetic leather and is designed to fit the iPhone 5C only. The leather itself is textured to prevent the wallet from s",myLife Brand Products,Adapters,Adapters,1,ACCESSORY,NOT_APPLICABLE,标题明确为支架/挂架，不是可独立使用的完整耳机；细分类目 Adapters 与此一致；判为 ACCESSORY。
B001P5I4XY,AMBIGUOUS,0.5,NOT_APPLICABLE,0,0,0,0,0,insufficient_evidence,KICKER (09EB141R) Advanced In-Ear Monitors (Red) (Discontinued by Manufacturer),KICKER,Headphones & Earbuds,Headphones & Earbuds,3,DEVICE,EARBUD_INEAR,标题/型号表明是入耳耳塞、手机单耳蓝牙耳机、运动耳机或随身耳塞系统；判为 DEVICE / EARBUD_INEAR。 原自动标签为 AMBIGUOUS，本次复核后更正。
B08ZYHF7DX,ACCESSORY,0.995,NOT_APPLICABLE,0,2,1,2,1,taxonomy_accessory=2;title_device=1;title_accessory=2;conflict,Solo 3 Earpads Replacement Ear Pads Protein PU Leather Ear Cushion Compatible with Beats by Dr. Dre Solo 2.0 Solo3 Wireless On-Ear Headphones (Aqua Blue),CONVELIFE,Earpads,Earpads,85,ACCESSORY,NOT_APPLICABLE,标题明确为替换耳垫/耳罩，不是可独立使用的完整耳机；细分类目 Earpads 与此一致；判为 ACCESSORY。
B08ZFYF8Z9,ACCESSORY,0.995,NOT_APPLICABLE,0,2,0,1,0,taxonomy_accessory=2;title_accessory=1,"AirPods Protective case, 3D Cute and Stylish Goldfish Biscuit Candy Bag AirPods case, Soft Silicone Wireless Earphone Accessories and Apple Airpods 1&2 Shell with Keychain (Small Fish) (Orange White)",UiiWout fgyu,Cases,Cases,58,ACCESSORY,NOT_APPLICABLE,标题明确为保护壳/收纳配件，不是可独立使用的完整耳机；细分类目 Cases 与此一致；判为 ACCESSORY。
B004DKUEJK,AMBIGUOUS,0.5,NOT_APPLICABLE,0,0,0,0,0,insufficient_evidence,Smart wrap Electronics / Cell Phone Earphone Headset Cord Wrap Manager - Fishbone White Black Blue 3 Colors 3-Pack,Reiko Wireless,Headphones & Earbuds,Headphones & Earbuds,2,DEVICE,EARBUD_INEAR,标题描述可独立使用的完整耳机/耳塞设备，并含连接、声学或供电功能信息；判为 DEVICE；形态依据：标题含耳塞/耳机式耳戴设备词，未出现相冲突的头戴形态描述。 原自动标签为 AMBIGUOUS，本次以商品主体语义和类目复核后更正。
B0C8NFRLTV,ACCESSORY,0.995,NOT_APPLICABLE,0,2,0,1,0,taxonomy_accessory=2;title_accessory=1,"Headphone Adapter for iPhone, 2 in 1 Lightning to 3.5mm Jack Adapter Aux Audio Dongle Earphone Converter Compatible with iPhone 14/13/12/11/XR/XS/Max/X/8/7 [Apple MFi Certified]",Masterplug,Adapters,Adapters,11481,ACCESSORY,NOT_APPLICABLE,标题明确为线缆/转接配件，不是可独立使用的完整耳机；细分类目 Adapters 与此一致；判为 ACCESSORY。
B00MW67LQ6,AMBIGUOUS,0.6,NOT_APPLICABLE,2,0,0,1,1,taxonomy_device=2;title_accessory=1;conflict,"Galaxy Note 3 Case, Style4U Studded Rhinestone Crystal Bling Hybrid Armor Case Cover for Samsung Galaxy Note 3 N9000 N7200 with 1 HD Screen Protector and 1 Stylus [Hot Pink/Hot Pink]",Style4U,Earbud Headphones,Headphones & Earbuds,260,ACCESSORY,NOT_APPLICABLE,标题明确为保护壳/收纳配件，不是可独立使用的完整耳机；结合标题的兼容/替换关系判定；判为 ACCESSORY。 原自动标签为 AMBIGUOUS，本次以商品主体语义和类目复核后更正。
B08CR752SC,ACCESSORY,0.995,NOT_APPLICABLE,0,2,0,1,0,taxonomy_accessory=2;title_accessory=1,"CTYBB for Airpod Case,Silicone Airpods Case Cover with Fur Ball Keychain Compatible with Apple Airpods 2/1 (Front LED Visible) Barbie Pink",CTYBB,Cases,Cases,24985,ACCESSORY,NOT_APPLICABLE,标题明确为保护壳/收纳配件，不是可独立使用的完整耳机；细分类目 Cases 与此一致；判为 ACCESSORY。
B08WJFN2B6,AMBIGUOUS,0.6,NOT_APPLICABLE,2,0,0,1,1,taxonomy_device=2;title_accessory=1;conflict,"AKG Pro Audio K371 Over-Ear, Closed-Back, Foldable Studio Headphones Bundle with Knox Gear Professional Headphone Case for Inward-Folding Headphones (2 Items)",AKG,Over-Ear Headphones,Headphones & Earbuds,9,DEVICE,OVER_EAR,标题主体是完整耳机，后列保护壳/线缆/支架等随附配件（套装不改变主体标签）；判为 DEVICE；形态依据：标题明确为 over-ear/around-ear/full-size，且该形态是最先出现的主体描述。 原自动标签为 AMBIGUOUS，本次以商品主体语义和类目复核后更正。
B00OKO6DQC,AMBIGUOUS,0.6,NOT_APPLICABLE,2,0,0,1,1,taxonomy_device=2;title_accessory=1;conflict,6pcs: 3 Pairs S/M/L Left and Right Side Ear Stabilizers Helper Eartips Compatible with Jaybird Bluebuds X in Ear Earphones Headphones,NICKSTON,Earbud Headphones,Headphones & Earbuds,20,ACCESSORY,NOT_APPLICABLE,标题明确为替换耳塞套，不是可独立使用的完整耳机；结合标题的兼容/替换关系判定；判为 ACCESSORY。 原自动标签为 AMBIGUOUS，本次以商品主体语义和类目复核后更正。
B085XS1PXW,ACCESSORY,0.995,NOT_APPLICABLE,0,2,0,2,0,taxonomy_accessory=2;title_accessory=2,Link Dream 12 Pieces Replacement Ear Tips for AirPods Pro/AirPods Pro 2 Silicon Ear Buds Tips with Portable Storage Box (S/M/L) (6 Pairs),Link Dream,Earpads,Earpads,11358,ACCESSORY,NOT_APPLICABLE,标题明确为替换耳垫/耳罩，不是可独立使用的完整耳机；细分类目 Earpads 与此一致；判为 ACCESSORY。
B08C7LSX72,AMBIGUOUS,0.6,NOT_APPLICABLE,2,0,0,1,1,taxonomy_device=2;title_accessory=1;conflict,U-S Acrylic Headphone Stand Display Headphone Holder Headphone Hanger Acrylic Desktop Game Earphone Stand Acrylic Earphone Stand is Suitable of Headphones,Ludinow,Over-Ear Headphones,Headphones & Earbuds,23,ACCESSORY,NOT_APPLICABLE,标题明确为支架/挂架，不是可独立使用的完整耳机；结合标题的兼容/替换关系判定；判为 ACCESSORY。 原自动标签为 AMBIGUOUS，本次以商品主体语义和类目复核后更正。
B0BJDY85PH,ACCESSORY,0.995,NOT_APPLICABLE,0,2,1,1,1,taxonomy_accessory=2;title_device=1;title_accessory=1;conflict,"Gaming Headset Headphone Hook Holder Hanger Mount, Headphones Stand with Adjustable & Rotating Arm Clamp, Headphone Stand Holder Under Desk, Black",SIXGOD,Cases,Cases,7,ACCESSORY,NOT_APPLICABLE,标题明确为保护壳/收纳配件，不是可独立使用的完整耳机；细分类目 Cases 与此一致；判为 ACCESSORY。
B000CMTV3I,AMBIGUOUS,0.6,NOT_APPLICABLE,1,0,0,0,0,taxonomy_device=1,Audio-Technica ATH-EW9 Lightweight Wood Clip-on Headphones (Discontinued by Manufacturer),Audio-Technica,"Headphones, Earbuds & Accessories",,57,DEVICE,ON_EAR,标题描述可独立使用的完整耳机/耳塞设备，并含连接、声学或供电功能信息；判为 DEVICE；形态依据：标题明确为夹耳/后挂/颈后头带式。 原自动标签为 AMBIGUOUS，本次以商品主体语义和类目复核后更正。
B07Y1Q5XQ6,ACCESSORY,0.995,NOT_APPLICABLE,0,2,0,1,0,taxonomy_accessory=2;title_accessory=1,"CTYBB for Airpod Case,Silicone Airpods Case Cover with Fur Ball Keychain Compatible with Apple Airpods 2/1 (Z-Pink/Limegreen)",CTYBB,Cases,Cases,24993,ACCESSORY,NOT_APPLICABLE,标题明确为保护壳/收纳配件，不是可独立使用的完整耳机；细分类目 Cases 与此一致；判为 ACCESSORY。
B008OONZXS,AMBIGUOUS,0.6,NOT_APPLICABLE,2,0,0,1,1,taxonomy_device=2;title_accessory=1;conflict,A Pair of Car Headrest Pillow/Pad/Cushion for Toyota (Model: Kk000201) (Black),ROLYET,Earbud Headphones,Headphones & Earbuds,2,AMBIGUOUS,NOT_APPLICABLE,needs_review: 标题“A Pair of Car Headrest Pillow/Pad/Cushion for Toyota (Model: Kk000201) (Black)”未描述完整耳机或明确耳机配件，且与类目“Earbud Headphones”不一致/信息残缺；保留 AMBIGUOUS，不强行归类。
B09XB83NJ3,AMBIGUOUS,0.6,NOT_APPLICABLE,2,0,1,1,1,taxonomy_device=2;title_device=1;title_accessory=1;conflict,"Marnana Bluetooth Headset with 18 Hours Playtime, Ultralight Earbud w/Noise Cancelling Mic, Carrying Case, Wireless Earpiece Hands-Free Call for iPhone Android Mobile Phone Tablet Office Truck Driver",Marnana,Earbud Headphones,Headphones & Earbuds,3207,DEVICE,EARBUD_INEAR,标题主体是完整耳机，后列保护壳/线缆/支架等随附配件（套装不改变主体标签）；判为 DEVICE；形态依据：标题含耳塞/入耳/开放式耳戴设备词，且其主体线索早于头戴式描述。 原自动标签为 AMBIGUOUS，本次以商品主体语义和类目复核后更正。
B087X4GGJX,DEVICE,0.98,EARBUD_INEAR,2,0,0,0,0,taxonomy_device=2,"APETOO USB C Headphones, HiFi Stereo Type C Earbuds USB C Earphones with Mic & Volume Control Compatible with Samsung Note 10 Plus, Galaxy S20 Ultra S20+, Google Pixel 4 3 2 XL, OnePlus 7t Pro",APETOO,Earbud Headphones,Headphones & Earbuds,179,DEVICE,EARBUD_INEAR,标题描述可独立使用的完整耳机/耳塞设备，细分类目为 Earbud Headphones；判为 DEVICE；形态依据：标题含耳塞/入耳/开放式耳戴设备词，且其主体线索早于头戴式描述。
B07W8MB9KM,ACCESSORY,0.995,NOT_APPLICABLE,0,2,1,1,1,taxonomy_accessory=2;title_device=1;title_accessory=1;conflict,"Silicone Cover Case for Sony WF-1000XM3 Wireless Earbud, Protective Skin Cover with Keychain for Truly Wireless Noise Canceling Earphone, Anti-Lost & Shockproof (Red)",MENEEA,Cases,Cases,22,ACCESSORY,NOT_APPLICABLE,标题明确为保护壳/收纳配件，不是可独立使用的完整耳机；细分类目 Cases 与此一致；判为 ACCESSORY。
B0BCVYJ66T,AMBIGUOUS,0.6,NOT_APPLICABLE,2,0,1,1,1,taxonomy_device=2;title_device=1;title_accessory=1;conflict,"Cotogni Wireless Bluetooth 5.3 Earbuds, P5 Wireless Earbuds with Charging Case Wireless Bluetooth Earphones 40H Playtime Waterproof Wireless Earbuds for iPhone, Android (Red)",Cotogni,Earbud Headphones,Headphones & Earbuds,40,DEVICE,EARBUD_INEAR,标题主体是完整耳机，后列保护壳/线缆/支架等随附配件（套装不改变主体标签）；判为 DEVICE；形态依据：标题含耳塞/入耳/开放式耳戴设备词，且其主体线索早于头戴式描述。 原自动标签为 AMBIGUOUS，本次以商品主体语义和类目复核后更正。
B08379NV5L,AMBIGUOUS,0.6,NOT_APPLICABLE,2,0,0,1,1,taxonomy_device=2;title_accessory=1;conflict,"Xiaomi TWSEJ04LS Redmi Airdot Wireless Earphone Bluetooth 5.0 Stereo Earbuds Charging Case Mini Headphones Sweatproof Sport in-Ear Earphones Black, Small",Xiaomi,Earbud Headphones,Headphones & Earbuds,1269,DEVICE,EARBUD_INEAR,标题描述可独立使用的完整耳机/耳塞设备，细分类目为 Earbud Headphones；判为 DEVICE；形态依据：标题含耳塞/入耳/开放式耳戴设备词，且其主体线索早于头戴式描述。 原自动标签为 AMBIGUOUS，本次以商品主体语义和类目复核后更正。
B08YS8T1PV,DEVICE,0.98,EARBUD_INEAR,2,0,0,0,0,taxonomy_device=2,Skinit Decal Audio Skin Compatible with Samsung Galaxy Buds Pro - Officially Licensed Warner Bros Batman Official Logo Design,Skinit,Earbud Headphones,Headphones & Earbuds,3,ACCESSORY,NOT_APPLICABLE,标题明确为保护壳/收纳配件，不是可独立使用的完整耳机；结合标题的兼容/替换关系判定；判为 ACCESSORY。 原自动标签为 DEVICE，本次以商品主体语义和类目复核后更正。
B081BHBHP5,ACCESSORY,0.995,NOT_APPLICABLE,0,2,0,1,0,taxonomy_accessory=2;title_accessory=1,"UGREEN Headphone Extension Cable 3.5mm Extension Gold Plated Aux Extension Cable Audio Stereo Jack Male to Female TRS Cord Extender Compatible with iPhone iPad Phones Tablets Media Players, 10FT",UGREEN,Extension Cords,Extension Cords,17800,ACCESSORY,NOT_APPLICABLE,标题明确为线缆/转接配件，不是可独立使用的完整耳机；细分类目 Extension Cords 与此一致；判为 ACCESSORY。
B09LHJRPVL,DEVICE,0.995,OVER_EAR,2,0,2,0,0,taxonomy_device=2;title_device=2,"KVIDIO [Updated Bluetooth Headphones Over Ear, 65 Hours Playtime Wireless Headphones with Microphone,Foldable Lightweight Headset with Deep Bass,HiFi Stereo Sound for Travel Work Laptop PC Cellphone",KVIDIO,Over-Ear Headphones,Headphones & Earbuds,12566,DEVICE,OVER_EAR,标题主体是完整耳机，后列保护壳/线缆/支架等随附配件（套装不改变主体标签）；判为 DEVICE；形态依据：标题明确为 over-ear/around-ear/full-size，且该形态是最先出现的主体描述。
B07G97631K,AMBIGUOUS,0.6,NOT_APPLICABLE,2,0,0,1,1,taxonomy_device=2;title_accessory=1;conflict,LINSOUL BGVP DMG 2DD+4BA Hi-Res Hybrid Drivers High Fidelity HiFi in-Ear Metal Earphones with Detachable MMCX Audio Cable for Musicians Audiophile (Blue),BGVP,Earbud Headphones,Headphones & Earbuds,64,DEVICE,EARBUD_INEAR,标题主体是完整耳机，后列保护壳/线缆/支架等随附配件（套装不改变主体标签）；判为 DEVICE；形态依据：标题含耳塞/入耳/开放式耳戴设备词，且其主体线索早于头戴式描述。 原自动标签为 AMBIGUOUS，本次以商品主体语义和类目复核后更正。
B016RDOX1A,DEVICE,0.995,EARBUD_INEAR,2,0,1,0,0,taxonomy_device=2;title_device=1,In-ear noise canceling headphones / Headphone for in ear usage / Cheap Price with Durable and long lasting feel / Works well with Computer / iPhone / iPad / Laptops / mp3 player / android / kindle / and much more!,Knockout Electronics,Earbud Headphones,Headphones & Earbuds,7,DEVICE,EARBUD_INEAR,标题描述可独立使用的完整耳机/耳塞设备，细分类目为 Earbud Headphones；判为 DEVICE；形态依据：标题含耳塞/入耳/开放式耳戴设备词，且其主体线索早于头戴式描述。
B09F2YQQ1B,DEVICE,0.98,EARBUD_INEAR,2,0,0,0,0,taxonomy_device=2,"SHOKZ OpenRun (AfterShokz Aeropex) - Open-Ear Bluetooth Bone Conduction Sport Headphones - Sweat Resistant Wireless Earphones for Workouts and Running - Built-in Mic, with Headband",SHOKZ,Earbud Headphones,Headphones & Earbuds,14822,DEVICE,EARBUD_INEAR,标题描述可独立使用的完整耳机/耳塞设备，细分类目为 Earbud Headphones；判为 DEVICE；形态依据：标题含耳塞/入耳/开放式耳戴设备词，且其主体线索早于头戴式描述。
B0C2Q17PND,DEVICE,0.995,EARBUD_INEAR,2,0,2,0,0,taxonomy_device=2;title_device=2,bmanl Wireless Earbuds Bluetooth Headphones 48hrs Play Back Sport Earphones with LED Display Over-Ear Buds with Earhooks Built-in Mic Headset for Workout Purple BMANI-VEAT00L,bmanl,Earbud Headphones,Headphones & Earbuds,19635,DEVICE,EARBUD_INEAR,标题主体是完整耳机，后列保护壳/线缆/支架等随附配件（套装不改变主体标签）；判为 DEVICE；形态依据：标题含耳塞/入耳/开放式耳戴设备词，且其主体线索早于头戴式描述。
B00362CQYC,DEVICE,0.98,EARBUD_INEAR,2,0,0,0,0,taxonomy_device=2,ZAGG ZAGGBUDBLK Buds for iPhones (Black No Mic),ZAGG,Earbud Headphones,Headphones & Earbuds,1,DEVICE,EARBUD_INEAR,标题/型号表明是入耳耳塞、手机单耳蓝牙耳机、运动耳机或随身耳塞系统；判为 DEVICE / EARBUD_INEAR。
B07H4PQM56,ACCESSORY,0.995,NOT_APPLICABLE,0,2,1,1,1,taxonomy_accessory=2;title_device=1;title_accessory=1;conflict,"Move Ear Pads - Replacement 25h Ear Cushion Pillow Parts Cover Seals Foam Compatible with Jabra Move / 25h Wireless/Plantronics BackBeat FIT 505 500 On-Ear Bluetooth Headphones, Softer Leather",defean,Earpads,Earpads,244,ACCESSORY,NOT_APPLICABLE,标题明确为替换耳垫/耳罩，不是可独立使用的完整耳机；细分类目 Earpads 与此一致；判为 ACCESSORY。
B09F66RRYN,DEVICE,0.995,EARBUD_INEAR,2,0,2,0,0,taxonomy_device=2;title_device=2,"Soundpeats True Wireless Earbuds Bluetooth 5.0 Earphones with Built in Mic in-Ear Stereo Headphones for Sport, Deep Bass, Binaural Calls, One-Step Pairing, 35 Hours of Playtime, Upgraded TrueFree Plus",SoundPEATS,Earbud Headphones,Headphones & Earbuds,21646,DEVICE,EARBUD_INEAR,标题描述可独立使用的完整耳机/耳塞设备，细分类目为 Earbud Headphones；判为 DEVICE；形态依据：标题含耳塞/入耳/开放式耳戴设备词，且其主体线索早于头戴式描述。
B07KKMP7GR,AMBIGUOUS,0.6,NOT_APPLICABLE,2,0,1,1,1,taxonomy_device=2;title_device=1;title_accessory=1;conflict,"Thore Bluetooth Headphones with Lightning Connector for iPhone - Over Ear Wireless Earphones with Microphone/Volume Remote (Apple MFI Certified) Cord for Apple iPhone 7,8 Plus, XR, XS Max, 11 Pro",Thore,Over-Ear Headphones,Headphones & Earbuds,111,DEVICE,OVER_EAR,标题主体是完整耳机，后列保护壳/线缆/支架等随附配件（套装不改变主体标签）；判为 DEVICE；形态依据：标题明确为 over-ear/around-ear/full-size，且该形态是最先出现的主体描述。 原自动标签为 AMBIGUOUS，本次以商品主体语义和类目复核后更正。
B00X0077HQ,DEVICE,0.995,ON_EAR,2,0,1,0,0,taxonomy_device=2;title_device=1,"Marshall Major II On-Ear Headphones, Brown (4091112)",Marshall,On-Ear Headphones,Headphones & Earbuds,821,DEVICE,ON_EAR,标题描述可独立使用的完整耳机/耳塞设备，细分类目为 On-Ear Headphones；判为 DEVICE；形态依据：标题明确为 on-ear/supra-aural，或该形态是最先出现的主体描述。
B00FAJP42U,DEVICE,0.995,EARBUD_INEAR,2,0,1,0,0,taxonomy_device=2;title_device=1,"IHOME IB11WUXC Sport Ear Hook Earbuds with Microphone, Purple",iHome,Earbud Headphones,Headphones & Earbuds,8,DEVICE,EARBUD_INEAR,标题描述可独立使用的完整耳机/耳塞设备，细分类目为 Earbud Headphones；判为 DEVICE；形态依据：标题含耳塞/入耳/开放式耳戴设备词，且其主体线索早于头戴式描述。
B08GLYGD7H,DEVICE,0.985,EARBUD_INEAR,2,0,3,1,1,taxonomy_device=2;title_device=3;title_accessory=1;conflict,Galaxy Buds Live Mystic Red | True Wireless Earbuds w/Active Noise Cancelling | Wireless Charging Case Included | Korean Version,Galaxy Buds,Earbud Headphones,Headphones & Earbuds,41,DEVICE,EARBUD_INEAR,标题描述可独立使用的完整耳机/耳塞设备，细分类目为 Earbud Headphones；判为 DEVICE；形态依据：标题含耳塞/入耳/开放式耳戴设备词，且其主体线索早于头戴式描述。
B08ZSJ6D7B,ACCESSORY,0.995,NOT_APPLICABLE,0,2,0,1,0,taxonomy_accessory=2;title_accessory=1,"Hanayo Villains Potluck Dabi Toga Compatible with Airpods Case Cover 2 & 1 Shockproof Protective Soft TPU Full Printed Headphone Cases for Girls Boys Women Men with Keychain,black,One Size",Hanayo,Cases,Cases,1,ACCESSORY,NOT_APPLICABLE,标题明确为保护壳/收纳配件，不是可独立使用的完整耳机；细分类目 Cases 与此一致；判为 ACCESSORY。
B08NPMNFFC,DEVICE,0.955,EARBUD_INEAR,2,0,2,1,1,taxonomy_device=2;title_device=2;title_accessory=1;conflict,"DTTO J-10 Active Noise Cancelling Earbuds with 60ms Low-Latency Game Mode, Wireless Charging Case Bluetooth 5.2 Auto-Pairing Touch-Enabled Voice-Assistant, Immersive Sound Deep Bass IPX8 Sweatproof",DTTO,Earbud Headphones,Headphones & Earbuds,110,DEVICE,EARBUD_INEAR,标题主体是完整耳机，后列保护壳/线缆/支架等随附配件（套装不改变主体标签）；判为 DEVICE；形态依据：标题含耳塞/入耳/开放式耳戴设备词，且其主体线索早于头戴式描述。
B08344BK28,ACCESSORY,0.995,NOT_APPLICABLE,0,2,0,2,0,taxonomy_accessory=2;title_accessory=2,"Laffav AirPods Case Silicone Protective Cover (Front LED Visible) for Women Men Compatible with Apple AirPods 2 & 1 , 2 Pack, Black, Red",Laffav,Cases,Cases,12174,ACCESSORY,NOT_APPLICABLE,标题明确为保护壳/收纳配件，不是可独立使用的完整耳机；细分类目 Cases 与此一致；判为 ACCESSORY。
B0C492N85L,AMBIGUOUS,0.6,NOT_APPLICABLE,2,0,1,1,1,taxonomy_device=2;title_device=1;title_accessory=1;conflict,"Wireless Earbuds, Bluetooth 5.3 Headphones, 48h Playtime LED Power Display Wireless Charging Case, HiFi Stereo Deep Base Earphones IPX7 Waterproof Ear Buds with Built-in Mic for Workout/Home/Office",Jrwaro,Earbud Headphones,Headphones & Earbuds,288,DEVICE,EARBUD_INEAR,标题描述可独立使用的完整耳机/耳塞设备，细分类目为 Earbud Headphones；判为 DEVICE；形态依据：标题含耳塞/入耳/开放式耳戴设备词，且其主体线索早于头戴式描述。 原自动标签为 AMBIGUOUS，本次以商品主体语义和类目复核后更正。
B084SV9PGK,AMBIGUOUS,0.5,NOT_APPLICABLE,2,0,1,2,1,taxonomy_device=2;title_device=1;title_accessory=2;conflict,"Shure RMCE-TW1 True Wireless Adapter for Sound Isolating Earphones, Secure Over-Ear Fit, Bluetooth 5 Wireless Technology, Long Battery Life with Charging Case, Fingertip Controls [New Update]",Shure,Earbud Headphones,Headphones & Earbuds,575,ACCESSORY,NOT_APPLICABLE,标题明确为保护壳/收纳配件，不是可独立使用的完整耳机；结合标题的兼容/替换关系判定；判为 ACCESSORY。 原自动标签为 AMBIGUOUS，本次以商品主体语义和类目复核后更正。
B0C5QFWNFC,ACCESSORY,0.98,NOT_APPLICABLE,0,2,0,0,0,taxonomy_accessory=2,"AGVEE S21 S20 Dual USB-C Headphones & Charging Adapter, Duo Type-C Audio Earbuds & PD Charger Splitter, USBC Earphone Jack Dongle for Samsung S21 S20, Note 20 10, iPad Pro, Pixel 2 3 4 5 XL, Gray",AGVEE,Adapters,Adapters,29,ACCESSORY,NOT_APPLICABLE,标题明确为线缆/转接配件，不是可独立使用的完整耳机；细分类目 Adapters 与此一致；判为 ACCESSORY。
B07STZWQCS,ACCESSORY,0.98,NOT_APPLICABLE,0,2,0,0,0,taxonomy_accessory=2,"6 Pack 1/4 Stereo to 3.5 mm Stereo Adapter, Gold Plated 6.35 mm TS Male Plug to 1/8 Inch TRS Female Audio Connector (Red, Blue)",Frienda,Adapters,Adapters,8,ACCESSORY,NOT_APPLICABLE,标题明确为线缆/转接配件，不是可独立使用的完整耳机；细分类目 Adapters 与此一致；判为 ACCESSORY。
B09Y4HCRLM,DEVICE,0.98,OVER_EAR,2,0,0,0,0,taxonomy_device=2,MUSICOZY Sleep Headphones Bluetooth Sleep Mask 3D Wireless Music Sleeping Headphones Headband Eye Mask Sleep Earbuds for Side Sleepers Mom Men Women with Speakers Cool Tech Gadgets,MUSICOZY,Over-Ear Headphones,Headphones & Earbuds,17348,DEVICE,EARBUD_INEAR,标题描述可独立使用的完整耳机/耳塞设备，细分类目为 Over-Ear Headphones；判为 DEVICE；形态依据：标题含耳塞/入耳/开放式耳戴设备词，且其主体线索早于头戴式描述。
B0C6Q4N2W2,DEVICE,0.98,EARBUD_INEAR,2,0,0,0,0,taxonomy_device=2,"Open Ear Headphones, Air Conduction Headphones Lightweight Bluetooth 5.3 Wireless Sports Headset with Mic for Jogging Running Driving Cycling Hiking Yoga Indoor and Outdoor Use",Coolwin,Earbud Headphones,Headphones & Earbuds,117,DEVICE,EARBUD_INEAR,标题描述可独立使用的完整耳机/耳塞设备，细分类目为 Earbud Headphones；判为 DEVICE；形态依据：标题含耳塞/入耳/开放式耳戴设备词，且其主体线索早于头戴式描述。
B093K2D32X,AMBIGUOUS,0.6,NOT_APPLICABLE,2,0,1,1,1,taxonomy_device=2;title_device=1;title_accessory=1;conflict,"Avantree HF049 - Wired Over Ear Headphones with 50mm Drivers High-Precision Sound, 16ft / 5M Extra-Long Cord, in-Line Volume Control & Mic, and 3.5mm AUX Cable with 6.35mm Adapter for TV and PC",Avantree,Over-Ear Headphones,Headphones & Earbuds,298,DEVICE,OVER_EAR,标题主体是完整耳机，后列保护壳/线缆/支架等随附配件（套装不改变主体标签）；判为 DEVICE；形态依据：标题明确为 over-ear/around-ear/full-size，且该形态是最先出现的主体描述。 原自动标签为 AMBIGUOUS，本次以商品主体语义和类目复核后更正。
B09Q2ZCHVB,ACCESSORY,0.995,NOT_APPLICABLE,0,2,0,2,0,taxonomy_accessory=2;title_accessory=2,DamonLight 3 Pairs AirPods Pro Ear Hooks [Added Storage Pouch] Anti-Slip Ear Covers Accessories Compatible with Apple AirPod Pro[Not Fit in Charging Case] - AirPods Pro(2019 Released),DamonLight,Earpads,Earpads,32,ACCESSORY,NOT_APPLICABLE,标题明确为替换耳垫/耳罩，不是可独立使用的完整耳机；细分类目 Earpads 与此一致；判为 ACCESSORY。
B09X9T723D,DEVICE,0.985,EARBUD_INEAR,2,0,3,1,1,taxonomy_device=2;title_device=3;title_accessory=1;conflict,"Wireless Earbud, 5.1 Bluetooth Earbud in-Ear Stereo Mini Headphone, Bluetooth Headphones with Mic for Clear Calls, 6H Single Play Time, IP7 Waterproof Wireless Earphones with USB-C Charging Case, Grey",Jesebang,Earbud Headphones,Headphones & Earbuds,95,DEVICE,EARBUD_INEAR,标题主体是完整耳机，后列保护壳/线缆/支架等随附配件（套装不改变主体标签）；判为 DEVICE；形态依据：标题含耳塞/入耳/开放式耳戴设备词，且其主体线索早于头戴式描述。
B09KV93W1D,ACCESSORY,0.995,NOT_APPLICABLE,0,2,0,2,0,taxonomy_accessory=2;title_accessory=2,"Replacement Ear Pads for SteelSeries Arctis 1, Arctis 3, Arctis 5, Arctis 7, Arctis 9X, Arctis Pro & Arctis Prime Headset Headphone Earpads, Memory Foam & PU Leather (Black)",BRAINWAVZ,Earpads,Earpads,101,ACCESSORY,NOT_APPLICABLE,标题明确为替换耳垫/耳罩，不是可独立使用的完整耳机；细分类目 Earpads 与此一致；判为 ACCESSORY。
B007Z86PJU,AMBIGUOUS,0.5,NOT_APPLICABLE,0,0,0,0,0,insufficient_evidence,RadioShack Cardioid Dynamic Microphone,RadioShack,Headphones & Earbuds,Headphones & Earbuds,7,ACCESSORY,NOT_APPLICABLE,标题明确为耳机配件，不是可独立使用的完整耳机；结合标题的兼容/替换关系判定；判为 ACCESSORY。 原自动标签为 AMBIGUOUS，本次以商品主体语义和类目复核后更正。
B07N14H2JV,ACCESSORY,0.995,NOT_APPLICABLE,0,2,0,1,0,taxonomy_accessory=2;title_accessory=1,"Splitter Compatible with iPhone 7, 7 Plus, 8, 8 Plus, X, Xs, Xr, iPad,iPad Pro, 2 in 1 Dual Headphone Jack Audio + Charge Cable Adapter,Work with iOS 12 or Later, Sync,Music Control",Wings,Adapters,Adapters,12,ACCESSORY,NOT_APPLICABLE,标题明确为线缆/转接配件，不是可独立使用的完整耳机；细分类目 Adapters 与此一致；判为 ACCESSORY。
B08NV3HTC3,ACCESSORY,0.995,NOT_APPLICABLE,0,2,0,1,0,taxonomy_accessory=2;title_accessory=1,"Wireless Charging Case Compatible with pods 1 2nd Generation, Pod 1/2 Charger Case Replacement with Bluetooth Button for Pairing (Case Only)",HIA,Cases,Cases,49,ACCESSORY,NOT_APPLICABLE,标题明确为保护壳/收纳配件，不是可独立使用的完整耳机；细分类目 Cases 与此一致；判为 ACCESSORY。
B09RZPQQJ3,AMBIGUOUS,0.5,NOT_APPLICABLE,2,0,1,2,1,taxonomy_device=2;title_device=1;title_accessory=2;conflict,"XIAODU Wireless Bluetooth Earbuds, with Voice Record Noise Cancel IPX4 Waterproof Headphones, Built-in HD Microphone in-Ear Stereo Headphones, 30H Playtime Wireless Charging Case for Sport White",XIAODU,Earbud Headphones,Headphones & Earbuds,2,DEVICE,EARBUD_INEAR,标题主体是完整耳机，后列保护壳/线缆/支架等随附配件（套装不改变主体标签）；判为 DEVICE；形态依据：标题含耳塞/入耳/开放式耳戴设备词，且其主体线索早于头戴式描述。 原自动标签为 AMBIGUOUS，本次以商品主体语义和类目复核后更正。
B08F16TWMT,ACCESSORY,0.94,NOT_APPLICABLE,0,2,1,0,1,taxonomy_accessory=2;title_device=1;conflict,"Ear Hooks Earbuds Spare Fit Kit Replacement for Plantronics M165 Marque 2 Bluetooth Headset, 2 Hooks, Silicone Covers Ear-Gels S/M/L",Tesa Zero,Earpads,Earpads,18,ACCESSORY,NOT_APPLICABLE,标题明确为替换耳垫/耳罩，不是可独立使用的完整耳机；细分类目 Earpads 与此一致；判为 ACCESSORY。
B00I2HXZ6O,AMBIGUOUS,0.6,NOT_APPLICABLE,0,0,1,0,0,title_device=1,"Altec Lansing Over the Head Foldable Headphone with Mic, Black - MZX652",Altec Lansing,Headphones & Earbuds,Headphones & Earbuds,37,DEVICE,ON_EAR,标题中的便携/折叠/儿童/头带式线索或核验到的厂商规格表明耳垫压在耳廓上；判为 DEVICE / ON_EAR。 原自动标签为 AMBIGUOUS，本次复核后更正。
B005EIVKGQ,DEVICE,0.98,EARBUD_INEAR,2,0,0,0,0,taxonomy_device=2,Sennheiser MX 365 Earphones - Red,Sennheiser Consumer Audio,Earbud Headphones,Headphones & Earbuds,526,DEVICE,EARBUD_INEAR,标题描述可独立使用的完整耳机/耳塞设备，细分类目为 Earbud Headphones；判为 DEVICE；形态依据：标题含耳塞/耳机式耳戴设备词，未出现相冲突的头戴形态描述。
B077PVPL6V,AMBIGUOUS,0.5,NOT_APPLICABLE,0,0,0,0,0,insufficient_evidence,Phifertex Plus Woven Vinyl Mesh Sling Chair Outdoor Fabric in Metallic Lagoon,Phifertex,Headphones & Earbuds,Headphones & Earbuds,5,AMBIGUOUS,NOT_APPLICABLE,needs_review: 标题“Phifertex Plus Woven Vinyl Mesh Sling Chair Outdoor Fabric in Metallic Lagoon”未描述完整耳机或明确耳机配件，且与类目“Headphones & Earbuds”不一致/信息残缺；保留 AMBIGUOUS，不强行归类。
B08KTK8Y95,ACCESSORY,0.995,NOT_APPLICABLE,0,2,0,1,0,taxonomy_accessory=2;title_accessory=1,"esbeecables [Apple MFi Certified] 2 Pack Headphone Adapter for iPhone, 2 in 1 Lightning to 3.5mm AUX Audio + Charger Splitter Compatible with iPhone 14/13/12/11/XS/XR/iPad, Support Call+Music Control",esbeecables,Adapters,Adapters,11071,ACCESSORY,NOT_APPLICABLE,标题明确为线缆/转接配件，不是可独立使用的完整耳机；细分类目 Adapters 与此一致；判为 ACCESSORY。
B09XF33344,ACCESSORY,0.995,NOT_APPLICABLE,0,2,0,1,0,taxonomy_accessory=2;title_accessory=1,Learsoon Solo PRO Earpads Replacement Solo Pro Ear Cushions Covers Compatible with Beats Solo Pro Headphones(Black),Learsoon,Earpads,Earpads,2,ACCESSORY,NOT_APPLICABLE,标题明确为替换耳垫/耳罩，不是可独立使用的完整耳机；细分类目 Earpads 与此一致；判为 ACCESSORY。
B09ZDYDBT2,ACCESSORY,0.995,NOT_APPLICABLE,0,2,0,3,0,taxonomy_accessory=2;title_accessory=3,"AirPods Pro Case Cover with Keychain, Luxury Design Fashion Premium Leather Airpods Pro Protective Cover Case for Airpods Pro Earphones Charging Case, Front LED Visible-Pine Green",Aocakuins,Cases,Cases,49,ACCESSORY,NOT_APPLICABLE,标题明确为保护壳/收纳配件，不是可独立使用的完整耳机；细分类目 Cases 与此一致；判为 ACCESSORY。
B07CXY7JX3,AMBIGUOUS,0.6,NOT_APPLICABLE,2,0,0,1,1,taxonomy_device=2;title_accessory=1;conflict,"[2021 Updated] Extra Long Earbuds for TV & PC, with 12FT Spring Coiled Extension Cable, Volume Control & Mic, in-Ear Wired Headphones for 3.5mm Audio Output Devices, ChanGeek CGS06",C G CHANGEEK,Earbud Headphones,Headphones & Earbuds,1793,DEVICE,EARBUD_INEAR,标题主体是完整耳机，后列保护壳/线缆/支架等随附配件（套装不改变主体标签）；判为 DEVICE；形态依据：标题含耳塞/入耳/开放式耳戴设备词，且其主体线索早于头戴式描述。 原自动标签为 AMBIGUOUS，本次以商品主体语义和类目复核后更正。
B087P52PZT,DEVICE,0.995,EARBUD_INEAR,2,0,1,0,0,taxonomy_device=2;title_device=1,"Bluetooth Headphones Retractable Earbuds Wireless Headset Neckband Sports Noise Cancelling Stereo Earphones with Mic by HaoHiyo (15 Hrs Playtime, 2020 Upgraded, Blue)",HAOHIYO,Earbud Headphones,Headphones & Earbuds,33,DEVICE,EARBUD_INEAR,标题描述可独立使用的完整耳机/耳塞设备，细分类目为 Earbud Headphones；判为 DEVICE；形态依据：标题含耳塞/入耳/开放式耳戴设备词，且其主体线索早于头戴式描述。
B0BZ49NHW2,DEVICE,0.995,EARBUD_INEAR,2,0,1,0,0,taxonomy_device=2;title_device=1,"LUDOS Clamor Wired Earbuds in Ear, Noise Isolating Headphones with Microphone, 3.5mm Jack Plug, Mic and Volume Control, Memory Foam, Deep Bass, Tangle-Free Cord - Purple",LUDOS,Earbud Headphones,Headphones & Earbuds,37573,DEVICE,EARBUD_INEAR,标题主体是完整耳机，后列保护壳/线缆/支架等随附配件（套装不改变主体标签）；判为 DEVICE；形态依据：标题含耳塞/入耳/开放式耳戴设备词，且其主体线索早于头戴式描述。
B0C53M6MKK,DEVICE,0.995,EARBUD_INEAR,2,0,3,0,0,taxonomy_device=2;title_device=3,"Lanteso Wireless Earbuds, Bluetooth Earbuds 50H Playtime Deep Bass Loud Sound Earphones with 4 Microphones Clear Call Light-Weight Waterproof in-Ear Headphones",Lanteso,Earbud Headphones,Headphones & Earbuds,58,DEVICE,EARBUD_INEAR,标题主体是完整耳机，后列保护壳/线缆/支架等随附配件（套装不改变主体标签）；判为 DEVICE；形态依据：标题含耳塞/入耳/开放式耳戴设备词，且其主体线索早于头戴式描述。
B07T9H2Y3K,ACCESSORY,0.995,NOT_APPLICABLE,0,2,0,1,0,taxonomy_accessory=2;title_accessory=1,"CTYBB for Airpod Case,Silicone Airpods Case Cover with Fur Ball Keychain Compatible with Apple Airpods 2/1 (Front LED Visible) Deep Blue",CTYBB,Cases,Cases,24993,ACCESSORY,NOT_APPLICABLE,标题明确为保护壳/收纳配件，不是可独立使用的完整耳机；细分类目 Cases 与此一致；判为 ACCESSORY。
B0BRSN1LDC,DEVICE,0.985,EARBUD_INEAR,2,0,3,1,1,taxonomy_device=2;title_device=3;title_accessory=1;conflict,TOZO T9 True Wireless Earbuds Environmental Noise Cancellation 4 Mic Call Noise Cancelling Headphones Deep Bass Bluetooth 5.3 Light Wireless Charging Case IPX7 Waterproof Headset Black (Renewed),Amazon Renewed,Earbud Headphones,Headphones & Earbuds,23,DEVICE,EARBUD_INEAR,标题描述可独立使用的完整耳机/耳塞设备，细分类目为 Earbud Headphones；判为 DEVICE；形态依据：标题含耳塞/入耳/开放式耳戴设备词，且其主体线索早于头戴式描述。
B0721MP41Q,DEVICE,0.995,EARBUD_INEAR,2,0,1,0,0,taxonomy_device=2;title_device=1,"[Upgraded] Anker SoundBuds Curve Wireless Headphones, 18H Battery, IPX7 Waterproof Bluetooth Headphones, Bluetooth 5.0, Built in Mic and Carry Pouch, SweatGuard Technology for Workout, Gym, Running",Anker,Earbud Headphones,Headphones & Earbuds,15217,DEVICE,EARBUD_INEAR,标题描述可独立使用的完整耳机/耳塞设备，细分类目为 Earbud Headphones；判为 DEVICE；形态依据：细分类目为 Earbud Headphones。
B00JFC98UW,AMBIGUOUS,0.5,NOT_APPLICABLE,0,0,0,0,0,insufficient_evidence,Lighter - U2 Tr-1 Dragon Lady Plane with Headphones on Reverse (Engraved by Hip Flask Plus) - Star Int. Inc Brand,hip flask plus,Headphones & Earbuds,Headphones & Earbuds,1,AMBIGUOUS,NOT_APPLICABLE,needs_review: 标题主体是打火机且只是图案中出现 headphones，与耳机类目冲突，无法作为耳机设备或配件标注；判为 AMBIGUOUS。
B086JP6P53,ACCESSORY,0.995,NOT_APPLICABLE,0,2,0,3,0,taxonomy_accessory=2;title_accessory=3,"Fitlink Case for AirPods 2&1, Anti-Scratch Shock-Absorption Soft TPU Crystal Clear Case Cover for Apple AirPods 2&1 in Charging Case with Carabiner (AirPods with Wired Charging Case, Red)",Fitlink,Cases,Cases,382,ACCESSORY,NOT_APPLICABLE,标题明确为保护壳/收纳配件，不是可独立使用的完整耳机；细分类目 Cases 与此一致；判为 ACCESSORY。
B01N6DC2ZE,DEVICE,0.995,EARBUD_INEAR,2,0,2,0,0,taxonomy_device=2;title_device=2,"Bluetooth Headphones, Anker SoundBuds Slim Wireless Headphones, IPX7 Waterproof, 10H Playtime, Bluetooth 5.0, Magnetic Wireless Earbuds, Bluetooth Earbuds for Workout , Sports, Running, Gym",Anker,Earbud Headphones,Headphones & Earbuds,28754,DEVICE,EARBUD_INEAR,标题描述可独立使用的完整耳机/耳塞设备，细分类目为 Earbud Headphones；判为 DEVICE；形态依据：标题含耳塞/入耳/开放式耳戴设备词，且其主体线索早于头戴式描述。
B00GJ1GH9W,AMBIGUOUS,0.5,NOT_APPLICABLE,0,0,0,0,0,insufficient_evidence,"Graphics and More African Grey - Bird Parrot Pet Home Button Stickers Fits Apple iPhone 4/4S/5/5C/5S, iPad, iPod Touch - Non-Retail Packaging - Clear",GRAPHICS & MORE,Headphones & Earbuds,Headphones & Earbuds,1,AMBIGUOUS,NOT_APPLICABLE,"needs_review: 标题“Graphics and More African Grey - Bird Parrot Pet Home Button Stickers Fits Apple iPhone 4/4S/5/5C/5S, iPad, iPod Touch - Non-Retail Packaging - Clear”未描述完整耳机或明确耳机配件，且与类目“Headphones & Earbuds”不一致/信息残缺；保留 AMBIGUOUS，不强行归类。"
B07YN5T8ZB,ACCESSORY,0.995,NOT_APPLICABLE,0,2,0,1,0,taxonomy_accessory=2;title_accessory=1,"BT21 RJ Character Plush Keychain Case Cover, Compatible with Airpod, Grey",BT21,Cases,Cases,46,ACCESSORY,NOT_APPLICABLE,标题明确为保护壳/收纳配件，不是可独立使用的完整耳机；细分类目 Cases 与此一致；判为 ACCESSORY。
B01BD5TX2G,ACCESSORY,0.995,NOT_APPLICABLE,0,2,1,1,1,taxonomy_accessory=2;title_device=1;title_accessory=1;conflict,"[EOL] Universal Rectangle Shaped Portable Protection Hard Case for Wired, Wireless, Bluetooth Earbuds Headsets, with Inner Mesh Pocket, Strong Zipper, by Brainwavz [EOL]",BRAINWAVZ,Cases,Cases,104,ACCESSORY,NOT_APPLICABLE,标题明确为保护壳/收纳配件，不是可独立使用的完整耳机；细分类目 Cases 与此一致；判为 ACCESSORY。
B008YAX870,AMBIGUOUS,0.5,NOT_APPLICABLE,0,0,0,0,0,insufficient_evidence,arduino bluetooth shield Arduino Bluetooth Expansion Board Green,Arduino,Headphones & Earbuds,Headphones & Earbuds,1,AMBIGUOUS,NOT_APPLICABLE,needs_review: 标题“arduino bluetooth shield Arduino Bluetooth Expansion Board Green”未描述完整耳机或明确耳机配件，且与类目“Headphones & Earbuds”不一致/信息残缺；保留 AMBIGUOUS，不强行归类。
B00U60RKXE,AMBIGUOUS,0.6,NOT_APPLICABLE,2,0,0,1,1,taxonomy_device=2;title_accessory=1;conflict,"Musician's in-Ear Monitor,GranVela X6 PRO Noise-Isolating Earpbuds with Mic and Detachable Cable for DJ, Running and Sports (Red)",Granvela,Earbud Headphones,Headphones & Earbuds,40,DEVICE,EARBUD_INEAR,标题主体是完整耳机，后列保护壳/线缆/支架等随附配件（套装不改变主体标签）；判为 DEVICE；形态依据：标题含耳塞/入耳/开放式耳戴设备词，且其主体线索早于头戴式描述。 原自动标签为 AMBIGUOUS，本次以商品主体语义和类目复核后更正。
B09MJDC6WS,ACCESSORY,0.94,NOT_APPLICABLE,0,2,1,0,1,taxonomy_accessory=2;title_device=1;conflict,"MillSO Headphone Mic Splitter, 3.5mm Headset Adapter (Microphone + Audio) 2 TRS Female to TRRS Male CTIA Stereo Jack Y Cable Compatible for Dual-Plug Gaming Headset to Xbox, PS4, Phone, Laptop, PC",MillSO,Adapters,Adapters,4017,ACCESSORY,NOT_APPLICABLE,标题明确为线缆/转接配件，不是可独立使用的完整耳机；细分类目 Adapters 与此一致；判为 ACCESSORY。
B07G7VT8KQ,DEVICE,0.995,OVER_EAR,2,0,1,0,0,taxonomy_device=2;title_device=1,"Sony WH1000XM3 Noise Cancelling Headphones, Wireless Bluetooth Over the Ear Headset – Black (2018 Version)",Sony,Over-Ear Headphones,Headphones & Earbuds,21645,DEVICE,OVER_EAR,标题描述可独立使用的完整耳机/耳塞设备，细分类目为 Over-Ear Headphones；判为 DEVICE；形态依据：标题明确为 over-ear/around-ear/full-size，且该形态是最先出现的主体描述。
B00004RDAF,AMBIGUOUS,0.5,NOT_APPLICABLE,0,0,0,0,0,insufficient_evidence,Farberware Millennium Stainless-Steel 12-Inch Nonstick Skillet,Farberware,Headphones & Earbuds,Headphones & Earbuds,3,AMBIGUOUS,NOT_APPLICABLE,needs_review: 标题“Farberware Millennium Stainless-Steel 12-Inch Nonstick Skillet”未描述完整耳机或明确耳机配件，且与类目“Headphones & Earbuds”不一致/信息残缺；保留 AMBIGUOUS，不强行归类。
B086LL8V2G,DEVICE,0.955,EARBUD_INEAR,2,0,2,1,1,taxonomy_device=2;title_device=2;title_accessory=1;conflict,"JLab Go Air True Wireless Bluetooth Earbuds + Charging Case | Black | Dual Connect | IP44 Sweat Resistance | Bluetooth 5.0 Connection | 3 EQ Sound Settings Signature, Balanced, Bass Boost",JLab,Earbud Headphones,Headphones & Earbuds,32335,DEVICE,EARBUD_INEAR,标题描述可独立使用的完整耳机/耳塞设备，细分类目为 Earbud Headphones；判为 DEVICE；形态依据：标题含耳塞/入耳/开放式耳戴设备词，且其主体线索早于头戴式描述。
B09XBJVB9X,AMBIGUOUS,0.6,NOT_APPLICABLE,1,0,0,0,0,taxonomy_device=1,"dbcollections Open-Ear Bluetooth Bone Conduction Sport Headphones - Sweat Resistant Wireless Earphones for Workouts and Running - Built-in Mic, with Hair Ban",dbcollections,Open-Ear Headphones,Headphones & Earbuds,20,DEVICE,EARBUD_INEAR,标题描述可独立使用的完整耳机/耳塞设备，细分类目为 Open-Ear Headphones；判为 DEVICE；形态依据：标题含耳塞/入耳/开放式耳戴设备词，且其主体线索早于头戴式描述。 原自动标签为 AMBIGUOUS，本次以商品主体语义和类目复核后更正。
B073Q387S1,AMBIGUOUS,0.6,NOT_APPLICABLE,1,0,0,0,0,taxonomy_device=1,"G&V 2.5mm 4-Pole Balanced Cable, 0.78mm Custom IEM 2 Pin Connector, 1.2m, 2PIN-2BA-SL-L",G&V,"Headphones, Earbuds & Accessories",,4,ACCESSORY,NOT_APPLICABLE,标题明确为线缆/转接配件，不是可独立使用的完整耳机；结合标题的兼容/替换关系判定；判为 ACCESSORY。 原自动标签为 AMBIGUOUS，本次以商品主体语义和类目复核后更正。
B08FX6FB1S,DEVICE,0.985,EARBUD_INEAR,2,0,3,1,1,taxonomy_device=2;title_device=3;title_accessory=1;conflict,APEKX Bluetooth Headphones True Wireless Earbuds with Charging Case IPX7 Waterproof Stereo Sound Earphones Built-in Mic in-Ear Headsets Deep Bass for Sport Running Black,APEKX,Earbud Headphones,Headphones & Earbuds,28108,DEVICE,EARBUD_INEAR,标题主体是完整耳机，后列保护壳/线缆/支架等随附配件（套装不改变主体标签）；判为 DEVICE；形态依据：标题含耳塞/入耳/开放式耳戴设备词，且其主体线索早于头戴式描述。
B09RQLF2JY,ACCESSORY,0.995,NOT_APPLICABLE,0,2,0,1,0,taxonomy_accessory=2;title_accessory=1,"6 Pairs Memory Foam Compatible with Beats Fit Pro Ear Tips Buds, S/M/L 3 Size Replacement Cancel Noise Anti-Slip Fit in Case Comfortable No Silicone Pain Earbuds for Beat Fit Pro - Black",IiEXCEL,Earpads,Earpads,237,ACCESSORY,NOT_APPLICABLE,标题明确为替换耳垫/耳罩，不是可独立使用的完整耳机；细分类目 Earpads 与此一致；判为 ACCESSORY。
B0B8YQCD8N,ACCESSORY,0.995,NOT_APPLICABLE,0,2,1,1,1,taxonomy_accessory=2;title_device=1;title_accessory=1;conflict,"Ear pads for Logitech G Pro, Comfortable & Easy to Install G Pro X Earpads Replacement Parts Compatible with Logitech G Pro/Logitech G Pro X Gaming Headset, Made of Protein Leather Memory Foam (Black)",QKIIP,Earpads,Earpads,4,ACCESSORY,NOT_APPLICABLE,标题明确为替换耳垫/耳罩，不是可独立使用的完整耳机；细分类目 Earpads 与此一致；判为 ACCESSORY。
B08PF94LK5,ACCESSORY,0.995,NOT_APPLICABLE,0,2,0,2,0,taxonomy_accessory=2;title_accessory=2,"for wf-1000xm3 Case, Personalized wf-1000xm3 Leather case with Carabiner, Genuine Leather Protective Case Cover Shockproof for Sony WF-1000xm3 Case Wireless Charging Case (Blank, Brown)",Flow.month,Cases,Cases,120,ACCESSORY,NOT_APPLICABLE,标题明确为保护壳/收纳配件，不是可独立使用的完整耳机；细分类目 Cases 与此一致；判为 ACCESSORY。
B004Q11VGQ,AMBIGUOUS,0.6,NOT_APPLICABLE,0,0,1,0,0,title_device=1,Digital Silence DS101A-White Analog Active Noise Cancelling Ear Buds,Digital Silence,Headphones & Earbuds,Headphones & Earbuds,3,DEVICE,EARBUD_INEAR,标题/型号表明是入耳耳塞、手机单耳蓝牙耳机、运动耳机或随身耳塞系统；判为 DEVICE / EARBUD_INEAR。 原自动标签为 AMBIGUOUS，本次复核后更正。
B00ODDNPNO,AMBIGUOUS,0.6,NOT_APPLICABLE,0,0,1,0,0,title_device=1,Samsung Bluetooth Headset for Android Smartphones - Retail Packaging - Black,SAMSUNG,Headphones & Earbuds,Headphones & Earbuds,1340,DEVICE,EARBUD_INEAR,标题描述可独立使用的完整耳机/耳塞设备，并含连接、声学或供电功能信息；判为 DEVICE；形态依据：标题语义为手机用单耳/免提蓝牙耳机或有线耳麦。 原自动标签为 AMBIGUOUS，本次以商品主体语义和类目复核后更正。
B01AIEFWRS,ACCESSORY,0.98,NOT_APPLICABLE,1,0,0,2,1,taxonomy_device=1;title_accessory=2;conflict,[REYTID] Hard Carry Case for Bowers & Wilkins P5 & P7 Headphones - B&W - Replacement Portable Protective Cover Pouch Bag - Headphones / Earphones,REYTID,"Headphones, Earbuds & Accessories",,3,ACCESSORY,NOT_APPLICABLE,标题明确为保护壳/收纳配件，不是可独立使用的完整耳机；结合标题的兼容/替换关系判定；判为 ACCESSORY。
B07D4HCTBQ,DEVICE,0.995,EARBUD_INEAR,2,0,1,0,0,taxonomy_device=2;title_device=1,[True Wireless] Bakeey T12 TWS Double Bluetooth Earphones Stereo Headphone with Charging Box,Generic,Earbud Headphones,Headphones & Earbuds,2,DEVICE,EARBUD_INEAR,标题描述可独立使用的完整耳机/耳塞设备，细分类目为 Earbud Headphones；判为 DEVICE；形态依据：标题含耳塞/入耳/开放式耳戴设备词，且其主体线索早于头戴式描述。
B018WD760S,DEVICE,0.98,EARBUD_INEAR,2,0,0,0,0,taxonomy_device=2,Myerchin Knife A100 Pro White G10 Handles Offshore System Knife & Spike,IKHISHI,Earbud Headphones,Headphones & Earbuds,3,AMBIGUOUS,NOT_APPLICABLE,needs_review: 标题“Myerchin Knife A100 Pro White G10 Handles Offshore System Knife & Spike”未描述完整耳机或明确耳机配件，且与类目“Earbud Headphones”不一致/信息残缺；保留 AMBIGUOUS，不强行归类。 原自动标签为 DEVICE，本次以商品主体语义和类目复核后更正。
B00Y1Q5D4M,DEVICE,0.985,EARBUD_INEAR,2,0,4,1,1,taxonomy_device=2;title_device=4;title_accessory=1;conflict,"Wireless Earbuds, Bluetooth Earbuds with Microphone, True Wireless Headphones, 3D Stereo Sound Headsets, Sweatproof in-Ear Sport Earphones with Portable Charging Case",Lennox,Earbud Headphones,Headphones & Earbuds,16,DEVICE,EARBUD_INEAR,标题主体是完整耳机，后列保护壳/线缆/支架等随附配件（套装不改变主体标签）；判为 DEVICE；形态依据：标题含耳塞/入耳/开放式耳戴设备词，且其主体线索早于头戴式描述。
B004YKDA2C,AMBIGUOUS,0.5,NOT_APPLICABLE,0,0,0,0,0,insufficient_evidence,"Delta 75481SN In2ition Two-in-One Shower, Satin Nickel",DELTA FAUCET,Headphones & Earbuds,Headphones & Earbuds,9,AMBIGUOUS,NOT_APPLICABLE,"needs_review: 标题“Delta 75481SN In2ition Two-in-One Shower, Satin Nickel”未描述完整耳机或明确耳机配件，且与类目“Headphones & Earbuds”不一致/信息残缺；保留 AMBIGUOUS，不强行归类。"
B07R4BXXRY,DEVICE,0.98,OVER_EAR,2,0,0,0,0,taxonomy_device=2,Sentry Bluetooth® PRO Audio Headphones,Sentry,Over-Ear Headphones,Headphones & Earbuds,9,DEVICE,OVER_EAR,标题描述可独立使用的完整耳机/耳塞设备，细分类目为 Over-Ear Headphones；判为 DEVICE；形态依据：细分类目为 Over-Ear Headphones。
B0B3HBNR2N,AMBIGUOUS,0.6,NOT_APPLICABLE,2,0,2,2,1,taxonomy_device=2;title_device=2;title_accessory=2;conflict,"Bluetooth Earbuds, 99H Playtime Wireless Earbuds with Mics and Charging Case for iPhone Android, Waterproof Running Headphones for Gym Yoga Workout, Hi-Fi Sound Over Ear Buds with Earhooks",fojep,Earbud Headphones,Headphones & Earbuds,52,DEVICE,EARBUD_INEAR,标题主体是完整耳机，后列保护壳/线缆/支架等随附配件（套装不改变主体标签）；判为 DEVICE；形态依据：标题含耳塞/入耳/开放式耳戴设备词，且其主体线索早于头戴式描述。 原自动标签为 AMBIGUOUS，本次以商品主体语义和类目复核后更正。
B00WUF7VUA,DEVICE,0.995,EARBUD_INEAR,2,0,1,0,0,taxonomy_device=2;title_device=1,Lift Audio Micro Series Miniature Noise-Isolating In-Ear Headphones (Pink),Lift Audio,Earbud Headphones,Headphones & Earbuds,17,DEVICE,EARBUD_INEAR,标题描述可独立使用的完整耳机/耳塞设备，细分类目为 Earbud Headphones；判为 DEVICE；形态依据：标题含耳塞/入耳/开放式耳戴设备词，且其主体线索早于头戴式描述。
B00IX307N6,AMBIGUOUS,0.5,NOT_APPLICABLE,0,0,0,0,0,insufficient_evidence,"Apple Certified 4 Foot 30 pin Sync and Data Cable - Compatible with iPhone 4, iPad, iPod - MFi Certified - 10 Year Warranty",iSmooth,Headphones & Earbuds,Headphones & Earbuds,68,ACCESSORY,NOT_APPLICABLE,标题明确为线缆/转接配件，不是可独立使用的完整耳机；结合标题的兼容/替换关系判定；判为 ACCESSORY。 原自动标签为 AMBIGUOUS，本次以商品主体语义和类目复核后更正。
B01KFTE4KM,AMBIGUOUS,0.6,NOT_APPLICABLE,1,0,0,1,1,taxonomy_device=1;title_accessory=1;conflict,M.Way 1.2M Stylish Multifunctional Replacement Upgrade Audio Cable For Sol Republic Master Tracks HD V8 V10 12 X3 Headphone red,M.Way,"Headphones, Earbuds & Accessories",,12,ACCESSORY,NOT_APPLICABLE,标题明确为线缆/转接配件，不是可独立使用的完整耳机；结合标题的兼容/替换关系判定；判为 ACCESSORY。 原自动标签为 AMBIGUOUS，本次以商品主体语义和类目复核后更正。
B07RXFSZKR,DEVICE,0.98,EARBUD_INEAR,2,0,0,0,0,taxonomy_device=2,urBeats3 Headphones with Lightning Connector - Satin Silver - MU9A2LL/A (Renewed),Amazon Renewed,Earbud Headphones,Headphones & Earbuds,431,DEVICE,EARBUD_INEAR,标题描述可独立使用的完整耳机/耳塞设备，细分类目为 Earbud Headphones；判为 DEVICE；形态依据：细分类目为 Earbud Headphones。
B001EZYMF4,DEVICE,0.98,EARBUD_INEAR,2,0,0,0,0,taxonomy_device=2,"Sennheiser CX300 II CX 300 II Precision Enhanced Bass Earbuds, Black (Discontinued by Manufacturer)",Sennheiser,Earbud Headphones,Headphones & Earbuds,12775,DEVICE,EARBUD_INEAR,标题描述可独立使用的完整耳机/耳塞设备，细分类目为 Earbud Headphones；判为 DEVICE；形态依据：标题含耳塞/入耳/开放式耳戴设备词，且其主体线索早于头戴式描述。
B07GQ6JKZ4,ACCESSORY,0.94,NOT_APPLICABLE,0,2,1,0,1,taxonomy_accessory=2;title_device=1;conflict,"Rose Gold Cord organizer, best for In-Ear Headphones, Earbuds, Cord, Wire, Automatic Cord Manager combination, Multifunctional Organizer for protection & carry (Rose Gold)",Alltravel,Cases,Cases,12,ACCESSORY,NOT_APPLICABLE,标题明确为保护壳/收纳配件，不是可独立使用的完整耳机；细分类目 Cases 与此一致；判为 ACCESSORY。
B00EQCVTYE,DEVICE,0.98,EARBUD_INEAR,2,0,0,0,0,taxonomy_device=2,Collegiate Cotton Broadcloth Texas A&M Fabric,Sykel Enterprises,Earbud Headphones,Headphones & Earbuds,3,AMBIGUOUS,NOT_APPLICABLE,needs_review: 标题“Collegiate Cotton Broadcloth Texas A&M Fabric”未描述完整耳机或明确耳机配件，且与类目“Earbud Headphones”不一致/信息残缺；保留 AMBIGUOUS，不强行归类。 原自动标签为 DEVICE，本次以商品主体语义和类目复核后更正。
B0861D7Z1P,DEVICE,0.995,EARBUD_INEAR,2,0,3,0,0,taxonomy_device=2;title_device=3,"Sony WF-XB700 EXTRA BASS True Wireless Earbuds Headset/Headphones with Mic for Phone Call Bluetooth Technology, Black",Sony,Earbud Headphones,Headphones & Earbuds,19715,DEVICE,EARBUD_INEAR,标题描述可独立使用的完整耳机/耳塞设备，细分类目为 Earbud Headphones；判为 DEVICE；形态依据：标题含耳塞/入耳/开放式耳戴设备词，且其主体线索早于头戴式描述。
B0B313HBKW,AMBIGUOUS,0.5,NOT_APPLICABLE,2,0,1,2,1,taxonomy_device=2;title_device=1;title_accessory=2;conflict,Aictoe Wireless Earbuds Bluetooth 5.0 Headphones with 30H Cycle Playtime Built-in Mic IPX6 Waterproof Headsets with Charging Case for in-Ear Buds (Black),Aictoe,Earbud Headphones,Headphones & Earbuds,38,DEVICE,EARBUD_INEAR,标题主体是完整耳机，后列保护壳/线缆/支架等随附配件（套装不改变主体标签）；判为 DEVICE；形态依据：标题含耳塞/入耳/开放式耳戴设备词，且其主体线索早于头戴式描述。 原自动标签为 AMBIGUOUS，本次以商品主体语义和类目复核后更正。
B0CH1BSVDY,AMBIGUOUS,0.6,NOT_APPLICABLE,2,0,1,1,1,taxonomy_device=2;title_device=1;title_accessory=1;conflict,"Wireless Bluetooth Earbuds 120H Playtime Bluetooth 5.3 Ear Buds for Sports, Hi-fi Stereo Earphones with LED Display Charging Case, Headphones for Running/Workout Audifonos Bluetooth inalambricos",Wisezone,Earbud Headphones,Headphones & Earbuds,576,DEVICE,EARBUD_INEAR,标题主体是完整耳机，后列保护壳/线缆/支架等随附配件（套装不改变主体标签）；判为 DEVICE；形态依据：标题含耳塞/入耳/开放式耳戴设备词，且其主体线索早于头戴式描述。 原自动标签为 AMBIGUOUS，本次以商品主体语义和类目复核后更正。
B000GQ0TBS,AMBIGUOUS,0.5,NOT_APPLICABLE,0,0,0,0,0,insufficient_evidence,Novophone Retro Cell Phone Handset,Novophone,Headphones & Earbuds,Headphones & Earbuds,23,ACCESSORY,NOT_APPLICABLE,标题主体是替换件、线缆/收纳件、蓝牙接收件、头盔扬声器套件或手机外接听筒，并非完整耳机；判为 ACCESSORY。 原自动标签为 AMBIGUOUS，本次复核后更正。
B0087TX7HE,DEVICE,0.98,EARBUD_INEAR,2,0,0,0,0,taxonomy_device=2,eBigValue: BLACK Sound Soft Earbud Lightweight Headphones (3.5mm Jack) and Includes an eBigValue Determination Hand Strap,eBigValue,Earbud Headphones,Headphones & Earbuds,2,DEVICE,EARBUD_INEAR,标题描述可独立使用的完整耳机/耳塞设备，细分类目为 Earbud Headphones；判为 DEVICE；形态依据：标题含耳塞/入耳/开放式耳戴设备词，且其主体线索早于头戴式描述。
B09W42HJKL,DEVICE,0.995,OVER_EAR,2,0,1,0,0,taxonomy_device=2;title_device=1,"TUINYO Bluetooth Headphones, Over Ear Stereo Wireless Headset 40H Playtime with Deep Bass,Soft Memory-Protein Earmuffs,Built-in Mic Wired Mode PC/Cell Phones-Black red",TUINYO,Over-Ear Headphones,Headphones & Earbuds,18371,DEVICE,OVER_EAR,标题描述可独立使用的完整耳机/耳塞设备，细分类目为 Over-Ear Headphones；判为 DEVICE；形态依据：标题明确为 over-ear/around-ear/full-size，且该形态是最先出现的主体描述。
B088KNRJ8L,ACCESSORY,0.98,NOT_APPLICABLE,0,2,0,0,0,taxonomy_accessory=2,"Belkin F8V234 Speaker and Headphone 3.5 mm AUX Audio Cable Splitter,Black",Belkin,Adapters,Adapters,12061,ACCESSORY,NOT_APPLICABLE,标题明确为线缆/转接配件，不是可独立使用的完整耳机；细分类目 Adapters 与此一致；判为 ACCESSORY。
B002W8JYW8,AMBIGUOUS,0.6,NOT_APPLICABLE,1,0,0,0,0,taxonomy_device=1,"Califone KIDSPACK Kids Computer Peripheral Package; Includes KB1 Kids Keyboard, 2800-RD Listening First Headphone and KM100 Mouse",Califone,"Headphones, Earbuds & Accessories",,9,DEVICE,OVER_EAR,标题描述可独立使用的完整耳机/耳塞设备，并含连接、声学或供电功能信息；判为 DEVICE；形态依据：标题语义为带耳罩的游戏/办公/监听头戴式耳机。 原自动标签为 AMBIGUOUS，本次以商品主体语义和类目复核后更正。
B0BNX56J8M,AMBIGUOUS,0.5,NOT_APPLICABLE,2,0,1,2,1,taxonomy_device=2;title_device=1;title_accessory=2;conflict,"Wireless Earbuds,Bluetooth 5.3 Headphones 50H Playtime LED Power Display Earphone Stereo Sound Deep Bass Crystal-Clear Calls Headset with Charging Case for Workout/Home/Office/Gym,Asnrc Ear Buds,Black",Asnrc,Earbud Headphones,Headphones & Earbuds,26,DEVICE,EARBUD_INEAR,标题主体是完整耳机，后列保护壳/线缆/支架等随附配件（套装不改变主体标签）；判为 DEVICE；形态依据：标题含耳塞/入耳/开放式耳戴设备词，且其主体线索早于头戴式描述。 原自动标签为 AMBIGUOUS，本次以商品主体语义和类目复核后更正。
B08G8DT219,DEVICE,0.955,EARBUD_INEAR,2,0,2,1,1,taxonomy_device=2;title_device=2;title_accessory=1;conflict,"CCA CX10 True Wireless Earbuds Bluetooth,TWS 1DD+4BA Headphones Touch Control with Charging Case in Ear Headsets IPX7 Waterproof TWS Stereo Earphones, HiFi Stereo Sound for Sports (Black) …",H HIFIHEAR,Earbud Headphones,Headphones & Earbuds,26,DEVICE,EARBUD_INEAR,标题主体是完整耳机，后列保护壳/线缆/支架等随附配件（套装不改变主体标签）；判为 DEVICE；形态依据：标题含耳塞/入耳/开放式耳戴设备词，且其主体线索早于头戴式描述。
B08R3C97CZ,ACCESSORY,0.98,NOT_APPLICABLE,0,2,0,0,0,taxonomy_accessory=2,"USB C to 3.5mm Headphone Jack Adapter,USB Type C to 3.5mm Aux Audio Dongle Cable,Built-in DAC Chip,Compatible with Google,Samsung, Pro Huawei One Plus (Red)",Wlevzzor,Adapters,Adapters,758,ACCESSORY,NOT_APPLICABLE,标题明确为线缆/转接配件，不是可独立使用的完整耳机；细分类目 Adapters 与此一致；判为 ACCESSORY。
B081KZYD7L,ACCESSORY,0.98,NOT_APPLICABLE,0,2,0,0,0,taxonomy_accessory=2,Kekilo AirPods Pro Case Full Protective Silicone Cover Accessories with Keychain Compatible for Apple AirPods Pro Wirless Charing Case-Olive Green,Kekilo,Cases,Cases,27,ACCESSORY,NOT_APPLICABLE,标题明确为保护壳/收纳配件，不是可独立使用的完整耳机；细分类目 Cases 与此一致；判为 ACCESSORY。
B07DJ3FGZ1,AMBIGUOUS,0.6,NOT_APPLICABLE,2,0,0,1,1,taxonomy_device=2;title_accessory=1;conflict,2-Pack Premium Earphones/Earbuds/Headphones with Stereo Mic&Remote Control for Galaxy S7/S7 Edge and More Android Smartphones Compatible with 3.5 mm Headphone White,Generic,Earbud Headphones,Headphones & Earbuds,97,DEVICE,EARBUD_INEAR,标题描述可独立使用的完整耳机/耳塞设备，细分类目为 Earbud Headphones；判为 DEVICE；形态依据：标题含耳塞/入耳/开放式耳戴设备词，且其主体线索早于头戴式描述。 原自动标签为 AMBIGUOUS，本次以商品主体语义和类目复核后更正。
B0C9HMD91B,AMBIGUOUS,0.6,NOT_APPLICABLE,2,0,1,1,1,taxonomy_device=2;title_device=1;title_accessory=1;conflict,"Open Ear Headphones Bluetooth 5.3 Wireless Earbuds with 800mAh Charging Case, Superior Stereo Sound Ear Buds with HD Mic for iPhone & Android, IPX6 Waterproof Open Wearable Stereo Earphones for Sports",GONEJALL,Earbud Headphones,Headphones & Earbuds,31,DEVICE,EARBUD_INEAR,标题主体是完整耳机，后列保护壳/线缆/支架等随附配件（套装不改变主体标签）；判为 DEVICE；形态依据：标题含耳塞/入耳/开放式耳戴设备词，且其主体线索早于头戴式描述。 原自动标签为 AMBIGUOUS，本次以商品主体语义和类目复核后更正。
B08K2S5B88,DEVICE,0.995,OVER_EAR,2,0,1,0,0,taxonomy_device=2;title_device=1,"ZIHNIC Bluetooth Headphones Over-Ear, Foldable Wireless and Wired Stereo Headset Micro SD/TF, FM for Cell Phone,PC,Soft Earmuffs &Light Weight for Prolonged Wearing(Black/Green)",ZIHNIC,Over-Ear Headphones,Headphones & Earbuds,73753,DEVICE,OVER_EAR,标题描述可独立使用的完整耳机/耳塞设备，细分类目为 Over-Ear Headphones；判为 DEVICE；形态依据：标题明确为 over-ear/around-ear/full-size，且该形态是最先出现的主体描述。
B08PJT2GY2,DEVICE,0.955,EARBUD_INEAR,2,0,2,1,1,taxonomy_device=2;title_device=2;title_accessory=1;conflict,"SAMSUNG Galaxy Watch Active 2 (40mm, GPS, Bluetooth), Aqua Black (US Version) with Galaxy Buds True Wireless Earbuds (Wireless Charging Case Included), Black – US Version",SAMSUNG,Earbud Headphones,Headphones & Earbuds,50,DEVICE,EARBUD_INEAR,标题描述可独立使用的完整耳机/耳塞设备，细分类目为 Earbud Headphones；判为 DEVICE；形态依据：标题含耳塞/入耳/开放式耳戴设备词，且其主体线索早于头戴式描述。
B07CGN7B87,DEVICE,0.98,ON_EAR,2,0,0,0,0,taxonomy_device=2,CityDreamShop Souvenir Lapel Pin for Various Occasion (Chicago),Ammsia,On-Ear Headphones,Headphones & Earbuds,3,AMBIGUOUS,NOT_APPLICABLE,needs_review: 标题“CityDreamShop Souvenir Lapel Pin for Various Occasion (Chicago)”未描述完整耳机或明确耳机配件，且与类目“On-Ear Headphones”不一致/信息残缺；保留 AMBIGUOUS，不强行归类。 原自动标签为 DEVICE，本次以商品主体语义和类目复核后更正。
B003ZZITPK,DEVICE,0.985,EARBUD_INEAR,2,0,4,1,1,taxonomy_device=2;title_device=4;title_accessory=1;conflict,"Wireless Earbuds, Bluetooth Earbuds with Microphone, True Wireless Headphones, 3D Stereo Sound Headsets, Sweatproof in-Ear Sport Earphones with Portable Charging Case",Lennox,Earbud Headphones,Headphones & Earbuds,16,DEVICE,EARBUD_INEAR,标题主体是完整耳机，后列保护壳/线缆/支架等随附配件（套装不改变主体标签）；判为 DEVICE；形态依据：标题含耳塞/入耳/开放式耳戴设备词，且其主体线索早于头戴式描述。
B005433INO,DEVICE,0.98,ON_EAR,2,0,0,0,0,taxonomy_device=2,Skullcandy Uprock (Blue) (Discontinued by Manufacturer),Skullcandy,On-Ear Headphones,Headphones & Earbuds,535,DEVICE,ON_EAR,标题中的便携/折叠/儿童/头带式线索或核验到的厂商规格表明耳垫压在耳廓上；判为 DEVICE / ON_EAR。
B0B8Y6PCHV,ACCESSORY,0.995,NOT_APPLICABLE,0,2,1,2,1,taxonomy_accessory=2;title_device=1;title_accessory=2;conflict,"Zotech Replacement Earpads for Sony MDR 7506 Earpads Cushions, Noise Isolation Over Ear Headphone Pads Fit for Sony MDR V6/ MDR V7/ MDR-CD900ST Protein Leather & Memory Foam",Zotech,Earpads,Earpads,1,ACCESSORY,NOT_APPLICABLE,标题明确为替换耳垫/耳罩，不是可独立使用的完整耳机；细分类目 Earpads 与此一致；判为 ACCESSORY。
B08HSYXLQN,ACCESSORY,0.995,NOT_APPLICABLE,0,2,0,2,0,taxonomy_accessory=2;title_accessory=2,"Simple Plus+ Case for AirPods, Protective Dustproof Soft TPU AirPods Case Cover, Shockproof and Waterproof Case Cover with Keychain, Compatible with Apple AirPod 2 and 1, Front LED Visible（Sunflower）",Simple Plus+,Cases,Cases,114,ACCESSORY,NOT_APPLICABLE,标题明确为保护壳/收纳配件，不是可独立使用的完整耳机；细分类目 Cases 与此一致；判为 ACCESSORY。
B0C85M22Z6,DEVICE,0.995,EARBUD_INEAR,2,0,2,0,0,taxonomy_device=2;title_device=2,"Wireless Earbuds, Bluetooth 5.3 Headphones in Ear with Noise Cancelling Mic, Bluetooth Earbuds Stereo Bass, IP7 Waterproof Sports Earphones, 32H Playtime USB C Charging Ear Buds Purple for Android iOS",Jxrev,Earbud Headphones,Headphones & Earbuds,17072,DEVICE,EARBUD_INEAR,标题描述可独立使用的完整耳机/耳塞设备，细分类目为 Earbud Headphones；判为 DEVICE；形态依据：标题含耳塞/入耳/开放式耳戴设备词，且其主体线索早于头戴式描述。
B07PN138G1,AMBIGUOUS,0.6,NOT_APPLICABLE,2,0,1,1,1,taxonomy_device=2;title_device=1;title_accessory=1;conflict,"Bluetooth Earbud,ownta Wireless Headphones with Light Charging Case Headset Single Earbud Compatible Smartphone/iPhone 6 7 8 Plus X/iPad Samsung Android B015",ownta,Earbud Headphones,Headphones & Earbuds,43,DEVICE,EARBUD_INEAR,标题主体是完整耳机，后列保护壳/线缆/支架等随附配件（套装不改变主体标签）；判为 DEVICE；形态依据：标题含耳塞/入耳/开放式耳戴设备词，且其主体线索早于头戴式描述。 原自动标签为 AMBIGUOUS，本次以商品主体语义和类目复核后更正。
B08GKR1TKZ,DEVICE,0.985,EARBUD_INEAR,2,0,3,1,1,taxonomy_device=2;title_device=3;title_accessory=1;conflict,"Twixitech G9 PRO True Wireless Earbuds, 5.0 Bluetooth Headphones with Dual Microphone-Charging Case Long Lasting 8-Hour Play, CVC8.0 Noise Reduction, IPX7 Waterproof, Powerful Bass-USB-C Fast Charging",TWIXITECH,Earbud Headphones,Headphones & Earbuds,42,DEVICE,EARBUD_INEAR,标题主体是完整耳机，后列保护壳/线缆/支架等随附配件（套装不改变主体标签）；判为 DEVICE；形态依据：标题含耳塞/入耳/开放式耳戴设备词，且其主体线索早于头戴式描述。
B07P9TGYWJ,AMBIGUOUS,0.6,NOT_APPLICABLE,1,0,0,0,0,taxonomy_device=1,"AfterShokz Trekz Titanium Open Ear Wireless Bone Conduction Headphones, Slate Grey, (AS600SG) (Renewed)",Amazon Renewed,Open-Ear Headphones,Headphones & Earbuds,24,DEVICE,EARBUD_INEAR,标题描述可独立使用的完整耳机/耳塞设备，细分类目为 Open-Ear Headphones；判为 DEVICE；形态依据：标题含耳塞/入耳/开放式耳戴设备词，且其主体线索早于头戴式描述。 原自动标签为 AMBIGUOUS，本次以商品主体语义和类目复核后更正。
B087Z9K2B4,ACCESSORY,0.995,NOT_APPLICABLE,0,2,1,1,1,taxonomy_accessory=2;title_device=1;title_accessory=1;conflict,Funny Soft Case for AirPod Pro with for Charging Wireless Bluetooth Headphones (White),AmyCase,Cases,Cases,11,ACCESSORY,NOT_APPLICABLE,标题明确为保护壳/收纳配件，不是可独立使用的完整耳机；细分类目 Cases 与此一致；判为 ACCESSORY。
B0B6PH767S,DEVICE,0.995,EARBUD_INEAR,2,0,1,0,0,taxonomy_device=2;title_device=1,"CCA LYRA Extra Bass Dynamic Diver HiFi in-Ear Headphones/Earphones/Earbuds, Detachable Wired in-Ear Monitor Headset for Audiphile Music/Game (with Mic, Transparent)",erjigo,Earbud Headphones,Headphones & Earbuds,2,DEVICE,EARBUD_INEAR,标题描述可独立使用的完整耳机/耳塞设备，细分类目为 Earbud Headphones；判为 DEVICE；形态依据：标题含耳塞/入耳/开放式耳戴设备词，且其主体线索早于头戴式描述。
B0811TSQ2W,ACCESSORY,0.995,NOT_APPLICABLE,0,2,0,2,0,taxonomy_accessory=2;title_accessory=2,"LOZA for AirPods Pro Case Protective Cover,Full Protective Anti- Scratch Headphone Case for AirPods Pro 2019,Soft Silicone Visible Front LED Skin Cover Case Compatible for Apple AirPods Pro (Gray)",LOZA,Cases,Cases,51,ACCESSORY,NOT_APPLICABLE,标题明确为保护壳/收纳配件，不是可独立使用的完整耳机；细分类目 Cases 与此一致；判为 ACCESSORY。
B0BXM18YDP,DEVICE,0.955,EARBUD_INEAR,2,0,2,1,1,taxonomy_device=2;title_device=2;title_accessory=1;conflict,"Skullcandy Sesh Evo True Wireless In-Ear Bluetooth Earbuds Compatible with iPhone and Android / Charging Case and Microphone / Great for Gym, Sports, and Gaming IP55 Water Dust Resistant - Black",Skullcandy,Earbud Headphones,Headphones & Earbuds,51135,DEVICE,EARBUD_INEAR,标题主体是完整耳机，后列保护壳/线缆/支架等随附配件（套装不改变主体标签）；判为 DEVICE；形态依据：标题含耳塞/入耳/开放式耳戴设备词，且其主体线索早于头戴式描述。
B08TTRQTKN,AMBIGUOUS,0.6,NOT_APPLICABLE,2,0,0,1,1,taxonomy_device=2;title_accessory=1;conflict,"Earbuds Replacement for Kindle Fire,Earphone Replacement for Kindle eReaders,Fire HD 8 HD 10,Compatible with Kindle Voyage Oasis Earbuds,Compatible with Xperia in Ear Headset Android Cell Phones Wired",Accessonico,Earbud Headphones,Headphones & Earbuds,239,DEVICE,EARBUD_INEAR,标题描述可独立使用的完整耳机/耳塞设备，细分类目为 Earbud Headphones；判为 DEVICE；形态依据：标题含耳塞/入耳/开放式耳戴设备词，且其主体线索早于头戴式描述。 原自动标签为 AMBIGUOUS，本次以商品主体语义和类目复核后更正。
B0B6W264NB,AMBIGUOUS,0.6,NOT_APPLICABLE,1,0,0,0,0,taxonomy_device=1,"Bone Conduction Headphones, Wireless Headphones Open-Ear Headphones Bluetooth 5.1 Headphones for Music&Travel&Sports",N\A,Open-Ear Headphones,Headphones & Earbuds,2,DEVICE,EARBUD_INEAR,标题描述可独立使用的完整耳机/耳塞设备，细分类目为 Open-Ear Headphones；判为 DEVICE；形态依据：标题含耳塞/入耳/开放式耳戴设备词，且其主体线索早于头戴式描述。 原自动标签为 AMBIGUOUS，本次以商品主体语义和类目复核后更正。
B08BHPX5BR,ACCESSORY,0.995,NOT_APPLICABLE,0,2,0,2,0,taxonomy_accessory=2;title_accessory=2,"Laffav AirPods Case Silicone Protective Cover (Front LED Visible) for Women Men Compatible with Apple AirPods 2 & 1 , 2 Pack, Blue Gray and Navy Blue",Laffav,Cases,Cases,12137,ACCESSORY,NOT_APPLICABLE,标题明确为保护壳/收纳配件，不是可独立使用的完整耳机；细分类目 Cases 与此一致；判为 ACCESSORY。
B0081YNICO,DEVICE,0.98,EARBUD_INEAR,2,0,0,0,0,taxonomy_device=2,JVC HAFX1X Headphone Xtreme-Xplosivs,JVC,Earbud Headphones,Headphones & Earbuds,11939,DEVICE,EARBUD_INEAR,标题描述可独立使用的完整耳机/耳塞设备，细分类目为 Earbud Headphones；判为 DEVICE；形态依据：细分类目为 Earbud Headphones。
B074ZYJWPV,ACCESSORY,0.995,NOT_APPLICABLE,0,2,0,1,0,taxonomy_accessory=2;title_accessory=1,"20 Piece (10 Pairs) Ear Hooks Silicone Tips Covers Accessories Compatible With Apple Airpods & Earpods Headphones Earphone Earbuds, One Size Fits All (White)",Tiehnom,Earpads,Earpads,79,ACCESSORY,NOT_APPLICABLE,标题明确为替换耳垫/耳罩，不是可独立使用的完整耳机；细分类目 Earpads 与此一致；判为 ACCESSORY。
B00Q2FTQJI,DEVICE,0.98,EARBUD_INEAR,2,0,0,0,0,taxonomy_device=2,Pink Color 3.5mm Audio Earphone Headphones Headset Earbuds Volume Control With Microphone Hands Free For LG G3 Vigor,NM,Earbud Headphones,Headphones & Earbuds,4,DEVICE,EARBUD_INEAR,标题主体是完整耳机，后列保护壳/线缆/支架等随附配件（套装不改变主体标签）；判为 DEVICE；形态依据：标题含耳塞/入耳/开放式耳戴设备词，且其主体线索早于头戴式描述。
B09TFM1SFQ,DEVICE,0.985,EARBUD_INEAR,2,0,4,1,1,taxonomy_device=2;title_device=4;title_accessory=1;conflict,"pamu Wireless Earbuds Active Noise Cancelling Earbuds Bluetooth Headphones 5.2 with Charging case, ANC Earphones with Built-in Mic,ENC Call Noise Reduction Headset,Smart Touch,Deep Bass TWS Black",pamu,Earbud Headphones,Headphones & Earbuds,115,DEVICE,EARBUD_INEAR,标题主体是完整耳机，后列保护壳/线缆/支架等随附配件（套装不改变主体标签）；判为 DEVICE；形态依据：标题含耳塞/入耳/开放式耳戴设备词，且其主体线索早于头戴式描述。
B09MNG5JKY,DEVICE,0.995,EARBUD_INEAR,2,0,1,0,0,taxonomy_device=2;title_device=1,Glumes 3.5mm In-Ear Wired Earphones Super Bass Wired Earbuds with Microphone Headphones HiFi Stereo Noise Isolating Ergonomic Sport Earphones Compatible with Smartphones (Black),Glumes,Earbud Headphones,Headphones & Earbuds,1,DEVICE,EARBUD_INEAR,标题主体是完整耳机，后列保护壳/线缆/支架等随附配件（套装不改变主体标签）；判为 DEVICE；形态依据：标题含耳塞/入耳/开放式耳戴设备词，且其主体线索早于头戴式描述。
B097T9KD78,DEVICE,0.955,EARBUD_INEAR,2,0,2,1,1,taxonomy_device=2;title_device=2;title_accessory=1;conflict,"Wireless Earbuds,TWS Bluetooth Headphones Stereo Sound Earphones Wireless Earbuds with Charging Case Noise Cancelling IPX6 Waterproof Bluetooth Earphones with Mic Touch Control LED Display (White)",BAIBAO,Earbud Headphones,Headphones & Earbuds,190,DEVICE,EARBUD_INEAR,标题主体是完整耳机，后列保护壳/线缆/支架等随附配件（套装不改变主体标签）；判为 DEVICE；形态依据：标题含耳塞/入耳/开放式耳戴设备词，且其主体线索早于头戴式描述。
B0814LJYJ2,ACCESSORY,0.995,NOT_APPLICABLE,0,2,0,3,0,taxonomy_accessory=2;title_accessory=3,"Miracase Upgrade Cover for Airpods Pro Case, Triple Layer Protective Liquid Silicone Case for AirPods Pro Charging Case, 2019 Release LED Visible Shockproof Soft Skin Friendly Silicone Case (Green)",Miracase,Cases,Cases,14515,ACCESSORY,NOT_APPLICABLE,标题明确为保护壳/收纳配件，不是可独立使用的完整耳机；细分类目 Cases 与此一致；判为 ACCESSORY。
B01N2HTY98,ACCESSORY,0.98,NOT_APPLICABLE,0,2,0,0,0,taxonomy_accessory=2,"Perfect Bar - Maple Almond - 2.3 oz, Case of 8",IKHISHI,Adapters,Adapters,9,ACCESSORY,NOT_APPLICABLE,标题明确为保护壳/收纳配件，不是可独立使用的完整耳机；细分类目 Adapters 与此一致；判为 ACCESSORY。
B07QBP3MDP,DEVICE,0.995,EARBUD_INEAR,2,0,1,0,0,taxonomy_device=2;title_device=1,Xawy Earbuds 3.5MM Metal in-Ear Wired Headphones Noise Cancelling Earbuds for Phone/Galaxy S9/S8/Note8/Android with Mic Hands-Free Earphones,WSCSR,Earbud Headphones,Headphones & Earbuds,12,DEVICE,EARBUD_INEAR,标题描述可独立使用的完整耳机/耳塞设备，细分类目为 Earbud Headphones；判为 DEVICE；形态依据：标题含耳塞/入耳/开放式耳戴设备词，且其主体线索早于头戴式描述。
B09BVMCP8G,ACCESSORY,0.995,NOT_APPLICABLE,0,2,0,1,0,taxonomy_accessory=2;title_accessory=1,"KAKUYI (Luminous Skull) for Airpods 1/2 Case Cover Soft Silicone, 3D Cute Cartoon Animal Character Kawaii Fashion Cover Funny Protective Case, Anime Design with Keychain for Kids Teens Boys Girls",KAKUYI,Cases,Cases,220,ACCESSORY,NOT_APPLICABLE,标题明确为保护壳/收纳配件，不是可独立使用的完整耳机；细分类目 Cases 与此一致；判为 ACCESSORY。
B09K386DJ9,AMBIGUOUS,0.6,NOT_APPLICABLE,2,0,1,1,1,taxonomy_device=2;title_device=1;title_accessory=1;conflict,"VOSON True Wireless Stereo Earbuds for Sport, Bluetooth in-Ear Running Headphone Deep Bass with Charging Case Type-C Port Built-in Microphone IPX5 Waterproof 36H Playback for Workout Exercise",VOSON,Earbud Headphones,Headphones & Earbuds,34,DEVICE,EARBUD_INEAR,标题主体是完整耳机，后列保护壳/线缆/支架等随附配件（套装不改变主体标签）；判为 DEVICE；形态依据：标题含耳塞/入耳/开放式耳戴设备词，且其主体线索早于头戴式描述。 原自动标签为 AMBIGUOUS，本次以商品主体语义和类目复核后更正。
B08KDDPK6Q,DEVICE,0.955,EARBUD_INEAR,2,0,2,1,1,taxonomy_device=2;title_device=2;title_accessory=1;conflict,"HEYKING Wireless Earbuds, Bluetooth 5.0 in Ear Headphones Wireless Charging Case TWS Earphones with Mic, Deep Bass/IPX4 Waterproof/42H Playtime/Touch Control,Black",HEYKING,Earbud Headphones,Headphones & Earbuds,7,DEVICE,EARBUD_INEAR,标题描述可独立使用的完整耳机/耳塞设备，细分类目为 Earbud Headphones；判为 DEVICE；形态依据：标题含耳塞/入耳/开放式耳戴设备词，且其主体线索早于头戴式描述。
B09VGSF859,ACCESSORY,0.995,NOT_APPLICABLE,0,2,1,1,1,taxonomy_accessory=2;title_device=1;title_accessory=1;conflict,"JARMOR Replacement Memory Foam & Protein Leather Ear Cushion Pads Cover for Razer Kraken X, Kraken X Ultralight, Kraken X Lite Over-Ear Headphones ONLY - Oval ( Pink )",Jarmor,Earpads,Earpads,1,ACCESSORY,NOT_APPLICABLE,标题明确为替换耳垫/耳罩，不是可独立使用的完整耳机；细分类目 Earpads 与此一致；判为 ACCESSORY。
B07N759FCZ,DEVICE,0.995,EARBUD_INEAR,2,0,1,0,0,taxonomy_device=2;title_device=1,Ectreme Earbuds Ear Buds in Ear Headphones Wired Earphones with Microphone Mic Stereo and Volume Control Waterproof Wired Earphone J01,Ectreme,Earbud Headphones,Headphones & Earbuds,13,DEVICE,EARBUD_INEAR,标题主体是完整耳机，后列保护壳/线缆/支架等随附配件（套装不改变主体标签）；判为 DEVICE；形态依据：标题含耳塞/入耳/开放式耳戴设备词，且其主体线索早于头戴式描述。
B00IDR8KRW,AMBIGUOUS,0.5,NOT_APPLICABLE,0,0,0,0,0,insufficient_evidence,White Stereo Headset Earphones with Remote and Mic Microphone for iPad 3 2 iPhone 3/3S 4/4S,everbrightUSA,Headphones & Earbuds,Headphones & Earbuds,1,DEVICE,EARBUD_INEAR,标题主体是完整耳机，后列保护壳/线缆/支架等随附配件（套装不改变主体标签）；判为 DEVICE；形态依据：标题含耳塞/耳机式耳戴设备词，未出现相冲突的头戴形态描述。 原自动标签为 AMBIGUOUS，本次以商品主体语义和类目复核后更正。
B09BNVYY7C,DEVICE,0.955,EARBUD_INEAR,2,0,2,1,1,taxonomy_device=2;title_device=2;title_accessory=1;conflict,"OnePlus Buds Z - True Wireless in-Ear Earbuds with Charging Case, White – Fast Charging, Deep Bass, Comfortable and Lightweight, IP55 (Renewed)",Amazon Renewed,Earbud Headphones,Headphones & Earbuds,16,DEVICE,EARBUD_INEAR,标题主体是完整耳机，后列保护壳/线缆/支架等随附配件（套装不改变主体标签）；判为 DEVICE；形态依据：标题含耳塞/入耳/开放式耳戴设备词，且其主体线索早于头戴式描述。
B07LH21GR2,DEVICE,0.995,OVER_EAR,2,0,1,0,0,taxonomy_device=2;title_device=1,"PowerLocus P3 Wireless Bluetooth Headphones Over-Ear, [40h Playtime, Bluetooth 5.0] Foldable Stereo Wireless/Wired Headphone Over Ear with Mic Deep Bass Headset for iOS/Android/Laptop/PC/TV - White",PowerLocus,Over-Ear Headphones,Headphones & Earbuds,11216,DEVICE,OVER_EAR,标题描述可独立使用的完整耳机/耳塞设备，细分类目为 Over-Ear Headphones；判为 DEVICE；形态依据：标题明确为 over-ear/around-ear/full-size，且该形态是最先出现的主体描述。
B0078JSD1E,AMBIGUOUS,0.5,NOT_APPLICABLE,0,0,0,0,0,insufficient_evidence,Altec Lansing MZX236MICMW Bliss Headphones - Blue,Altec Lansing,Headphones & Earbuds,Headphones & Earbuds,14,DEVICE,EARBUD_INEAR,标题/型号表明是入耳耳塞、手机单耳蓝牙耳机、运动耳机或随身耳塞系统；判为 DEVICE / EARBUD_INEAR。 核验来源：https://www.bestbuy.com/site/altec-lansing-llc-bliss-silver-earset-rose-white/5516347.p?skuId=5516347 原自动标签为 AMBIGUOUS，本次复核后更正。
B08CR1MSCD,ACCESSORY,0.995,NOT_APPLICABLE,0,2,0,1,0,taxonomy_accessory=2;title_accessory=1,"CTYBB for Airpod Case, Silicone Airpods Case Cover with Fur Ball Keychain Compatible with Apple Airpods 2/1 (Front LED Visible) Apricot Red.",CTYBB,Cases,Cases,24855,ACCESSORY,NOT_APPLICABLE,标题明确为保护壳/收纳配件，不是可独立使用的完整耳机；细分类目 Cases 与此一致；判为 ACCESSORY。
B08TQVJP44,ACCESSORY,0.995,NOT_APPLICABLE,0,2,0,3,0,taxonomy_accessory=2;title_accessory=3,"Hard Cover Case with Design Compatible for Airpods Pro, Gninatgo Luxury PU Protective Cover Case for Air Pods 3 Charging Case, Portable & Shockproof Case Skin Cover with Keychain (Brown)",Gninatgo,Cases,Cases,7,ACCESSORY,NOT_APPLICABLE,标题明确为保护壳/收纳配件，不是可独立使用的完整耳机；细分类目 Cases 与此一致；判为 ACCESSORY。
B00MFHNGHU,AMBIGUOUS,0.5,NOT_APPLICABLE,0,0,0,0,0,insufficient_evidence,"Adidas Sport Response by Monster Earbuds, Olive Green (Discontinued by Manufacturer)",Monster,Headphones & Earbuds,Headphones & Earbuds,70,DEVICE,EARBUD_INEAR,标题描述可独立使用的完整耳机/耳塞设备，并含连接、声学或供电功能信息；判为 DEVICE；形态依据：标题含耳塞/入耳/开放式耳戴设备词，且其主体线索早于头戴式描述。 原自动标签为 AMBIGUOUS，本次以商品主体语义和类目复核后更正。
B07MC75D6D,ACCESSORY,0.995,NOT_APPLICABLE,0,2,0,1,0,taxonomy_accessory=2;title_accessory=1,"Airpods Case, Music tracker Protective Thicken Airpods Cover Soft Silicone Chargeable Headphone Case with Anti-Lost Carabiner for Apple Airpods 1&2 Charging Case (Pink)",Music tracker,Cases,Cases,20806,ACCESSORY,NOT_APPLICABLE,标题明确为保护壳/收纳配件，不是可独立使用的完整耳机；细分类目 Cases 与此一致；判为 ACCESSORY。
B0B1T59VHW,DEVICE,0.995,EARBUD_INEAR,2,0,2,0,0,taxonomy_device=2;title_device=2,"Wireless Earbud, Bluetooth 5.2 Headphones with ENC HD Mic, Bluetooth Earphones with Deep Bass, Bluetooth Earbud in Ear Noise Cancelling, 40H Wireless Headphones IP7 Ear Buds, White[2022 Upgrade]",Ddidbi,Earbud Headphones,Headphones & Earbuds,11300,DEVICE,EARBUD_INEAR,标题描述可独立使用的完整耳机/耳塞设备，细分类目为 Earbud Headphones；判为 DEVICE；形态依据：标题含耳塞/入耳/开放式耳戴设备词，且其主体线索早于头戴式描述。
B00HDZ5GBS,AMBIGUOUS,0.6,NOT_APPLICABLE,1,0,0,1,1,taxonomy_device=1;title_accessory=1;conflict,"CARDAS AUDIO CLEAR Audiophile Headphone Cable for HIFIMAN HE500 HE400 HE300 HE6 HE4 HE5 - 9ft (2.8m) cord with 1/4"" Plug",Cardas,"Headphones, Earbuds & Accessories",,1,ACCESSORY,NOT_APPLICABLE,标题明确为线缆/转接配件，不是可独立使用的完整耳机；结合标题的兼容/替换关系判定；判为 ACCESSORY。 原自动标签为 AMBIGUOUS，本次以商品主体语义和类目复核后更正。
B08LD4W3PS,AMBIGUOUS,0.6,NOT_APPLICABLE,1,0,1,1,1,taxonomy_device=1;title_device=1;title_accessory=1;conflict,RGB Headphone Stand with USB Charger KAFRI Desk Gaming Headset Holder Hanger Rack with 2 USB Charging Ports and 2 Outlet - Suitable for Gamer Desktop Table Game Earphone Accessories Boyfriend Gift,KAFRI,"Headphones, Earbuds & Accessories",,346,ACCESSORY,NOT_APPLICABLE,标题明确为支架/挂架，不是可独立使用的完整耳机；结合标题的兼容/替换关系判定；判为 ACCESSORY。 原自动标签为 AMBIGUOUS，本次以商品主体语义和类目复核后更正。
B09NNGHT9R,ACCESSORY,0.995,NOT_APPLICABLE,0,2,1,2,1,taxonomy_accessory=2;title_device=1;title_accessory=2;conflict,VEKEFF Replacement Ear Pads Cushion for Mpow H5 Noise Cancelling Headphones,VEKEFF,Earpads,Earpads,6,ACCESSORY,NOT_APPLICABLE,标题明确为替换耳垫/耳罩，不是可独立使用的完整耳机；细分类目 Earpads 与此一致；判为 ACCESSORY。
B018802NUS,DEVICE,0.98,EARBUD_INEAR,2,0,0,0,0,taxonomy_device=2,"White in-Ear Retractable Stereo Headset with Mic for Samsung Galaxy Tab S 10.5, 8.4 - Galaxy Tab A, Tab S2 8.0, 9.7 - Galaxy Tab 4 7.0, 8.0, 10.1 SM-T530 - Tab PRO 10.1 SM-T520",DNRPrime,Earbud Headphones,Headphones & Earbuds,1,DEVICE,EARBUD_INEAR,标题描述可独立使用的完整耳机/耳塞设备，细分类目为 Earbud Headphones；判为 DEVICE；形态依据：标题含耳塞/入耳/开放式耳戴设备词，且其主体线索早于头戴式描述。
B00UZLEVRC,AMBIGUOUS,0.5,NOT_APPLICABLE,0,0,0,0,0,insufficient_evidence,TOUGH TESTED Noise-Isolating Wired Headset - Retail Packaging,ToughTested,Headphones & Earbuds,Headphones & Earbuds,70,DEVICE,EARBUD_INEAR,标题/型号表明是入耳耳塞、手机单耳蓝牙耳机、运动耳机或随身耳塞系统；判为 DEVICE / EARBUD_INEAR。 原自动标签为 AMBIGUOUS，本次复核后更正。
B0B75WJ2VX,DEVICE,0.955,EARBUD_INEAR,2,0,2,1,1,taxonomy_device=2;title_device=2;title_accessory=1;conflict,"Altec Lansing NanoBuds True Wireless Earbuds with Charging Case, IPX4 Waterproof, Dual Mic, 30 Hours Playtime – Sports in Ear Earphones for iPhone & Android (ICY Blue) (Renewed)",Amazon Renewed,Earbud Headphones,Headphones & Earbuds,15,DEVICE,EARBUD_INEAR,标题主体是完整耳机，后列保护壳/线缆/支架等随附配件（套装不改变主体标签）；判为 DEVICE；形态依据：标题含耳塞/入耳/开放式耳戴设备词，且其主体线索早于头戴式描述。
B00F9PXNCS,AMBIGUOUS,0.5,NOT_APPLICABLE,0,0,0,0,0,insufficient_evidence,"TIRIO Paul v&m uw World Blow Gives, Glitter Jim",Plantronics,Headphones & Earbuds,Headphones & Earbuds,1,AMBIGUOUS,NOT_APPLICABLE,"needs_review: 标题“TIRIO Paul v&m uw World Blow Gives, Glitter Jim”未描述完整耳机或明确耳机配件，且与类目“Headphones & Earbuds”不一致/信息残缺；保留 AMBIGUOUS，不强行归类。"
B093DRDSSF,ACCESSORY,0.995,NOT_APPLICABLE,0,2,0,2,0,taxonomy_accessory=2;title_accessory=2,"Leather Case for AirTags,Tracker Holder with Keychain Protective Cover Compatible, Easy Carry Keys, Backpacks.Custom design -11",Gicoucc,Cases,Cases,2,ACCESSORY,NOT_APPLICABLE,标题明确为保护壳/收纳配件，不是可独立使用的完整耳机；细分类目 Cases 与此一致；判为 ACCESSORY。
B07SCR4FL1,AMBIGUOUS,0.6,NOT_APPLICABLE,2,0,1,1,1,taxonomy_device=2;title_device=1;title_accessory=1;conflict,"Kygo Life E7/900 | Bluetooth Earbuds with Charging Case, IPX7 Waterproof Rating, Built-in Microphone, Autopairing with Comply Foam Tips (White)",Kygo Life,Earbud Headphones,Headphones & Earbuds,20,DEVICE,EARBUD_INEAR,标题主体是完整耳机，后列保护壳/线缆/支架等随附配件（套装不改变主体标签）；判为 DEVICE；形态依据：标题含耳塞/入耳/开放式耳戴设备词，且其主体线索早于头戴式描述。 原自动标签为 AMBIGUOUS，本次以商品主体语义和类目复核后更正。
B08N12M75L,ACCESSORY,0.995,NOT_APPLICABLE,0,2,0,1,0,taxonomy_accessory=2;title_accessory=1,"KEPULU 3.5mm Headphone Extension Cord, ProAudioLine [Strong-Braided Lossless Sound] TRRS Extender Cable 4-Pole Male to Female 1/8"" Audio Cable, Headset with Microphone Extension Cable (4ft/1.2m)",KEPULU,Extension Cords,Extension Cords,326,ACCESSORY,NOT_APPLICABLE,标题明确为线缆/转接配件，不是可独立使用的完整耳机；细分类目 Extension Cords 与此一致；判为 ACCESSORY。
B09644ZV14,DEVICE,0.995,EARBUD_INEAR,2,0,2,0,0,taxonomy_device=2;title_device=2,"Azpen NVEE Pro Upgraded True Wireless Earbuds, Waterproof, Ergonomic Stay in Design, Rich Sound and Heavy Bass, with Easy Pairing",Azpen,Earbud Headphones,Headphones & Earbuds,26,DEVICE,EARBUD_INEAR,标题描述可独立使用的完整耳机/耳塞设备，细分类目为 Earbud Headphones；判为 DEVICE；形态依据：标题含耳塞/入耳/开放式耳戴设备词，且其主体线索早于头戴式描述。
B07776ZLCX,AMBIGUOUS,0.5,NOT_APPLICABLE,0,0,0,0,0,insufficient_evidence,Claire's Girl's Hematite Cat Ear Headphones,Claire's,Headphones & Earbuds,Headphones & Earbuds,5,DEVICE,ON_EAR,标题中的便携/折叠/儿童/头带式线索或核验到的厂商规格表明耳垫压在耳廓上；判为 DEVICE / ON_EAR。 原自动标签为 AMBIGUOUS，本次复核后更正。
B001BKFMZ6,AMBIGUOUS,0.6,NOT_APPLICABLE,0,0,1,0,0,title_device=1,Samsung WEP 301 Bluetooth Headset (Silver),SAMSUNG,Headphones & Earbuds,Headphones & Earbuds,132,DEVICE,EARBUD_INEAR,标题描述可独立使用的完整耳机/耳塞设备，并含连接、声学或供电功能信息；判为 DEVICE；形态依据：标题语义为手机用单耳/免提蓝牙耳机或有线耳麦。 原自动标签为 AMBIGUOUS，本次以商品主体语义和类目复核后更正。
B088KL796R,AMBIGUOUS,0.6,NOT_APPLICABLE,2,0,1,1,1,taxonomy_device=2;title_device=1;title_accessory=1;conflict,"Monster Wireless Earbuds,Super Fast Charge,Bluetooth 5.0 in-Ear Stereo Headphones with USB-C Charging Case,Built-in Mic for Clear Calls,Water Resistant Design for Sports,Black.",Monster,Earbud Headphones,Headphones & Earbuds,3471,DEVICE,EARBUD_INEAR,标题主体是完整耳机，后列保护壳/线缆/支架等随附配件（套装不改变主体标签）；判为 DEVICE；形态依据：标题含耳塞/入耳/开放式耳戴设备词，且其主体线索早于头戴式描述。 原自动标签为 AMBIGUOUS，本次以商品主体语义和类目复核后更正。
B00P6SR8LK,DEVICE,0.98,EARBUD_INEAR,2,0,0,0,0,taxonomy_device=2,Sony Premium Active Series Lightweight Water-Resistant Extra Bass Noise-Cancelling Earbud Headphones with in-line Microphone and Remote for Apple/Android Smartphone (Orange),Sony,Earbud Headphones,Headphones & Earbuds,14,DEVICE,EARBUD_INEAR,标题主体是完整耳机，后列保护壳/线缆/支架等随附配件（套装不改变主体标签）；判为 DEVICE；形态依据：标题含耳塞/入耳/开放式耳戴设备词，且其主体线索早于头戴式描述。
B0B2Q7RYCH,ACCESSORY,0.995,NOT_APPLICABLE,0,2,1,2,1,taxonomy_accessory=2;title_device=1;title_accessory=2;conflict,"DAYJOY Soft Silicone case Compatible with Sennheiser Momentum True Wireless 3 Earbuds, Portable Protective Shockproof Scratch Resistant Carrying Case Cover Sleeve with Carabiner Accessories (Black)",DAYJOY,Cases,Cases,11,ACCESSORY,NOT_APPLICABLE,标题明确为保护壳/收纳配件，不是可独立使用的完整耳机；细分类目 Cases 与此一致；判为 ACCESSORY。
B00NQRXYQG,AMBIGUOUS,0.5,NOT_APPLICABLE,0,0,0,0,0,insufficient_evidence,digitsea Slouchy Beanie Slouch Skull Hat Ski Snowboard Fleece Hat Cap Keeps You Comfortable and Warm From Sports to Sleep with Built-in Removable Stereo Headset Earbuds Headphones Earphones Earpods 3.5mm (Medium - One Size Fits Most),digitsea,Headphones & Earbuds,Headphones & Earbuds,2,DEVICE,EARBUD_INEAR,标题描述可独立使用的完整耳机/耳塞设备，并含连接、声学或供电功能信息；判为 DEVICE；形态依据：标题含耳塞/入耳/开放式耳戴设备词，且其主体线索早于头戴式描述。 原自动标签为 AMBIGUOUS，本次以商品主体语义和类目复核后更正。
B00BSGOVPA,DEVICE,0.995,EARBUD_INEAR,2,0,1,0,0,taxonomy_device=2;title_device=1,ZAGG Six Earbuds with Microphone - Yellow/Black,ZAGG,Earbud Headphones,Headphones & Earbuds,81,DEVICE,EARBUD_INEAR,标题主体是完整耳机，后列保护壳/线缆/支架等随附配件（套装不改变主体标签）；判为 DEVICE；形态依据：标题含耳塞/入耳/开放式耳戴设备词，且其主体线索早于头戴式描述。
B09QGZXLKL,ACCESSORY,0.995,NOT_APPLICABLE,0,2,0,2,0,taxonomy_accessory=2;title_accessory=2,Magnetic Anti-Lost Straps AirPods Necklace Lanyard String Cord for Neck - Accessories Compatible with Airpods Pro/2/1 (Gold String),Sopopal,Cases,Cases,6,ACCESSORY,NOT_APPLICABLE,标题明确为保护壳/收纳配件，不是可独立使用的完整耳机；细分类目 Cases 与此一致；判为 ACCESSORY。
B079TY6P5H,AMBIGUOUS,0.5,NOT_APPLICABLE,0,0,0,0,0,insufficient_evidence,Brittany Cable Needles (3-Pack) 4134 (3 Pack),Brittany,Headphones & Earbuds,Headphones & Earbuds,6,AMBIGUOUS,NOT_APPLICABLE,needs_review: 标题“Brittany Cable Needles (3-Pack) 4134 (3 Pack)”未描述完整耳机或明确耳机配件，且与类目“Headphones & Earbuds”不一致/信息残缺；保留 AMBIGUOUS，不强行归类。
B0BLWFMGNY,DEVICE,0.98,OVER_EAR,2,0,0,0,0,taxonomy_device=2,"Bluetooth Beanie Hat with LED Light & Headphones, Built-in Microphone & Stereo Speakers 2022 Upgraded Rechargeable Music Knitted Hat, Unique Christmas Birthday Gifts for Men Women Black",XCOUI,Over-Ear Headphones,Headphones & Earbuds,6,DEVICE,OVER_EAR,标题描述可独立使用的完整耳机/耳塞设备，细分类目为 Over-Ear Headphones；判为 DEVICE；形态依据：细分类目为 Over-Ear Headphones。
B091JQ19Y7,AMBIGUOUS,0.6,NOT_APPLICABLE,2,0,1,1,1,taxonomy_device=2;title_device=1;title_accessory=1;conflict,"SGNics Wireless Earbuds Bluetooth 5.1 Headphones Compatible with Samsung Galaxy A71 5G UW, IPX7 Waterproof TWS Stereo Headphones in Ear Built in Mic Headset",SGNics,Earbud Headphones,Headphones & Earbuds,26,DEVICE,EARBUD_INEAR,标题描述可独立使用的完整耳机/耳塞设备，细分类目为 Earbud Headphones；判为 DEVICE；形态依据：标题含耳塞/入耳/开放式耳戴设备词，且其主体线索早于头戴式描述。 原自动标签为 AMBIGUOUS，本次以商品主体语义和类目复核后更正。
B01N1P655C,DEVICE,0.98,EARBUD_INEAR,2,0,0,0,0,taxonomy_device=2,"JBL E15 Earbuds, Teal (Jble15tel)",JBL,Earbud Headphones,Headphones & Earbuds,17,DEVICE,EARBUD_INEAR,标题描述可独立使用的完整耳机/耳塞设备，细分类目为 Earbud Headphones；判为 DEVICE；形态依据：标题含耳塞/入耳/开放式耳戴设备词，且其主体线索早于头戴式描述。
B007JT480S,AMBIGUOUS,0.5,NOT_APPLICABLE,0,0,0,0,0,insufficient_evidence,Black 3.5mm Stereo Ear Headphone Headset Earphone For Apple iPhone iPod,Neewer,Headphones & Earbuds,Headphones & Earbuds,5,DEVICE,EARBUD_INEAR,标题描述可独立使用的完整耳机/耳塞设备，并含连接、声学或供电功能信息；判为 DEVICE；形态依据：标题含耳塞/耳机式耳戴设备词，未出现相冲突的头戴形态描述。 原自动标签为 AMBIGUOUS，本次以商品主体语义和类目复核后更正。
B09Q5KT4GW,ACCESSORY,0.995,NOT_APPLICABLE,0,2,0,1,0,taxonomy_accessory=2;title_accessory=1,Lupct Case for Airpod 3 3rd Generation Fashion Funny Fun Cartoon Silicone Designer Design Cute 3D Cool Stylish Trendy for Kids Men Boys Teens Girls Air pods 3 (2021) Soft Skin Cover (Brown Football),Lupct,Cases,Cases,8,ACCESSORY,NOT_APPLICABLE,标题明确为保护壳/收纳配件，不是可独立使用的完整耳机；细分类目 Cases 与此一致；判为 ACCESSORY。
B08K4B7986,ACCESSORY,0.995,NOT_APPLICABLE,0,2,1,1,1,taxonomy_accessory=2;title_device=1;title_accessory=1;conflict,Replacement Ear-Pads Cushions for Bose NC-700 Noise Cancelling Headphones 700 (Black),Aurivor,Earpads,Earpads,25,ACCESSORY,NOT_APPLICABLE,标题主体是替换件、线缆/收纳件、蓝牙接收件、头盔扬声器套件或手机外接听筒，并非完整耳机；判为 ACCESSORY。
B08QF5SKT7,DEVICE,0.985,EARBUD_INEAR,2,0,4,1,1,taxonomy_device=2;title_device=4;title_accessory=1;conflict,"Olyre True Wireless Earbuds with Microphone, TS10 Bluetooth 5.1 Earphones with Charging Case LED Display Touch Control Stereo Deep Bass Waterproof Cordless in-Ear Headphones Buds for Men Women - Blue",Olyre,Earbud Headphones,Headphones & Earbuds,55,DEVICE,EARBUD_INEAR,标题主体是完整耳机，后列保护壳/线缆/支架等随附配件（套装不改变主体标签）；判为 DEVICE；形态依据：标题含耳塞/入耳/开放式耳戴设备词，且其主体线索早于头戴式描述。
B00KYUI846,AMBIGUOUS,0.6,NOT_APPLICABLE,0,0,1,0,0,title_device=1,"MiiKey Rhythm Pro White/Red Wireless Bluetooth 4.0,NFC,Multi-connect Headphone with Microphone & HD Audio",MIIKEY,Headphones & Earbuds,Headphones & Earbuds,7,DEVICE,NEEDS_REVIEW,needs_review: 可确认商品包含/属于完整音频耳机，但现有标题及可得资料不足或相互矛盾，无法可靠区分入耳、压耳和包耳；判为 DEVICE / NEEDS_REVIEW。 原自动标签为 AMBIGUOUS，本次复核后更正。
B00DQCV7KQ,AMBIGUOUS,0.6,NOT_APPLICABLE,0,0,2,1,1,title_device=2;title_accessory=1;conflict,iDeaUSA AtomicX Wireless Headphone On Ear Headphone 3D Surround Stereo Bluetooth Headset HD Heads-Free Calling Wireless Headset with Mic & Carrying Case (Black),iDeaUSA,Headphones & Earbuds,Headphones & Earbuds,43,DEVICE,ON_EAR,标题主体是完整耳机，后列保护壳/线缆/支架等随附配件（套装不改变主体标签）；判为 DEVICE；形态依据：标题明确为 on-ear/supra-aural，或该形态是最先出现的主体描述。 原自动标签为 AMBIGUOUS，本次以商品主体语义和类目复核后更正。
B0BPXQMDF8,ACCESSORY,0.995,NOT_APPLICABLE,0,2,0,3,0,taxonomy_accessory=2;title_accessory=3,"[14 in 1 Set] for AirPods Pro 2nd Generation Case Cover, Silicone Airpod Pro 2 Case Cover for Men Women with Lanyard, Shock-Absorbing Protective Case for AirPods Pro 2nd Generation 2022 - Purple",TOLUOHU,Cases,Cases,34,ACCESSORY,NOT_APPLICABLE,标题明确为保护壳/收纳配件，不是可独立使用的完整耳机；细分类目 Cases 与此一致；判为 ACCESSORY。
B08LKNR5SX,ACCESSORY,0.995,NOT_APPLICABLE,0,2,1,3,1,taxonomy_accessory=2;title_device=1;title_accessory=3;conflict,"Witzon Compatible with Samsung Galaxy Buds Pro Case 2021 / Galaxy Buds Live Case Cover with Keychain, TPU Shockproof Protective Hard Case for Galaxy Wireless Earbuds Carrying Case Accessories Green",Witzon,Cases,Cases,908,ACCESSORY,NOT_APPLICABLE,标题明确为保护壳/收纳配件，不是可独立使用的完整耳机；细分类目 Cases 与此一致；判为 ACCESSORY。
B089GQTR3Y,AMBIGUOUS,0.6,NOT_APPLICABLE,2,0,0,1,1,taxonomy_device=2;title_accessory=1;conflict,"6amLifestyle Foldable Headphone Stand Hanger Hook Under Desk with Cable Organizer Save Space Metal Headset Holder Clamp for Universal Wireless and Wired Headphones Gaming PC Headsets, 6A-1203BK",6amLifestyle,Over-Ear Headphones,Headphones & Earbuds,2081,ACCESSORY,NOT_APPLICABLE,标题明确为支架/挂架，不是可独立使用的完整耳机；结合标题的兼容/替换关系判定；判为 ACCESSORY。 原自动标签为 AMBIGUOUS，本次以商品主体语义和类目复核后更正。
B088ZMZJSR,DEVICE,0.985,EARBUD_INEAR,2,0,3,1,1,taxonomy_device=2;title_device=3;title_accessory=1;conflict,"Wireless Earbuds, Wireless Headphones Besunny Bluetooth 5.0 Earbuds with USB-C Charging Case, Bluetooth Earbuds Waterproof True Wireless Earbuds, Built-in Mic Bluetooth Headphones (1Pair, Red)",LBZJ,Earbud Headphones,Headphones & Earbuds,68,DEVICE,EARBUD_INEAR,标题主体是完整耳机，后列保护壳/线缆/支架等随附配件（套装不改变主体标签）；判为 DEVICE；形态依据：标题含耳塞/入耳/开放式耳戴设备词，且其主体线索早于头戴式描述。
B000YMPXE2,AMBIGUOUS,0.6,NOT_APPLICABLE,0,0,1,0,0,title_device=1,Plantronics Explorer 220 Bluetooth Headset [Bulk Packaging],Plantronics,Headphones & Earbuds,Headphones & Earbuds,289,DEVICE,EARBUD_INEAR,标题描述可独立使用的完整耳机/耳塞设备，并含连接、声学或供电功能信息；判为 DEVICE；形态依据：标题语义为手机用单耳/免提蓝牙耳机或有线耳麦。 原自动标签为 AMBIGUOUS，本次以商品主体语义和类目复核后更正。
B003VSCEWA,DEVICE,0.98,ON_EAR,2,0,0,0,0,taxonomy_device=2,Softcomm C-200 Headset,Softcomm,On-Ear Headphones,Headphones & Earbuds,1,DEVICE,ON_EAR,标题描述可独立使用的完整耳机/耳塞设备，细分类目为 On-Ear Headphones；判为 DEVICE；形态依据：细分类目为 On-Ear Headphones。
B0BBFSTTVH,ACCESSORY,0.995,NOT_APPLICABLE,0,2,1,2,1,taxonomy_accessory=2;title_device=1;title_accessory=2;conflict,"Earbuds Carrying Case, SUNGUY【2Pack, Green+Purple】 Small Oval Storage Cases, Portable Storage Earbud Pouch Bag for Earbuds, in-Ear Headphones, Earphones, Headsets, Hearing Aids, USB Charging Cable",SUNGUY,Cases,Cases,1411,ACCESSORY,NOT_APPLICABLE,标题明确为保护壳/收纳配件，不是可独立使用的完整耳机；细分类目 Cases 与此一致；判为 ACCESSORY。
B07R4G596M,ACCESSORY,0.995,NOT_APPLICABLE,0,2,0,1,0,taxonomy_accessory=2;title_accessory=1,"Airpod Case, ifctn Ultra-Thin Portable & Protective Liquid Silica Rubber Cover Case Accessories Compatible with Apple Airpods 2 &1(Black)",ifctn,Cases,Cases,2,ACCESSORY,NOT_APPLICABLE,标题明确为保护壳/收纳配件，不是可独立使用的完整耳机；细分类目 Cases 与此一致；判为 ACCESSORY。
B08D8HYZWZ,DEVICE,0.98,EARBUD_INEAR,2,0,0,0,0,taxonomy_device=2,Earphone w Mic Wired Mono Headphone for Galaxy A01 A10e A11 A21 A20 A50 A51 A71 - Headset 3.5mm Single Earbud Hands-Free Compatible with Samsung Galaxy A71 5G A51 A50 A21 A20 A11 A10e A01,Selna,Earbud Headphones,Headphones & Earbuds,7,DEVICE,EARBUD_INEAR,标题描述可独立使用的完整耳机/耳塞设备，细分类目为 Earbud Headphones；判为 DEVICE；形态依据：标题含耳塞/入耳/开放式耳戴设备词，且其主体线索早于头戴式描述。
B08P7J5JTM,DEVICE,0.955,EARBUD_INEAR,2,0,2,1,1,taxonomy_device=2;title_device=2;title_accessory=1;conflict,"ASTRUM ET320 Earbuds – True Wireless Earbuds with Type-C Charging Case, Bluetooth V5.1 Earbuds with a Comfortable, Secure Fit, Long Battery Life, Great Sound, Auto Pair & Touch Control - Black",ASTRUM,Earbud Headphones,Headphones & Earbuds,18,DEVICE,EARBUD_INEAR,标题主体是完整耳机，后列保护壳/线缆/支架等随附配件（套装不改变主体标签）；判为 DEVICE；形态依据：标题含耳塞/入耳/开放式耳戴设备词，且其主体线索早于头戴式描述。
B00XCVSQIW,DEVICE,0.98,EARBUD_INEAR,2,0,0,0,0,taxonomy_device=2,"Sentry Industries HPXHM800 Black Diamond Headphones Digital Stereo Sound with Microphone,LYSB00XCVSQIW-ELECTRNCS",Sentry Industries Inc.,Earbud Headphones,Headphones & Earbuds,26,DEVICE,EARBUD_INEAR,标题主体是完整耳机，后列保护壳/线缆/支架等随附配件（套装不改变主体标签）；判为 DEVICE；形态依据：细分类目为 Earbud Headphones。
B005HYRQ74,AMBIGUOUS,0.5,NOT_APPLICABLE,0,0,0,0,0,insufficient_evidence,Stereo Headset/ Headphone for PANTECH Pursuit II P6010 (Black),MYBAT,Headphones & Earbuds,Headphones & Earbuds,12,DEVICE,EARBUD_INEAR,标题/型号表明是入耳耳塞、手机单耳蓝牙耳机、运动耳机或随身耳塞系统；判为 DEVICE / EARBUD_INEAR。 原自动标签为 AMBIGUOUS，本次复核后更正。
B003T0TG1M,AMBIGUOUS,0.5,NOT_APPLICABLE,0,0,0,0,0,insufficient_evidence,"Skullcandy Hesh Headphones - 2011 Lurker Poison (2010 Color), One Size",Skullcandy,Headphones & Earbuds,Headphones & Earbuds,15,DEVICE,OVER_EAR,标题或核验到的规格表明为包耳/环耳/专业监听或大型耳罩式耳机；判为 DEVICE / OVER_EAR。 原自动标签为 AMBIGUOUS，本次复核后更正。
B092VWL8QP,DEVICE,0.985,EARBUD_INEAR,2,0,3,1,1,taxonomy_device=2;title_device=3;title_accessory=1;conflict,Kuopry [𝐀𝐩𝐩𝐥𝐞 MFi Certified] 𝐀𝐢𝐫𝐏𝐨𝐝𝐬 Pro Wireless Earbuds Wireless Headphones Bluetooth Headphones with Microphone Charging Case in-Ear Hi-Fi Stereo Headsets for iPhone/Android (White),Kuopry,Earbud Headphones,Headphones & Earbuds,331,DEVICE,EARBUD_INEAR,标题主体是完整耳机，后列保护壳/线缆/支架等随附配件（套装不改变主体标签）；判为 DEVICE；形态依据：标题含耳塞/入耳/开放式耳戴设备词，且其主体线索早于头戴式描述。
B01D3QZ8EK,DEVICE,0.995,EARBUD_INEAR,2,0,2,0,0,taxonomy_device=2;title_device=2,"Symphonized Wired Earbuds with Microphone - Noise Isolating Headphones with Wire, Ear Buds with Wire, Headphones with Microphone for Computer, Corded Earbuds, Travel Headphones 3.5mm Graduation Gift",Symphonized,Earbud Headphones,Headphones & Earbuds,16592,DEVICE,EARBUD_INEAR,标题主体是完整耳机，后列保护壳/线缆/支架等随附配件（套装不改变主体标签）；判为 DEVICE；形态依据：标题含耳塞/入耳/开放式耳戴设备词，且其主体线索早于头戴式描述。
B085WX9CMD,ACCESSORY,0.995,NOT_APPLICABLE,0,2,2,2,1,taxonomy_accessory=2;title_device=2;title_accessory=2;conflict,"Geekria Leather Case Cover Compatible with Huawei FreeBuds 3 True Wireless Earbuds Protective Charger Carrying Case, Wireless Earphones Skin Cover with Keychain Hook, Charging Port Accessible",GEEKRIA,Cases,Cases,39,ACCESSORY,NOT_APPLICABLE,标题明确为保护壳/收纳配件，不是可独立使用的完整耳机；细分类目 Cases 与此一致；判为 ACCESSORY。
B082SL6SGQ,ACCESSORY,0.98,NOT_APPLICABLE,0,2,0,0,0,taxonomy_accessory=2,"AirPods Case Cover, Zora Shockproof Protective Soft TPU Clear Apple Air Pods 1&2 Cover Case (Front LED Visible) Headphone Case with Cute Fur Ball Anti-Lost Keychain for Girls (Airpods 2, White)",Zora,Cases,Cases,2983,ACCESSORY,NOT_APPLICABLE,标题明确为保护壳/收纳配件，不是可独立使用的完整耳机；细分类目 Cases 与此一致；判为 ACCESSORY。
B001EZYMRM,DEVICE,0.98,EARBUD_INEAR,2,0,0,0,0,taxonomy_device=2,"Sennheiser CX300 II CX 300 II Precision Enhanced Bass Earbuds, Black (Discontinued by Manufacturer)",Sennheiser,Earbud Headphones,Headphones & Earbuds,12750,DEVICE,EARBUD_INEAR,标题描述可独立使用的完整耳机/耳塞设备，细分类目为 Earbud Headphones；判为 DEVICE；形态依据：标题含耳塞/入耳/开放式耳戴设备词，且其主体线索早于头戴式描述。
B0C43MXC4D,DEVICE,0.955,EARBUD_INEAR,2,0,2,1,1,taxonomy_device=2;title_device=2;title_accessory=1;conflict,BByogooz Earbuds for Kids with Storage Case Cute Kids Earbud with Mic Microphone for School Wired in-Ear Headphones for Girls Boys Adultskids Earbuds (Pink Unicorn),BByogooz,Earbud Headphones,Headphones & Earbuds,68,DEVICE,EARBUD_INEAR,标题主体是完整耳机，后列保护壳/线缆/支架等随附配件（套装不改变主体标签）；判为 DEVICE；形态依据：标题含耳塞/入耳/开放式耳戴设备词，且其主体线索早于头戴式描述。
B078TL95G1,AMBIGUOUS,0.6,NOT_APPLICABLE,2,0,0,1,1,taxonomy_device=2;title_accessory=1;conflict,"iPhone 11 Case with HD Screen Protector(6.1 Inch), Atump 360° Rotation Ring Holder Kickstand [Work with Magnetic Car Mount] PC+ TPU Phone Case for Apple iPhone 11(2019), Purple2",ATUMP,Earbud Headphones,Headphones & Earbuds,6,ACCESSORY,NOT_APPLICABLE,标题明确为保护壳/收纳配件，不是可独立使用的完整耳机；结合标题的兼容/替换关系判定；判为 ACCESSORY。 原自动标签为 AMBIGUOUS，本次以商品主体语义和类目复核后更正。
B07ZVRWPHS,ACCESSORY,0.995,NOT_APPLICABLE,0,2,0,3,0,taxonomy_accessory=2;title_accessory=3,HATALKIN Case Compatible with Airpods Pro Case Premium Silicone Airpod Pro Case Protective Cover for Airpods Pro/Airpods 3 (Front LED Visible) (Won't Affect Wireless Charging) (Yellow),HATALKIN,Cases,Cases,40,ACCESSORY,NOT_APPLICABLE,标题明确为保护壳/收纳配件，不是可独立使用的完整耳机；细分类目 Cases 与此一致；判为 ACCESSORY。
B076LHT7VJ,AMBIGUOUS,0.6,NOT_APPLICABLE,2,0,0,1,1,taxonomy_device=2;title_accessory=1;conflict,Sports Headphones in-Ear Monitor Earphones with Noise Isolating Earbuds Wave Style Detachable Cable for ipad iPhone Android Smartphone MP3 Players,lunbowon,Earbud Headphones,Headphones & Earbuds,18,DEVICE,EARBUD_INEAR,标题主体是完整耳机，后列保护壳/线缆/支架等随附配件（套装不改变主体标签）；判为 DEVICE；形态依据：标题含耳塞/入耳/开放式耳戴设备词，且其主体线索早于头戴式描述。 原自动标签为 AMBIGUOUS，本次以商品主体语义和类目复核后更正。
B08JMC3DC3,ACCESSORY,0.995,NOT_APPLICABLE,0,2,0,1,0,taxonomy_accessory=2;title_accessory=1,"Generic Compatible with Airpods 1/2 Case Cover,3D Cute Cartoon Fun Fashion Stylish Avatar Design for Kids Teens Boys Character Skin Keychain Airpod,Cases for Air pods 1 and 2 Helmet",Generic,Cases,Cases,8,ACCESSORY,NOT_APPLICABLE,标题明确为保护壳/收纳配件，不是可独立使用的完整耳机；细分类目 Cases 与此一致；判为 ACCESSORY。
B00P8C366K,ACCESSORY,0.94,NOT_APPLICABLE,2,0,0,2,1,taxonomy_device=2;title_accessory=2;conflict,Alienwork Case for iPad Mini 1/2/3 Carrying Bag Folio Cover Sleeve Outdoor Felt gray ADM18-02,CHUNKUI,Earbud Headphones,Headphones & Earbuds,1,ACCESSORY,NOT_APPLICABLE,标题明确为保护壳/收纳配件，不是可独立使用的完整耳机；结合标题的兼容/替换关系判定；判为 ACCESSORY。
B07W85BMZK,ACCESSORY,0.995,NOT_APPLICABLE,0,2,0,1,0,taxonomy_accessory=2;title_accessory=1,"Fironst Case Cover for Powerbeats Pro, Shockproof Earpods Case Cover, Scratch Resistant Protective Silicone Cover, Compatible with Beats Powerbeats Pro 2019 (Ice Sea Blue)",Fironst,Cases,Cases,150,ACCESSORY,NOT_APPLICABLE,标题明确为保护壳/收纳配件，不是可独立使用的完整耳机；细分类目 Cases 与此一致；判为 ACCESSORY。
B0040J52MI,AMBIGUOUS,0.5,NOT_APPLICABLE,0,0,0,0,0,insufficient_evidence,Plantronics 82680-07 240/r Explorer Hdset Us Rs,Plantronics,Headphones & Earbuds,Headphones & Earbuds,2,DEVICE,EARBUD_INEAR,标题/型号表明是入耳耳塞、手机单耳蓝牙耳机、运动耳机或随身耳塞系统；判为 DEVICE / EARBUD_INEAR。 原自动标签为 AMBIGUOUS，本次复核后更正。
B08343WLBT,ACCESSORY,0.995,NOT_APPLICABLE,0,2,0,1,0,taxonomy_accessory=2;title_accessory=1,"Laffav AirPods Case Cover Silicone Protective Case Skin for Apple AirPods 2 & 1 (Front LED Visible), 2 Pack, Lavender, Turquoise",Laffav,Cases,Cases,12175,ACCESSORY,NOT_APPLICABLE,标题明确为保护壳/收纳配件，不是可独立使用的完整耳机；细分类目 Cases 与此一致；判为 ACCESSORY。
B008F2WW3S,DEVICE,0.98,EARBUD_INEAR,2,0,0,0,0,taxonomy_device=2,Maxell 190282 Stereo Earbud (No Mic) - Blue,Maxell,Earbud Headphones,Headphones & Earbuds,8,DEVICE,EARBUD_INEAR,标题描述可独立使用的完整耳机/耳塞设备，细分类目为 Earbud Headphones；判为 DEVICE；形态依据：标题含耳塞/入耳/开放式耳戴设备词，且其主体线索早于头戴式描述。
B004CFDC3G,AMBIGUOUS,0.5,NOT_APPLICABLE,0,0,0,0,0,insufficient_evidence,Sony Ericsson WHITE MW600 Hi-Fi Wireless Headset with FM Radio in Retail Packaging,Sony Ericsson,Headphones & Earbuds,Headphones & Earbuds,4,DEVICE,EARBUD_INEAR,标题/型号表明是入耳耳塞、手机单耳蓝牙耳机、运动耳机或随身耳塞系统；判为 DEVICE / EARBUD_INEAR。 原自动标签为 AMBIGUOUS，本次复核后更正。
B08W89Y1F4,AMBIGUOUS,0.6,NOT_APPLICABLE,2,0,0,1,1,taxonomy_device=2;title_accessory=1;conflict,"Volkano Wireless Sport Earbuds with Ear Hooks, 24-Hr Playtime Bluetooth 5.0 Earphones TWS Sweatproof Headset, Wireless Earphones w/Mic & Charging Case, Ideal for Running Workout - Sprint 2.0 Series",Volkano,Earbud Headphones,Headphones & Earbuds,8,DEVICE,EARBUD_INEAR,标题主体是完整耳机，后列保护壳/线缆/支架等随附配件（套装不改变主体标签）；判为 DEVICE；形态依据：标题含耳塞/入耳/开放式耳戴设备词，且其主体线索早于头戴式描述。 原自动标签为 AMBIGUOUS，本次以商品主体语义和类目复核后更正。
B08BLL5YPY,AMBIGUOUS,0.6,NOT_APPLICABLE,2,0,1,1,1,taxonomy_device=2;title_device=1;title_accessory=1;conflict,DRON TOOON Wireless Bluetooth Headphones 5.0，HD Stereo Sound Wireless Headset，Automatic Pairing，Noise Canceling，with 3000mAh Charging Case ，Long Playtime，Built-in Mic for Work/Running/Travel/Gym,DRON TOOON,Earbud Headphones,Headphones & Earbuds,17,DEVICE,EARBUD_INEAR,标题主体是完整耳机，后列保护壳/线缆/支架等随附配件（套装不改变主体标签）；判为 DEVICE；形态依据：细分类目为 Earbud Headphones。 原自动标签为 AMBIGUOUS，本次以商品主体语义和类目复核后更正。
B00U60RJOO,AMBIGUOUS,0.6,NOT_APPLICABLE,2,0,0,1,1,taxonomy_device=2;title_accessory=1;conflict,"GranVela X6 PRO Hi Fidelity Noise-Isolating Earpbuds with Mic and Detachable Cable for DJ, Running and Sports -Musician's in-Ear Monitor- (Blue)",Granvela,Earbud Headphones,Headphones & Earbuds,26,DEVICE,EARBUD_INEAR,标题描述可独立使用的完整耳机/耳塞设备，细分类目为 Earbud Headphones；判为 DEVICE；形态依据：标题含耳塞/入耳/开放式耳戴设备词，且其主体线索早于头戴式描述。 原自动标签为 AMBIGUOUS，本次以商品主体语义和类目复核后更正。
B0BYJGJPQ4,DEVICE,0.995,EARBUD_INEAR,2,0,1,0,0,taxonomy_device=2;title_device=1,Xiaomi Mi True Wireless Basic S Bluetooth 5.0 Headphones Stereo Bass with Microphone AI Control Hands-free Headphones Black （Global Version）,Xiaomi,Earbud Headphones,Headphones & Earbuds,12023,DEVICE,EARBUD_INEAR,标题主体是完整耳机，后列保护壳/线缆/支架等随附配件（套装不改变主体标签）；判为 DEVICE；形态依据：细分类目为 Earbud Headphones。
B011EV74L6,AMBIGUOUS,0.5,NOT_APPLICABLE,0,0,0,0,0,insufficient_evidence,TYLT 3.5mm Headphone Splitter for Smartphones and Tablets - Red,TYLT,Headphones & Earbuds,Headphones & Earbuds,5,ACCESSORY,NOT_APPLICABLE,标题明确为线缆/转接配件，不是可独立使用的完整耳机；结合标题的兼容/替换关系判定；判为 ACCESSORY。 原自动标签为 AMBIGUOUS，本次以商品主体语义和类目复核后更正。
B0038YSA0W,DEVICE,0.98,EARBUD_INEAR,2,0,0,0,0,taxonomy_device=2,New Premium Quality Stereo Handsfree Headset Headphone Earphone with Built-in Microphone Remote (White) for Apple Ipod Iphone 4 3G 3GS [SmackTom Packaging],AIUONXILIOP,Earbud Headphones,Headphones & Earbuds,68,DEVICE,EARBUD_INEAR,标题主体是完整耳机，后列保护壳/线缆/支架等随附配件（套装不改变主体标签）；判为 DEVICE；形态依据：标题含耳塞/耳机式耳戴设备词，未出现相冲突的头戴形态描述。
B00MMLXI4A,DEVICE,0.98,OVER_EAR,2,0,0,0,0,taxonomy_device=2,Pioneer SE-MJ502-K Fully Enclosed Dynamic Headphone,PIONEER,Over-Ear Headphones,Headphones & Earbuds,20,DEVICE,OVER_EAR,标题描述可独立使用的完整耳机/耳塞设备，细分类目为 Over-Ear Headphones；判为 DEVICE；形态依据：细分类目为 Over-Ear Headphones。
B078TD9J2H,ACCESSORY,0.995,NOT_APPLICABLE,0,2,1,2,1,taxonomy_accessory=2;title_device=1;title_accessory=2;conflict,Xberstar Silicone Shock Proof Protective Case Sleeve Skin Cover for AirPods True Wireless Headphone Charging Box (Pink),XBERSTAR,Cases,Cases,5,ACCESSORY,NOT_APPLICABLE,标题明确为保护壳/收纳配件，不是可独立使用的完整耳机；细分类目 Cases 与此一致；判为 ACCESSORY。
B01C0LGT60,DEVICE,0.98,EARBUD_INEAR,2,0,0,0,0,taxonomy_device=2,"Tapestry Design Plush Eyeglass Stand Holder with Cleaning Cloth, (Beige Lining)",LOXZOCX,Earbud Headphones,Headphones & Earbuds,14,AMBIGUOUS,NOT_APPLICABLE,"needs_review: 标题“Tapestry Design Plush Eyeglass Stand Holder with Cleaning Cloth, (Beige Lining)”未描述完整耳机或明确耳机配件，且与类目“Earbud Headphones”不一致/信息残缺；保留 AMBIGUOUS，不强行归类。 原自动标签为 DEVICE，本次以商品主体语义和类目复核后更正。"
B078W59H72,DEVICE,0.955,OVER_EAR,2,0,2,1,1,taxonomy_device=2;title_device=2;title_accessory=1;conflict,Hard EVA Travel Red Case for Bluedio T4 / T5 (Turbine) Active Noise Cancelling Over-Ear Swiveling Wireless Bluetooth Headphones by Hermitshell,Hermitshell,Over-Ear Headphones,Headphones & Earbuds,63,ACCESSORY,NOT_APPLICABLE,标题明确为保护壳/收纳配件，不是可独立使用的完整耳机；结合标题的兼容/替换关系判定；判为 ACCESSORY。 原自动标签为 DEVICE，本次以商品主体语义和类目复核后更正。
B009YJETT6,AMBIGUOUS,0.5,NOT_APPLICABLE,0,0,0,0,0,insufficient_evidence,Able Planet Musicians Choice Sound Isolation Earphones (Metallic Green),AblePlanet,Headphones & Earbuds,Headphones & Earbuds,1,DEVICE,EARBUD_INEAR,标题描述可独立使用的完整耳机/耳塞设备，并含连接、声学或供电功能信息；判为 DEVICE；形态依据：标题含耳塞/耳机式耳戴设备词，未出现相冲突的头戴形态描述。 原自动标签为 AMBIGUOUS，本次以商品主体语义和类目复核后更正。
B08KTCRNNT,DEVICE,0.955,EARBUD_INEAR,2,0,2,1,1,taxonomy_device=2;title_device=2;title_accessory=1;conflict,"Edifier True Wireless Earbuds X5 Bluetooth 5.0 Earphones in Ear with Charging Case Easy-Pairing Noice Canceling Calls,Deep Bass for Sports Black",Edifier,Earbud Headphones,Headphones & Earbuds,159,DEVICE,EARBUD_INEAR,标题主体是完整耳机，后列保护壳/线缆/支架等随附配件（套装不改变主体标签）；判为 DEVICE；形态依据：标题含耳塞/入耳/开放式耳戴设备词，且其主体线索早于头戴式描述。
B08JV686JR,ACCESSORY,0.995,NOT_APPLICABLE,0,2,0,3,0,taxonomy_accessory=2;title_accessory=3,"Filoto Case for Airpods, Airpod Case Cover for Apple Airpods 2&1 Charging Case, Cute Air Pods Silicone Protective Accessories Cases/Keychain/Pompom/Strap, Best Gift for Girls and Women (Brown)",Filoto,Cases,Cases,56784,ACCESSORY,NOT_APPLICABLE,标题明确为保护壳/收纳配件，不是可独立使用的完整耳机；细分类目 Cases 与此一致；判为 ACCESSORY。
B0B6D5X24N,DEVICE,0.995,EARBUD_INEAR,2,0,2,0,0,taxonomy_device=2;title_device=2,"Motast Wireless Earbuds, Bluetooth 5.1 Earbuds 140H Playtime Bluetooth Headphones Stereo Noise Cancelling Wireless Earphones in Ear with Mic, USB-C Charging IP7 Waterproof Headset for Sport Rose Gold",Motast,Earbud Headphones,Headphones & Earbuds,21889,DEVICE,EARBUD_INEAR,标题描述可独立使用的完整耳机/耳塞设备，细分类目为 Earbud Headphones；判为 DEVICE；形态依据：标题含耳塞/入耳/开放式耳戴设备词，且其主体线索早于头戴式描述。
B00E5YMI6G,AMBIGUOUS,0.5,NOT_APPLICABLE,0,0,0,0,0,insufficient_evidence,Brand New Black Hands Free EarPhone HeadPhones HeadSet With Mic For LG Motion MS770 Esteem MS910,CG&RP,Headphones & Earbuds,Headphones & Earbuds,1,DEVICE,EARBUD_INEAR,标题描述可独立使用的完整耳机/耳塞设备，并含连接、声学或供电功能信息；判为 DEVICE；形态依据：标题含耳塞/耳机式耳戴设备词，未出现相冲突的头戴形态描述。 原自动标签为 AMBIGUOUS，本次以商品主体语义和类目复核后更正。
B08Q32LQ48,ACCESSORY,0.995,NOT_APPLICABLE,0,2,0,2,0,taxonomy_accessory=2;title_accessory=2,"CCHKFEI Portable CD Player Case for Personal Disc Player, Hard Carrying Travel Storage Case Water Resistant with Portable Hand Strap, Compatible for CD Player 511/611/711/711T/903TF",CCHKFEI,Cases,Cases,12,ACCESSORY,NOT_APPLICABLE,标题明确为保护壳/收纳配件，不是可独立使用的完整耳机；细分类目 Cases 与此一致；判为 ACCESSORY。
B0BRNTHSLP,DEVICE,0.98,OVER_EAR,2,0,0,0,0,taxonomy_device=2,"MUSICOZY Sleep Headphones Bluetooth Headband, Wireless Sleeping Headphones Music Sport Headbands, Long Time Play Sleeping Headsets Built-in Thin Speakers, Skulls Design for Sleeping Yogo",MUSICOZY,Over-Ear Headphones,Headphones & Earbuds,14779,DEVICE,OVER_EAR,标题描述可独立使用的完整耳机/耳塞设备，细分类目为 Over-Ear Headphones；判为 DEVICE；形态依据：细分类目为 Over-Ear Headphones。
B0797D5F5G,ACCESSORY,0.995,NOT_APPLICABLE,0,2,0,1,0,taxonomy_accessory=2;title_accessory=1,Cuauco 2020 Newest Airpods Case for Airpods 2 &1 (Front LED Visible) with 2 Anti-Lost Strap/2 Pairs of Ear Hooks/2 Carabiner/1 Watch Band Holder/1 Headphone Case for Apple Airpods 2 &1(9 Pack)(White),cuauco,Cases,Cases,737,ACCESSORY,NOT_APPLICABLE,标题明确为保护壳/收纳配件，不是可独立使用的完整耳机；细分类目 Cases 与此一致；判为 ACCESSORY。
B005HYID2Q,AMBIGUOUS,0.5,NOT_APPLICABLE,0,0,0,0,0,insufficient_evidence,EMPIRE Stereo Hands-Free 3.5mm Headset Headphones for Verizon RIM BlackBerry Bold 9930,Generic,Headphones & Earbuds,Headphones & Earbuds,1,DEVICE,EARBUD_INEAR,标题描述可独立使用的完整耳机/耳塞设备，并含连接、声学或供电功能信息；判为 DEVICE；形态依据：标题语义为手机用单耳/免提蓝牙耳机或有线耳麦。 原自动标签为 AMBIGUOUS，本次以商品主体语义和类目复核后更正。
B08QMTYKJH,AMBIGUOUS,0.6,NOT_APPLICABLE,2,0,1,1,1,taxonomy_device=2;title_device=1;title_accessory=1;conflict,Wireless Earbuds Bluetooth 5.0 Headphones Immersive Stereo Sound in-Ear Headset 30H Playtime with Charging Case Built-in Mic IPX5 Waterproof Earphones for Running Gym Workout(Black),SAMMIX,Earbud Headphones,Headphones & Earbuds,116,DEVICE,EARBUD_INEAR,标题主体是完整耳机，后列保护壳/线缆/支架等随附配件（套装不改变主体标签）；判为 DEVICE；形态依据：标题含耳塞/入耳/开放式耳戴设备词，且其主体线索早于头戴式描述。 原自动标签为 AMBIGUOUS，本次以商品主体语义和类目复核后更正。
B00TJNKDJ2,AMBIGUOUS,0.5,NOT_APPLICABLE,0,0,0,0,0,insufficient_evidence,SoundLogic Kid's Headphone - Retail Packaging - Blue,SOUNDLOGIC,Headphones & Earbuds,Headphones & Earbuds,10,DEVICE,ON_EAR,标题中的便携/折叠/儿童/头带式线索或核验到的厂商规格表明耳垫压在耳廓上；判为 DEVICE / ON_EAR。 原自动标签为 AMBIGUOUS，本次复核后更正。
B074TZSCSH,AMBIGUOUS,0.6,NOT_APPLICABLE,2,0,0,1,1,taxonomy_device=2;title_accessory=1;conflict,Stereo Headphones Earbuds Built in Hands Free Microphone Box Shaped Pink 6ft Extension Cable Compatible with Alcatel Idol 4S,Hedocell,Earbud Headphones,Headphones & Earbuds,1,DEVICE,EARBUD_INEAR,标题描述可独立使用的完整耳机/耳塞设备，细分类目为 Earbud Headphones；判为 DEVICE；形态依据：标题含耳塞/入耳/开放式耳戴设备词，且其主体线索早于头戴式描述。 原自动标签为 AMBIGUOUS，本次以商品主体语义和类目复核后更正。
B08SK6RRJ6,AMBIGUOUS,0.6,NOT_APPLICABLE,2,0,1,1,1,taxonomy_device=2;title_device=1;title_accessory=1;conflict,Hermitshell Travel Case for Mpow Jaws Gen5 Bluetooth Headphones,Hermitshell,Earbud Headphones,Headphones & Earbuds,1,ACCESSORY,NOT_APPLICABLE,标题明确为保护壳/收纳配件，不是可独立使用的完整耳机；结合标题的兼容/替换关系判定；判为 ACCESSORY。 原自动标签为 AMBIGUOUS，本次以商品主体语义和类目复核后更正。
B0122PM486,AMBIGUOUS,0.5,NOT_APPLICABLE,0,0,0,0,0,insufficient_evidence,iQualTech Earphones for iPhone - Ceramic Sculpted Earphones with Microphone for Handsfree Calling and Remote Earphones White,iQualTech,Headphones & Earbuds,Headphones & Earbuds,170,DEVICE,EARBUD_INEAR,标题主体是完整耳机，后列保护壳/线缆/支架等随附配件（套装不改变主体标签）；判为 DEVICE；形态依据：标题含耳塞/耳机式耳戴设备词，未出现相冲突的头戴形态描述。 原自动标签为 AMBIGUOUS，本次以商品主体语义和类目复核后更正。
B078HSRDH5,DEVICE,0.985,EARBUD_INEAR,2,0,3,1,1,taxonomy_device=2;title_device=3;title_accessory=1;conflict,"True Wireless Earbuds w/Charging Case, AICase Bluetooth Headphones Dual in-Ear Mini Cordless Hands-Free Headset with Portable Charger Built-in Mic for iPhone Samsung iPad and Most Android Phones",AICase,Earbud Headphones,Headphones & Earbuds,23,DEVICE,EARBUD_INEAR,标题描述可独立使用的完整耳机/耳塞设备，细分类目为 Earbud Headphones；判为 DEVICE；形态依据：标题含耳塞/入耳/开放式耳戴设备词，且其主体线索早于头戴式描述。
B002N2DNO8,AMBIGUOUS,0.5,NOT_APPLICABLE,0,0,0,0,0,insufficient_evidence,"Laird Hamilton Signature Series H3 Waterproof Headphones, (Made by H2O Audio)",X-1 Audio,Headphones & Earbuds,Headphones & Earbuds,2,DEVICE,EARBUD_INEAR,标题/型号表明是入耳耳塞、手机单耳蓝牙耳机、运动耳机或随身耳塞系统；判为 DEVICE / EARBUD_INEAR。 原自动标签为 AMBIGUOUS，本次复核后更正。
B004C3IZI0,AMBIGUOUS,0.5,NOT_APPLICABLE,0,0,0,0,0,insufficient_evidence,Handsfree Stereo Headset - OEM Original (HDW-14322-001) for Samsung Continuum,OrionGadgets,Headphones & Earbuds,Headphones & Earbuds,1,DEVICE,EARBUD_INEAR,标题描述可独立使用的完整耳机/耳塞设备，并含连接、声学或供电功能信息；判为 DEVICE；形态依据：标题语义为手机用单耳/免提蓝牙耳机或有线耳麦。 原自动标签为 AMBIGUOUS，本次以商品主体语义和类目复核后更正。
B00NF0DCSY,AMBIGUOUS,0.5,NOT_APPLICABLE,0,0,0,0,0,insufficient_evidence,Samsung Original OEM Headphones with Zippered Delton Branded Headphone Holder Case - Non-Retail Packaging - Black,SAMSUNG,Headphones & Earbuds,Headphones & Earbuds,1,DEVICE,EARBUD_INEAR,标题/型号表明是入耳耳塞、手机单耳蓝牙耳机、运动耳机或随身耳塞系统；判为 DEVICE / EARBUD_INEAR。 原自动标签为 AMBIGUOUS，本次复核后更正。
B00TSBH5E6,AMBIGUOUS,0.5,NOT_APPLICABLE,0,0,0,0,0,insufficient_evidence,"NUK Mash and Serve Bowl with Silicone Feeding Spoon Set, Green/Blue",Bounce Generation,Headphones & Earbuds,Headphones & Earbuds,2,AMBIGUOUS,NOT_APPLICABLE,"needs_review: 标题“NUK Mash and Serve Bowl with Silicone Feeding Spoon Set, Green/Blue”未描述完整耳机或明确耳机配件，且与类目“Headphones & Earbuds”不一致/信息残缺；保留 AMBIGUOUS，不强行归类。"
B07QT8TJ7K,ACCESSORY,0.94,NOT_APPLICABLE,0,2,1,0,1,taxonomy_accessory=2;title_device=1;conflict,Yutoner 2 Pairs Black/Clear Earhooks Compatible for Motorola Elite Flip HZ720 HX550 H19 H19txt H17 H17txt H525 H520 Boom 89605N Bluetooth Headset Earclip (Clear-2 Pairs),Yutoner,Earpads,Earpads,12,ACCESSORY,NOT_APPLICABLE,标题明确为替换耳垫/耳罩，不是可独立使用的完整耳机；细分类目 Earpads 与此一致；判为 ACCESSORY。
B005LRQGL4,ACCESSORY,0.98,NOT_APPLICABLE,0,2,0,0,0,taxonomy_accessory=2,Nuforce ICON-IDO-BLUE Audiophile-Grade DAC and Headphone Amp for Apple Devices,NuForce,Amplifiers,Amplifiers,5,ACCESSORY,NOT_APPLICABLE,标题明确为耳放/DAC配件，不是可独立使用的完整耳机；细分类目 Amplifiers 与此一致；判为 ACCESSORY。
B08VW8C73X,DEVICE,0.955,EARBUD_INEAR,2,0,2,1,1,taxonomy_device=2;title_device=2;title_accessory=1;conflict,Zonlaky Bluetooth 5.0 Wireless Earbuds Bluetooth Headphones with Charging Case (iCanonic Series 802030) IPX5/Built-in Mic Headset V4 Ideal for Kid and Adult,Zonlaky,Earbud Headphones,Headphones & Earbuds,308,DEVICE,EARBUD_INEAR,标题主体是完整耳机，后列保护壳/线缆/支架等随附配件（套装不改变主体标签）；判为 DEVICE；形态依据：标题含耳塞/入耳/开放式耳戴设备词，且其主体线索早于头戴式描述。
1476773092,AMBIGUOUS,0.6,NOT_APPLICABLE,1,0,0,0,0,taxonomy_device=1,Unfreedom of the Press,Mark R. Levin (Author),"Headphones, Earbuds & Accessories",,9314,AMBIGUOUS,NOT_APPLICABLE,"needs_review: 标题“Unfreedom of the Press”未描述完整耳机或明确耳机配件，且与类目“Headphones, Earbuds & Accessories”不一致/信息残缺；保留 AMBIGUOUS，不强行归类。"
B0014JK3N0,DEVICE,0.98,EARBUD_INEAR,2,0,0,0,0,taxonomy_device=2,Skullcandy Chops Hanger Earbuds - Black,Skullcandy,Earbud Headphones,Headphones & Earbuds,195,DEVICE,EARBUD_INEAR,标题描述可独立使用的完整耳机/耳塞设备，细分类目为 Earbud Headphones；判为 DEVICE；形态依据：标题含耳塞/入耳/开放式耳戴设备词，且其主体线索早于头戴式描述。
B0030C5U8C,DEVICE,0.98,OVER_EAR,2,0,0,0,0,taxonomy_device=2,"Aerial7 Chopper2 Headphones Britt, One Size",Aerial7,Over-Ear Headphones,Headphones & Earbuds,5,DEVICE,OVER_EAR,标题描述可独立使用的完整耳机/耳塞设备，细分类目为 Over-Ear Headphones；判为 DEVICE；形态依据：细分类目为 Over-Ear Headphones。
B07XTCX2ZF,AMBIGUOUS,0.6,NOT_APPLICABLE,2,0,0,1,1,taxonomy_device=2;title_accessory=1;conflict,Ear Pads Cushions Covers Replacement Foam Earpads Pillow Compatible with Meze 99 Classics Walnut Silver Headset Headphones,YDYBZB,On-Ear Headphones,Headphones & Earbuds,3,ACCESSORY,NOT_APPLICABLE,标题明确为替换耳垫/耳罩，不是可独立使用的完整耳机；结合标题的兼容/替换关系判定；判为 ACCESSORY。 原自动标签为 AMBIGUOUS，本次以商品主体语义和类目复核后更正。
B00H00VLZQ,ACCESSORY,0.98,NOT_APPLICABLE,0,2,0,0,0,taxonomy_accessory=2,Audioquest DragonFly USB DAC Preamp Headphone Amp Version 1.2,AudioQuest,Amplifiers,Amplifiers,407,ACCESSORY,NOT_APPLICABLE,标题明确为耳放/DAC配件，不是可独立使用的完整耳机；细分类目 Amplifiers 与此一致；判为 ACCESSORY。
B08BZDR3ZT,DEVICE,0.995,OVER_EAR,2,0,1,0,0,taxonomy_device=2;title_device=1,Aftershokz OpenMove Wireless Bone Conduction Open-Ear Bluetooth Headphones Includes Pack,Aftershokz,Over-Ear Headphones,Headphones & Earbuds,20010,DEVICE,EARBUD_INEAR,标题描述可独立使用的完整耳机/耳塞设备，细分类目为 Over-Ear Headphones；判为 DEVICE；形态依据：标题含耳塞/入耳/开放式耳戴设备词，且其主体线索早于头戴式描述。
B01I98S1UK,ACCESSORY,0.98,NOT_APPLICABLE,0,2,0,0,0,taxonomy_accessory=2,EIGELIU Headphone Jack Adapter Cable Car Charger Dongle AUX Audio Jack Earphone Extender Jack Stereo Cable,Yalu&Freedom,Adapters,Adapters,15,ACCESSORY,NOT_APPLICABLE,标题明确为线缆/转接配件，不是可独立使用的完整耳机；细分类目 Adapters 与此一致；判为 ACCESSORY。
B013HK2836,DEVICE,0.995,ON_EAR,2,0,1,0,0,taxonomy_device=2;title_device=1,Beats Studio Wireless On-Ear Headphone - Black (Renewed),Amazon Renewed,On-Ear Headphones,Headphones & Earbuds,17,DEVICE,ON_EAR,标题描述可独立使用的完整耳机/耳塞设备，细分类目为 On-Ear Headphones；判为 DEVICE；形态依据：标题明确为 on-ear/supra-aural，或该形态是最先出现的主体描述。
B0BMTF55P7,AMBIGUOUS,0.6,NOT_APPLICABLE,2,0,2,2,1,taxonomy_device=2;title_device=2;title_accessory=2;conflict,"LASUNEY Wireless Earbuds, 35H Playtime Bluetooth Headphones with Mics and Charging Case for iPhone Android, Waterproof Running Headphones for Gym Yoga Workout, Hi-Fi Sound Over Ear Buds with Earhooks",LASUNEY,Earbud Headphones,Headphones & Earbuds,128,DEVICE,EARBUD_INEAR,标题主体是完整耳机，后列保护壳/线缆/支架等随附配件（套装不改变主体标签）；判为 DEVICE；形态依据：标题含耳塞/入耳/开放式耳戴设备词，且其主体线索早于头戴式描述。 原自动标签为 AMBIGUOUS，本次以商品主体语义和类目复核后更正。
B09GKT5DJW,DEVICE,0.955,EARBUD_INEAR,2,0,2,1,1,taxonomy_device=2;title_device=2;title_accessory=1;conflict,OKEEFE Bluetooth Headphones 48Hrs Playback Wireless Earbuds with Wireless Charging Case and Earhooks Over Ear Waterproof Earphones with Mic for Sports Running Workout iOS Android TV Phone Laptop Blue,OKEEFE,Earbud Headphones,Headphones & Earbuds,11217,DEVICE,EARBUD_INEAR,标题主体是完整耳机，后列保护壳/线缆/支架等随附配件（套装不改变主体标签）；判为 DEVICE；形态依据：标题含耳塞/入耳/开放式耳戴设备词，且其主体线索早于头戴式描述。
B01N7S0IPR,DEVICE,0.98,OVER_EAR,2,0,0,0,0,taxonomy_device=2,Sennheiser HD 206 Stereo Headphone,Sennheiser,Over-Ear Headphones,Headphones & Earbuds,14052,DEVICE,OVER_EAR,标题描述可独立使用的完整耳机/耳塞设备，细分类目为 Over-Ear Headphones；判为 DEVICE；形态依据：细分类目为 Over-Ear Headphones。
B00YUX3F46,ACCESSORY,0.98,NOT_APPLICABLE,0,2,0,0,0,taxonomy_accessory=2,Jim Beam Devil's Cut Rubber BAR Runner DRIP Spill MAT,Jafuam,Adapters,Adapters,1,ACCESSORY,NOT_APPLICABLE,标题明确为线缆/转接配件，不是可独立使用的完整耳机；细分类目 Adapters 与此一致；判为 ACCESSORY。
B0134IGCM4,AMBIGUOUS,0.5,NOT_APPLICABLE,0,0,0,0,0,insufficient_evidence,"Aircom A1 Airtube Stereo Headsets with HandsFree Microphone, Micro Earbuds, Noise Isolating Eartips, True Live Sound Listening for Phones, Tablets and MP3 Players",LB1 High Performance,Headphones & Earbuds,Headphones & Earbuds,58,DEVICE,EARBUD_INEAR,标题主体是完整耳机，后列保护壳/线缆/支架等随附配件（套装不改变主体标签）；判为 DEVICE；形态依据：标题含耳塞/入耳/开放式耳戴设备词，且其主体线索早于头戴式描述。 原自动标签为 AMBIGUOUS，本次以商品主体语义和类目复核后更正。
B0BRP2WTG3,AMBIGUOUS,0.6,NOT_APPLICABLE,2,0,1,1,1,taxonomy_device=2;title_device=1;title_accessory=1;conflict,"Wireless Bluetooth 5.0 Earbuds Headphones in-Ear,Fast Charging Case Wireless Earbuds Deep Bass with mic, Touch Control, IPX5 Waterproof Sport Wireless Headphones for Work Running Gym",repairphone,Earbud Headphones,Headphones & Earbuds,10,DEVICE,EARBUD_INEAR,标题描述可独立使用的完整耳机/耳塞设备，细分类目为 Earbud Headphones；判为 DEVICE；形态依据：标题含耳塞/入耳/开放式耳戴设备词，且其主体线索早于头戴式描述。 原自动标签为 AMBIGUOUS，本次以商品主体语义和类目复核后更正。
B095J6BQ2Q,AMBIGUOUS,0.6,NOT_APPLICABLE,1,0,0,0,0,taxonomy_device=1,"Grit Performance Rapid Tire Deflator Kit with PSI Tire Pressure Gauge + Chrome Caps & Valve Core Repair Tool | Quickly Deflate 4x4 Off Road Tires on Jeep, Truck, ATV, Motorcycle",Grit Performance,"Headphones, Earbuds & Accessories",,100,AMBIGUOUS,NOT_APPLICABLE,"needs_review: 标题“Grit Performance Rapid Tire Deflator Kit with PSI Tire Pressure Gauge + Chrome Caps & Valve Core Repair Tool | Quickly Deflate 4x4 Off Road Tires on J”未描述完整耳机或明确耳机配件，且与类目“Headphones, Earbuds & Accessories”不一致/信息残缺；保留 AMBIGUOUS，不强行归类。"
B00MJSTZY8,ACCESSORY,0.995,NOT_APPLICABLE,0,2,0,1,0,taxonomy_accessory=2;title_accessory=1,uxcell 5 Pcs Clear Plastic Earphone Storage Case Box Holder Container,uxcell,Cases,Cases,4,ACCESSORY,NOT_APPLICABLE,标题明确为保护壳/收纳配件，不是可独立使用的完整耳机；细分类目 Cases 与此一致；判为 ACCESSORY。
B01DBQTDDO,DEVICE,0.995,EARBUD_INEAR,2,0,2,0,0,taxonomy_device=2;title_device=2,Ear Buds Earphones in Ear Headphones Wired Earbuds with Microphone Mic Stereo and Volume Control Earphone for Earphone Earbud Mp3 Players Tablet Laptop,JOVERS,Earbud Headphones,Headphones & Earbuds,3,DEVICE,EARBUD_INEAR,标题主体是完整耳机，后列保护壳/线缆/支架等随附配件（套装不改变主体标签）；判为 DEVICE；形态依据：标题含耳塞/入耳/开放式耳戴设备词，且其主体线索早于头戴式描述。
B09QPQT53F,AMBIGUOUS,0.6,NOT_APPLICABLE,2,0,0,1,1,taxonomy_device=2;title_accessory=1;conflict,"Airpod Cleaner Kit, Doormoon Multifunction Headphones Cleaner Kit Compatible with Airpods Pro 1 2 Samsung Bluetooth Android Earbuds, Case Clean Tools (Whtie)",Doormoon,Earbud Headphones,Headphones & Earbuds,161,DEVICE,EARBUD_INEAR,标题主体是完整耳机，后列保护壳/线缆/支架等随附配件（套装不改变主体标签）；判为 DEVICE；形态依据：标题含耳塞/入耳/开放式耳戴设备词，且其主体线索早于头戴式描述。 原自动标签为 AMBIGUOUS，本次以商品主体语义和类目复核后更正。
B07M992RT5,ACCESSORY,0.995,NOT_APPLICABLE,0,2,0,1,0,taxonomy_accessory=2;title_accessory=1,"Airpods Case, Music tracker Protective Thicken Airpods Cover Soft Silicone Chargeable Headphone Case with Anti-Lost Carabiner for Apple Airpods 1&2 Charging Case (Olive Green)",Music tracker,Cases,Cases,20861,ACCESSORY,NOT_APPLICABLE,标题明确为保护壳/收纳配件，不是可独立使用的完整耳机；细分类目 Cases 与此一致；判为 ACCESSORY。
B01CV22JVM,AMBIGUOUS,0.5,NOT_APPLICABLE,0,0,0,0,0,insufficient_evidence,"Life.Idea 3.5mm Color Earphones - Package of 50 Pairs, 8 Different Colors, Metal Like Earbuds, Cool and Stylish, Wholesale Bundle, Wide Compatibility (8 Colors/50 pcs)",Life.Idea,Headphones & Earbuds,Headphones & Earbuds,4,DEVICE,EARBUD_INEAR,标题描述可独立使用的完整耳机/耳塞设备，并含连接、声学或供电功能信息；判为 DEVICE；形态依据：标题含耳塞/入耳/开放式耳戴设备词，且其主体线索早于头戴式描述。 原自动标签为 AMBIGUOUS，本次以商品主体语义和类目复核后更正。
B002D41HKS,ACCESSORY,0.98,NOT_APPLICABLE,0,2,0,0,0,taxonomy_accessory=2,Headset Buddy PC Computer Headset to Phone Adapter - Dual 3.5mm to 2.5mm (PC35-PH25),Headset Buddy,Adapters,Adapters,320,ACCESSORY,NOT_APPLICABLE,标题明确为线缆/转接配件，不是可独立使用的完整耳机；细分类目 Adapters 与此一致；判为 ACCESSORY。
B003HMNIEI,AMBIGUOUS,0.5,NOT_APPLICABLE,0,0,0,0,0,insufficient_evidence,"2.5mm Black Bullet Headset for LG LX370/ enV3 VX9200/ Rumor2 LX265,AX265/ Versa VX9600/ VX8360/ Swift AX500/ AX155/ AX300,UX300/ Cosmos VN250/ Octane VN530",TrimDish,Headphones & Earbuds,Headphones & Earbuds,2,DEVICE,EARBUD_INEAR,标题描述可独立使用的完整耳机/耳塞设备，并含连接、声学或供电功能信息；判为 DEVICE；形态依据：标题语义为手机用单耳/免提蓝牙耳机或有线耳麦。 原自动标签为 AMBIGUOUS，本次以商品主体语义和类目复核后更正。
B08ZSSG82Y,ACCESSORY,0.995,NOT_APPLICABLE,0,2,0,3,0,taxonomy_accessory=2;title_accessory=3,Happypapa Airpods Case Designed for Apple AirPods 2 & 1 Full Protective Case Cover with Keychain Cute Girls Men Durable Shockproof Anti Lost Case for Airpods Charging Case (Black Gold Marble),Happypapa,Cases,Cases,18769,ACCESSORY,NOT_APPLICABLE,标题明确为保护壳/收纳配件，不是可独立使用的完整耳机；细分类目 Cases 与此一致；判为 ACCESSORY。
B00VFGCHOU,AMBIGUOUS,0.6,NOT_APPLICABLE,1,0,0,1,1,taxonomy_device=1;title_accessory=1;conflict,Audio Cable For Beats with Inline Remote / Microphone for Beats by Dr. Dre Headphone SoloHD / Studio / Pro / Detox / Wireless / Special for Studio 2.0 Solo Mixr - Compatible to Apple iPhone 3GS / 4 / 4S / 5 / 5S / 6 / 6 plus (Blue),AIFENG,"Headphones, Earbuds & Accessories",,88,ACCESSORY,NOT_APPLICABLE,标题明确为线缆/转接配件，不是可独立使用的完整耳机；结合标题的兼容/替换关系判定；判为 ACCESSORY。 原自动标签为 AMBIGUOUS，本次以商品主体语义和类目复核后更正。
B07416B877,ACCESSORY,0.995,NOT_APPLICABLE,0,2,1,2,1,taxonomy_accessory=2;title_device=1;title_accessory=2;conflict,VEKEFF Replacement Ear Pads Earpuds Ear Cushions Cover for Monster DNA Pro 2.0 Over Ear Headphone,VEVER,Earpads,Earpads,44,ACCESSORY,NOT_APPLICABLE,标题明确为替换耳垫/耳罩，不是可独立使用的完整耳机；细分类目 Earpads 与此一致；判为 ACCESSORY。
B0851VTVLF,DEVICE,0.995,EARBUD_INEAR,2,0,4,0,0,taxonomy_device=2;title_device=4,"EarFun Air True Wireless Earbuds, Bluetooth Earbuds with 4 Mics, Sweatshield IPX7 Waterproof with Volume Control, USB-C Fast Charge, in-Ear Headphones with Wireless Charging, Deep Bass, 35Hrs, White",EarFun,Earbud Headphones,Headphones & Earbuds,14632,DEVICE,EARBUD_INEAR,标题描述可独立使用的完整耳机/耳塞设备，细分类目为 Earbud Headphones；判为 DEVICE；形态依据：标题含耳塞/入耳/开放式耳戴设备词，且其主体线索早于头戴式描述。
B0BBKYDMX7,DEVICE,0.995,OVER_EAR,2,0,1,0,0,taxonomy_device=2;title_device=1,Bluetooth Earbuds Wireless Sleep Headphones Wireless Earphones with Microphones Noise Cancelling Invisible Sleep Earbuds for Side Sleepers Long Battery Life,Mosonnytee,Over-Ear Headphones,Headphones & Earbuds,4,DEVICE,EARBUD_INEAR,标题主体是完整耳机，后列保护壳/线缆/支架等随附配件（套装不改变主体标签）；判为 DEVICE；形态依据：标题含耳塞/入耳/开放式耳戴设备词，且其主体线索早于头戴式描述。
B0C3GDKZQT,AMBIGUOUS,0.6,NOT_APPLICABLE,2,0,2,2,1,taxonomy_device=2;title_device=2;title_accessory=2;conflict,"BEBEN Wireless Earbuds, 36H Playtime Bluetooth Headphones with Mics and Charging Case for iPhone Android, Waterproof Running Headphones for Gym Yoga Workout, Hi-Fi Sound Over Ear Buds with Earhooks",BEBEN,Earbud Headphones,Headphones & Earbuds,13108,DEVICE,EARBUD_INEAR,标题主体是完整耳机，后列保护壳/线缆/支架等随附配件（套装不改变主体标签）；判为 DEVICE；形态依据：标题含耳塞/入耳/开放式耳戴设备词，且其主体线索早于头戴式描述。 原自动标签为 AMBIGUOUS，本次以商品主体语义和类目复核后更正。
B000EYH7E4,AMBIGUOUS,0.5,NOT_APPLICABLE,0,0,0,0,0,insufficient_evidence,"Jwin JBP85 Headphone, Street-Style (Discontinued by Manufacturer)",jWIN,Headphones & Earbuds,Headphones & Earbuds,6,DEVICE,ON_EAR,标题中的便携/折叠/儿童/头带式线索或核验到的厂商规格表明耳垫压在耳廓上；判为 DEVICE / ON_EAR。 原自动标签为 AMBIGUOUS，本次复核后更正。
B082WHYCDH,AMBIGUOUS,0.6,NOT_APPLICABLE,2,0,1,1,1,taxonomy_device=2;title_device=1;title_accessory=1;conflict,JL supply in Ear Stereo Headphones with Microphone Compatible with Galaxy S10 S10+S9/S9+ S8/S8+ Note8 / Note9 S7 S7 Edge- Earbuds 2 Pack W/Extra 4 Ear Piece(Gray),JL supply,Earbud Headphones,Headphones & Earbuds,46,DEVICE,EARBUD_INEAR,标题主体是完整耳机，后列保护壳/线缆/支架等随附配件（套装不改变主体标签）；判为 DEVICE；形态依据：标题含耳塞/入耳/开放式耳戴设备词，且其主体线索早于头戴式描述。 原自动标签为 AMBIGUOUS，本次以商品主体语义和类目复核后更正。
B0CJTXDZ66,DEVICE,0.995,ON_EAR,2,0,1,0,0,taxonomy_device=2;title_device=1,20 Pack Bulk Classroom Headphones with Microphone Students Kids Wired Headphones School Class Set Headphones for School Library Computer Office Meeting Adults 3.5 Jack Universal Plug (Multicolor),Yunsailing,On-Ear Headphones,Headphones & Earbuds,8,DEVICE,ON_EAR,标题主体是完整耳机，后列保护壳/线缆/支架等随附配件（套装不改变主体标签）；判为 DEVICE；形态依据：细分类目为 On-Ear Headphones。
B07Y9PG7ZR,DEVICE,0.985,EARBUD_INEAR,2,0,3,1,1,taxonomy_device=2;title_device=3;title_accessory=1;conflict,"Wireless Earbuds, 5.0 True Wireless Bluetooth Headphones 3D Stereo Sound Wireless Headphones Mini Sweatproof Sport Headsets in-Ear Noise with Built-in Mic and Charging Case",Yeslike,Earbud Headphones,Headphones & Earbuds,88,DEVICE,EARBUD_INEAR,标题主体是完整耳机，后列保护壳/线缆/支架等随附配件（套装不改变主体标签）；判为 DEVICE；形态依据：标题含耳塞/入耳/开放式耳戴设备词，且其主体线索早于头戴式描述。
B0BRSHZHQB,AMBIGUOUS,0.6,NOT_APPLICABLE,2,0,1,1,1,taxonomy_device=2;title_device=1;title_accessory=1;conflict,TOZO T12 2022 Wireless Earbuds Bluetooth 5.3 Headphones Premium Sound Performance Touch Control LED Digital Display Wireless Charging Case Earphones Dark Black (Renewed),Amazon Renewed,Earbud Headphones,Headphones & Earbuds,8,DEVICE,EARBUD_INEAR,标题描述可独立使用的完整耳机/耳塞设备，细分类目为 Earbud Headphones；判为 DEVICE；形态依据：标题含耳塞/入耳/开放式耳戴设备词，且其主体线索早于头戴式描述。 原自动标签为 AMBIGUOUS，本次以商品主体语义和类目复核后更正。
B01M1HJVZY,AMBIGUOUS,0.6,NOT_APPLICABLE,1,0,0,0,0,taxonomy_device=1,SMSL Idol+ DAC/Sound Card/Headphone Amplifier OTG Micro USB 192KHZ,S.M.S.L,"Headphones, Earbuds & Accessories",,8,ACCESSORY,NOT_APPLICABLE,标题明确为耳放/DAC配件，不是可独立使用的完整耳机；结合标题的兼容/替换关系判定；判为 ACCESSORY。 原自动标签为 AMBIGUOUS，本次以商品主体语义和类目复核后更正。
B00009SO63,AMBIGUOUS,0.5,NOT_APPLICABLE,0,0,0,0,0,insufficient_evidence,Sony ME-L82 Mono Earphones Code 1M 3.5mm Plug MEL82H /Genuine,Sony,Headphones & Earbuds,Headphones & Earbuds,205,DEVICE,EARBUD_INEAR,标题描述可独立使用的完整耳机/耳塞设备，并含连接、声学或供电功能信息；判为 DEVICE；形态依据：标题含耳塞/耳机式耳戴设备词，未出现相冲突的头戴形态描述。 原自动标签为 AMBIGUOUS，本次以商品主体语义和类目复核后更正。
B000O7CQDI,ACCESSORY,0.98,NOT_APPLICABLE,0,2,0,0,0,taxonomy_accessory=2,C2G/Cables to Go 41077 Compression F-type Connector with O-Ring for RG6 Quad - 20 Pack (Anodized),CTG,Adapters,Adapters,2,ACCESSORY,NOT_APPLICABLE,标题明确为线缆/转接配件，不是可独立使用的完整耳机；细分类目 Adapters 与此一致；判为 ACCESSORY。
B07X2GV2DP,ACCESSORY,0.98,NOT_APPLICABLE,0,2,0,0,0,taxonomy_accessory=2,Yingbei Creative Cute Husky Styling with Carabiner Compatible Silicone AirPods Case (1st and 2nd Generation)(Black),Yingbei,Cases,Cases,18,ACCESSORY,NOT_APPLICABLE,标题明确为保护壳/收纳配件，不是可独立使用的完整耳机；细分类目 Cases 与此一致；判为 ACCESSORY。
B004G55YX8,AMBIGUOUS,0.5,NOT_APPLICABLE,0,0,0,0,0,insufficient_evidence,Native Union Solo Handset - MM05-BLK-ST - Black Soft Touch,Native Union,Headphones & Earbuds,Headphones & Earbuds,40,ACCESSORY,NOT_APPLICABLE,标题主体是替换件、线缆/收纳件、蓝牙接收件、头盔扬声器套件或手机外接听筒，并非完整耳机；判为 ACCESSORY。 原自动标签为 AMBIGUOUS，本次复核后更正。
B01NACLDSE,DEVICE,0.98,EARBUD_INEAR,2,0,0,0,0,taxonomy_device=2,audbos Double Driver in-Ear Earphones|Headphones|Earbuds Deep Bass Noise Isolating with Mic and Remote (Golden Hoop),audbos,Earbud Headphones,Headphones & Earbuds,13,DEVICE,EARBUD_INEAR,标题描述可独立使用的完整耳机/耳塞设备，细分类目为 Earbud Headphones；判为 DEVICE；形态依据：标题含耳塞/入耳/开放式耳戴设备词，且其主体线索早于头戴式描述。
B016YHZ0NO,DEVICE,0.98,EARBUD_INEAR,2,0,0,0,0,taxonomy_device=2,"NinjaBatt Laptop Battery for Apple MacBook Pro 15"" A1382 (Core i7 2011 & Mid 2012) MD103 MD104 MD318 MC723 - High Performance [Li-Polymer/58Wh/10.8v]",Diginex,Earbud Headphones,Headphones & Earbuds,2,AMBIGUOUS,NOT_APPLICABLE,"needs_review: 标题“NinjaBatt Laptop Battery for Apple MacBook Pro 15"" A1382 (Core i7 2011 & Mid 2012) MD103 MD104 MD318 MC723 - High Performance [Li-Polymer/58Wh/10.8v]”未描述完整耳机或明确耳机配件，且与类目“Earbud Headphones”不一致/信息残缺；保留 AMBIGUOUS，不强行归类。 原自动标签为 DEVICE，本次以商品主体语义和类目复核后更正。"
B08N1DMHNT,ACCESSORY,0.995,NOT_APPLICABLE,0,2,0,1,0,taxonomy_accessory=2;title_accessory=1,Blucoil EPMC-B450XTNEW Replacement Ear Pad Cushions and Microphone Windscreens Kit for Blueparrott B450-XTNEW Headset,blucoil,Earpads,Earpads,7,ACCESSORY,NOT_APPLICABLE,标题明确为替换耳垫/耳罩，不是可独立使用的完整耳机；细分类目 Earpads 与此一致；判为 ACCESSORY。
B01M2CSCEV,DEVICE,0.98,EARBUD_INEAR,2,0,0,0,0,taxonomy_device=2,Chums Triple Play Keychain (Topo),NewRang,Earbud Headphones,Headphones & Earbuds,2,AMBIGUOUS,NOT_APPLICABLE,needs_review: 标题“Chums Triple Play Keychain (Topo)”未描述完整耳机或明确耳机配件，且与类目“Earbud Headphones”不一致/信息残缺；保留 AMBIGUOUS，不强行归类。 原自动标签为 DEVICE，本次以商品主体语义和类目复核后更正。
B00BP6B3Y0,DEVICE,0.98,OVER_EAR,2,0,0,0,0,taxonomy_device=2,Griffin Technology Kids Headphones - Kazoo Frog MyPhones,Griffin Technology,Over-Ear Headphones,Headphones & Earbuds,124,DEVICE,OVER_EAR,标题描述可独立使用的完整耳机/耳塞设备，细分类目为 Over-Ear Headphones；判为 DEVICE；形态依据：细分类目为 Over-Ear Headphones。
B0C6P6RY6J,AMBIGUOUS,0.6,NOT_APPLICABLE,2,0,1,1,1,taxonomy_device=2;title_device=1;title_accessory=1;conflict,"Wireless Earbuds Bluetooth 5.1 Headphones with Wireless Charging Case IPX7 Waterproof Stereo Earphones in-Ear Built-in Mic Headset, Auto Pairing Headphones for iPhone/Samsung/iOS/Android (Black)",Aictoe,Earbud Headphones,Headphones & Earbuds,3345,DEVICE,EARBUD_INEAR,标题主体是完整耳机，后列保护壳/线缆/支架等随附配件（套装不改变主体标签）；判为 DEVICE；形态依据：标题含耳塞/入耳/开放式耳戴设备词，且其主体线索早于头戴式描述。 原自动标签为 AMBIGUOUS，本次以商品主体语义和类目复核后更正。
B09TVPNKLR,ACCESSORY,0.98,NOT_APPLICABLE,0,2,0,0,0,taxonomy_accessory=2,"3 Pack iPhone Headphones Adapter, [Apple MFi Certified] Lightning to 3.5 mm Headphone/Earphone/Earbuds Jack Converter Audio Aux Adapter Dongle Compatible with iPhone 13/12/11/SE 2020/XR/XS/X/8 7",FCV,Adapters,Adapters,59,ACCESSORY,NOT_APPLICABLE,标题明确为线缆/转接配件，不是可独立使用的完整耳机；细分类目 Adapters 与此一致；判为 ACCESSORY。
B07VLVJDZN,ACCESSORY,0.995,NOT_APPLICABLE,0,2,1,1,1,taxonomy_accessory=2;title_device=1;title_accessory=1;conflict,WERJIA Hard EVA Travel Case for Sony WF-SP800N Truly Wireless Earbuds (Black),WERJIA,Cases,Cases,56,ACCESSORY,NOT_APPLICABLE,标题明确为保护壳/收纳配件，不是可独立使用的完整耳机；细分类目 Cases 与此一致；判为 ACCESSORY。
B07C3T745S,AMBIGUOUS,0.5,NOT_APPLICABLE,0,0,0,0,0,insufficient_evidence,BASEMAN Wired Headphones Headsets Strong Low Bass Stereo Foldable Over-Ear Earphones with Microphone 3.5mm for Cellphones iPhone Laptop Tablet Mp4 Mp3 PC (Black),BASEMAN,Headphones & Earbuds,Headphones & Earbuds,62,DEVICE,OVER_EAR,标题主体是完整耳机，后列保护壳/线缆/支架等随附配件（套装不改变主体标签）；判为 DEVICE；形态依据：标题明确为 over-ear/around-ear/full-size，且该形态是最先出现的主体描述。 原自动标签为 AMBIGUOUS，本次以商品主体语义和类目复核后更正。
B07T6GS9QT,DEVICE,0.955,EARBUD_INEAR,2,0,2,1,1,taxonomy_device=2;title_device=2;title_accessory=1;conflict,"Wireless Earbuds,Bluetooth Earbuds Wireless Earphones with Mic Charging Case,Sport Running Mini True Stereo Earbuds Bluetooth Compatible Android Samsu (Black)",SFABF,Earbud Headphones,Headphones & Earbuds,13,DEVICE,EARBUD_INEAR,标题主体是完整耳机，后列保护壳/线缆/支架等随附配件（套装不改变主体标签）；判为 DEVICE；形态依据：标题含耳塞/入耳/开放式耳戴设备词，且其主体线索早于头戴式描述。
B09B9R13WS,ACCESSORY,0.995,NOT_APPLICABLE,0,2,0,1,0,taxonomy_accessory=2;title_accessory=1,kwmobile Case Compatible with Xiaomi Redmi Airdots 3 Pro/Buds 3 Pro Case - Silicone Cover Holder for Earbuds - Black,kwmobile,Cases,Cases,228,ACCESSORY,NOT_APPLICABLE,标题明确为保护壳/收纳配件，不是可独立使用的完整耳机；细分类目 Cases 与此一致；判为 ACCESSORY。
B00KZIK1QK,AMBIGUOUS,0.5,NOT_APPLICABLE,0,0,0,0,0,insufficient_evidence,audio-technica Portable Headphones Black ATH-WM77 BK IM (Japan Import),Audio-Technica,Headphones & Earbuds,Headphones & Earbuds,16,DEVICE,ON_EAR,标题中的便携/折叠/儿童/头带式线索或核验到的厂商规格表明耳垫压在耳廓上；判为 DEVICE / ON_EAR。 核验来源：https://www.audio-technica.co.jp/product/ATH-WM77 原自动标签为 AMBIGUOUS，本次复核后更正。
B09NCTW6KR,AMBIGUOUS,0.6,NOT_APPLICABLE,2,0,1,1,1,taxonomy_device=2;title_device=1;title_accessory=1;conflict,"XIAODU Smart Wireless Earbuds, Voice Note Lightweight Headphone, with 13mm Dynamic Driver Unit and Type-C Charging Case, Mic, Sweat Proof, in-Ear Stereo Earphones for Sports",XIAODU,Earbud Headphones,Headphones & Earbuds,35,DEVICE,EARBUD_INEAR,标题主体是完整耳机，后列保护壳/线缆/支架等随附配件（套装不改变主体标签）；判为 DEVICE；形态依据：标题含耳塞/入耳/开放式耳戴设备词，且其主体线索早于头戴式描述。 原自动标签为 AMBIGUOUS，本次以商品主体语义和类目复核后更正。
B0BFJ2TYZX,AMBIGUOUS,0.5,NOT_APPLICABLE,2,0,1,2,1,taxonomy_device=2;title_device=1;title_accessory=2;conflict,Hoseili【2022new editionBluetooth Headphones】.Bluetooth 5.0 Wireless Earphones in-Ear Stereo Sound Microphone Mini Wireless Earbuds with Headphones and Portable Charging Case for iOS Android PC. XGB2,Hoseili,Earbud Headphones,Headphones & Earbuds,7,DEVICE,EARBUD_INEAR,标题描述可独立使用的完整耳机/耳塞设备，细分类目为 Earbud Headphones；判为 DEVICE；形态依据：标题含耳塞/入耳/开放式耳戴设备词，且其主体线索早于头戴式描述。 原自动标签为 AMBIGUOUS，本次以商品主体语义和类目复核后更正。
B01FU6GSCW,AMBIGUOUS,0.6,NOT_APPLICABLE,0,0,1,0,0,title_device=1,"Beyution 2-in-1 Portable Wireless Bluetooth Transmitter and Receiver with 3.5mm Audio Cable/RCA Cables Connected to TV & Paired with 2 Bluetooth Headphones At Once in TX Mode,Enjoy Stereo Music & Hand",Beyution,Headphones & Earbuds,Headphones & Earbuds,3,DEVICE,OVER_EAR,标题描述可独立使用的完整耳机/耳塞设备，并含连接、声学或供电功能信息；判为 DEVICE；形态依据：标题语义为带耳罩的游戏/办公/监听头戴式耳机。 原自动标签为 AMBIGUOUS，本次以商品主体语义和类目复核后更正。
B00D55ZHYG,AMBIGUOUS,0.6,NOT_APPLICABLE,0,0,1,0,0,title_device=1,"New Retail Package- Black Hi-Fi Over-Ear Smart Stereo Wireless Bluetooth 4.0 Headphones with Microphone for Mobile Cell Phone Laptop PC Tablet, Such as Works w/iPod, iPad, iPhone, Android Devices",Beyution,Headphones & Earbuds,Headphones & Earbuds,91,DEVICE,OVER_EAR,标题主体是完整耳机，后列保护壳/线缆/支架等随附配件（套装不改变主体标签）；判为 DEVICE；形态依据：标题明确为 over-ear/around-ear/full-size，且该形态是最先出现的主体描述。 原自动标签为 AMBIGUOUS，本次以商品主体语义和类目复核后更正。
B01CFNX15K,DEVICE,0.995,ON_EAR,2,0,1,0,0,taxonomy_device=2;title_device=1,"Skullcandy Grind Bluetooth Wireless On-Ear Headphones with Built-In Mic and Remote, 12-Hour Rechargeable Battery, Supreme Sound Audio, Plush Ear Pillows for Comfort, Royal Blue",Skullcandy,On-Ear Headphones,Headphones & Earbuds,1301,DEVICE,ON_EAR,标题主体是完整耳机，后列保护壳/线缆/支架等随附配件（套装不改变主体标签）；判为 DEVICE；形态依据：标题明确为 on-ear/supra-aural，或该形态是最先出现的主体描述。
B082W1G8K9,ACCESSORY,0.98,NOT_APPLICABLE,0,2,0,0,0,taxonomy_accessory=2,"MORETEK Compatible for Galaxy Buds Case(2019), Full Protective TPU Case Cover with Carabiner for Samsung Galaxy Buds Earbuds Accessories (Pink)",MORETEK,Cases,Cases,77,ACCESSORY,NOT_APPLICABLE,标题明确为保护壳/收纳配件，不是可独立使用的完整耳机；细分类目 Cases 与此一致；判为 ACCESSORY。
B08HT46TVP,ACCESSORY,0.995,NOT_APPLICABLE,0,2,0,3,0,taxonomy_accessory=2;title_accessory=3,"[3 Pairs] Replacement Ear Tips for Airpods Pro and Airpods Pro 2nd Generation with Noise Reduction Hole, Silicone Ear Tips for Airpods Pro with Portable Storage Box and Fit in The Charging Case(S/M/L)",YUWAKAYI,Earpads,Earpads,12017,ACCESSORY,NOT_APPLICABLE,标题明确为替换耳垫/耳罩，不是可独立使用的完整耳机；细分类目 Earpads 与此一致；判为 ACCESSORY。
B00BFPUXBK,AMBIGUOUS,0.5,NOT_APPLICABLE,0,0,0,0,0,insufficient_evidence,Urban Beatz Accent Headphones - Pink (UB-HL125 ),Urban Beatz,Headphones & Earbuds,Headphones & Earbuds,11,DEVICE,ON_EAR,标题中的便携/折叠/儿童/头带式线索或核验到的厂商规格表明耳垫压在耳廓上；判为 DEVICE / ON_EAR。 原自动标签为 AMBIGUOUS，本次复核后更正。
B01LX4JU3O,AMBIGUOUS,0.6,NOT_APPLICABLE,1,0,0,0,0,taxonomy_device=1,Audio-Technica Limited Edition Professional Studio Monitor Headphones Gray (ATH-M50xMG) with Audio-Technica Omnidirectional Condenser Lavalier Microphone & Slappa HardBody PRO Headphone Case Black,Audio-Technica,"Headphones, Earbuds & Accessories",,4,DEVICE,OVER_EAR,标题主体是完整耳机，后列保护壳/线缆/支架等随附配件（套装不改变主体标签）；判为 DEVICE；形态依据：标题语义为带耳罩的游戏/办公/监听头戴式耳机。 原自动标签为 AMBIGUOUS，本次以商品主体语义和类目复核后更正。
B0BHDRDKXT,AMBIGUOUS,0.6,NOT_APPLICABLE,1,0,0,0,0,taxonomy_device=1,"Open Ear Air Conduction Headphones, Music Earphones Wireless Bluetoeth 5.2 Headset with Up to 7 Hours Playtime Built-in ENC Mic, Hi-Fi Sound Lightweight for Home Office Commute Indoor Use (Blue)",RELAXYO,Open-Ear Headphones,Headphones & Earbuds,8,DEVICE,EARBUD_INEAR,标题描述可独立使用的完整耳机/耳塞设备，细分类目为 Open-Ear Headphones；判为 DEVICE；形态依据：标题含耳塞/入耳/开放式耳戴设备词，且其主体线索早于头戴式描述。 原自动标签为 AMBIGUOUS，本次以商品主体语义和类目复核后更正。
B076YWTH38,AMBIGUOUS,0.6,NOT_APPLICABLE,0,0,0,1,0,title_accessory=1,"Google Pixel 2 Case,Hsiaofe PU Leather Magnetic Closure Envelope Wallet Flip Protective Cover Case Credit Card Holders Women Handbag with Wrist Strap for Google Pixel 2 (Blue)",Hsiaofe,Headphones & Earbuds,Headphones & Earbuds,13,ACCESSORY,NOT_APPLICABLE,标题明确为保护壳/收纳配件，不是可独立使用的完整耳机；结合标题的兼容/替换关系判定；判为 ACCESSORY。 原自动标签为 AMBIGUOUS，本次以商品主体语义和类目复核后更正。
B0CK78QNCX,DEVICE,0.985,ON_EAR,2,0,4,1,1,taxonomy_device=2;title_device=4;title_accessory=1;conflict,"HISOOS Wireless Earbuds Bluetooth Active Noise Cancelling Headphones HiFi Stereo Ear Buds LED Power Display in-Ear Headphones with Charging Case Earphones for iPhone Android,Music Game (Rose Gold)",HISOOS,On-Ear Headphones,Headphones & Earbuds,2425,DEVICE,EARBUD_INEAR,标题主体是完整耳机，后列保护壳/线缆/支架等随附配件（套装不改变主体标签）；判为 DEVICE；形态依据：标题含耳塞/入耳/开放式耳戴设备词，且其主体线索早于头戴式描述。
B0BRCLQ5T6,AMBIGUOUS,0.6,NOT_APPLICABLE,2,0,1,1,1,taxonomy_device=2;title_device=1;title_accessory=1;conflict,"Acres Wireless Earbuds, [2023 Upgraded] Earphone Bluetooth 5.1 with Charging Case.Smart Noise Reduction for Clear Calls, Enhanced Deep Bass of Sports Headphones for Sport/Travel/Gym",Acres,Earbud Headphones,Headphones & Earbuds,12,DEVICE,EARBUD_INEAR,标题主体是完整耳机，后列保护壳/线缆/支架等随附配件（套装不改变主体标签）；判为 DEVICE；形态依据：标题含耳塞/入耳/开放式耳戴设备词，且其主体线索早于头戴式描述。 原自动标签为 AMBIGUOUS，本次以商品主体语义和类目复核后更正。
B01CULINTG,DEVICE,0.98,ON_EAR,2,0,0,0,0,taxonomy_device=2,Audio Technica ATH-M50xMG LTD Matte Gray Monitor Headphones w/Headphone Amp,Audio-Technica,On-Ear Headphones,Headphones & Earbuds,1,DEVICE,ON_EAR,标题描述可独立使用的完整耳机/耳塞设备，细分类目为 On-Ear Headphones；判为 DEVICE；形态依据：细分类目为 On-Ear Headphones。
B0837LQP49,ACCESSORY,0.995,NOT_APPLICABLE,0,2,0,2,0,taxonomy_accessory=2;title_accessory=2,"Professional Earpads Cushions for Bose Headphones, Replacement Ear Pads for Bose QuietComfort 15 QC15 QC25 QC2 QC35/Ae2 Ae2i Ae2w/SoundTrue & SoundLink Around-Ear Series",SoloWIT,Earpads,Earpads,19219,ACCESSORY,NOT_APPLICABLE,标题明确为替换耳垫/耳罩，不是可独立使用的完整耳机；细分类目 Earpads 与此一致；判为 ACCESSORY。
B07PPFNQQV,ACCESSORY,0.995,NOT_APPLICABLE,0,2,0,1,0,taxonomy_accessory=2;title_accessory=1,"Airpods Case, Music tracker Protective Thicken Airpods Cover Soft Silicone Chargeable Headphone Case with Anti-Lost Carabiner for Apple Airpods 1&2 Charging Case (Brown)",Music tracker,Cases,Cases,20861,ACCESSORY,NOT_APPLICABLE,标题明确为保护壳/收纳配件，不是可独立使用的完整耳机；细分类目 Cases 与此一致；判为 ACCESSORY。
B07YYMNXGV,AMBIGUOUS,0.6,NOT_APPLICABLE,2,0,0,1,1,taxonomy_device=2;title_accessory=1;conflict,Retractable Earphones Compatible with Samsung Galaxy Tab A 10.1 (2019) Tablet - Headphones Hands-Free Headset 3.5mm w Mic Earbuds Earpieces Microphone for Galaxy Tab A 10.1 (2019) Model ONLY,NISMobile,Earbud Headphones,Headphones & Earbuds,14,DEVICE,EARBUD_INEAR,标题主体是完整耳机，后列保护壳/线缆/支架等随附配件（套装不改变主体标签）；判为 DEVICE；形态依据：标题含耳塞/入耳/开放式耳戴设备词，且其主体线索早于头戴式描述。 原自动标签为 AMBIGUOUS，本次以商品主体语义和类目复核后更正。
B00068LZKK,AMBIGUOUS,0.5,NOT_APPLICABLE,0,0,0,0,0,insufficient_evidence,Ear-Clips With Bass Vents,PHILIPS,Headphones & Earbuds,Headphones & Earbuds,8,DEVICE,ON_EAR,标题中的便携/折叠/儿童/头带式线索或核验到的厂商规格表明耳垫压在耳廓上；判为 DEVICE / ON_EAR。 原自动标签为 AMBIGUOUS，本次复核后更正。
B072J99DG7,DEVICE,0.995,EARBUD_INEAR,2,0,2,0,0,taxonomy_device=2;title_device=2,AWEI in Ear Earbuds Noise Cancelling Headphones Gold Plated Plug Wired Earphones with Microphone Volume Control Remote for MP3 Cell Phones Tablets Laptops PC Black,AWEI,Earbud Headphones,Headphones & Earbuds,14,DEVICE,EARBUD_INEAR,标题主体是完整耳机，后列保护壳/线缆/支架等随附配件（套装不改变主体标签）；判为 DEVICE；形态依据：标题含耳塞/入耳/开放式耳戴设备词，且其主体线索早于头戴式描述。
B0114J5ZPK,AMBIGUOUS,0.5,NOT_APPLICABLE,0,0,0,0,0,insufficient_evidence,Kinder Toys Roly-poly Toy Tumbler Baby Toy (Yellow) with sound,Kinder Toys Network,Headphones & Earbuds,Headphones & Earbuds,2,AMBIGUOUS,NOT_APPLICABLE,needs_review: 标题“Kinder Toys Roly-poly Toy Tumbler Baby Toy (Yellow) with sound”未描述完整耳机或明确耳机配件，且与类目“Headphones & Earbuds”不一致/信息残缺；保留 AMBIGUOUS，不强行归类。
B0BNV9NMLH,DEVICE,0.955,EARBUD_INEAR,2,0,2,1,1,taxonomy_device=2;title_device=2;title_accessory=1;conflict,Orancu Bluetooth Headphones Wireless Earbuds with Wireless Charging Case 48hrs Playtime LED Digital Display Deep Bass Sound Earphones with Built in Mic and Over Earhooks Waterproof Headset,Orancu,Earbud Headphones,Headphones & Earbuds,14,DEVICE,EARBUD_INEAR,标题主体是完整耳机，后列保护壳/线缆/支架等随附配件（套装不改变主体标签）；判为 DEVICE；形态依据：标题含耳塞/入耳/开放式耳戴设备词，且其主体线索早于头戴式描述。
B085CCMX84,ACCESSORY,0.98,NOT_APPLICABLE,0,2,0,0,0,taxonomy_accessory=2,"Laffav AirPods Case Cover Silicone Protective Shockproof Case Skin for Apple AirPods 2 & 1 (Front LED Visible) 2 Pack, Black, Lavender",Laffav,Cases,Cases,12175,ACCESSORY,NOT_APPLICABLE,标题明确为保护壳/收纳配件，不是可独立使用的完整耳机；细分类目 Cases 与此一致；判为 ACCESSORY。
B00EV27PZG,AMBIGUOUS,0.5,NOT_APPLICABLE,0,0,0,0,0,insufficient_evidence,Zeadio ZP-AR200 Throat Mic Microphone Headset for iPhone 6 6 Plus 5 4 4s/Samsung S6 S5 S4 S3 Note 2 3 4 9500 9300/Blackberry/HTC/Sony/LG and More - White [1 Year Warranty],Safe,Headphones & Earbuds,Headphones & Earbuds,7,DEVICE,EARBUD_INEAR,标题描述可独立使用的完整耳机/耳塞设备，并含连接、声学或供电功能信息；判为 DEVICE；形态依据：标题语义为手机用单耳/免提蓝牙耳机或有线耳麦。 原自动标签为 AMBIGUOUS，本次以商品主体语义和类目复核后更正。
B076FCJ963,DEVICE,0.995,EARBUD_INEAR,2,0,1,0,0,taxonomy_device=2;title_device=1,"JVC Soft Wireless Earbud with Stayfit Tips, Remote and Mic and Bluetooth Blue (HA-FX9BTA)",JVC,Earbud Headphones,Headphones & Earbuds,130,DEVICE,EARBUD_INEAR,标题描述可独立使用的完整耳机/耳塞设备，细分类目为 Earbud Headphones；判为 DEVICE；形态依据：标题含耳塞/入耳/开放式耳戴设备词，且其主体线索早于头戴式描述。
B07ZWRF1XQ,ACCESSORY,0.995,NOT_APPLICABLE,0,2,1,2,1,taxonomy_accessory=2;title_device=1;title_accessory=2;conflict,WH-1000XM3 Replacement Earpads Memory Foam Ear Pads Cushion Parts Compatible with Sony WH-1000XM3 Over-Ear Headphones (Black),QKIIP,Earpads,Earpads,32,ACCESSORY,NOT_APPLICABLE,标题明确为替换耳垫/耳罩，不是可独立使用的完整耳机；细分类目 Earpads 与此一致；判为 ACCESSORY。
B0BC14M33J,AMBIGUOUS,0.6,NOT_APPLICABLE,1,0,0,0,0,taxonomy_device=1,"Bone Conduction Headphones, Open-Ear Bluetooth 5.2 Sport Headphones, Built-in Mic Wireless Bone Conduction Earphone Bluetooth Waterproof Headset for Running Workout Gym Hiking",Generic,Open-Ear Headphones,Headphones & Earbuds,4,DEVICE,EARBUD_INEAR,标题描述可独立使用的完整耳机/耳塞设备，细分类目为 Open-Ear Headphones；判为 DEVICE；形态依据：标题含耳塞/入耳/开放式耳戴设备词，且其主体线索早于头戴式描述。 原自动标签为 AMBIGUOUS，本次以商品主体语义和类目复核后更正。
B000K3MW08,ACCESSORY,0.995,NOT_APPLICABLE,0,2,1,2,1,taxonomy_accessory=2;title_device=1;title_accessory=2;conflict,Bose Large Replacement Ear Tips for In-Ear Headphones,Bose,Earpads,Earpads,6,ACCESSORY,NOT_APPLICABLE,标题明确为替换耳垫/耳罩，不是可独立使用的完整耳机；细分类目 Earpads 与此一致；判为 ACCESSORY。
B0BNG1JP5Z,AMBIGUOUS,0.6,NOT_APPLICABLE,2,0,1,1,1,taxonomy_device=2;title_device=1;title_accessory=1;conflict,Wireless Earbuds Bluetooth 5.3 Headphones 40Hrs Playback IPX7 Waterproof Sports Earphones with Wireless Charging Case & LED Power Display TWS Stereo Headset Microphone for iOS Android Laptop Black,CAPOXO,Earbud Headphones,Headphones & Earbuds,159,DEVICE,EARBUD_INEAR,标题主体是完整耳机，后列保护壳/线缆/支架等随附配件（套装不改变主体标签）；判为 DEVICE；形态依据：标题含耳塞/入耳/开放式耳戴设备词，且其主体线索早于头戴式描述。 原自动标签为 AMBIGUOUS，本次以商品主体语义和类目复核后更正。
B09K7JMBYK,ACCESSORY,0.98,NOT_APPLICABLE,0,2,0,0,0,taxonomy_accessory=2,"Belkin Rockstar Lightning Audio + Charge - Lightning Cable & iPhone Charger Adapter - Audio Phone Charger - Compatible W/ iPhone 14, iPhone 13, iPhone 12 & All Models W/ Lightning Port",Belkin,Adapters,Adapters,13867,ACCESSORY,NOT_APPLICABLE,标题明确为线缆/转接配件，不是可独立使用的完整耳机；细分类目 Adapters 与此一致；判为 ACCESSORY。
B0040549I0,AMBIGUOUS,0.6,NOT_APPLICABLE,1,0,0,0,0,taxonomy_device=1,"Dotz CWO853B Cord Wrap with Accessory Clip, Opaque Black",Dotz,"Headphones, Earbuds & Accessories",,1,ACCESSORY,NOT_APPLICABLE,标题明确为线缆/转接配件，不是可独立使用的完整耳机；结合标题的兼容/替换关系判定；判为 ACCESSORY。 原自动标签为 AMBIGUOUS，本次以商品主体语义和类目复核后更正。
B07D292FWJ,AMBIGUOUS,0.6,NOT_APPLICABLE,1,0,0,0,0,taxonomy_device=1,Califone International 1569016 3068 MT-10 L Headphones44; Set of 10,Califone,"Headphones, Earbuds & Accessories",,1,DEVICE,OVER_EAR,标题或核验到的规格表明为包耳/环耳/专业监听或大型耳罩式耳机；判为 DEVICE / OVER_EAR。 原自动标签为 AMBIGUOUS，本次复核后更正。
B00NFAKZNE,DEVICE,0.98,EARBUD_INEAR,2,0,0,0,0,taxonomy_device=2,"Anker Lightning to USB Cable 6ft / 1.8m Extra Long with Compact Connector Head [Apple MFi Certified] for iPhone, iPad and iPod (Pink)",Anker,Earbud Headphones,Headphones & Earbuds,179,ACCESSORY,NOT_APPLICABLE,标题明确为线缆/转接配件，不是可独立使用的完整耳机；结合标题的兼容/替换关系判定；判为 ACCESSORY。 原自动标签为 DEVICE，本次以商品主体语义和类目复核后更正。
B00RA6F7UA,AMBIGUOUS,0.6,NOT_APPLICABLE,0,0,1,0,0,title_device=1,Premium Sound Earphones Hands-Free Tangle Free Flat Wired Gray/Black Headset Dual Earbuds with Microphone for Net10 / Straight Talk / Tracfone Motorola EX124G - Motorola Defy XT - Alcatel One Touch Sonic LTE / OneTouch Pop Icon / Pop Star / Mega - LG 511C - LG Optimus Fuel,Fonus,Headphones & Earbuds,Headphones & Earbuds,3,DEVICE,EARBUD_INEAR,标题主体是完整耳机，后列保护壳/线缆/支架等随附配件（套装不改变主体标签）；判为 DEVICE；形态依据：标题含耳塞/入耳/开放式耳戴设备词，且其主体线索早于头戴式描述。 原自动标签为 AMBIGUOUS，本次以商品主体语义和类目复核后更正。
B0B4WFGKNN,AMBIGUOUS,0.6,NOT_APPLICABLE,2,0,2,2,1,taxonomy_device=2;title_device=2;title_accessory=2;conflict,"miumiupop True Wireless Earbuds with Touch Control, Microphone, Charging Case for Ear Buds Headset for Sports, Fitness, Home, Work(White)",miumiupop,Earbud Headphones,Headphones & Earbuds,12,DEVICE,EARBUD_INEAR,标题主体是完整耳机，后列保护壳/线缆/支架等随附配件（套装不改变主体标签）；判为 DEVICE；形态依据：标题含耳塞/入耳/开放式耳戴设备词，且其主体线索早于头戴式描述。 原自动标签为 AMBIGUOUS，本次以商品主体语义和类目复核后更正。
B08H8JCHH9,AMBIGUOUS,0.5,NOT_APPLICABLE,2,0,1,2,1,taxonomy_device=2;title_device=1;title_accessory=2;conflict,"Wireless Earbuds, Cystereo Glare Bluetooth 5.0 Earbuds, 4 Mics Noise Cancelling for Clear Call, IPX7 Waterproof, Touch Control, aptX Deep Bass Earbuds with USB C Charging Case for Sports, Work",Cystereo,Earbud Headphones,Headphones & Earbuds,29,DEVICE,EARBUD_INEAR,标题主体是完整耳机，后列保护壳/线缆/支架等随附配件（套装不改变主体标签）；判为 DEVICE；形态依据：标题含耳塞/入耳/开放式耳戴设备词，且其主体线索早于头戴式描述。 原自动标签为 AMBIGUOUS，本次以商品主体语义和类目复核后更正。
B001LQDNMO,AMBIGUOUS,0.5,NOT_APPLICABLE,0,0,0,0,0,insufficient_evidence,Kettler Chalet Wrought Iron Chaise Lounge,,Headphones & Earbuds,Headphones & Earbuds,1,AMBIGUOUS,NOT_APPLICABLE,needs_review: 标题“Kettler Chalet Wrought Iron Chaise Lounge”未描述完整耳机或明确耳机配件，且与类目“Headphones & Earbuds”不一致/信息残缺；保留 AMBIGUOUS，不强行归类。
B0BC93FPLX,ACCESSORY,0.995,NOT_APPLICABLE,0,2,0,1,0,taxonomy_accessory=2;title_accessory=1,"Cute Case Cover for Airpod 1st 2nd Generation, 3D Cartoon Anime Air Pod Case with Keychain, Kids Teens Boys Girls Men Women for Airpods 1/2 (Shark)",Generic,Cases,Cases,118,ACCESSORY,NOT_APPLICABLE,标题明确为保护壳/收纳配件，不是可独立使用的完整耳机；细分类目 Cases 与此一致；判为 ACCESSORY。
B0CDLM2MJB,AMBIGUOUS,0.6,NOT_APPLICABLE,2,0,1,1,1,taxonomy_device=2;title_device=1;title_accessory=1;conflict,"Wireless Bluetooth Earbuds, True Stereo Headsets in-Ear, 30H Playtime & Charging Case, Built-in Mic Earphones Premium Sound, Touch Control, IPX5 Waterproof Sport Headphones, black-B10",Generic,Earbud Headphones,Headphones & Earbuds,417,DEVICE,EARBUD_INEAR,标题描述可独立使用的完整耳机/耳塞设备，细分类目为 Earbud Headphones；判为 DEVICE；形态依据：标题含耳塞/入耳/开放式耳戴设备词，且其主体线索早于头戴式描述。 原自动标签为 AMBIGUOUS，本次以商品主体语义和类目复核后更正。
B0BD2XV6YQ,DEVICE,0.98,EARBUD_INEAR,2,0,0,0,0,taxonomy_device=2,WskLinft 1 Pair Earphone Phone Call Long Endurance in-Ear Bluetooth-Compatible 5.2 Sports Headset Speaker Accessories Black,WskLinft,Earbud Headphones,Headphones & Earbuds,4,DEVICE,EARBUD_INEAR,标题描述可独立使用的完整耳机/耳塞设备，细分类目为 Earbud Headphones；判为 DEVICE；形态依据：标题含耳塞/入耳/开放式耳戴设备词，且其主体线索早于头戴式描述。
B072ZXZ8VS,AMBIGUOUS,0.5,NOT_APPLICABLE,0,0,0,0,0,insufficient_evidence,Jaciya 50pcs Gold Hair Braid Hair Pins Ring Shell Hands Leaves Star Pendant Rings Set Hair Clip Headband Hair Accessories,Jaciya,Headphones & Earbuds,Headphones & Earbuds,3,AMBIGUOUS,NOT_APPLICABLE,needs_review: 标题“Jaciya 50pcs Gold Hair Braid Hair Pins Ring Shell Hands Leaves Star Pendant Rings Set Hair Clip Headband Hair Accessories”未描述完整耳机或明确耳机配件，且与类目“Headphones & Earbuds”不一致/信息残缺；保留 AMBIGUOUS，不强行归类。
B074XSNKNT,AMBIGUOUS,0.6,NOT_APPLICABLE,2,0,0,1,1,taxonomy_device=2;title_accessory=1;conflict,"iPod Touch 7th 6th 5th Generation Case, iPod Touch Case with Tempered Glass Screen Protector [2 Pack], LeYi Full-Body Armor Hybrid Rugged Protective Clear Bumper Case Cover for Apple iPod Touch 7 6 5",LeYi,Earbud Headphones,Headphones & Earbuds,270,ACCESSORY,NOT_APPLICABLE,标题明确为保护壳/收纳配件，不是可独立使用的完整耳机；结合标题的兼容/替换关系判定；判为 ACCESSORY。 原自动标签为 AMBIGUOUS，本次以商品主体语义和类目复核后更正。
B00G5LBMYG,AMBIGUOUS,0.6,NOT_APPLICABLE,1,0,0,0,0,taxonomy_device=1,"Pre-stuffed Holiday Stocking Includes: Digital Stereo Earbuds, Solar Powered Keychain Flashlight, Digital Photo Frame, Pocket Sized Tool Kit",Magic Deals,"Headphones, Earbuds & Accessories",,3,DEVICE,EARBUD_INEAR,标题描述可独立使用的完整耳机/耳塞设备，并含连接、声学或供电功能信息；判为 DEVICE；形态依据：标题含耳塞/入耳/开放式耳戴设备词，且其主体线索早于头戴式描述。 原自动标签为 AMBIGUOUS，本次以商品主体语义和类目复核后更正。
B09N76B4RD,DEVICE,0.98,ON_EAR,2,0,0,0,0,taxonomy_device=2,AILIHEN Bulk Classroom Student Headphones (5 Pack) for K-12 School Class Sets Teens with 93dB Volume Limited Wired Foldable Headset for Online Study Library Computer Testing Centers (Black Orange),AILIHEN,On-Ear Headphones,Headphones & Earbuds,892,DEVICE,ON_EAR,标题描述可独立使用的完整耳机/耳塞设备，细分类目为 On-Ear Headphones；判为 DEVICE；形态依据：细分类目为 On-Ear Headphones。
B003R2IQPE,AMBIGUOUS,0.5,NOT_APPLICABLE,0,0,0,0,0,insufficient_evidence,RF3 ENVi 3.5mm Natural Wood Mono Headset,Unknown,Headphones & Earbuds,Headphones & Earbuds,1,DEVICE,EARBUD_INEAR,标题描述可独立使用的完整耳机/耳塞设备，并含连接、声学或供电功能信息；判为 DEVICE；形态依据：标题语义为手机用单耳/免提蓝牙耳机或有线耳麦。 原自动标签为 AMBIGUOUS，本次以商品主体语义和类目复核后更正。
B0B3Z4JDS4,ACCESSORY,0.98,NOT_APPLICABLE,0,2,0,0,0,taxonomy_accessory=2,"Airtag Holder, Airtag Case, Air tag Holder, Airtag Accessories, Airtag Key Ring, Airtag Keychain, Silicone Airtag Case, 4 Pack – White, Dark Blue, Blue, Black",toyshi,Cases,Cases,96,ACCESSORY,NOT_APPLICABLE,标题明确为保护壳/收纳配件，不是可独立使用的完整耳机；细分类目 Cases 与此一致；判为 ACCESSORY。
B00B2B3NR8,AMBIGUOUS,0.6,NOT_APPLICABLE,1,0,0,0,0,taxonomy_device=1,Klingg - Magnetic Earphone Cord Holder (Green/Black),Klingg,"Headphones, Earbuds & Accessories",,28,ACCESSORY,NOT_APPLICABLE,标题明确为支架/挂架，不是可独立使用的完整耳机；结合标题的兼容/替换关系判定；判为 ACCESSORY。 原自动标签为 AMBIGUOUS，本次以商品主体语义和类目复核后更正。
B08VRPWFDK,ACCESSORY,0.995,NOT_APPLICABLE,0,2,0,1,0,taxonomy_accessory=2;title_accessory=1,Youkamoo 6.35mm 8 Core Silver Plated Braided Earphone Replacement Upgrade Cable Silver Plated Wire Earphone Cable for BL03 V80 KZ ZS10 PRO ZS10 AS10 ZS6 ZST ZSR TRN (2 Pin 0.78mm),Youkamoo,Extension Cords,Extension Cords,11,ACCESSORY,NOT_APPLICABLE,标题明确为线缆/转接配件，不是可独立使用的完整耳机；细分类目 Extension Cords 与此一致；判为 ACCESSORY。
B07WWF4Q1V,ACCESSORY,0.995,NOT_APPLICABLE,0,2,0,3,0,taxonomy_accessory=2;title_accessory=3,"ESR Upgraded Protective Cover Compatible with AirPods Pro Case, Silicone Case with Carabiner for 2019 AirPods Pro Charging Case [Front LED Visible] [Shock-Absorbing] Soft Slim Case – Yellow",ESR,Cases,Cases,11076,ACCESSORY,NOT_APPLICABLE,标题明确为保护壳/收纳配件，不是可独立使用的完整耳机；细分类目 Cases 与此一致；判为 ACCESSORY。
B09XQW2CWK,AMBIGUOUS,0.5,NOT_APPLICABLE,2,0,1,2,1,taxonomy_device=2;title_device=1;title_accessory=2;conflict,Mekomy Wireless Earbuds Bluetooth 5.0 Headphones with 30H Cycle Playtime Built-in Mic IPX6 Waterproof Headsets Charging Case for in-Ear Buds (White),Mekomy,Earbud Headphones,Headphones & Earbuds,19,DEVICE,EARBUD_INEAR,标题主体是完整耳机，后列保护壳/线缆/支架等随附配件（套装不改变主体标签）；判为 DEVICE；形态依据：标题含耳塞/入耳/开放式耳戴设备词，且其主体线索早于头戴式描述。 原自动标签为 AMBIGUOUS，本次以商品主体语义和类目复核后更正。
B01ARNV56W,AMBIGUOUS,0.6,NOT_APPLICABLE,2,0,0,1,1,taxonomy_device=2;title_accessory=1;conflict,Fullkang Super Bass Stereo in-Ear Earphone Sport Headset with Headphone Storage Bag (Gold),Fullkang,Earbud Headphones,Headphones & Earbuds,7,DEVICE,EARBUD_INEAR,标题描述可独立使用的完整耳机/耳塞设备，细分类目为 Earbud Headphones；判为 DEVICE；形态依据：标题含耳塞/入耳/开放式耳戴设备词，且其主体线索早于头戴式描述。 原自动标签为 AMBIGUOUS，本次以商品主体语义和类目复核后更正。
B0036ZXAOO,AMBIGUOUS,0.6,NOT_APPLICABLE,1,0,0,0,0,taxonomy_device=1,"TOOKS Brigade Camo Headphone Audio Beanie Hat with Built-in Removable Headphones - Color: Black Hawk, Unique Gift Idea",TOOKS,"Headphones, Earbuds & Accessories",,5,DEVICE,ON_EAR,标题描述可独立使用的完整耳机/耳塞设备，并含连接、声学或供电功能信息；判为 DEVICE；形态依据：标题为睡眠眼罩/头带/帽式扬声器，扬声单元贴耳佩戴。 原自动标签为 AMBIGUOUS，本次以商品主体语义和类目复核后更正。
B0B9FX167S,AMBIGUOUS,0.6,NOT_APPLICABLE,2,0,1,1,1,taxonomy_device=2;title_device=1;title_accessory=1;conflict,"Bluetooth Earbuds with Earhooks, 96Hrs Playtime Sport Headphones with Charging Case and LED Digital Display Built in Mic IPX7 Waterproof Headphones, Bass Sound Headset, Over Ear Earbuds for Sport…",zivsivc,Earbud Headphones,Headphones & Earbuds,128,DEVICE,EARBUD_INEAR,标题主体是完整耳机，后列保护壳/线缆/支架等随附配件（套装不改变主体标签）；判为 DEVICE；形态依据：标题含耳塞/入耳/开放式耳戴设备词，且其主体线索早于头戴式描述。 原自动标签为 AMBIGUOUS，本次以商品主体语义和类目复核后更正。
B0C4DV6RDW,DEVICE,0.995,EARBUD_INEAR,2,0,1,0,0,taxonomy_device=2;title_device=1,"Famedy in-Ear Monitors, Wired Earbuds with Tesla Technology Headphone MMCX Detachable Cables,Noise-Isolating in Ear Earbuds for Musicians Drummer HiFi Stereo IEM Earphones (Black, no mic)",Famedy,Earbud Headphones,Headphones & Earbuds,8,DEVICE,EARBUD_INEAR,标题主体是完整耳机，后列保护壳/线缆/支架等随附配件（套装不改变主体标签）；判为 DEVICE；形态依据：标题含耳塞/入耳/开放式耳戴设备词，且其主体线索早于头戴式描述。
B0BGJVDTLZ,ACCESSORY,0.995,NOT_APPLICABLE,0,2,1,1,1,taxonomy_accessory=2;title_device=1;title_accessory=1;conflict,Premium Replacement SoundLink On-Ear Beige Ear Pads Cushions Compatible with Bose SoundLink On-Ear Wireless BH1 Headphones Bose On-Ear 2 (OE2) and Bose SoundTrue On-Ear Headphones. Great Comfort,AHG Accessory House Global,Earpads,Earpads,9,ACCESSORY,NOT_APPLICABLE,标题明确为替换耳垫/耳罩，不是可独立使用的完整耳机；细分类目 Earpads 与此一致；判为 ACCESSORY。
B0BL78QGLK,DEVICE,0.98,OVER_EAR,2,0,0,0,0,taxonomy_device=2,WINONLY Sleep Headphones Wireless Bluetooth Headband - Valentines Day Gifts for Him Upgrade Soft Eye Mask for Sleeping Long Time Play Music Sport Headbands for Workout Running Yoga Unique for Men,WINONLY,Over-Ear Headphones,Headphones & Earbuds,13312,DEVICE,OVER_EAR,标题描述可独立使用的完整耳机/耳塞设备，细分类目为 Over-Ear Headphones；判为 DEVICE；形态依据：细分类目为 Over-Ear Headphones。
B008JBHGR2,AMBIGUOUS,0.6,NOT_APPLICABLE,0,0,1,0,0,title_device=1,"WiGO GOODS LLC ADIO-3555 ADIO Series, BeAN Retractable Cable Magnetic Clasp Earbuds with Mic - Wired Headsets - Retail Packaging - White",WiGO GOODS LLC,Headphones & Earbuds,Headphones & Earbuds,1,DEVICE,EARBUD_INEAR,标题描述可独立使用的完整耳机/耳塞设备，并含连接、声学或供电功能信息；判为 DEVICE；形态依据：标题含耳塞/入耳/开放式耳戴设备词，且其主体线索早于头戴式描述。 原自动标签为 AMBIGUOUS，本次以商品主体语义和类目复核后更正。
B07SK6Q5XX,AMBIGUOUS,0.6,NOT_APPLICABLE,2,0,0,1,1,taxonomy_device=2;title_accessory=1;conflict,"Soundcore Anker Liberty Air True-Wireless Earphones with Charging Case, Bluetooth 5, Touch Control Earbuds(Renewed)",Amazon Renewed,Earbud Headphones,Headphones & Earbuds,1061,DEVICE,EARBUD_INEAR,标题主体是完整耳机，后列保护壳/线缆/支架等随附配件（套装不改变主体标签）；判为 DEVICE；形态依据：标题含耳塞/入耳/开放式耳戴设备词，且其主体线索早于头戴式描述。 原自动标签为 AMBIGUOUS，本次以商品主体语义和类目复核后更正。
B0768GKLNL,DEVICE,0.995,EARBUD_INEAR,2,0,1,0,0,taxonomy_device=2;title_device=1,"Audifonos Earbuds, Earbud Headphones with Microphone - Dynamic Clear Sound Ear Buds with Mic, Noise Isolating Earphones Compatible with Samsung Galaxy S9 S8 S7 S6 S5 Note Edge and More Cell Phones",vastland,Earbud Headphones,Headphones & Earbuds,427,DEVICE,EARBUD_INEAR,标题主体是完整耳机，后列保护壳/线缆/支架等随附配件（套装不改变主体标签）；判为 DEVICE；形态依据：标题含耳塞/入耳/开放式耳戴设备词，且其主体线索早于头戴式描述。
B08HHGHG3B,ACCESSORY,0.995,NOT_APPLICABLE,0,2,0,1,0,taxonomy_accessory=2;title_accessory=1,"3 Pairs Ear Hooks for AirPods 1 & 2 and Pro, Professional Anti-Slip Silicone Earbuds Tips Hook Compatible with Apple Airpods 1 & 2 and Pro (4Pairs White +2pairs Black)",CCOVER,Earpads,Earpads,104,ACCESSORY,NOT_APPLICABLE,标题明确为替换耳垫/耳罩，不是可独立使用的完整耳机；细分类目 Earpads 与此一致；判为 ACCESSORY。
B09X9NR2TR,DEVICE,0.955,EARBUD_INEAR,2,0,2,1,1,taxonomy_device=2;title_device=2;title_accessory=1;conflict,"Jesebang Wireless Earbud, Bluetooth Headphones Touch Control Built in Microphone, Wireless Earphones with Wireless Charging Case, 30 Hours Playtime Compatible with iOS, Android, IP7 Waterproof, White",Jesebang,Earbud Headphones,Headphones & Earbuds,103,DEVICE,EARBUD_INEAR,标题描述可独立使用的完整耳机/耳塞设备，细分类目为 Earbud Headphones；判为 DEVICE；形态依据：标题含耳塞/入耳/开放式耳戴设备词，且其主体线索早于头戴式描述。
B00SMNYFIU,AMBIGUOUS,0.6,NOT_APPLICABLE,0,0,1,0,0,title_device=1,"Sound Intone IP-810 Lightweight Stereo Portable Headphones with Mic, Stretching Headband Headsets, for Kids Boys Girls Headset and Android Smartphone,PC, Laptop and All 3.5mm Jack Devices (Pink)",Sound Intone,Headphones & Earbuds,Headphones & Earbuds,66,DEVICE,OVER_EAR,标题描述可独立使用的完整耳机/耳塞设备，并含连接、声学或供电功能信息；判为 DEVICE；形态依据：标题语义为带耳罩的游戏/办公/监听头戴式耳机。 原自动标签为 AMBIGUOUS，本次以商品主体语义和类目复核后更正。
B07Q12TXD8,ACCESSORY,0.995,NOT_APPLICABLE,0,2,0,2,0,taxonomy_accessory=2;title_accessory=2,"SATLITOG AirPods Case Cover with Secure Lock Keychain, Protective Silicone Cover Compatible with Apple AirPods 2nd & 1st Charging Case - Denim Blue",SATLITOG,Cases,Cases,26733,ACCESSORY,NOT_APPLICABLE,标题明确为保护壳/收纳配件，不是可独立使用的完整耳机；细分类目 Cases 与此一致；判为 ACCESSORY。
B0002ORPMU,AMBIGUOUS,0.5,NOT_APPLICABLE,0,0,0,0,0,insufficient_evidence,Samson PH60,Samson,Headphones & Earbuds,Headphones & Earbuds,3,DEVICE,ON_EAR,标题中的便携/折叠/儿童/头带式线索或核验到的厂商规格表明耳垫压在耳廓上；判为 DEVICE / ON_EAR。 核验来源：https://www.bhphotovideo.com/c/product/184923-REG/Samson_SAPH60_PH_60_Headphone.html 原自动标签为 AMBIGUOUS，本次复核后更正。
B072LFK2RG,AMBIGUOUS,0.6,NOT_APPLICABLE,0,0,1,0,0,title_device=1,iWorld Hyper Sound Earbuds with Mic 1 pr Box,iWorld,Headphones & Earbuds,Headphones & Earbuds,4,DEVICE,EARBUD_INEAR,标题描述可独立使用的完整耳机/耳塞设备，并含连接、声学或供电功能信息；判为 DEVICE；形态依据：标题含耳塞/入耳/开放式耳戴设备词，且其主体线索早于头戴式描述。 原自动标签为 AMBIGUOUS，本次以商品主体语义和类目复核后更正。
B09BJ431F1,ACCESSORY,0.94,NOT_APPLICABLE,0,2,1,0,1,taxonomy_accessory=2;title_device=1;conflict,"MOFREE Beat Studio Case Cover Replacement Compatible for Apple Beats Studio Buds Wireless Earbuds, Heavy Duty Silicone Protective Skin Sleeve with with Bling Elephant Keychain (Purple)",MOFREE,Cases,Cases,14,ACCESSORY,NOT_APPLICABLE,标题明确为保护壳/收纳配件，不是可独立使用的完整耳机；细分类目 Cases 与此一致；判为 ACCESSORY。
B093M3F4GG,ACCESSORY,0.94,NOT_APPLICABLE,0,2,1,0,1,taxonomy_accessory=2;title_device=1;conflict,"Thermaltake Argent HS1 RGB Gaming Headset Stand with 3.5mm AUX and 2 USB Ports, Aluminum Headphone Holder Hanger Rack, sync Lighting Effects TT RGB Plus Products. GEA-HS1-THSSIL-01",Thermaltake,Cases,Cases,6,ACCESSORY,NOT_APPLICABLE,标题明确为保护壳/收纳配件，不是可独立使用的完整耳机；细分类目 Cases 与此一致；判为 ACCESSORY。
B09GYVGMWP,ACCESSORY,0.98,NOT_APPLICABLE,0,2,0,0,0,taxonomy_accessory=2,"Dekoni Audio Bulletz Replacement for Galaxy Buds Pro Ear Tips | Memory Foam Earbud Tips | Fits in Galaxy Buds Case (Large, Three Pack)",Dekoni Audio,Earpads,Earpads,42,ACCESSORY,NOT_APPLICABLE,标题明确为替换耳垫/耳罩，不是可独立使用的完整耳机；细分类目 Earpads 与此一致；判为 ACCESSORY。
B00768BE18,AMBIGUOUS,0.5,NOT_APPLICABLE,0,0,0,0,0,insufficient_evidence,"Lenovo Wireless Headset for PC and Mac, W770B ( 888013185 )",Lenovo,Headphones & Earbuds,Headphones & Earbuds,110,DEVICE,OVER_EAR,标题描述可独立使用的完整耳机/耳塞设备，并含连接、声学或供电功能信息；判为 DEVICE；形态依据：标题语义为带耳罩的游戏/办公/监听头戴式耳机。 原自动标签为 AMBIGUOUS，本次以商品主体语义和类目复核后更正。
B0BL3JKNQW,AMBIGUOUS,0.6,NOT_APPLICABLE,2,0,1,1,1,taxonomy_device=2;title_device=1;title_accessory=1;conflict,"Ganfancp Bluetooth 5.1 Wireless Earbuds,LED Aperture Digital Display Charging Case Headset,HD Stereo Noise Reduction Waterproof Headphones,Great Gift for Family,Friend",Ganfancp,Earbud Headphones,Headphones & Earbuds,1,DEVICE,EARBUD_INEAR,标题描述可独立使用的完整耳机/耳塞设备，细分类目为 Earbud Headphones；判为 DEVICE；形态依据：标题含耳塞/入耳/开放式耳戴设备词，且其主体线索早于头戴式描述。 原自动标签为 AMBIGUOUS，本次以商品主体语义和类目复核后更正。
B07PMWK9H5,AMBIGUOUS,0.6,NOT_APPLICABLE,2,0,1,1,1,taxonomy_device=2;title_device=1;title_accessory=1;conflict,Earphones/Earbuds/Headphones 2Pack Black Compatible with iPhone / Galaxy S9/S9+ S8/S8+ Note8 / Android in-Ear Headphones Remote + Mic Hands-Free Earphones,VOWSVOWS,Earbud Headphones,Headphones & Earbuds,4,DEVICE,EARBUD_INEAR,标题描述可独立使用的完整耳机/耳塞设备，细分类目为 Earbud Headphones；判为 DEVICE；形态依据：标题含耳塞/入耳/开放式耳戴设备词，且其主体线索早于头戴式描述。 原自动标签为 AMBIGUOUS，本次以商品主体语义和类目复核后更正。
B00HNT50UQ,AMBIGUOUS,0.6,NOT_APPLICABLE,1,0,1,1,1,taxonomy_device=1;title_device=1;title_accessory=1;conflict,UPBRIGHT 3.5mm 3 Poles Aux in Cable Cord Compatible with Beats Pro Detox by Dr. Dre Over Ear Headphone Headset Studio EKOCYCLE Headphone Beats Mixr Beats Pro Studio Red Sox Edition,UPBRIGHT,"Headphones, Earbuds & Accessories",,1,ACCESSORY,NOT_APPLICABLE,标题明确为线缆/转接配件，不是可独立使用的完整耳机；结合标题的兼容/替换关系判定；判为 ACCESSORY。 原自动标签为 AMBIGUOUS，本次以商品主体语义和类目复核后更正。
B0BCKHQGJN,DEVICE,0.995,EARBUD_INEAR,2,0,3,0,0,taxonomy_device=2;title_device=3,"Btootos Wireless Earbud Bluetooth Headphones with 4 Mic,40H Playtime LED Power Display Bluetooth 5.3 True Wireless Earbud,Deep Bass Mini Wireless Headphones in Ear Buds Wireless Earphones Sport Black",Btootos,Earbud Headphones,Headphones & Earbuds,12736,DEVICE,EARBUD_INEAR,标题描述可独立使用的完整耳机/耳塞设备，细分类目为 Earbud Headphones；判为 DEVICE；形态依据：标题含耳塞/入耳/开放式耳戴设备词，且其主体线索早于头戴式描述。
B00GKDEA98,AMBIGUOUS,0.5,NOT_APPLICABLE,0,0,0,0,0,insufficient_evidence,Zeadio 3.5mm Open Helmet Half Face Motorcycle Bike Helmet Audio Radio Headset Earpiece Kit Microphone for iPhone 5 5s 5c 4 4s Samsung Galaxy Note 2 Ii S4 SIV S3 Siii S2 SII N7100 I9500 I9300 Etc.,Zeadio,Headphones & Earbuds,Headphones & Earbuds,2,DEVICE,EARBUD_INEAR,标题描述可独立使用的完整耳机/耳塞设备，并含连接、声学或供电功能信息；判为 DEVICE；形态依据：标题语义为手机用单耳/免提蓝牙耳机或有线耳麦。 原自动标签为 AMBIGUOUS，本次以商品主体语义和类目复核后更正。
B00AHOG8S2,AMBIGUOUS,0.5,NOT_APPLICABLE,0,0,0,0,0,insufficient_evidence,iSound BT-2000 Bluetooth Stereo Headset,iSound,Headphones & Earbuds,Headphones & Earbuds,31,DEVICE,EARBUD_INEAR,标题描述可独立使用的完整耳机/耳塞设备，并含连接、声学或供电功能信息；判为 DEVICE；形态依据：标题语义为手机用单耳/免提蓝牙耳机或有线耳麦。 原自动标签为 AMBIGUOUS，本次以商品主体语义和类目复核后更正。
B00U18GOHE,AMBIGUOUS,0.6,NOT_APPLICABLE,0,0,1,0,0,title_device=1,Sound Intone Hd680 Lightweight Headphones with Microphone for Iphone and Android Devices (Orange),Sound Intone,Headphones & Earbuds,Headphones & Earbuds,70,DEVICE,OVER_EAR,标题或核验到的规格表明为包耳/环耳/专业监听或大型耳罩式耳机；判为 DEVICE / OVER_EAR。 原自动标签为 AMBIGUOUS，本次复核后更正。
B07RG67GNR,AMBIGUOUS,0.6,NOT_APPLICABLE,2,0,1,1,1,taxonomy_device=2;title_device=1;title_accessory=1;conflict,"live iLive IAEBTW59B Truly Wireless Bluetooth Earbuds, Sporty Hook, Charging Case, IPX Waterproof, Neon Yellow/Black",live,Earbud Headphones,Headphones & Earbuds,136,DEVICE,EARBUD_INEAR,标题描述可独立使用的完整耳机/耳塞设备，细分类目为 Earbud Headphones；判为 DEVICE；形态依据：标题含耳塞/入耳/开放式耳戴设备词，且其主体线索早于头戴式描述。 原自动标签为 AMBIGUOUS，本次以商品主体语义和类目复核后更正。
B009NPLXGS,AMBIGUOUS,0.6,NOT_APPLICABLE,0,0,0,1,0,title_accessory=1,ivencase 3D Penguin Silicone Soft Skin Case Cover for Apple iPhone 3g 3gs SkyBlue + One Phone Sticker + One ivencase Anti-dust Plug Stopper,Allstarry,Headphones & Earbuds,Headphones & Earbuds,59,ACCESSORY,NOT_APPLICABLE,标题明确为保护壳/收纳配件，不是可独立使用的完整耳机；结合标题的兼容/替换关系判定；判为 ACCESSORY。 原自动标签为 AMBIGUOUS，本次以商品主体语义和类目复核后更正。
B076N74K7P,ACCESSORY,0.98,NOT_APPLICABLE,0,2,0,0,0,taxonomy_accessory=2,"NOMACY Headphones Ear Cushion Kit Replacement for Sony MDR 7506, MDR V6, MDR CD900ST, Ear Pads with Memory Foam and Protein Leather for Noise Blocking and Comfortable Wearing, 1 Pair Black",NOMACY,Earpads,Earpads,18,ACCESSORY,NOT_APPLICABLE,标题明确为替换耳垫/耳罩，不是可独立使用的完整耳机；细分类目 Earpads 与此一致；判为 ACCESSORY。
B07QJBW4PP,ACCESSORY,0.995,NOT_APPLICABLE,0,2,0,1,0,taxonomy_accessory=2;title_accessory=1,"Punswan Hamburger Airpod Case for Apple Airpods 1&2,Cute 3D Funny Cartoon Character Soft Silicone Cover,Kawaii Fun Cool Keychain Design Skin,Fashion Color Cases for Girls Kids Boys Air pods",Gemfits,Cases,Cases,659,ACCESSORY,NOT_APPLICABLE,标题明确为保护壳/收纳配件，不是可独立使用的完整耳机；细分类目 Cases 与此一致；判为 ACCESSORY。
B08887DMWN,DEVICE,0.995,EARBUD_INEAR,2,0,2,0,0,taxonomy_device=2;title_device=2,"KZ ZS10 Pro Wired Earbuds in Ear Headphones, 4BA+1DD Hybrid 10 Drivers HiFi Bass in Ear Monitor Earphones, Noise Cancelling Earbud（No Mic, Blue）",G.K,Earbud Headphones,Headphones & Earbuds,18,DEVICE,EARBUD_INEAR,标题描述可独立使用的完整耳机/耳塞设备，细分类目为 Earbud Headphones；判为 DEVICE；形态依据：标题含耳塞/入耳/开放式耳戴设备词，且其主体线索早于头戴式描述。
B09SGB2WV4,AMBIGUOUS,0.6,NOT_APPLICABLE,2,0,1,1,1,taxonomy_device=2;title_device=1;title_accessory=1;conflict,"Donerton Wireless Earbud 5.1 Headphones 80 Hours Playtime Earphones with Charging Case, in Ear Headset IP7 Waterproof Earbud Noise Cancelling Microphone, LCD Display, for Working, White",Donerton,Earbud Headphones,Headphones & Earbuds,17946,DEVICE,EARBUD_INEAR,标题主体是完整耳机，后列保护壳/线缆/支架等随附配件（套装不改变主体标签）；判为 DEVICE；形态依据：标题含耳塞/入耳/开放式耳戴设备词，且其主体线索早于头戴式描述。 原自动标签为 AMBIGUOUS，本次以商品主体语义和类目复核后更正。
B09PHDGWFZ,AMBIGUOUS,0.6,NOT_APPLICABLE,2,0,0,1,1,taxonomy_device=2;title_accessory=1;conflict,"Bluetooth Neckband Headphones, Dpvisn Foldable Wireless Lightweight Neck Headset with Retractable Earbuds, Noise Cancelling Sweatproof Stereo Earphones with Mic & Carrying Case (Black)",Dpvisn,Earbud Headphones,Headphones & Earbuds,160,DEVICE,EARBUD_INEAR,标题主体是完整耳机，后列保护壳/线缆/支架等随附配件（套装不改变主体标签）；判为 DEVICE；形态依据：标题含耳塞/入耳/开放式耳戴设备词，且其主体线索早于头戴式描述。 原自动标签为 AMBIGUOUS，本次以商品主体语义和类目复核后更正。
B07J2MG2FF,ACCESSORY,0.995,NOT_APPLICABLE,0,2,0,1,0,taxonomy_accessory=2;title_accessory=1,"AirPods Case Compatible Apple AirPods 2&1,9 in 1 AirPods Accessories Set Protective Cover and Silicone Skin with Earpods Keychain/Strap/Ear Hook/Carrying Box-Blue",Jeselry,Cases,Cases,83,ACCESSORY,NOT_APPLICABLE,标题明确为保护壳/收纳配件，不是可独立使用的完整耳机；细分类目 Cases 与此一致；判为 ACCESSORY。
B081PWQKGY,DEVICE,0.98,EARBUD_INEAR,2,0,0,0,0,taxonomy_device=2,"XFVSDXS Earbud Headphones with Remote & Microphone, in Ear Earphone Stereo Sound Noise Isolating Tangle High Fidelity HiFi Headset(Black)",XFVSDXS,Earbud Headphones,Headphones & Earbuds,30,DEVICE,EARBUD_INEAR,标题主体是完整耳机，后列保护壳/线缆/支架等随附配件（套装不改变主体标签）；判为 DEVICE；形态依据：标题含耳塞/入耳/开放式耳戴设备词，且其主体线索早于头戴式描述。
B0813JWYJD,AMBIGUOUS,0.6,NOT_APPLICABLE,2,0,2,2,1,taxonomy_device=2;title_device=2;title_accessory=2;conflict,"Bluedio A2 (Air 2) Stylish Bluetooth Headphones with Mic, 3D Surround Sound Flexible Foldable Lightweight Over Ear Wireless Headphones with Carrying Case for Cell Phones/PC/TV (China)",Bluedio,Over-Ear Headphones,Headphones & Earbuds,16,DEVICE,OVER_EAR,标题主体是完整耳机，后列保护壳/线缆/支架等随附配件（套装不改变主体标签）；判为 DEVICE；形态依据：标题明确为 over-ear/around-ear/full-size，且该形态是最先出现的主体描述。 原自动标签为 AMBIGUOUS，本次以商品主体语义和类目复核后更正。
B0036ZZ6ZK,DEVICE,0.98,EARBUD_INEAR,2,0,0,0,0,taxonomy_device=2,TOOKS Classic Headphone Beanie with Built-in Removable Headphones - Color: Black,TOOKS,Earbud Headphones,Headphones & Earbuds,84,DEVICE,EARBUD_INEAR,标题描述可独立使用的完整耳机/耳塞设备，细分类目为 Earbud Headphones；判为 DEVICE；形态依据：细分类目为 Earbud Headphones。
B07S3WL8M4,ACCESSORY,0.94,NOT_APPLICABLE,0,2,1,0,1,taxonomy_accessory=2;title_device=1;conflict,DURAGADGET Hard 'Shell' EVA Headphone Case (Red) - Suitable for JBL Live 400BT | 500BT | 650BTNC | Harman E55 Bluetooth Over-Ear Headphone & JBL E55BT (2017),DURAGADGET,Cases,Cases,4,ACCESSORY,NOT_APPLICABLE,标题明确为保护壳/收纳配件，不是可独立使用的完整耳机；细分类目 Cases 与此一致；判为 ACCESSORY。
B07PKTMWD4,AMBIGUOUS,0.6,NOT_APPLICABLE,2,0,0,1,1,taxonomy_device=2;title_accessory=1;conflict,"Compatible with Galaxy S10, S10e, S10 Plus - Headset Hands-Free Earphones Earbuds Mic Dual Headphones Stereo Flat Wired 3.5mm Black Works with Samsung Galaxy S10, S10e, S10+",RLTEK,Earbud Headphones,Headphones & Earbuds,1,DEVICE,EARBUD_INEAR,标题描述可独立使用的完整耳机/耳塞设备，细分类目为 Earbud Headphones；判为 DEVICE；形态依据：标题含耳塞/入耳/开放式耳戴设备词，且其主体线索早于头戴式描述。 原自动标签为 AMBIGUOUS，本次以商品主体语义和类目复核后更正。
B09S6ZWPS5,DEVICE,0.995,EARBUD_INEAR,2,0,1,0,0,taxonomy_device=2;title_device=1,"Otium Bluetooth Headphones, Wireless Headphones IPX7 Waterproof Sports Earbuds 15H Playtime with Mic HD Stereo Sound Sweatproof in-Ear Earphoones Noise Cancelling Headsets Gym Running Workout Pink",Otium,Earbud Headphones,Headphones & Earbuds,31422,DEVICE,EARBUD_INEAR,标题描述可独立使用的完整耳机/耳塞设备，细分类目为 Earbud Headphones；判为 DEVICE；形态依据：标题含耳塞/入耳/开放式耳戴设备词，且其主体线索早于头戴式描述。
B014R1GTY8,AMBIGUOUS,0.5,NOT_APPLICABLE,0,0,0,0,0,insufficient_evidence,"SoundBot SB556 Stereo Bluetooth 4.1 Sports Active Wireless Headset High-Performance Earbud Headphone w/ Voice Prompt, Multi-Point Technology for 8Hrs of Wireless Music Streaming & Hands-Free Talking",Soundbot,Headphones & Earbuds,Headphones & Earbuds,32,DEVICE,EARBUD_INEAR,标题描述可独立使用的完整耳机/耳塞设备，并含连接、声学或供电功能信息；判为 DEVICE；形态依据：标题含耳塞/入耳/开放式耳戴设备词，且其主体线索早于头戴式描述。 原自动标签为 AMBIGUOUS，本次以商品主体语义和类目复核后更正。
B08BHVL7VB,ACCESSORY,0.995,NOT_APPLICABLE,0,2,0,3,0,taxonomy_accessory=2;title_accessory=3,"Laffav AirPods 2 & 1 Case for Women Men (Front LED Visible) Soft Silicone Protective Cover Skin with Keychain kit Set Compatible with Apple AirPods 2 and 1, 2 Pack, Black and Yellow",Laffav,Cases,Cases,12142,ACCESSORY,NOT_APPLICABLE,标题明确为保护壳/收纳配件，不是可独立使用的完整耳机；细分类目 Cases 与此一致；判为 ACCESSORY。
B004S7Q8CA,DEVICE,0.98,EARBUD_INEAR,2,0,0,0,0,taxonomy_device=2,"JVC HAFX1X Headphone Xtreme-Xplosivs, Black, Red",JVC,Earbud Headphones,Headphones & Earbuds,11916,DEVICE,EARBUD_INEAR,标题描述可独立使用的完整耳机/耳塞设备，细分类目为 Earbud Headphones；判为 DEVICE；形态依据：细分类目为 Earbud Headphones。
B07Y8C414D,AMBIGUOUS,0.6,NOT_APPLICABLE,2,0,1,1,1,taxonomy_device=2;title_device=1;title_accessory=1;conflict,"Wireless Earbuds with Charging Case, Bluetooth 5.0 Earphones 20Hrs Playing Time in-Ear Clear Call Stereo Sound Built-in Mic Sweatproof Auto Pairing for iPhone Samsung Android, Noise Cancelling",DUDIOS,Earbud Headphones,Headphones & Earbuds,2631,DEVICE,EARBUD_INEAR,标题主体是完整耳机，后列保护壳/线缆/支架等随附配件（套装不改变主体标签）；判为 DEVICE；形态依据：标题含耳塞/入耳/开放式耳戴设备词，且其主体线索早于头戴式描述。 原自动标签为 AMBIGUOUS，本次以商品主体语义和类目复核后更正。
B003TTRWEQ,AMBIGUOUS,0.5,NOT_APPLICABLE,0,0,0,0,0,insufficient_evidence,Premium Stereo Hands-Free 3.5mm Headset Headphones for LG Prime GS390,GRABBIT,Headphones & Earbuds,Headphones & Earbuds,5,DEVICE,EARBUD_INEAR,标题描述可独立使用的完整耳机/耳塞设备，并含连接、声学或供电功能信息；判为 DEVICE；形态依据：标题语义为手机用单耳/免提蓝牙耳机或有线耳麦。 原自动标签为 AMBIGUOUS，本次以商品主体语义和类目复核后更正。
B0886PNJP9,DEVICE,0.995,EARBUD_INEAR,2,0,1,0,0,taxonomy_device=2;title_device=1,JBL Endurance RUN - Wired Sport In-Ear Headphones - Red,JBL,Earbud Headphones,Headphones & Earbuds,13754,DEVICE,EARBUD_INEAR,标题描述可独立使用的完整耳机/耳塞设备，细分类目为 Earbud Headphones；判为 DEVICE；形态依据：标题含耳塞/入耳/开放式耳戴设备词，且其主体线索早于头戴式描述。
B00GNTG36M,AMBIGUOUS,0.5,NOT_APPLICABLE,0,0,0,0,0,insufficient_evidence,"SANOXY Phone Retro Handset (3.5mm) Mic Retro POP Cell Phone Handset for Mac iPhone Ipad,Nokia Gift Item (Purple)",SANOXY,Headphones & Earbuds,Headphones & Earbuds,7,ACCESSORY,NOT_APPLICABLE,标题主体是替换件、线缆/收纳件、蓝牙接收件、头盔扬声器套件或手机外接听筒，并非完整耳机；判为 ACCESSORY。 原自动标签为 AMBIGUOUS，本次复核后更正。
B09L1B8H78,AMBIGUOUS,0.6,NOT_APPLICABLE,2,0,1,1,1,taxonomy_device=2;title_device=1;title_accessory=1;conflict,"Unihertz Unibuds for Unihertz Phone, Wireless Earphones Bluetooth Headphones Wireless Charging Case",Unihertz,Earbud Headphones,Headphones & Earbuds,15,DEVICE,EARBUD_INEAR,标题描述可独立使用的完整耳机/耳塞设备，细分类目为 Earbud Headphones；判为 DEVICE；形态依据：标题含耳塞/耳机式耳戴设备词，未出现相冲突的头戴形态描述。 原自动标签为 AMBIGUOUS，本次以商品主体语义和类目复核后更正。
B0711C14FR,DEVICE,0.995,EARBUD_INEAR,2,0,2,0,0,taxonomy_device=2;title_device=2,"KINVOCA Wired Metal In Ear Earbuds Headphones with Microphone Volume and Case, Bass Stereo Noise Isolating Inear Earphones Ear Buds for Cell Phones, Aluminum Alloy, Carabiner, 3.5mm Jack, Black",KINVOCA,Earbud Headphones,Headphones & Earbuds,412,DEVICE,EARBUD_INEAR,标题主体是完整耳机，后列保护壳/线缆/支架等随附配件（套装不改变主体标签）；判为 DEVICE；形态依据：标题含耳塞/入耳/开放式耳戴设备词，且其主体线索早于头戴式描述。
B0011RR8E2,AMBIGUOUS,0.6,NOT_APPLICABLE,0,0,1,0,0,title_device=1,Jabra BT5020 Bluetooth Headset,Jabra,Headphones & Earbuds,Headphones & Earbuds,5,DEVICE,EARBUD_INEAR,标题描述可独立使用的完整耳机/耳塞设备，并含连接、声学或供电功能信息；判为 DEVICE；形态依据：标题语义为手机用单耳/免提蓝牙耳机或有线耳麦。 原自动标签为 AMBIGUOUS，本次以商品主体语义和类目复核后更正。
B002OOWBKW,AMBIGUOUS,0.6,NOT_APPLICABLE,0,0,1,0,0,title_device=1,BlackBerry HS-500 Bluetooth Headset,BlackBerry,Headphones & Earbuds,Headphones & Earbuds,125,DEVICE,EARBUD_INEAR,标题描述可独立使用的完整耳机/耳塞设备，并含连接、声学或供电功能信息；判为 DEVICE；形态依据：标题语义为手机用单耳/免提蓝牙耳机或有线耳麦。 原自动标签为 AMBIGUOUS，本次以商品主体语义和类目复核后更正。
B01LZIQ6NR,AMBIGUOUS,0.5,NOT_APPLICABLE,0,0,0,0,0,insufficient_evidence,RBX Active Women's Hooded Brushed Back Sweater Knit Jacket Black M,,Headphones & Earbuds,Headphones & Earbuds,2,AMBIGUOUS,NOT_APPLICABLE,needs_review: 标题“RBX Active Women's Hooded Brushed Back Sweater Knit Jacket Black M”未描述完整耳机或明确耳机配件，且与类目“Headphones & Earbuds”不一致/信息残缺；保留 AMBIGUOUS，不强行归类。
B002YO7A5I,AMBIGUOUS,0.5,NOT_APPLICABLE,0,0,0,0,0,insufficient_evidence,"Sennheiser HD 407 Open Dynamic Supra-Aural Over-The-Ear Stereo Headphones - Connect To Apple iPad, iPod, iPhone, MP3/MP4 Players, Galaxy Tab, Mobile Phones And All Audio Devices (Discontinued by Manufacturer)",Sennheiser,Headphones & Earbuds,Headphones & Earbuds,149,DEVICE,ON_EAR,标题描述可独立使用的完整耳机/耳塞设备，并含连接、声学或供电功能信息；判为 DEVICE；形态依据：标题明确为 on-ear/supra-aural，或该形态是最先出现的主体描述。 原自动标签为 AMBIGUOUS，本次以商品主体语义和类目复核后更正。
B07ZM54BL7,ACCESSORY,0.995,NOT_APPLICABLE,0,2,0,1,0,taxonomy_accessory=2;title_accessory=1,"Joyleop 3D Yellow Fork Case Compatible with Airpods 1/2,Cute Fun Cartoon Funny Kids Girls Teens Cover, Kawaii Cool Stylish Fashion Soft Silicone Protective Character Airpod Skin Cases for Air pods 1&2",Joyleop,Cases,Cases,18,ACCESSORY,NOT_APPLICABLE,标题明确为保护壳/收纳配件，不是可独立使用的完整耳机；细分类目 Cases 与此一致；判为 ACCESSORY。
B00S5F3Y6Y,AMBIGUOUS,0.5,NOT_APPLICABLE,0,0,0,0,0,insufficient_evidence,"MEE audio HP-AF65-BK-MEE Air-Fi Touch Advanced Bluetooth Wireless Headset Functionality, With Aptx, Black/Gold, 7 X 2 X 4 Inches",MEE audio,Headphones & Earbuds,Headphones & Earbuds,77,DEVICE,EARBUD_INEAR,标题描述可独立使用的完整耳机/耳塞设备，并含连接、声学或供电功能信息；判为 DEVICE；形态依据：标题语义为手机用单耳/免提蓝牙耳机或有线耳麦。 原自动标签为 AMBIGUOUS，本次以商品主体语义和类目复核后更正。
B0BG29953D,DEVICE,0.98,OVER_EAR,2,0,0,0,0,taxonomy_device=2,TEASTAR Wireless Beanie Hat Men Women Gifts Knit Headphone Headset Christmas Music Cap Gifts for Teenage Boys Girls Husband,TEASTAR,Over-Ear Headphones,Headphones & Earbuds,59,DEVICE,OVER_EAR,标题描述可独立使用的完整耳机/耳塞设备，细分类目为 Over-Ear Headphones；判为 DEVICE；形态依据：细分类目为 Over-Ear Headphones。
B06XFSC3LR,AMBIGUOUS,0.5,NOT_APPLICABLE,0,0,0,0,0,insufficient_evidence,DevLon NorthWest Paraffin Wax Treatment 1 lbs Refill Wax Bath Moisturizer for Dry Skin Lemon,DevLon NorthWest,Headphones & Earbuds,Headphones & Earbuds,1,ACCESSORY,NOT_APPLICABLE,标题明确为保护壳/收纳配件，不是可独立使用的完整耳机；结合标题的兼容/替换关系判定；判为 ACCESSORY。 原自动标签为 AMBIGUOUS，本次以商品主体语义和类目复核后更正。
B00Q2VIW9M,DEVICE,0.995,ON_EAR,2,0,1,0,0,taxonomy_device=2;title_device=1,"Bluedio T2s Bluetooth Headphones On Ear with Mic, 57mm Driver Rotary Folding Wireless Headset, Wired and Wireless Headphones for Cell Phone/TV/PC, 40 Hours Play Time, Support Voice Control(Black)",Bluedio,On-Ear Headphones,Headphones & Earbuds,12785,DEVICE,ON_EAR,标题描述可独立使用的完整耳机/耳塞设备，细分类目为 On-Ear Headphones；判为 DEVICE；形态依据：标题明确为 on-ear/supra-aural，或该形态是最先出现的主体描述。
B07K8W72MW,ACCESSORY,0.995,NOT_APPLICABLE,0,2,1,1,1,taxonomy_accessory=2;title_device=1;title_accessory=1;conflict,"Bose 3.5mm to 2.5mm Stereo Cable for QuietComfort 3, 25, and 35 Noise Cancelling Headphones Replacement Cable bose soundtrue Replacement Cable bose Headphones (Silver)",Bose,Extension Cords,Extension Cords,138,ACCESSORY,NOT_APPLICABLE,标题明确为线缆/转接配件，不是可独立使用的完整耳机；细分类目 Extension Cords 与此一致；判为 ACCESSORY。
B005WJWMAU,DEVICE,0.98,EARBUD_INEAR,2,0,0,0,0,taxonomy_device=2,Skullcandy S2FFFM-075 50/50 2011 White/Chrome Earphones with Mic,Skullcandy,Earbud Headphones,Headphones & Earbuds,3,DEVICE,EARBUD_INEAR,标题描述可独立使用的完整耳机/耳塞设备，细分类目为 Earbud Headphones；判为 DEVICE；形态依据：标题含耳塞/耳机式耳戴设备词，未出现相冲突的头戴形态描述。
B09M3MFHLC,DEVICE,0.985,EARBUD_INEAR,2,0,3,1,1,taxonomy_device=2;title_device=3;title_accessory=1;conflict,JOYSILIN - True Wireless Earbuds - in-Ear Bluetooth Headphones - Built-in Microphone and Wireless Charging case - 36-Hour Loop - Sports Waterproof - Black,JOYSILIN,Earbud Headphones,Headphones & Earbuds,329,DEVICE,EARBUD_INEAR,标题描述可独立使用的完整耳机/耳塞设备，细分类目为 Earbud Headphones；判为 DEVICE；形态依据：标题含耳塞/入耳/开放式耳戴设备词，且其主体线索早于头戴式描述。
B074P4GLFC,DEVICE,0.98,EARBUD_INEAR,2,0,0,0,0,taxonomy_device=2,THE Electronics Wired 3.5MM Superb Sound Earphone/Earbuds/Headphones +1 Carry Case w/Microphone Noise Isolating Headphones for Work Talk Play Workout Gym Smartphones Tablets (White 2),THE electronics,Earbud Headphones,Headphones & Earbuds,72,DEVICE,EARBUD_INEAR,标题描述可独立使用的完整耳机/耳塞设备，细分类目为 Earbud Headphones；判为 DEVICE；形态依据：标题含耳塞/入耳/开放式耳戴设备词，且其主体线索早于头戴式描述。
B003O67N1Q,ACCESSORY,0.995,NOT_APPLICABLE,0,2,0,2,0,taxonomy_accessory=2;title_accessory=2,"One Set/3 sizes - Earphones Plus brand S,M,L CLEAR replacement ear cushions for Apple brand earbud headphones",Earphones Plus,Earpads,Earpads,7,ACCESSORY,NOT_APPLICABLE,标题主体是替换件、线缆/收纳件、蓝牙接收件、头盔扬声器套件或手机外接听筒，并非完整耳机；判为 ACCESSORY。
B07M8FTNKJ,ACCESSORY,0.995,NOT_APPLICABLE,0,2,0,1,0,taxonomy_accessory=2;title_accessory=1,"Airpods Case, Music tracker Protective Thicken Airpods Cover Soft Silicone Chargeable Headphone Case with Anti-Lost Carabiner for Apple Airpods 1&2 Charging Case (Rose)",Music tracker,Cases,Cases,20860,ACCESSORY,NOT_APPLICABLE,标题明确为保护壳/收纳配件，不是可独立使用的完整耳机；细分类目 Cases 与此一致；判为 ACCESSORY。
B07WX6MCGD,DEVICE,0.955,EARBUD_INEAR,2,0,2,1,1,taxonomy_device=2;title_device=2;title_accessory=1;conflict,"2021 Upgraded Version MIFO O5 True Wireless Earbuds Bluetooth 5.0 Earbuds with 2600mAH Charging Case IP67 Hi-Fi Stereo in Ear Earphones Wireless Headphones for Running, Built-in Mic",mifo,Earbud Headphones,Headphones & Earbuds,700,DEVICE,EARBUD_INEAR,标题主体是完整耳机，后列保护壳/线缆/支架等随附配件（套装不改变主体标签）；判为 DEVICE；形态依据：标题含耳塞/入耳/开放式耳戴设备词，且其主体线索早于头戴式描述。
B0BJDZF6X4,AMBIGUOUS,0.6,NOT_APPLICABLE,2,0,0,1,1,taxonomy_device=2;title_accessory=1;conflict,"Wireless Bluetooth LED Display Electroplated Earphones,9D HiFi Stereo Sound with Mic,with Charging Case, Binaural Call,Noise Reduction Technology, IPX7 Waterproof, for Sports, for iOS Android (Black)",LAVANY,Earbud Headphones,Headphones & Earbuds,2,DEVICE,EARBUD_INEAR,标题主体是完整耳机，后列保护壳/线缆/支架等随附配件（套装不改变主体标签）；判为 DEVICE；形态依据：标题含耳塞/耳机式耳戴设备词，未出现相冲突的头戴形态描述。 原自动标签为 AMBIGUOUS，本次以商品主体语义和类目复核后更正。
B011S90B6E,ACCESSORY,0.98,NOT_APPLICABLE,0,2,0,0,0,taxonomy_accessory=2,Josi Minea x 2 Pcs 2.5mm Male to 3.5mm Female Audio Adapter Converter Headphone Earphone Headset 3 Ring Jack - Stereo or Mono [ 2 Pack ],Josi Minea,Adapters,Adapters,108,ACCESSORY,NOT_APPLICABLE,标题明确为线缆/转接配件，不是可独立使用的完整耳机；细分类目 Adapters 与此一致；判为 ACCESSORY。
B09XMK9F6W,AMBIGUOUS,0.6,NOT_APPLICABLE,2,0,1,1,1,taxonomy_device=2;title_device=1;title_accessory=1;conflict,"Vovenusc Bluetooth Earbuds, Wireless Earphones with Wireless Charging Case, in-Ear Sport Headphones with 36hrs Long-Lasting 550A 0",Vovenusc,Earbud Headphones,Headphones & Earbuds,7,DEVICE,EARBUD_INEAR,标题主体是完整耳机，后列保护壳/线缆/支架等随附配件（套装不改变主体标签）；判为 DEVICE；形态依据：标题含耳塞/入耳/开放式耳戴设备词，且其主体线索早于头戴式描述。 原自动标签为 AMBIGUOUS，本次以商品主体语义和类目复核后更正。
B07MBT79Z9,ACCESSORY,0.995,NOT_APPLICABLE,0,2,1,1,1,taxonomy_accessory=2;title_device=1;title_accessory=1;conflict,"GLCON Earphone Earbud Carrying Case Holder - Lightweight Mini Universal Storage Pouch Bag for Wired Earbuds, Airpods, Bluetooth Headset, Wall Charger Adapter, USB Cable, Cell Phone Accessories - Pink",GLCON,Cases,Cases,6709,ACCESSORY,NOT_APPLICABLE,标题明确为保护壳/收纳配件，不是可独立使用的完整耳机；细分类目 Cases 与此一致；判为 ACCESSORY。
b01g8jo5f2,DEVICE,0.995,EARBUD_INEAR,2,0,1,0,0,taxonomy_device=2;title_device=1,"Senso Bluetooth Headphones, Best Wireless Sports Earbuds w/Mic IPX7 Waterproof HD Stereo Sweatproof Earphones for Gym Running Workout Noise Cancelling Earphones Earbuds Noise Cancelling Headsets",Senso,Earbud Headphones,Headphones & Earbuds,42789,DEVICE,EARBUD_INEAR,标题描述可独立使用的完整耳机/耳塞设备，细分类目为 Earbud Headphones；判为 DEVICE；形态依据：标题含耳塞/入耳/开放式耳戴设备词，且其主体线索早于头戴式描述。
B09XN9QZQF,AMBIGUOUS,0.6,NOT_APPLICABLE,2,0,1,1,1,taxonomy_device=2;title_device=1;title_accessory=1;conflict,Sony WFL900/H LinkBuds Truly Wireless Earbuds Headphones w/Alexa Built-in (Gray) Bundle with 2 YR CPS Enhanced Protection Pack and Deco Essentials Protective Case WF-L900 LinkBuds,Sony,Earbud Headphones,Headphones & Earbuds,4,DEVICE,EARBUD_INEAR,标题主体是完整耳机，后列保护壳/线缆/支架等随附配件（套装不改变主体标签）；判为 DEVICE；形态依据：标题含耳塞/入耳/开放式耳戴设备词，且其主体线索早于头戴式描述。 原自动标签为 AMBIGUOUS，本次以商品主体语义和类目复核后更正。
B08HYGGQ11,ACCESSORY,0.995,NOT_APPLICABLE,0,2,0,1,0,taxonomy_accessory=2;title_accessory=1,"AirPods Case,Water Drop Rainbow Glitter Cute Hard PC Protective Shockproof Case Cover Skins with Shell Keychain Compatible with Apple AirPods 1 & 2 (Colorful)",GARSAM,Cases,Cases,609,ACCESSORY,NOT_APPLICABLE,标题明确为保护壳/收纳配件，不是可独立使用的完整耳机；细分类目 Cases 与此一致；判为 ACCESSORY。
B016XJ1OLA,AMBIGUOUS,0.5,NOT_APPLICABLE,0,0,0,0,0,insufficient_evidence,"Palytte for MacBook Air Charger,Replacement 45W Magsafe 2 Power Adapter T-Tip Magnetic Connector Charger with 2.4A USB Port for MacBook Air 11 inch and 13 inch (45W-T)",Palytte,Headphones & Earbuds,Headphones & Earbuds,56,ACCESSORY,NOT_APPLICABLE,标题明确为线缆/转接配件，不是可独立使用的完整耳机；结合标题的兼容/替换关系判定；判为 ACCESSORY。 原自动标签为 AMBIGUOUS，本次以商品主体语义和类目复核后更正。
B09W4G29RJ,AMBIGUOUS,0.6,NOT_APPLICABLE,2,0,1,1,1,taxonomy_device=2;title_device=1;title_accessory=1;conflict,"SZHTFX Invisible Earbuds Sleep Bluetooth Earbuds Mini Tiny Discreet Hidden Headphones for Work, Small Ear Canals - Single Earbud with Charging Case (Black-（Single）)",SZHTFX,Earbud Headphones,Headphones & Earbuds,1684,DEVICE,EARBUD_INEAR,标题主体是完整耳机，后列保护壳/线缆/支架等随附配件（套装不改变主体标签）；判为 DEVICE；形态依据：标题含耳塞/入耳/开放式耳戴设备词，且其主体线索早于头戴式描述。 原自动标签为 AMBIGUOUS，本次以商品主体语义和类目复核后更正。
B017G2VP30,AMBIGUOUS,0.6,NOT_APPLICABLE,2,0,1,1,1,taxonomy_device=2;title_device=1;title_accessory=1;conflict,LETTON G1 3.5mm Wired Stereo Lightweight Over Ear Gaming Headphones with Microphone PU Ear-pad for PC(Black)Normal Edition,LETTON,Over-Ear Headphones,Headphones & Earbuds,19,DEVICE,OVER_EAR,标题主体是完整耳机，后列保护壳/线缆/支架等随附配件（套装不改变主体标签）；判为 DEVICE；形态依据：标题明确为 over-ear/around-ear/full-size，且该形态是最先出现的主体描述。 原自动标签为 AMBIGUOUS，本次以商品主体语义和类目复核后更正。
B08ZVJ17SR,ACCESSORY,0.995,NOT_APPLICABLE,0,2,0,1,0,taxonomy_accessory=2;title_accessory=1,"Airpods 2/1 Case,Cute 3D Cartoon White Shoes Premium Silicone Airpods Case,Soft Silicone Shockproof Key Sneakers ShoeCharging Protective Cover Skin,Compatible airpods 2/1 Skin Cases",JC-Lee,Cases,Cases,19,ACCESSORY,NOT_APPLICABLE,标题明确为保护壳/收纳配件，不是可独立使用的完整耳机；细分类目 Cases 与此一致；判为 ACCESSORY。
B00862U5M2,AMBIGUOUS,0.6,NOT_APPLICABLE,0,0,1,1,1,title_device=1;title_accessory=1;conflict,iKross 3.5mm Stereo Earbuds with Microphone + Black Headset Case for Samsung Galaxy Tab S2/ Tab Active/A with S Pen/Tab A/Tab 4 Nook/Tab S/Tab 4 3/ Tab 3 Lite/NotePro/TabPro,iKross,Headphones & Earbuds,Headphones & Earbuds,3,DEVICE,EARBUD_INEAR,标题主体是完整耳机，后列保护壳/线缆/支架等随附配件（套装不改变主体标签）；判为 DEVICE；形态依据：标题含耳塞/入耳/开放式耳戴设备词，且其主体线索早于头戴式描述。 原自动标签为 AMBIGUOUS，本次以商品主体语义和类目复核后更正。
B0BKPZTSK6,ACCESSORY,0.995,NOT_APPLICABLE,0,2,0,2,0,taxonomy_accessory=2;title_accessory=2,"Silicone Cover for JBL Tune 230NC TWS Wireless Earphone Silicone Protective Cover, Portable Scratch and Shock Proof Cover with Carabiner(Mint Green)",PIUAMUNKJ,Cases,Cases,77,ACCESSORY,NOT_APPLICABLE,标题明确为保护壳/收纳配件，不是可独立使用的完整耳机；细分类目 Cases 与此一致；判为 ACCESSORY。
B07GPCRWCF,AMBIGUOUS,0.6,NOT_APPLICABLE,2,0,1,1,1,taxonomy_device=2;title_device=1;title_accessory=1;conflict,"Headphones, Earphones Earbuds Headphones with Microphone Stereo Sound Mic Remote Volume Control Compatible with 3.5 mm Headphone (Red 31)",Zhicity,Earbud Headphones,Headphones & Earbuds,5,DEVICE,EARBUD_INEAR,标题主体是完整耳机，后列保护壳/线缆/支架等随附配件（套装不改变主体标签）；判为 DEVICE；形态依据：标题含耳塞/入耳/开放式耳戴设备词，且其主体线索早于头戴式描述。 原自动标签为 AMBIGUOUS，本次以商品主体语义和类目复核后更正。
B0059YLAAQ,AMBIGUOUS,0.5,NOT_APPLICABLE,0,0,0,0,0,insufficient_evidence,Apple Earphones with Remote and Mic (Old Version),Apple,Headphones & Earbuds,Headphones & Earbuds,1174,DEVICE,EARBUD_INEAR,标题描述可独立使用的完整耳机/耳塞设备，并含连接、声学或供电功能信息；判为 DEVICE；形态依据：标题含耳塞/耳机式耳戴设备词，未出现相冲突的头戴形态描述。 原自动标签为 AMBIGUOUS，本次以商品主体语义和类目复核后更正。
B00WU3WSRI,AMBIGUOUS,0.5,NOT_APPLICABLE,0,0,0,0,0,insufficient_evidence,Coby CV790 Pro Studio Monitor Stereo HP (Discontinued by Manufacturer),Coby,Headphones & Earbuds,Headphones & Earbuds,4,DEVICE,OVER_EAR,标题或核验到的规格表明为包耳/环耳/专业监听或大型耳罩式耳机；判为 DEVICE / OVER_EAR。 原自动标签为 AMBIGUOUS，本次复核后更正。
B00NBMHT6C,AMBIGUOUS,0.5,NOT_APPLICABLE,0,0,0,0,0,insufficient_evidence,Sony MDRXB450AP Extra Bass Smartphone Headset (Black),Sony,Headphones & Earbuds,Headphones & Earbuds,580,DEVICE,EARBUD_INEAR,标题描述可独立使用的完整耳机/耳塞设备，并含连接、声学或供电功能信息；判为 DEVICE；形态依据：标题语义为手机用单耳/免提蓝牙耳机或有线耳麦。 原自动标签为 AMBIGUOUS，本次以商品主体语义和类目复核后更正。
B00D8YYXZS,AMBIGUOUS,0.5,NOT_APPLICABLE,0,0,0,0,0,insufficient_evidence,Samsung 3.5mm EHS64 Stereo Headset - Original OEM EHS64AVFBE,SAMSUNG,Headphones & Earbuds,Headphones & Earbuds,133,DEVICE,EARBUD_INEAR,标题描述可独立使用的完整耳机/耳塞设备，并含连接、声学或供电功能信息；判为 DEVICE；形态依据：标题语义为手机用单耳/免提蓝牙耳机或有线耳麦。 原自动标签为 AMBIGUOUS，本次以商品主体语义和类目复核后更正。
B000Q0ASIS,AMBIGUOUS,0.5,NOT_APPLICABLE,0,0,0,0,0,insufficient_evidence,Turtle Beach Ear Force AKR8,Turtle Beach,Headphones & Earbuds,Headphones & Earbuds,16,DEVICE,OVER_EAR,标题或核验到的规格表明为包耳/环耳/专业监听或大型耳罩式耳机；判为 DEVICE / OVER_EAR。 核验来源：https://www.bhphotovideo.com/c/product/511201-REG/Turtle_Beach_TBS_2120_Ear_Force_AK_R8_Professional.html 原自动标签为 AMBIGUOUS，本次复核后更正。
B07XNWTL6M,AMBIGUOUS,0.6,NOT_APPLICABLE,2,0,1,1,1,taxonomy_device=2;title_device=1;title_accessory=1;conflict,YDYBZB Ear Pads Cushions Cups Compatible with Audio-Technica ATH-AR3BT ATH AR3BTBK Bluetooth Wireless On-Ear Headphone Earpads Replacement,YDYBZB,On-Ear Headphones,Headphones & Earbuds,2,ACCESSORY,NOT_APPLICABLE,标题明确为替换耳垫/耳罩，不是可独立使用的完整耳机；结合标题的兼容/替换关系判定；判为 ACCESSORY。 原自动标签为 AMBIGUOUS，本次以商品主体语义和类目复核后更正。
B0073P4ESO,DEVICE,0.98,OVER_EAR,2,0,0,0,0,taxonomy_device=2,"Shure SRH1440 Professional Open Back Headphones - 40mm Neodymium Drivers, Full-Range Audio with Detailed Highs and Rich Bass for Mastering and Critical Listening, Circumaural Design for Natural Sound",Shure,Over-Ear Headphones,Headphones & Earbuds,86,DEVICE,OVER_EAR,标题描述可独立使用的完整耳机/耳塞设备，细分类目为 Over-Ear Headphones；判为 DEVICE；形态依据：标题明确为 over-ear/around-ear/full-size，且该形态是最先出现的主体描述。
B00Q3ZAMAY,AMBIGUOUS,0.6,NOT_APPLICABLE,0,0,1,0,0,title_device=1,Green Color 3.5mm Audio Earphone Headphones Headset Earbuds With Microphone Hands Free For T-Mobile Alcatel One Touch Fierce 2,NM,Headphones & Earbuds,Headphones & Earbuds,1,DEVICE,EARBUD_INEAR,标题主体是完整耳机，后列保护壳/线缆/支架等随附配件（套装不改变主体标签）；判为 DEVICE；形态依据：标题含耳塞/入耳/开放式耳戴设备词，且其主体线索早于头戴式描述。 原自动标签为 AMBIGUOUS，本次以商品主体语义和类目复核后更正。
B07V8J8YYB,DEVICE,0.955,EARBUD_INEAR,2,0,2,1,1,taxonomy_device=2;title_device=2;title_accessory=1;conflict,"Sudio Tolv True Wireless Earbuds - Auto Pairing, Compact Charging Case, 35h Play Time, iOS, Android (Green)",Sudio,Earbud Headphones,Headphones & Earbuds,19,DEVICE,EARBUD_INEAR,标题描述可独立使用的完整耳机/耳塞设备，细分类目为 Earbud Headphones；判为 DEVICE；形态依据：标题含耳塞/入耳/开放式耳戴设备词，且其主体线索早于头戴式描述。
B0768FYBY1,DEVICE,0.98,EARBUD_INEAR,2,0,0,0,0,taxonomy_device=2,"BAIJIE Women's 3/4 Sleeve Tunic Swimg Casual Loose T Shirt Short Dress, Purple XXXL",NUATE,Earbud Headphones,Headphones & Earbuds,2,AMBIGUOUS,NOT_APPLICABLE,"needs_review: 标题“BAIJIE Women's 3/4 Sleeve Tunic Swimg Casual Loose T Shirt Short Dress, Purple XXXL”未描述完整耳机或明确耳机配件，且与类目“Earbud Headphones”不一致/信息残缺；保留 AMBIGUOUS，不强行归类。 原自动标签为 DEVICE，本次以商品主体语义和类目复核后更正。"
B07RGTK321,ACCESSORY,0.98,NOT_APPLICABLE,0,2,0,0,0,taxonomy_accessory=2,eSynic HiFi Headphone Amplifier Support Headphone of High Impedance 16-500Ω Portable Volume Control Amp 3.5mm Audio Rechargeable Earphone Amplifier for MP3 MP4 Digital Player Computer,eSynic,Amplifiers,Amplifiers,1,ACCESSORY,NOT_APPLICABLE,标题明确为耳放/DAC配件，不是可独立使用的完整耳机；细分类目 Amplifiers 与此一致；判为 ACCESSORY。
B07M7H9FT5,ACCESSORY,0.995,NOT_APPLICABLE,0,2,0,1,0,taxonomy_accessory=2;title_accessory=1,"Airpods Case, Music tracker Protective Thicken Airpods Cover Soft Silicone Chargeable Headphone Case with Anti-Lost Carabiner for Apple Airpods 1&2 Charging Case (Light Purple)",Music tracker,Cases,Cases,20859,ACCESSORY,NOT_APPLICABLE,标题明确为保护壳/收纳配件，不是可独立使用的完整耳机；细分类目 Cases 与此一致；判为 ACCESSORY。
B09BPBX79Z,DEVICE,0.995,EARBUD_INEAR,2,0,2,0,0,taxonomy_device=2;title_device=2,JBL VIBE 100 TWS - True Wireless In-Ear Headphones - Purple,JBL,Earbud Headphones,Headphones & Earbuds,17079,DEVICE,EARBUD_INEAR,标题描述可独立使用的完整耳机/耳塞设备，细分类目为 Earbud Headphones；判为 DEVICE；形态依据：标题含耳塞/入耳/开放式耳戴设备词，且其主体线索早于头戴式描述。
B076QKD7ZT,AMBIGUOUS,0.5,NOT_APPLICABLE,0,0,0,0,0,insufficient_evidence,"Bahoki Essentials Large Stainless Steel Tea Infuser, Mesh Strainer, For Loose Herbs or Tea Bags, Reusable Filter - Bundle of 2",Barbato,Headphones & Earbuds,Headphones & Earbuds,1,AMBIGUOUS,NOT_APPLICABLE,"needs_review: 标题“Bahoki Essentials Large Stainless Steel Tea Infuser, Mesh Strainer, For Loose Herbs or Tea Bags, Reusable Filter - Bundle of 2”未描述完整耳机或明确耳机配件，且与类目“Headphones & Earbuds”不一致/信息残缺；保留 AMBIGUOUS，不强行归类。"
B01HJCRKOK,DEVICE,0.98,EARBUD_INEAR,2,0,0,0,0,taxonomy_device=2,TecLine Magnetic Dashboard 360 Degree Smartphone Cell Phone Mount Cradle Holder,Jiannnuan,Earbud Headphones,Headphones & Earbuds,4,AMBIGUOUS,NOT_APPLICABLE,needs_review: 标题“TecLine Magnetic Dashboard 360 Degree Smartphone Cell Phone Mount Cradle Holder”未描述完整耳机或明确耳机配件，且与类目“Earbud Headphones”不一致/信息残缺；保留 AMBIGUOUS，不强行归类。 原自动标签为 DEVICE，本次以商品主体语义和类目复核后更正。
B001CWD4L2,AMBIGUOUS,0.5,NOT_APPLICABLE,0,0,0,0,0,insufficient_evidence,Technocel Hands-Free Stereo Headset for Nokia Phones - Black,Technocel,Headphones & Earbuds,Headphones & Earbuds,2,DEVICE,EARBUD_INEAR,标题描述可独立使用的完整耳机/耳塞设备，并含连接、声学或供电功能信息；判为 DEVICE；形态依据：标题语义为手机用单耳/免提蓝牙耳机或有线耳麦。 原自动标签为 AMBIGUOUS，本次以商品主体语义和类目复核后更正。
B09N1GZX58,DEVICE,0.995,EARBUD_INEAR,2,0,4,0,0,taxonomy_device=2;title_device=4,"Tribit Wireless Earbuds, IPX7 Waterproof Bluetooth 5.0 Touch Control True Wireless Bluetooth Earbuds with Mic Earphones in-Ear Deep Bass Built-in Mic Bluetooth Headphones, FlyBuds 3 Mini",Tribit,Earbud Headphones,Headphones & Earbuds,352,DEVICE,EARBUD_INEAR,标题描述可独立使用的完整耳机/耳塞设备，细分类目为 Earbud Headphones；判为 DEVICE；形态依据：标题含耳塞/入耳/开放式耳戴设备词，且其主体线索早于头戴式描述。
B0BYCVJDCL,DEVICE,0.98,EARBUD_INEAR,2,0,0,0,0,taxonomy_device=2,"Apple Earbuds Wired iPhone Headphones, Earphones with Lightning Noise Isolating [Apple MFi Certified] Built-in Microphone & Volume Control Compatible with iPhone 14/13/12/11/XR/XS/X/7/7 Plus/8/8Plus",VERTEX STYLE,Earbud Headphones,Headphones & Earbuds,1946,DEVICE,EARBUD_INEAR,标题主体是完整耳机，后列保护壳/线缆/支架等随附配件（套装不改变主体标签）；判为 DEVICE；形态依据：标题含耳塞/入耳/开放式耳戴设备词，且其主体线索早于头戴式描述。
B08PFW1S1V,DEVICE,0.995,OVER_EAR,2,0,3,0,0,taxonomy_device=2;title_device=3,"Soundcore Anker Life Q20 Hybrid Active Noise Cancelling Headphones, Wireless Over Ear Bluetooth Headphones, 40H Playtime, Hi-Res Audio, Deep Bass, Memory Foam Ear Cups, for Travel, Home Office",Soundcore,Over-Ear Headphones,Headphones & Earbuds,63247,DEVICE,OVER_EAR,标题描述可独立使用的完整耳机/耳塞设备，细分类目为 Over-Ear Headphones；判为 DEVICE；形态依据：标题明确为 over-ear/around-ear/full-size，且该形态是最先出现的主体描述。
B07RWQ8SXB,ACCESSORY,0.995,NOT_APPLICABLE,0,2,0,1,0,taxonomy_accessory=2;title_accessory=1,Rhinenet Replacement Earpads Ear Cushions Cover Compatible for Sennheiser HD545 HD580 HD565 HD600 HD650 Headphones Velvet Earmuff Comfortable Easy to use Ear Pads Ear Cup (Black),Rhinenet,Earpads,Earpads,15,ACCESSORY,NOT_APPLICABLE,标题明确为替换耳垫/耳罩，不是可独立使用的完整耳机；细分类目 Earpads 与此一致；判为 ACCESSORY。
B002J4UPPK,AMBIGUOUS,0.5,NOT_APPLICABLE,0,0,0,0,0,insufficient_evidence,"Microlab Headphones T1 Black, Wireless BT4.0, Noise Cancelling, 10h Playback",Microlab,Headphones & Earbuds,Headphones & Earbuds,7,DEVICE,ON_EAR,标题中的便携/折叠/儿童/头带式线索或核验到的厂商规格表明耳垫压在耳廓上；判为 DEVICE / ON_EAR。 核验来源：https://www.flipkart.com/microlab-t1-black-bluetooth/p/itme6781ef0aef5e 原自动标签为 AMBIGUOUS，本次复核后更正。
B08ZHKJK85,ACCESSORY,0.995,NOT_APPLICABLE,0,2,0,1,0,taxonomy_accessory=2;title_accessory=1,"Fingic Compatible with AirPods 3rd Generation Case, AirPods 3 Case Glitter Sparkle Cover with Keychain Full Body Protective Stylish Shockproof Soft TPU for AirPods 3 Case 2021, Clear",Fingic,Cases,Cases,91,ACCESSORY,NOT_APPLICABLE,标题明确为保护壳/收纳配件，不是可独立使用的完整耳机；细分类目 Cases 与此一致；判为 ACCESSORY。
B098D6K87K,ACCESSORY,0.96,NOT_APPLICABLE,0,2,2,1,1,taxonomy_accessory=2;title_device=2;title_accessory=1;conflict,"Maidea Silicone Case Compatible with Beats Studio Buds – True Wireless Noise Cancelling Earbuds , Supports Wireless Charging, Protective Silicone with Keychain for Beats Studio Buds (Red)",Maidea,Cases,Cases,30,ACCESSORY,NOT_APPLICABLE,标题明确为保护壳/收纳配件，不是可独立使用的完整耳机；细分类目 Cases 与此一致；判为 ACCESSORY。
B08M5KZ4ZG,AMBIGUOUS,0.6,NOT_APPLICABLE,2,0,2,2,1,taxonomy_device=2;title_device=2;title_accessory=2;conflict,Brand Bluetooth Earbuds - Noise Cancelling Wireless Waterproof Headphones - Workout Earbuds - Bluetooth Earbuds with Microphone and Charging Case - Free 540 Degree Cable - 3 Tips for Mobile Phone,Genric,Earbud Headphones,Headphones & Earbuds,47,DEVICE,EARBUD_INEAR,标题主体是完整耳机，后列保护壳/线缆/支架等随附配件（套装不改变主体标签）；判为 DEVICE；形态依据：标题含耳塞/入耳/开放式耳戴设备词，且其主体线索早于头戴式描述。 原自动标签为 AMBIGUOUS，本次以商品主体语义和类目复核后更正。
B00C2LWG0W,ACCESSORY,0.995,NOT_APPLICABLE,0,2,0,1,0,taxonomy_accessory=2;title_accessory=1,OEM Replacement Battery Cover for Dre Beats Studio White Color,Beats,Earpads,Earpads,41,ACCESSORY,NOT_APPLICABLE,标题明确为替换耳垫/耳罩，不是可独立使用的完整耳机；细分类目 Earpads 与此一致；判为 ACCESSORY。
B071LQX3YM,AMBIGUOUS,0.6,NOT_APPLICABLE,0,0,1,0,0,title_device=1,"PureGear PureBoom Wireless Bluetooth 4.1 Over Head Foldable Adjustable Stereo Over Ear Headphones w/ Built-in Mic and Wired Mode for PC/ Cell Phones/ TV, Black",PureGear,Headphones & Earbuds,Headphones & Earbuds,50,DEVICE,OVER_EAR,标题描述可独立使用的完整耳机/耳塞设备，并含连接、声学或供电功能信息；判为 DEVICE；形态依据：标题明确为 over-ear/around-ear/full-size，且该形态是最先出现的主体描述。 原自动标签为 AMBIGUOUS，本次以商品主体语义和类目复核后更正。
B0BZVGQ1M3,DEVICE,0.995,OVER_EAR,2,0,2,0,0,taxonomy_device=2;title_device=2,"rockpapa Comfort+ Kids Headphones with Microphone and Volume Control, Boys Girls Student Over-Ear Headphones Wired for School Classroom Laptop PC Computer Tablet Black Blue",rockpapa,Over-Ear Headphones,Headphones & Earbuds,3462,DEVICE,OVER_EAR,标题主体是完整耳机，后列保护壳/线缆/支架等随附配件（套装不改变主体标签）；判为 DEVICE；形态依据：标题明确为 over-ear/around-ear/full-size，且该形态是最先出现的主体描述。
B00Q3YLGZK,AMBIGUOUS,0.6,NOT_APPLICABLE,0,0,1,0,0,title_device=1,Purple Color 3.5mm Audio Earphone Headphones Headset Earbuds With Microphone Hands Free For Boost Mobile Sharp Aquos Crystal,NM,Headphones & Earbuds,Headphones & Earbuds,1,DEVICE,EARBUD_INEAR,标题主体是完整耳机，后列保护壳/线缆/支架等随附配件（套装不改变主体标签）；判为 DEVICE；形态依据：标题含耳塞/入耳/开放式耳戴设备词，且其主体线索早于头戴式描述。 原自动标签为 AMBIGUOUS，本次以商品主体语义和类目复核后更正。
B008337SDI,AMBIGUOUS,0.5,NOT_APPLICABLE,0,0,0,0,0,insufficient_evidence,Giro Tuneups Audio 2013,Giro,Headphones & Earbuds,Headphones & Earbuds,70,ACCESSORY,NOT_APPLICABLE,标题主体是替换件、线缆/收纳件、蓝牙接收件、头盔扬声器套件或手机外接听筒，并非完整耳机；判为 ACCESSORY。 核验来源：https://www.evo.com/helmet-accessories/giro-tuneups 原自动标签为 AMBIGUOUS，本次复核后更正。
B000W6IZH2,AMBIGUOUS,0.5,NOT_APPLICABLE,0,0,0,0,0,insufficient_evidence,Proporta Inline Volume Control,Proporta,Headphones & Earbuds,Headphones & Earbuds,5,ACCESSORY,NOT_APPLICABLE,标题明确为耳机配件，不是可独立使用的完整耳机；结合标题的兼容/替换关系判定；判为 ACCESSORY。 原自动标签为 AMBIGUOUS，本次以商品主体语义和类目复核后更正。
B000EYAE2G,DEVICE,0.98,EARBUD_INEAR,2,0,0,0,0,taxonomy_device=2,"NHT Classic ThreeC Center Channel Speaker (Piano-Gloss Black, Single)",NHT,Earbud Headphones,Headphones & Earbuds,13,AMBIGUOUS,NOT_APPLICABLE,"needs_review: 标题“NHT Classic ThreeC Center Channel Speaker (Piano-Gloss Black, Single)”未描述完整耳机或明确耳机配件，且与类目“Earbud Headphones”不一致/信息残缺；保留 AMBIGUOUS，不强行归类。 原自动标签为 DEVICE，本次以商品主体语义和类目复核后更正。"
B085HXN6CJ,DEVICE,0.995,EARBUD_INEAR,2,0,2,0,0,taxonomy_device=2;title_device=2,URIZONS 2Pack 3.5mm Wired in-Ear Colorful Earbuds - Tangle-Free and Trendy Noise Isolating Earphones Kids in Ear Headphones with Microphone for iPhone Laptop Kids Tangle Free Fabric Braided,URIZONS,Earbud Headphones,Headphones & Earbuds,19,DEVICE,EARBUD_INEAR,标题主体是完整耳机，后列保护壳/线缆/支架等随附配件（套装不改变主体标签）；判为 DEVICE；形态依据：标题含耳塞/入耳/开放式耳戴设备词，且其主体线索早于头戴式描述。
B07QYQYRRK,AMBIGUOUS,0.5,NOT_APPLICABLE,0,0,0,0,0,insufficient_evidence,"Mens Watches,LIGE Waterproof Brown Leather Fashion Simple Analog Quartz Watch Gents Date Casual Dress Sport Wrist Watches Gold Blue",Kawayy,Headphones & Earbuds,Headphones & Earbuds,4,AMBIGUOUS,NOT_APPLICABLE,"needs_review: 标题“Mens Watches,LIGE Waterproof Brown Leather Fashion Simple Analog Quartz Watch Gents Date Casual Dress Sport Wrist Watches Gold Blue”未描述完整耳机或明确耳机配件，且与类目“Headphones & Earbuds”不一致/信息残缺；保留 AMBIGUOUS，不强行归类。"
B09YSJKNCN,DEVICE,0.995,EARBUD_INEAR,2,0,1,0,0,taxonomy_device=2;title_device=1,Skullcandy Ink'd+ In-Ear Earbuds - Lavender,Skullcandy,Earbud Headphones,Headphones & Earbuds,20798,DEVICE,EARBUD_INEAR,标题描述可独立使用的完整耳机/耳塞设备，细分类目为 Earbud Headphones；判为 DEVICE；形态依据：标题含耳塞/入耳/开放式耳戴设备词，且其主体线索早于头戴式描述。
B0013F5ZBA,AMBIGUOUS,0.5,NOT_APPLICABLE,0,0,0,0,0,insufficient_evidence,"Altec Lansing iMT525 Soundblade - Wireless, immersive sound for for BlueTooth (A2DP) phones with built in microphone.",Altec Lansing,Headphones & Earbuds,Headphones & Earbuds,5,ACCESSORY,NOT_APPLICABLE,标题明确为耳机配件，不是可独立使用的完整耳机；结合标题的兼容/替换关系判定；判为 ACCESSORY。 原自动标签为 AMBIGUOUS，本次以商品主体语义和类目复核后更正。
B008KC33BI,DEVICE,0.995,EARBUD_INEAR,2,0,1,0,0,taxonomy_device=2;title_device=1,Wired Headphone Metal Earbuds by JOVERS Noise Cancelling Stereo Heave Bass Earphones with Volume Control，in Ear Headphones with Magnetic Design for Men for Earbud Earphone 5 6 Pink,JOVERS,Earbud Headphones,Headphones & Earbuds,4,DEVICE,EARBUD_INEAR,标题描述可独立使用的完整耳机/耳塞设备，细分类目为 Earbud Headphones；判为 DEVICE；形态依据：标题含耳塞/入耳/开放式耳戴设备词，且其主体线索早于头戴式描述。
B000WFKZDK,DEVICE,0.98,EARBUD_INEAR,2,0,0,0,0,taxonomy_device=2,Origin Toys & Games ASKEW Suspended Construction Game,Nin9Yuan,Earbud Headphones,Headphones & Earbuds,2,AMBIGUOUS,NOT_APPLICABLE,needs_review: 标题“Origin Toys & Games ASKEW Suspended Construction Game”未描述完整耳机或明确耳机配件，且与类目“Earbud Headphones”不一致/信息残缺；保留 AMBIGUOUS，不强行归类。 原自动标签为 DEVICE，本次以商品主体语义和类目复核后更正。
B009IJT9N8,AMBIGUOUS,0.5,NOT_APPLICABLE,0,0,0,0,0,insufficient_evidence,"DGL HY-825-DJ-BWP Hype Plaid Universal Stereo Headset DJ Headphones, Black",DGL,Headphones & Earbuds,Headphones & Earbuds,1,DEVICE,OVER_EAR,标题描述可独立使用的完整耳机/耳塞设备，并含连接、声学或供电功能信息；判为 DEVICE；形态依据：标题语义为带耳罩的游戏/办公/监听头戴式耳机。 原自动标签为 AMBIGUOUS，本次以商品主体语义和类目复核后更正。
B07XCXH75M,AMBIGUOUS,0.6,NOT_APPLICABLE,2,0,0,1,1,taxonomy_device=2;title_accessory=1;conflict,TWS-X8 Headphones Wireless Bluetooth 5.0 Earphones Waterproof in-Ear Headpsets Built-in Handsfree Microphone TWS Wireless Earphones Twins Earbuds 3500mAh Headphone Charging Case (Black),unbrand,Earbud Headphones,Headphones & Earbuds,7,DEVICE,EARBUD_INEAR,标题描述可独立使用的完整耳机/耳塞设备，细分类目为 Earbud Headphones；判为 DEVICE；形态依据：标题含耳塞/入耳/开放式耳戴设备词，且其主体线索早于头戴式描述。 原自动标签为 AMBIGUOUS，本次以商品主体语义和类目复核后更正。
B01AOY1XWA,AMBIGUOUS,0.5,NOT_APPLICABLE,0,0,0,0,0,insufficient_evidence,Toxi Wired Kids Headphones - Volume Limited Over-ear Headsets with Padded Cushions and Removable Size-adjuster Suit for Kids - Purple,TOXI,Headphones & Earbuds,Headphones & Earbuds,27,DEVICE,OVER_EAR,标题描述可独立使用的完整耳机/耳塞设备，并含连接、声学或供电功能信息；判为 DEVICE；形态依据：标题明确为 over-ear/around-ear/full-size，且该形态是最先出现的主体描述。 原自动标签为 AMBIGUOUS，本次以商品主体语义和类目复核后更正。
B091N1RDD1,ACCESSORY,0.98,NOT_APPLICABLE,0,2,0,0,0,taxonomy_accessory=2,"UGREEN Headphone Splitter Headset Splitter Audio Mic Y Adapter Braided 3.5mm TRRS Male to 2 Female Cable with MIC Compatible with PS5 PS4 Xbox One Controller, Phone to Earphone, Gaming Speaker",UGREEN,Adapters,Adapters,374,ACCESSORY,NOT_APPLICABLE,标题明确为线缆/转接配件，不是可独立使用的完整耳机；细分类目 Adapters 与此一致；判为 ACCESSORY。
B07MDB3V2S,ACCESSORY,0.98,NOT_APPLICABLE,0,2,0,0,0,taxonomy_accessory=2,Headphone Adapter Compatible for Headphone Jack Adapter Dongle for iPhone 7/7Plus /8/8Plus/X/XR/XS/XS MAX Audio Cable to 3.5mm Aux Connector Music Jack Adapter Charging Support iOS 12 or Later,UCDOUIT,Adapters,Adapters,4,ACCESSORY,NOT_APPLICABLE,标题明确为线缆/转接配件，不是可独立使用的完整耳机；细分类目 Adapters 与此一致；判为 ACCESSORY。
B00CJGW84Y,AMBIGUOUS,0.6,NOT_APPLICABLE,0,0,1,0,0,title_device=1,HYPE Duos Stereo Headphone with Mic - Green,Hype,Headphones & Earbuds,Headphones & Earbuds,3,DEVICE,ON_EAR,标题中的便携/折叠/儿童/头带式线索或核验到的厂商规格表明耳垫压在耳廓上；判为 DEVICE / ON_EAR。 核验来源：https://www.flipkart.com/hype-deluxe-folding-stereo-headphones-detachable-mic-wired-without/p/itm999388212043e 原自动标签为 AMBIGUOUS，本次复核后更正。
B07HH6X34D,DEVICE,0.995,EARBUD_INEAR,2,0,1,0,0,taxonomy_device=2;title_device=1,"Amazon Basics In-Ear Wired Headphones, Earbuds with Microphone No Wireless Technology, Black",Amazon Basics,Earbud Headphones,Headphones & Earbuds,14648,DEVICE,EARBUD_INEAR,标题主体是完整耳机，后列保护壳/线缆/支架等随附配件（套装不改变主体标签）；判为 DEVICE；形态依据：标题含耳塞/入耳/开放式耳戴设备词，且其主体线索早于头戴式描述。
B08MKVSXGF,AMBIGUOUS,0.6,NOT_APPLICABLE,2,0,0,1,1,taxonomy_device=2;title_accessory=1;conflict,"Bluetooth 5.0 Headphones,in-Ear Earphones TWS Stereo Sound, Portable Headset 32H Palytime/Built-in Mic Single/Twin Mode Charging Case",HINYCOM,Earbud Headphones,Headphones & Earbuds,23,DEVICE,EARBUD_INEAR,标题描述可独立使用的完整耳机/耳塞设备，细分类目为 Earbud Headphones；判为 DEVICE；形态依据：标题含耳塞/入耳/开放式耳戴设备词，且其主体线索早于头戴式描述。 原自动标签为 AMBIGUOUS，本次以商品主体语义和类目复核后更正。
B019MBSRQQ,AMBIGUOUS,0.6,NOT_APPLICABLE,1,0,2,1,1,taxonomy_device=1;title_device=2;title_accessory=1;conflict,"233621 H501 Active Noise Cancelling Over-ear Headphones with Inline Microphone and Carrying Case, 50 hour Battery Time (Wired / Space Grey)",233621,"Headphones, Earbuds & Accessories",,313,DEVICE,OVER_EAR,标题主体是完整耳机，后列保护壳/线缆/支架等随附配件（套装不改变主体标签）；判为 DEVICE；形态依据：标题明确为 over-ear/around-ear/full-size，且该形态是最先出现的主体描述。 原自动标签为 AMBIGUOUS，本次以商品主体语义和类目复核后更正。
B01LD5GO7I,DEVICE,0.98,OVER_EAR,2,0,0,0,0,taxonomy_device=2,"SONY MDR-Z1R WW2 Signature, Hi-Res Headphone, Black (International Version)",Sony,Over-Ear Headphones,Headphones & Earbuds,107,DEVICE,OVER_EAR,标题描述可独立使用的完整耳机/耳塞设备，细分类目为 Over-Ear Headphones；判为 DEVICE；形态依据：细分类目为 Over-Ear Headphones。
B06X18R3HF,AMBIGUOUS,0.6,NOT_APPLICABLE,0,0,1,0,0,title_device=1,"GabbaGoods NeckBeats Elite Headset, Sweat Proof/Noise Reduction Gabba Goods Wireless Workout Neckband Headphones, Stereo Sound Bluetooth Headset with Microphone- Black",Gabba Goods,Headphones & Earbuds,Headphones & Earbuds,38,DEVICE,EARBUD_INEAR,标题主体是完整耳机，后列保护壳/线缆/支架等随附配件（套装不改变主体标签）；判为 DEVICE；形态依据：标题含耳塞/入耳/开放式耳戴设备词，且其主体线索早于头戴式描述。 原自动标签为 AMBIGUOUS，本次以商品主体语义和类目复核后更正。
B07VJMDXRL,ACCESSORY,0.995,NOT_APPLICABLE,0,2,1,1,1,taxonomy_accessory=2;title_device=1;title_accessory=1;conflict,"ALXCD Ear Tips for Lifestyle Tune 110BT in-Ear Headphones, 6 Pairs S M L Sizes Replacement Silicone Earbud Tips, Fit for 110BT，Black/Orange",ALXCD,Earpads,Earpads,40,ACCESSORY,NOT_APPLICABLE,标题明确为替换耳垫/耳罩，不是可独立使用的完整耳机；细分类目 Earpads 与此一致；判为 ACCESSORY。
B0BKFG5GW4,DEVICE,0.955,EARBUD_INEAR,2,0,2,1,1,taxonomy_device=2;title_device=2;title_accessory=1;conflict,"GUNING S2 Active Noise Cancelling Wireless Earbuds, Immersive Sound and Clear Call,in Ear Detection,Build in Mic,36H Playtime with Metal Smart Charging Case,IPX5 Waterproof Sport Black Headphones",GUNING,Earbud Headphones,Headphones & Earbuds,89,DEVICE,EARBUD_INEAR,标题主体是完整耳机，后列保护壳/线缆/支架等随附配件（套装不改变主体标签）；判为 DEVICE；形态依据：标题含耳塞/入耳/开放式耳戴设备词，且其主体线索早于头戴式描述。
B00WUXRVTI,AMBIGUOUS,0.6,NOT_APPLICABLE,1,0,0,0,0,taxonomy_device=1,Aftershokz AS321-E Sportz M2 Open Ear Sports Headphones with Inline Microphone - Black,Aftershokz,"Headphones, Earbuds & Accessories",,197,DEVICE,EARBUD_INEAR,标题主体是完整耳机，后列保护壳/线缆/支架等随附配件（套装不改变主体标签）；判为 DEVICE；形态依据：标题含耳塞/入耳/开放式耳戴设备词，且其主体线索早于头戴式描述。 原自动标签为 AMBIGUOUS，本次以商品主体语义和类目复核后更正。
B07DG4HGDD,ACCESSORY,0.995,NOT_APPLICABLE,0,2,1,1,1,taxonomy_accessory=2;title_device=1;title_accessory=1;conflict,FunYaung 1 Pair Foam Ear Pad Cushions - Compatible with Beats Studio 2.0 Wired/Wireless B0500 B0501 & Studio 3.0 Over Ear Headphones by Dr. Dre ONLY - Titanium,FunYaung,Earpads,Earpads,17,ACCESSORY,NOT_APPLICABLE,标题明确为替换耳垫/耳罩，不是可独立使用的完整耳机；细分类目 Earpads 与此一致；判为 ACCESSORY。
B07CNMF5MQ,DEVICE,0.98,EARBUD_INEAR,2,0,0,0,0,taxonomy_device=2,"Replacement Tempered Glass Screen Protector Full Coverage Screen Protection for iPhone XS iPhone X 5.8"",3D Edge to Edge Screen Cover,Bubble Free,Easy to Apply (Black-1Piece)",Mottenfalle CaseloopCHUNKUI,Earbud Headphones,Headphones & Earbuds,1,ACCESSORY,NOT_APPLICABLE,标题明确为保护壳/收纳配件，不是可独立使用的完整耳机；结合标题的兼容/替换关系判定；判为 ACCESSORY。 原自动标签为 DEVICE，本次以商品主体语义和类目复核后更正。
B07RQQ6ZJC,ACCESSORY,0.995,NOT_APPLICABLE,0,2,0,1,0,taxonomy_accessory=2;title_accessory=1,"KHTONE Replacement for Galaxy Buds Case Cover, 3 in 1 Silicone Accessories Set, if Applicable Galaxy Buds Charging Case,Silicone Case/Keychain/Anti-Lost lanyards（Red）",KHTONE,Cases,Cases,39,ACCESSORY,NOT_APPLICABLE,标题明确为保护壳/收纳配件，不是可独立使用的完整耳机；细分类目 Cases 与此一致；判为 ACCESSORY。
B09Y8772J3,ACCESSORY,0.995,NOT_APPLICABLE,0,2,0,1,0,taxonomy_accessory=2;title_accessory=1,"Polislime Compatible Airpods Pro Case with Lock Clip,Carbon Fiber Texture Air Pod Pro Case Cover&Keychain for Men Women Cool AirPod Pro，Shockproof Rugged Shell for Air Pods Pro Charging Case【Black】",Polislime,Cases,Cases,3,ACCESSORY,NOT_APPLICABLE,标题明确为保护壳/收纳配件，不是可独立使用的完整耳机；细分类目 Cases 与此一致；判为 ACCESSORY。
B06XT5JDJL,DEVICE,0.995,ON_EAR,2,0,1,0,0,taxonomy_device=2;title_device=1,JLab Neon Bluetooth Folding On-Ear Headphones | Wireless Headphones | 13 Hour Bluetooth Playtime | Noise Isolation | 40mm Neodymium Drivers | C3 Sound (Crystal Clear Clarity) | Black,JLab,On-Ear Headphones,Headphones & Earbuds,15838,DEVICE,ON_EAR,标题描述可独立使用的完整耳机/耳塞设备，细分类目为 On-Ear Headphones；判为 DEVICE；形态依据：标题明确为 on-ear/supra-aural，或该形态是最先出现的主体描述。
B09NCW6Z86,DEVICE,0.985,EARBUD_INEAR,2,0,3,1,1,taxonomy_device=2;title_device=3;title_accessory=1;conflict,"White True Wireless Earbuds for iOS & Android Phones with Wireless Charging Case, Smart in-Ear Detection, ENC Call Noise Reduction in-Ear Headphones, Touch Control Earphones",Tunnowell,Earbud Headphones,Headphones & Earbuds,19,DEVICE,EARBUD_INEAR,标题主体是完整耳机，后列保护壳/线缆/支架等随附配件（套装不改变主体标签）；判为 DEVICE；形态依据：标题含耳塞/入耳/开放式耳戴设备词，且其主体线索早于头戴式描述。
B0C6F4Z55T,AMBIGUOUS,0.5,NOT_APPLICABLE,2,0,1,2,1,taxonomy_device=2;title_device=1;title_accessory=2;conflict,"bakibo Wireless Earbuds, Bluetooth 5.3 in-Ear Earphones with Built-in 6 Mic Waterproof Ear Buds Deep Bass Stereo Headphones, 32 Hours Play Time Type-C Fast Charging Case for iPhone Android, White",bakibo,Earbud Headphones,Headphones & Earbuds,48,DEVICE,EARBUD_INEAR,标题主体是完整耳机，后列保护壳/线缆/支架等随附配件（套装不改变主体标签）；判为 DEVICE；形态依据：标题含耳塞/入耳/开放式耳戴设备词，且其主体线索早于头戴式描述。 原自动标签为 AMBIGUOUS，本次以商品主体语义和类目复核后更正。
B0BBV28RV1,DEVICE,0.955,EARBUD_INEAR,2,0,2,1,1,taxonomy_device=2;title_device=2;title_accessory=1;conflict,"Wireless Earbuds Bluetooth Headphones with Wireless Charging Case IPX4 Waterproof Stereo Earphones in-Ear for SPOR, BLACK",Generic,Earbud Headphones,Headphones & Earbuds,6,DEVICE,EARBUD_INEAR,标题主体是完整耳机，后列保护壳/线缆/支架等随附配件（套装不改变主体标签）；判为 DEVICE；形态依据：标题含耳塞/入耳/开放式耳戴设备词，且其主体线索早于头戴式描述。
B0BMX4QM2D,AMBIGUOUS,0.6,NOT_APPLICABLE,2,0,1,1,1,taxonomy_device=2;title_device=1;title_accessory=1;conflict,"Geometryspace Wireless Earbuds, [2022 Upgraded] Earphone Bluetooth 5.1 with Charging Case.Smart Noise Reduction for Clear Calls, Enhanced Deep Bass of Sports Headphones for Sport/Travel/Gym",Geometryspace,Earbud Headphones,Headphones & Earbuds,14,DEVICE,EARBUD_INEAR,标题主体是完整耳机，后列保护壳/线缆/支架等随附配件（套装不改变主体标签）；判为 DEVICE；形态依据：标题含耳塞/入耳/开放式耳戴设备词，且其主体线索早于头戴式描述。 原自动标签为 AMBIGUOUS，本次以商品主体语义和类目复核后更正。
B07X9VG6ZJ,DEVICE,0.985,EARBUD_INEAR,2,0,4,1,1,taxonomy_device=2;title_device=4;title_accessory=1;conflict,"Jabra Elite 75t– True Wireless Earbuds with Charging Case, Titanium Black – Active Noise Cancelling Bluetooth Earbuds with a Comfortable, Secure Fit, Long Battery Life, Great Sound",Jabra,Earbud Headphones,Headphones & Earbuds,13418,DEVICE,EARBUD_INEAR,标题主体是完整耳机，后列保护壳/线缆/支架等随附配件（套装不改变主体标签）；判为 DEVICE；形态依据：标题含耳塞/入耳/开放式耳戴设备词，且其主体线索早于头戴式描述。
B09SQ4QG56,DEVICE,0.98,EARBUD_INEAR,2,0,0,0,0,taxonomy_device=2,OnePlus Bullets Wireless Z,OnePlus,Earbud Headphones,Headphones & Earbuds,110345,DEVICE,EARBUD_INEAR,标题/型号表明是入耳耳塞、手机单耳蓝牙耳机、运动耳机或随身耳塞系统；判为 DEVICE / EARBUD_INEAR。
B00X941IPK,AMBIGUOUS,0.5,NOT_APPLICABLE,0,0,0,0,0,insufficient_evidence,"GEJIN CA15B E01 Whosee Bicycle Wheel Flash Light, 4-Pack Bike Motorbicycle Tire Valve Cap Neon Led Flash Lamp, silver10",GEJIN,Headphones & Earbuds,Headphones & Earbuds,3,AMBIGUOUS,NOT_APPLICABLE,"needs_review: 标题“GEJIN CA15B E01 Whosee Bicycle Wheel Flash Light, 4-Pack Bike Motorbicycle Tire Valve Cap Neon Led Flash Lamp, silver10”未描述完整耳机或明确耳机配件，且与类目“Headphones & Earbuds”不一致/信息残缺；保留 AMBIGUOUS，不强行归类。"
B0BJPCNYMD,AMBIGUOUS,0.6,NOT_APPLICABLE,2,0,0,1,1,taxonomy_device=2;title_accessory=1;conflict,"Usdian in-Ear Bluetooth Wireless Headphones, Mini Sports Headphones Ultra-Long Life Standby with Charging Case Microphone, Fingerprint Control for Sports/Work/Study",Usdian,Earbud Headphones,Headphones & Earbuds,4,DEVICE,EARBUD_INEAR,标题主体是完整耳机，后列保护壳/线缆/支架等随附配件（套装不改变主体标签）；判为 DEVICE；形态依据：标题含耳塞/入耳/开放式耳戴设备词，且其主体线索早于头戴式描述。 原自动标签为 AMBIGUOUS，本次以商品主体语义和类目复核后更正。
B00P9WNV5U,AMBIGUOUS,0.6,NOT_APPLICABLE,1,0,0,1,1,taxonomy_device=1;title_accessory=1;conflict,Black Cable with Remote & Mic Compatible with J55 J55a J55i J88 J88a J88i Headphones,J-IP-B,"Headphones, Earbuds & Accessories",,36,ACCESSORY,NOT_APPLICABLE,标题明确为线缆/转接配件，不是可独立使用的完整耳机；结合标题的兼容/替换关系判定；判为 ACCESSORY。 原自动标签为 AMBIGUOUS，本次以商品主体语义和类目复核后更正。
B0BXKZ8548,AMBIGUOUS,0.6,NOT_APPLICABLE,2,0,0,1,1,taxonomy_device=2;title_accessory=1;conflict,"QKSHZHZQ Unicorn Kids Headphones with LED Cat Ears,Foldable On-Ear Wired Headset with Microphone,85dB Stereo,3.5mm Audio Cable for Kids/Teens/Boys/Girls/iPad/Smartphones/PC/Tablet/Laptop(Pink)",QKSHZHZQ,On-Ear Headphones,Headphones & Earbuds,11,DEVICE,ON_EAR,标题主体是完整耳机，后列保护壳/线缆/支架等随附配件（套装不改变主体标签）；判为 DEVICE；形态依据：标题明确为 on-ear/supra-aural，或该形态是最先出现的主体描述。 原自动标签为 AMBIGUOUS，本次以商品主体语义和类目复核后更正。
B0BWQGKLN5,AMBIGUOUS,0.6,NOT_APPLICABLE,2,0,1,1,1,taxonomy_device=2;title_device=1;title_accessory=1;conflict,"Wireless Headphones, Noise Canceling Bluetooth Headphones V5.3 Stereo IPX7 Waterproof in-Ear Sports Bluetooth Headphones with Mini Charging Case and Built-in Microphone black2",OPPONG,Earbud Headphones,Headphones & Earbuds,1,DEVICE,EARBUD_INEAR,标题主体是完整耳机，后列保护壳/线缆/支架等随附配件（套装不改变主体标签）；判为 DEVICE；形态依据：标题含耳塞/入耳/开放式耳戴设备词，且其主体线索早于头戴式描述。 原自动标签为 AMBIGUOUS，本次以商品主体语义和类目复核后更正。
B072KNY2Z5,AMBIGUOUS,0.6,NOT_APPLICABLE,2,0,0,1,1,taxonomy_device=2;title_accessory=1;conflict,"iPhone6S Case iPhone6 Case Matop Flexible Soft Transparent TPU Back Cover Silicone Skin Scratch-Resistant Premium Anti-Slip Shockproof Cute Cover for iPhone 6 6S, 4.7 inch(fox)",CHUNKUI,Earbud Headphones,Headphones & Earbuds,3,ACCESSORY,NOT_APPLICABLE,标题明确为保护壳/收纳配件，不是可独立使用的完整耳机；结合标题的兼容/替换关系判定；判为 ACCESSORY。 原自动标签为 AMBIGUOUS，本次以商品主体语义和类目复核后更正。
B09ML34DH7,ACCESSORY,0.98,NOT_APPLICABLE,0,2,0,0,0,taxonomy_accessory=2,Voosiki 2 in 1 Protective Sleeve Combination kit，for Apple AirPods 3(2021) AirTag，GPS Tracker Stand Soft Silicone Anti-Lost Anti-Scratch Skin Cover (Red),VOOSIKI,Cases,Cases,5,ACCESSORY,NOT_APPLICABLE,标题明确为保护壳/收纳配件，不是可独立使用的完整耳机；细分类目 Cases 与此一致；判为 ACCESSORY。
B00849H2NC,AMBIGUOUS,0.6,NOT_APPLICABLE,2,0,0,1,1,taxonomy_device=2;title_accessory=1;conflict,Stylish Hard Case Cover for Iphone 4 4s 4g Blue 3d Sculpture Design Blossom Rose Flower,Kimbloem,Earbud Headphones,Headphones & Earbuds,1,ACCESSORY,NOT_APPLICABLE,标题明确为保护壳/收纳配件，不是可独立使用的完整耳机；结合标题的兼容/替换关系判定；判为 ACCESSORY。 原自动标签为 AMBIGUOUS，本次以商品主体语义和类目复核后更正。
B001LP7T3O,AMBIGUOUS,0.5,NOT_APPLICABLE,0,0,0,0,0,insufficient_evidence,"Audio 3.5mm Stereo Headset Handsfree with Microphone for BlackBerry Q10, Z10",BIRUGEAR,Headphones & Earbuds,Headphones & Earbuds,3,DEVICE,EARBUD_INEAR,标题主体是完整耳机，后列保护壳/线缆/支架等随附配件（套装不改变主体标签）；判为 DEVICE；形态依据：标题语义为手机用单耳/免提蓝牙耳机或有线耳麦。 原自动标签为 AMBIGUOUS，本次以商品主体语义和类目复核后更正。
B0BKQMJC2G,DEVICE,0.995,OVER_EAR,2,0,1,0,0,taxonomy_device=2;title_device=1,"Sleep Mask with Bluetooth Headphones,LC-dolida Sleep Headphones Bluetooth Sleep Mask 3D Sleeping Headphones for Side Sleepers Best Gift and Travel Essential (Elegant Purple)",LC-dolida,Over-Ear Headphones,Headphones & Earbuds,16807,DEVICE,OVER_EAR,标题描述可独立使用的完整耳机/耳塞设备，细分类目为 Over-Ear Headphones；判为 DEVICE；形态依据：细分类目为 Over-Ear Headphones。
B08TMJFSV3,DEVICE,0.995,EARBUD_INEAR,2,0,2,0,0,taxonomy_device=2;title_device=2,"Soundcore Anker Life P2 True Wireless Earbuds, Clear Sound, USB C, 40H Playtime, IPX7 Waterproof, Wireless Earphones for Work, Home Office",Soundcore,Earbud Headphones,Headphones & Earbuds,117047,DEVICE,EARBUD_INEAR,标题描述可独立使用的完整耳机/耳塞设备，细分类目为 Earbud Headphones；判为 DEVICE；形态依据：标题含耳塞/入耳/开放式耳戴设备词，且其主体线索早于头戴式描述。
B081L2D9XH,ACCESSORY,0.995,NOT_APPLICABLE,0,2,1,1,1,taxonomy_accessory=2;title_device=1;title_accessory=1;conflict,"VEKEFF Earpads Replacement for Skullcandy Skullcandy Hesh 2 Hesh2 Bluetooth Wireless Over-Ear Headphones, Replacement Ear Pads Cushions Ear Cups/Cover/Repair Parts",VEVER,Earpads,Earpads,67,ACCESSORY,NOT_APPLICABLE,标题明确为替换耳垫/耳罩，不是可独立使用的完整耳机；细分类目 Earpads 与此一致；判为 ACCESSORY。
B01BY005DQ,AMBIGUOUS,0.6,NOT_APPLICABLE,2,0,0,1,1,taxonomy_device=2;title_accessory=1;conflict,"Galaxy S4 Case,Samsung Galaxy S4 Case,S4 Case,CASELAND Flip Cover Wallet PU Leather with Stand + Lanyard Case for Samsung Galaxy S4 I9500 - Warning",Tiamat+,Earbud Headphones,Headphones & Earbuds,3,ACCESSORY,NOT_APPLICABLE,标题明确为保护壳/收纳配件，不是可独立使用的完整耳机；结合标题的兼容/替换关系判定；判为 ACCESSORY。 原自动标签为 AMBIGUOUS，本次以商品主体语义和类目复核后更正。
B077Z9H7R7,AMBIGUOUS,0.5,NOT_APPLICABLE,0,0,0,0,0,insufficient_evidence,"2 Pack Square Carrying Cases, Ear Earbud Earphone Headset Headphone Case",schLOsS ElMaU,Headphones & Earbuds,Headphones & Earbuds,1,ACCESSORY,NOT_APPLICABLE,标题明确为保护壳/收纳配件，不是可独立使用的完整耳机；结合标题的兼容/替换关系判定；判为 ACCESSORY。 原自动标签为 AMBIGUOUS，本次以商品主体语义和类目复核后更正。
B07569T8BR,DEVICE,0.955,ON_EAR,2,0,2,1,1,taxonomy_device=2;title_device=2;title_accessory=1;conflict,"YHhao Over-Ear Headphones, On-Ear Headsets Noise Cancelling Foldable Headphones with Mic and 3.5mm Detachable Cord for iPhone, iPad, Android Smartphones, PC, Computer, Laptop, Mac (Black",YHhao,On-Ear Headphones,Headphones & Earbuds,4,DEVICE,OVER_EAR,标题主体是完整耳机，后列保护壳/线缆/支架等随附配件（套装不改变主体标签）；判为 DEVICE；形态依据：标题明确为 over-ear/around-ear/full-size，且该形态是最先出现的主体描述。
B08343D4RN,ACCESSORY,0.995,NOT_APPLICABLE,0,2,0,1,0,taxonomy_accessory=2;title_accessory=1,"Laffav Airpods Case Protective Silicone Cover Accessories Case Skin with Anti-Lost Carabiner for Girls Boys Kids Compatible with Apple AirPods 2 and 1, 2 Pack, Minit Green, Sand Pink",Laffav,Cases,Cases,12138,ACCESSORY,NOT_APPLICABLE,标题明确为保护壳/收纳配件，不是可独立使用的完整耳机；细分类目 Cases 与此一致；判为 ACCESSORY。
B00WTQDV5E,AMBIGUOUS,0.5,NOT_APPLICABLE,0,0,0,0,0,insufficient_evidence,"PHILIPS Fidelio L2 Over-Ear Premium Portable Headphones with in-line Mic, Noise Isolation, Hi-Res - Black/Orange (L2BO)",Philips,Headphones & Earbuds,Headphones & Earbuds,231,DEVICE,OVER_EAR,标题描述可独立使用的完整耳机/耳塞设备，并含连接、声学或供电功能信息；判为 DEVICE；形态依据：标题明确为 over-ear/around-ear/full-size，且该形态是最先出现的主体描述。 原自动标签为 AMBIGUOUS，本次以商品主体语义和类目复核后更正。
B08K6XHHYN,ACCESSORY,0.995,NOT_APPLICABLE,0,2,0,1,0,taxonomy_accessory=2;title_accessory=1,"AirPods Pro Case, Full-Body Rugged Protective Cover, Resilient Shock Absorption Design, Durable Case with Smooth Skin - White",amBand,Cases,Cases,15607,ACCESSORY,NOT_APPLICABLE,标题明确为保护壳/收纳配件，不是可独立使用的完整耳机；细分类目 Cases 与此一致；判为 ACCESSORY。
B081J3BB63,ACCESSORY,0.995,NOT_APPLICABLE,0,2,0,1,0,taxonomy_accessory=2;title_accessory=1,"ATUAT AirPods Pro 1st/2nd Generation Case Cover, Protective Silicone Skin Accessories with Keychain for Women Men for Apple AirPods Pro 2019/2022 Charging Case,Front LED Visible-Royal Blue",ATUAT,Cases,Cases,31513,ACCESSORY,NOT_APPLICABLE,标题明确为保护壳/收纳配件，不是可独立使用的完整耳机；细分类目 Cases 与此一致；判为 ACCESSORY。
B08YL6H7KC,AMBIGUOUS,0.5,NOT_APPLICABLE,0,0,0,0,0,insufficient_evidence,Paw Patrol Kids Headphones by CozyPhones - Over The Ear Headband Headphones - Volume Limited with Thin Speakers & Soft Headband – Chase,CozyPhones,Headphones & Earbuds,Headphones & Earbuds,2762,DEVICE,OVER_EAR,标题描述可独立使用的完整耳机/耳塞设备，并含连接、声学或供电功能信息；判为 DEVICE；形态依据：标题明确为 over-ear/around-ear/full-size，且该形态是最先出现的主体描述。 原自动标签为 AMBIGUOUS，本次以商品主体语义和类目复核后更正。
B000N8P4R8,AMBIGUOUS,0.5,NOT_APPLICABLE,0,0,0,0,0,insufficient_evidence,Plantronics UPP260 Plantronics Pulsar 260 Stereo (Discontinued by Manufacturer),Plantronics,Headphones & Earbuds,Headphones & Earbuds,22,DEVICE,NEEDS_REVIEW,needs_review: 型号或套装语义可确认包含完整耳机/耳机系统，但佩戴结构在现有标题中不够清楚；判为 DEVICE / NEEDS_REVIEW。 原自动标签为 AMBIGUOUS，本次复核后更正。
B0BL5YHZPC,DEVICE,0.995,EARBUD_INEAR,2,0,1,0,0,taxonomy_device=2;title_device=1,"Bose QuietComfort Noise Cancelling Earbuds-Bluetooth Wireless Earphones, Triple Black",Bose,Earbud Headphones,Headphones & Earbuds,33259,DEVICE,EARBUD_INEAR,标题描述可独立使用的完整耳机/耳塞设备，细分类目为 Earbud Headphones；判为 DEVICE；形态依据：标题含耳塞/入耳/开放式耳戴设备词，且其主体线索早于头戴式描述。
B00UHASYGA,AMBIGUOUS,0.6,NOT_APPLICABLE,2,0,0,1,1,taxonomy_device=2;title_accessory=1;conflict,"Galaxy S3 Mini Case,UZZO Galaxy S3 Mini i8190 Wallet Case,Colorful Flower Floral Series Butterfly Love Star PU Leather Folio Magnet Wallet Pouch Stand flip Case Cover for Samsung Galaxy S3 Mini i8190",LCYDZ,Earbud Headphones,Headphones & Earbuds,2,ACCESSORY,NOT_APPLICABLE,标题明确为保护壳/收纳配件，不是可独立使用的完整耳机；结合标题的兼容/替换关系判定；判为 ACCESSORY。 原自动标签为 AMBIGUOUS，本次以商品主体语义和类目复核后更正。
B000JIJ5FE,DEVICE,0.995,ON_EAR,2,0,1,0,0,taxonomy_device=2;title_device=1,Motorola Bluetooth Headset H700 Fire Red [Motorola Retail Packaging],Motorola,On-Ear Headphones,Headphones & Earbuds,43,DEVICE,ON_EAR,标题描述可独立使用的完整耳机/耳塞设备，细分类目为 On-Ear Headphones；判为 DEVICE；形态依据：细分类目为 On-Ear Headphones。
B00FOUIEMC,AMBIGUOUS,0.5,NOT_APPLICABLE,0,0,0,0,0,insufficient_evidence,Making Memories Aluminum Swirl Shaped Clips,Barbato,Headphones & Earbuds,Headphones & Earbuds,1,AMBIGUOUS,NOT_APPLICABLE,needs_review: 标题“Making Memories Aluminum Swirl Shaped Clips”未描述完整耳机或明确耳机配件，且与类目“Headphones & Earbuds”不一致/信息残缺；保留 AMBIGUOUS，不强行归类。
B09MN4X2TH,AMBIGUOUS,0.6,NOT_APPLICABLE,1,0,0,0,0,taxonomy_device=1,LeBoomon Bone Conduction Swimming Headphones Bluetooth 5.0 IPX8 Waterproof Built in 16GB Mp3 Player Wireless Open Ear Headhset with Mic for Swimming Running Cycling Driving Gym Red,LeBoomon,Open-Ear Headphones,Headphones & Earbuds,8,DEVICE,EARBUD_INEAR,标题描述可独立使用的完整耳机/耳塞设备，细分类目为 Open-Ear Headphones；判为 DEVICE；形态依据：标题含耳塞/入耳/开放式耳戴设备词，且其主体线索早于头戴式描述。 原自动标签为 AMBIGUOUS，本次以商品主体语义和类目复核后更正。
B082VFD549,AMBIGUOUS,0.6,NOT_APPLICABLE,2,0,1,1,1,taxonomy_device=2;title_device=1;title_accessory=1;conflict,"Mix Hero Wireless Earbuds Bluetooth 5.0 Headphones,40H Playtime w/Wireless Charging Case,IP6 Waterproof/Button Control/TWS Stereo Bluetooth Earphones in-Ear w/Mic for Running Workout Gym",Mix Hero,Earbud Headphones,Headphones & Earbuds,244,DEVICE,EARBUD_INEAR,标题描述可独立使用的完整耳机/耳塞设备，细分类目为 Earbud Headphones；判为 DEVICE；形态依据：标题含耳塞/入耳/开放式耳戴设备词，且其主体线索早于头戴式描述。 原自动标签为 AMBIGUOUS，本次以商品主体语义和类目复核后更正。
B09WKGPK3G,DEVICE,0.98,EARBUD_INEAR,2,0,0,0,0,taxonomy_device=2,IHAO Open Ear Bone Conduction Concept Headset Wireless Bluetooth Sport Headphones with HD Mic Lightweight Painless Wearing Sweatproof Earpiece Stereo Earphone for Running Hiking Bicycling,IHAO,Earbud Headphones,Headphones & Earbuds,31,DEVICE,EARBUD_INEAR,标题描述可独立使用的完整耳机/耳塞设备，细分类目为 Earbud Headphones；判为 DEVICE；形态依据：标题含耳塞/入耳/开放式耳戴设备词，且其主体线索早于头戴式描述。
B09NKR5G18,AMBIGUOUS,0.5,NOT_APPLICABLE,0,0,0,0,0,insufficient_evidence,"PROZOR HiFi Headphones Amplifier with Bluetooth 5.0 Receiver, Portable 3.5mm Headphones Amp with Volume Control and Louder Sharper Gain Switch for MP3 MP4 Mobile Phones Computers PC etc",PROZOR,Headphones & Earbuds,Headphones & Earbuds,31,ACCESSORY,NOT_APPLICABLE,标题明确为耳放/DAC配件，不是可独立使用的完整耳机；结合标题的兼容/替换关系判定；判为 ACCESSORY。 原自动标签为 AMBIGUOUS，本次以商品主体语义和类目复核后更正。
B0BYHJMFJ6,AMBIGUOUS,0.6,NOT_APPLICABLE,2,0,2,2,1,taxonomy_device=2;title_device=2;title_accessory=2;conflict,"in Ear Bluetooth Earbuds Active Noise Cancelling Ear Buds, IPX5 Waterproof Wireless Earphones with Mic, Type-C USB Rechargeable Bluetooth Headphones with Charging Case for Home Travel Gym Office TV",Generic,Earbud Headphones,Headphones & Earbuds,5,DEVICE,EARBUD_INEAR,标题主体是完整耳机，后列保护壳/线缆/支架等随附配件（套装不改变主体标签）；判为 DEVICE；形态依据：标题含耳塞/入耳/开放式耳戴设备词，且其主体线索早于头戴式描述。 原自动标签为 AMBIGUOUS，本次以商品主体语义和类目复核后更正。
B0BPXN6M7Q,ACCESSORY,0.995,NOT_APPLICABLE,0,2,1,1,1,taxonomy_accessory=2;title_device=1;title_accessory=1;conflict,"WOFRO Anti-Lost Strap for Google Pixel Buds Pro Earbuds (2022), Sports Soft Silicone Lanyard Accessories Compatible with Google Pixel Buds Pro - Noise Canceling Earbuds Neck Rope Cord (Black)",WOFRO,Cases,Cases,43,ACCESSORY,NOT_APPLICABLE,标题主体是替换件、线缆/收纳件、蓝牙接收件、头盔扬声器套件或手机外接听筒，并非完整耳机；判为 ACCESSORY。
B001U5KFHW,AMBIGUOUS,0.5,NOT_APPLICABLE,0,0,0,0,0,insufficient_evidence,Pantech C630 Headset 3.5mm Adapter - Original (OEM),Pantech,Headphones & Earbuds,Headphones & Earbuds,16,ACCESSORY,NOT_APPLICABLE,标题主体是替换件、线缆/收纳件、蓝牙接收件、头盔扬声器套件或手机外接听筒，并非完整耳机；判为 ACCESSORY。 原自动标签为 AMBIGUOUS，本次复核后更正。
B0BLT33MN4,DEVICE,0.94,EARBUD_INEAR,2,0,3,2,1,taxonomy_device=2;title_device=3;title_accessory=2;conflict,"Realtone Bluetooth Earbuds with Microphone, Wireless Earbuds with Charging Case for Ear Buds, Designed for School, Home, or Travel",Realtone,Earbud Headphones,Headphones & Earbuds,15,DEVICE,EARBUD_INEAR,标题主体是完整耳机，后列保护壳/线缆/支架等随附配件（套装不改变主体标签）；判为 DEVICE；形态依据：标题含耳塞/入耳/开放式耳戴设备词，且其主体线索早于头戴式描述。
B09PMLBD17,DEVICE,0.955,EARBUD_INEAR,2,0,2,1,1,taxonomy_device=2;title_device=2;title_accessory=1;conflict,Bluedio S6 Sport Earhooks Earphones Wireless Earbuds Bluetooth Headphones 42hrs Play with LED Display Charging Case Built-in Mic Headset for Sports Running Workout Black,Bluedio,Earbud Headphones,Headphones & Earbuds,1104,DEVICE,EARBUD_INEAR,标题描述可独立使用的完整耳机/耳塞设备，细分类目为 Earbud Headphones；判为 DEVICE；形态依据：标题含耳塞/入耳/开放式耳戴设备词，且其主体线索早于头戴式描述。
B0BXQ9Y15K,DEVICE,0.98,OVER_EAR,2,0,0,0,0,taxonomy_device=2,JBL Quantum 100 - Wired Over-Ear Gaming Headphones - Blue,JBL,Over-Ear Headphones,Headphones & Earbuds,13473,DEVICE,OVER_EAR,标题描述可独立使用的完整耳机/耳塞设备，细分类目为 Over-Ear Headphones；判为 DEVICE；形态依据：标题明确为 over-ear/around-ear/full-size，且该形态是最先出现的主体描述。
B09CDSG57V,DEVICE,0.955,EARBUD_INEAR,2,0,2,1,1,taxonomy_device=2;title_device=2;title_accessory=1;conflict,"TREBLAB X3-Pro - Wireless Earbuds with Earhooks-45H Playtime, aptX, IPX7 Waterproof Earphones for Running & Workout-Sport Bluetooth Headphones with Charging case-Built-in Microphone- Black (Renewed)",Amazon Renewed,Earbud Headphones,Headphones & Earbuds,47,DEVICE,EARBUD_INEAR,标题主体是完整耳机，后列保护壳/线缆/支架等随附配件（套装不改变主体标签）；判为 DEVICE；形态依据：标题含耳塞/入耳/开放式耳戴设备词，且其主体线索早于头戴式描述。
B07GNSG1TJ,DEVICE,0.98,EARBUD_INEAR,2,0,0,0,0,taxonomy_device=2,"NuForce BE Live5 Wireless Audiophile Earphones with 8h Battery Life, AAC + aptX, Large 8mm Driver for deep Bass, New Innovative Battery Design and Aluminum housing (Gold)",NuForce,Earbud Headphones,Headphones & Earbuds,166,DEVICE,EARBUD_INEAR,标题主体是完整耳机，后列保护壳/线缆/支架等随附配件（套装不改变主体标签）；判为 DEVICE；形态依据：标题含耳塞/耳机式耳戴设备词，未出现相冲突的头戴形态描述。
B01JRRP99I,DEVICE,0.995,ON_EAR,2,0,2,0,0,taxonomy_device=2;title_device=2,"iDeaUSA Bluetooth Headphones, Wireless Headphones Stereo On Ear Headphones Built-in Mic 10 Hours Playback Foldable Lightweight Headphones for TV, Smartphones, Tablet, PC - Black",iDeaUSA,On-Ear Headphones,Headphones & Earbuds,36,DEVICE,ON_EAR,标题描述可独立使用的完整耳机/耳塞设备，细分类目为 On-Ear Headphones；判为 DEVICE；形态依据：标题明确为 on-ear/supra-aural，或该形态是最先出现的主体描述。
B011XHN2OE,AMBIGUOUS,0.5,NOT_APPLICABLE,0,0,0,0,0,insufficient_evidence,"Samsung 65"" UA-65H8000 Curved 3D Smart LED TV",,Headphones & Earbuds,Headphones & Earbuds,1,AMBIGUOUS,NOT_APPLICABLE,"needs_review: 标题“Samsung 65"" UA-65H8000 Curved 3D Smart LED TV”未描述完整耳机或明确耳机配件，且与类目“Headphones & Earbuds”不一致/信息残缺；保留 AMBIGUOUS，不强行归类。"
B076VKCWW7,AMBIGUOUS,0.5,NOT_APPLICABLE,0,0,0,0,0,insufficient_evidence,"Venture Electronics VE Monk Plus Earbud Earphone (with 3 Key and mic (Android), Transparent Black)",E-v,Headphones & Earbuds,Headphones & Earbuds,2,DEVICE,EARBUD_INEAR,标题描述可独立使用的完整耳机/耳塞设备，并含连接、声学或供电功能信息；判为 DEVICE；形态依据：标题含耳塞/入耳/开放式耳戴设备词，且其主体线索早于头戴式描述。 原自动标签为 AMBIGUOUS，本次以商品主体语义和类目复核后更正。
B09VT13HZ5,ACCESSORY,0.995,NOT_APPLICABLE,0,2,0,2,0,taxonomy_accessory=2;title_accessory=2,"Gtinna Fashion Cute Stripe for Apple AirPods 1&2 Case,Silicone Case for AirPods Wireless Charging Case with Silicone Beaded Bracelet Colorful Tassel Charm Keychain Accessories (Khaki)",Gtinna,Cases,Cases,80,ACCESSORY,NOT_APPLICABLE,标题主体是替换件、线缆/收纳件、蓝牙接收件、头盔扬声器套件或手机外接听筒，并非完整耳机；判为 ACCESSORY。
B0BMHS21VD,DEVICE,0.985,EARBUD_INEAR,2,0,4,1,1,taxonomy_device=2;title_device=4;title_accessory=1;conflict,"for Motorola Moto G Stylus 5G (2022) True Wireless Earbuds Bluetooth 5.1 Headset Touch Control with LED Digital Display Charging Case, Noise Cancelling Earbuds with Mic",FK Trading,Earbud Headphones,Headphones & Earbuds,17,DEVICE,EARBUD_INEAR,标题主体是完整耳机，后列保护壳/线缆/支架等随附配件（套装不改变主体标签）；判为 DEVICE；形态依据：标题含耳塞/入耳/开放式耳戴设备词，且其主体线索早于头戴式描述。
B09P4Y47QN,DEVICE,0.995,EARBUD_INEAR,2,0,1,0,0,taxonomy_device=2;title_device=1,"Deep Bass Wireless Earbuds,in-Ear Bluetooth Earphones with Noise Cancelling Microphone, Lightweight Neckband Headset, IPX7 Waterproof Sweat Resistant Headphones,for Running Gym Cycling Earpiece",GadgetCenter,Earbud Headphones,Headphones & Earbuds,21,DEVICE,EARBUD_INEAR,标题主体是完整耳机，后列保护壳/线缆/支架等随附配件（套装不改变主体标签）；判为 DEVICE；形态依据：标题含耳塞/入耳/开放式耳戴设备词，且其主体线索早于头戴式描述。
B07VNDRN5R,DEVICE,0.995,EARBUD_INEAR,2,0,2,0,0,taxonomy_device=2;title_device=2,"HAYLOU True Wireless Earbuds, GT1 Bluetooth 5.0 Sports HD Stereo Touch Control Ear Buds with IPX5 Waterproof/Fast Connection/Mini Case(Only 30g)/Total 12H Playtime (Black)",HAYLOU,Earbud Headphones,Headphones & Earbuds,12255,DEVICE,EARBUD_INEAR,标题主体是完整耳机，后列保护壳/线缆/支架等随附配件（套装不改变主体标签）；判为 DEVICE；形态依据：标题含耳塞/入耳/开放式耳戴设备词，且其主体线索早于头戴式描述。
B07CLNWJK3,DEVICE,0.955,EARBUD_INEAR,2,0,2,1,1,taxonomy_device=2;title_device=2;title_accessory=1;conflict,"Crazybaby Air Nano True Wireless in-Ear Headphones Lightweight Mini Colorful TWS Bluetooth 5.0 Earbuds Sport Earphones Snug Fit, LED, Noise Isolation, Charging Case, Phone Control, Mic - Red",crazybaby,Earbud Headphones,Headphones & Earbuds,53,DEVICE,EARBUD_INEAR,标题描述可独立使用的完整耳机/耳塞设备，细分类目为 Earbud Headphones；判为 DEVICE；形态依据：标题含耳塞/入耳/开放式耳戴设备词，且其主体线索早于头戴式描述。
B001CWEY98,AMBIGUOUS,0.5,NOT_APPLICABLE,0,0,0,0,0,insufficient_evidence,Technocel Universal 3.5mm Hands-Free with On/Off Button Stereo Headset for Phones Supporting a 3.5mm Jack - Black,Technocel,Headphones & Earbuds,Headphones & Earbuds,2,DEVICE,EARBUD_INEAR,标题描述可独立使用的完整耳机/耳塞设备，并含连接、声学或供电功能信息；判为 DEVICE；形态依据：标题语义为手机用单耳/免提蓝牙耳机或有线耳麦。 原自动标签为 AMBIGUOUS，本次以商品主体语义和类目复核后更正。
B08QYQNB81,ACCESSORY,0.98,NOT_APPLICABLE,0,2,0,0,0,taxonomy_accessory=2,"USB-C to 3.5mm DAC Audio Adapter - 3.3ft Aux Cable & Headphone Jack for Google Pixel 7/6/5/4/3/2 XL, Samsung Galaxy S23/S22/S21/S20 FE Ultra, Note 20/10, S9/S8 & More - Car & Home Compatible",CPLUS,Adapters,Adapters,1053,ACCESSORY,NOT_APPLICABLE,标题明确为线缆/转接配件，不是可独立使用的完整耳机；细分类目 Adapters 与此一致；判为 ACCESSORY。
B005GU8Y1G,DEVICE,0.98,EARBUD_INEAR,2,0,0,0,0,taxonomy_device=2,"JVC HAFX1X Headphone Xtreme-Xplosivs, Black, Red",JVC,Earbud Headphones,Headphones & Earbuds,11956,DEVICE,EARBUD_INEAR,标题描述可独立使用的完整耳机/耳塞设备，细分类目为 Earbud Headphones；判为 DEVICE；形态依据：细分类目为 Earbud Headphones。
B09MFJQBYR,DEVICE,0.98,EARBUD_INEAR,2,0,0,0,0,taxonomy_device=2,YINYOO KZ ZST Hybrid Banlance Armature with Dynamic in-Ear Earphone 1BA+1DD HiFi Headset (ZST mic),YINYOO,Earbud Headphones,Headphones & Earbuds,12766,DEVICE,EARBUD_INEAR,标题描述可独立使用的完整耳机/耳塞设备，细分类目为 Earbud Headphones；判为 DEVICE；形态依据：标题含耳塞/入耳/开放式耳戴设备词，且其主体线索早于头戴式描述。
B08X7MD6FC,DEVICE,0.985,EARBUD_INEAR,2,0,3,1,1,taxonomy_device=2;title_device=3;title_accessory=1;conflict,"Kissral Wireless Earbuds, Bluetooth 5.0 Earbuds with 3000mAh Charging Case LED Battery Display 90H Playtime in-Ear Bluetooth Headset IPX7 Waterproof True Wireless Earbuds for Work Sports",Kissral,Earbud Headphones,Headphones & Earbuds,7510,DEVICE,EARBUD_INEAR,标题主体是完整耳机，后列保护壳/线缆/支架等随附配件（套装不改变主体标签）；判为 DEVICE；形态依据：标题含耳塞/入耳/开放式耳戴设备词，且其主体线索早于头戴式描述。
B07CQMZVZ6,ACCESSORY,0.98,NOT_APPLICABLE,0,2,0,0,0,taxonomy_accessory=2,Sony MDR7506 Professional Large Diaphragm Headphone,Sony,Cases,Cases,23019,DEVICE,OVER_EAR,标题或核验到的规格表明为包耳/环耳/专业监听或大型耳罩式耳机；判为 DEVICE / OVER_EAR。 原自动标签为 ACCESSORY，本次复核后更正。
B0B77C8353,AMBIGUOUS,0.6,NOT_APPLICABLE,1,0,0,0,0,taxonomy_device=1,"Kuuhsaaez Premium Bone Conduction Headphones Bluetooth Open-Ear Sport Headphones - Sweat Resistant Wireless Earphones for Workouts and Running with Deep Base,Built-in Mic (Black)",Kuuhsaaez,Open-Ear Headphones,Headphones & Earbuds,43,DEVICE,EARBUD_INEAR,标题描述可独立使用的完整耳机/耳塞设备，细分类目为 Open-Ear Headphones；判为 DEVICE；形态依据：标题含耳塞/入耳/开放式耳戴设备词，且其主体线索早于头戴式描述。 原自动标签为 AMBIGUOUS，本次以商品主体语义和类目复核后更正。
B002OKJTEM,AMBIGUOUS,0.6,NOT_APPLICABLE,0,0,1,0,0,title_device=1,Motorola S9 HD Bluetooth Headset (White),Motorola,Headphones & Earbuds,Headphones & Earbuds,32,DEVICE,EARBUD_INEAR,标题描述可独立使用的完整耳机/耳塞设备，并含连接、声学或供电功能信息；判为 DEVICE；形态依据：标题语义为手机用单耳/免提蓝牙耳机或有线耳麦。 原自动标签为 AMBIGUOUS，本次以商品主体语义和类目复核后更正。
B01MDO9F7X,AMBIGUOUS,0.5,NOT_APPLICABLE,0,0,0,0,0,insufficient_evidence,"Toyota Camry and Corolla, Gold - Set of Two 1/36 Scale Diecast Economy Cars",Barbato,Headphones & Earbuds,Headphones & Earbuds,1,AMBIGUOUS,NOT_APPLICABLE,"needs_review: 标题“Toyota Camry and Corolla, Gold - Set of Two 1/36 Scale Diecast Economy Cars”未描述完整耳机或明确耳机配件，且与类目“Headphones & Earbuds”不一致/信息残缺；保留 AMBIGUOUS，不强行归类。"
B00IK69LLA,AMBIGUOUS,0.6,NOT_APPLICABLE,1,0,0,0,0,taxonomy_device=1,Wilson Electronics Mobilepro 3g Kit - Retail Packaging - Black (Discontinued by Manufacturer),WILSON,"Headphones, Earbuds & Accessories",,31,AMBIGUOUS,NOT_APPLICABLE,"needs_review: 标题“Wilson Electronics Mobilepro 3g Kit - Retail Packaging - Black (Discontinued by Manufacturer)”未描述完整耳机或明确耳机配件，且与类目“Headphones, Earbuds & Accessories”不一致/信息残缺；保留 AMBIGUOUS，不强行归类。"
B09Q5FML8J,DEVICE,0.98,OVER_EAR,2,0,0,0,0,taxonomy_device=2,"Naenka Bone Conduction Headphones, IPX8 Waterproof Headphones with MP3 Player Built-in 8G Memory, Bluetooth Open Ear Headphones with CVC6.0 Mic for Swimming Running Cycling Driving Gym",Naenka,Over-Ear Headphones,Headphones & Earbuds,1,DEVICE,EARBUD_INEAR,标题描述可独立使用的完整耳机/耳塞设备，细分类目为 Over-Ear Headphones；判为 DEVICE；形态依据：标题含耳塞/入耳/开放式耳戴设备词，且其主体线索早于头戴式描述。
B01L8Y9VFQ,DEVICE,0.98,EARBUD_INEAR,2,0,0,0,0,taxonomy_device=2,Headphones/Earphones/Earbuds，w/Mic Earphones Stereo Headphones Noise Isolating Earbuds Compatible with iPhone 6/6S/SE/4 iPod iPad Samsung/Android MP3/MP4,CINBOS,Earbud Headphones,Headphones & Earbuds,2,DEVICE,EARBUD_INEAR,标题描述可独立使用的完整耳机/耳塞设备，细分类目为 Earbud Headphones；判为 DEVICE；形态依据：标题含耳塞/入耳/开放式耳戴设备词，且其主体线索早于头戴式描述。
B09518MQ56,AMBIGUOUS,0.6,NOT_APPLICABLE,2,0,0,1,1,taxonomy_device=2;title_accessory=1;conflict,"New Version, A Bit Firmer. Eyeglass Pillow Pad for Glasses and Airpods, Comfortably Lie on Your Side, Ear Pain Piercing CNH Pillow, Great Gift, Earbuds Airpods Cushion, Earphones, Hearing Aids Glasses",MyComfyPad,Earbud Headphones,Headphones & Earbuds,107,DEVICE,EARBUD_INEAR,标题描述可独立使用的完整耳机/耳塞设备，细分类目为 Earbud Headphones；判为 DEVICE；形态依据：标题含耳塞/入耳/开放式耳戴设备词，且其主体线索早于头戴式描述。 原自动标签为 AMBIGUOUS，本次以商品主体语义和类目复核后更正。
B0052UB674,AMBIGUOUS,0.6,NOT_APPLICABLE,1,0,0,0,0,taxonomy_device=1,"Sony Walkman Digital Tuning Portable Palm Size AM/FM Stereo Radio (Black) with Weather Band, 20 Station Preset Memory, DX Switch for Exceptional Reception, Convenient Belt Clip & Over the Head Stereo Headphones – Batteries Included - Designed for Jogging, Walking, Exercising & Bike Riding",Sony,"Headphones, Earbuds & Accessories",,26,DEVICE,OVER_EAR,标题或核验到的规格表明为包耳/环耳/专业监听或大型耳罩式耳机；判为 DEVICE / OVER_EAR。 原自动标签为 AMBIGUOUS，本次复核后更正。
B09YR7TKS6,AMBIGUOUS,0.6,NOT_APPLICABLE,2,0,0,1,1,taxonomy_device=2;title_accessory=1;conflict,"REDX1 [2 in 1] Pen Cleaner with Smile Case for Airpods 1&2nd, AirPod Cleaner Kit Metal Multi-Function Cleaner Kit Soft Brush to Cleaner Any Bluetooth Earphones, Pen Cleaning Tools",REDX1,Earbud Headphones,Headphones & Earbuds,25,ACCESSORY,NOT_APPLICABLE,标题明确为保护壳/收纳配件，不是可独立使用的完整耳机；结合标题的兼容/替换关系判定；判为 ACCESSORY。 原自动标签为 AMBIGUOUS，本次以商品主体语义和类目复核后更正。
B08JGQC5YN,ACCESSORY,0.995,NOT_APPLICABLE,0,2,1,2,1,taxonomy_accessory=2;title_device=1;title_accessory=2;conflict,"WH1000XM3 Ear Pads for Sony, Replacement Earpads Ear Cups Cushion Muffs Repair Parts for Sony WH-1000XM3 WH1000XM3 WH 1000XM3 Over-Ear Headphones with Protein Leather Noise Isolation Memory Foam",BUTIAO,Earpads,Earpads,18,ACCESSORY,NOT_APPLICABLE,标题明确为替换耳垫/耳罩，不是可独立使用的完整耳机；细分类目 Earpads 与此一致；判为 ACCESSORY。
B09DYLV619,ACCESSORY,0.995,NOT_APPLICABLE,0,2,0,1,0,taxonomy_accessory=2;title_accessory=1,"WAYMASTER 2PCS Card Case for Apple AirTag Wallet Card Case Cover AirTag Holder Credit Card Size Case for AirTag for Purse, Handbag, Clutch,Slim Anti-Lost Wallet Card Tracker (Black) White+Black",WAYMASTER,Cases,Cases,45,ACCESSORY,NOT_APPLICABLE,标题明确为保护壳/收纳配件，不是可独立使用的完整耳机；细分类目 Cases 与此一致；判为 ACCESSORY。
B018ATPJ4O,AMBIGUOUS,0.5,NOT_APPLICABLE,0,0,0,0,0,insufficient_evidence,"ANTOGOO Soldering Iron 60W 110V Adjustable Temperature Welding Soldering Iron Gun Kit with Carry Case, 5pcs Tips, Magnifier Station,1.0mm 50g Solder Wire, Desoldering Pump, and Tips Cleaner",ANTOGOO V,Headphones & Earbuds,Headphones & Earbuds,8,AMBIGUOUS,NOT_APPLICABLE,"needs_review: 标题“ANTOGOO Soldering Iron 60W 110V Adjustable Temperature Welding Soldering Iron Gun Kit with Carry Case, 5pcs Tips, Magnifier Station,1.0mm 50g Solder W”未描述完整耳机或明确耳机配件，且与类目“Headphones & Earbuds”不一致/信息残缺；保留 AMBIGUOUS，不强行归类。"
B01BH64FTW,AMBIGUOUS,0.6,NOT_APPLICABLE,2,0,1,1,1,taxonomy_device=2;title_device=1;title_accessory=1;conflict,Earphones/Earbuds/Headphones 2Pack Black Compatible with iPhone/Galaxy S10/S10+/S10e S9/S9+ S8/S8+ Note8 / Note10/Note10+ Android in-Ear Headphones Remote + Mic Hands-Free Earphones,IKHISHI,Earbud Headphones,Headphones & Earbuds,3,DEVICE,EARBUD_INEAR,标题描述可独立使用的完整耳机/耳塞设备，细分类目为 Earbud Headphones；判为 DEVICE；形态依据：标题含耳塞/入耳/开放式耳戴设备词，且其主体线索早于头戴式描述。 原自动标签为 AMBIGUOUS，本次以商品主体语义和类目复核后更正。
B08BHX2JV5,ACCESSORY,0.98,NOT_APPLICABLE,0,2,0,0,0,taxonomy_accessory=2,"Laffav Airpods Case Soft Silicone Shockproof Wireless Charging Airpods Earbuds Case Cover Skin with Keychain kit Set Compatible for Apple AirPods 1 & 2 (Front LED Visible), 2 Pack, Lavender Rose Pink",Laffav,Cases,Cases,12138,ACCESSORY,NOT_APPLICABLE,标题明确为保护壳/收纳配件，不是可独立使用的完整耳机；细分类目 Cases 与此一致；判为 ACCESSORY。
B083447PGS,ACCESSORY,0.995,NOT_APPLICABLE,0,2,0,1,0,taxonomy_accessory=2;title_accessory=1,"Laffav Airpods Case Cover Protective Silicone Case Skin with Anti-Lost Carabiner (Front LED Visible) for Women Men Compatible with Apple AirPods 2 and 1, 2 Pack, Nightglow Blue, Nightglow Pink",Laffav,Cases,Cases,12167,ACCESSORY,NOT_APPLICABLE,标题明确为保护壳/收纳配件，不是可独立使用的完整耳机；细分类目 Cases 与此一致；判为 ACCESSORY。
B000VJDD1S,AMBIGUOUS,0.6,NOT_APPLICABLE,1,0,0,1,1,taxonomy_device=1;title_accessory=1;conflict,"Cable Forge USB Cable for 3.5mm Stereo Audio Cable (25 Feet, Black)",RiteAV,"Headphones, Earbuds & Accessories",,15,ACCESSORY,NOT_APPLICABLE,标题明确为线缆/转接配件，不是可独立使用的完整耳机；结合标题的兼容/替换关系判定；判为 ACCESSORY。 原自动标签为 AMBIGUOUS，本次以商品主体语义和类目复核后更正。
B09835BXRL,ACCESSORY,0.995,NOT_APPLICABLE,0,2,0,1,0,taxonomy_accessory=2;title_accessory=1,"SOULWIT Memory Foam Ear Tips Replacement [with Mesh] for Samsung Galaxy Buds Pro, 3 Pairs Noise Isolation Earbuds Eartips with Portable Storage Case (Black,S/M/L)",SOULWIT,Earpads,Earpads,503,ACCESSORY,NOT_APPLICABLE,标题明确为替换耳垫/耳罩，不是可独立使用的完整耳机；细分类目 Earpads 与此一致；判为 ACCESSORY。
B00V9K9PX8,AMBIGUOUS,0.5,NOT_APPLICABLE,0,0,0,0,0,insufficient_evidence,Gold Plated Q&Q Fashion Men Vintage Tree Branch Bird Swallow Brooch Tie Hat Scarf Lapel Stick Pin Badge,THOMSONTAN,Headphones & Earbuds,Headphones & Earbuds,1,AMBIGUOUS,NOT_APPLICABLE,needs_review: 标题“Gold Plated Q&Q Fashion Men Vintage Tree Branch Bird Swallow Brooch Tie Hat Scarf Lapel Stick Pin Badge”未描述完整耳机或明确耳机配件，且与类目“Headphones & Earbuds”不一致/信息残缺；保留 AMBIGUOUS，不强行归类。
B008Y5WQBE,AMBIGUOUS,0.5,NOT_APPLICABLE,0,0,0,0,0,insufficient_evidence,"The Oficial Hygiene Decks of the ADHA (2012-2013 Edition) (Dental Hygiene Decks, 2012-2013)",the flashcard company (Author),Headphones & Earbuds,Headphones & Earbuds,3,AMBIGUOUS,NOT_APPLICABLE,"needs_review: 标题“The Oficial Hygiene Decks of the ADHA (2012-2013 Edition) (Dental Hygiene Decks, 2012-2013)”未描述完整耳机或明确耳机配件，且与类目“Headphones & Earbuds”不一致/信息残缺；保留 AMBIGUOUS，不强行归类。"
B00V6JN34O,DEVICE,0.98,EARBUD_INEAR,2,0,0,0,0,taxonomy_device=2,Ivation Bluetooth Wireless Headset Headband Earmuffs/Ear Warmers with Integrated Music Controls,Ivation,Earbud Headphones,Headphones & Earbuds,5,DEVICE,EARBUD_INEAR,标题描述可独立使用的完整耳机/耳塞设备，细分类目为 Earbud Headphones；判为 DEVICE；形态依据：细分类目为 Earbud Headphones。
B09Q891GF1,DEVICE,0.955,EARBUD_INEAR,2,0,2,1,1,taxonomy_device=2;title_device=2;title_accessory=1;conflict,"True Wireless Earbuds, TONSTEP Bluetooth 5.1 Headphones with Charging Case, Deep Bass Stereo Earphones, 30H Playtime, IPX6 Waterproof, Touch Control, in-Ear Built-in Mic Headset for Sport, Work(Black)",Tonstep,Earbud Headphones,Headphones & Earbuds,90,DEVICE,EARBUD_INEAR,标题主体是完整耳机，后列保护壳/线缆/支架等随附配件（套装不改变主体标签）；判为 DEVICE；形态依据：标题含耳塞/入耳/开放式耳戴设备词，且其主体线索早于头戴式描述。
B0921P45JV,DEVICE,0.955,EARBUD_INEAR,2,0,2,1,1,taxonomy_device=2;title_device=2;title_accessory=1;conflict,"Gabba Goods Truebuds Prime True Wireless Earbuds with Charging Case and Smart Touch Control, Voice Assistant, HiFi Stereo Sound, Sweat Resistant",Gabba Goods,Earbud Headphones,Headphones & Earbuds,12,DEVICE,EARBUD_INEAR,标题主体是完整耳机，后列保护壳/线缆/支架等随附配件（套装不改变主体标签）；判为 DEVICE；形态依据：标题含耳塞/入耳/开放式耳戴设备词，且其主体线索早于头戴式描述。
B0B5TPPY3X,AMBIGUOUS,0.6,NOT_APPLICABLE,2,0,1,1,1,taxonomy_device=2;title_device=1;title_accessory=1;conflict,Digital Display Touch-Control Wireless Bluetooth Headphones - HiFi Sound Quality in-Ear - Long Endurance Headset with Charging Case - Binaural Call and Noise Reduction Technology - for iOS Android,Generic,Earbud Headphones,Headphones & Earbuds,2,DEVICE,EARBUD_INEAR,标题主体是完整耳机，后列保护壳/线缆/支架等随附配件（套装不改变主体标签）；判为 DEVICE；形态依据：标题含耳塞/入耳/开放式耳戴设备词，且其主体线索早于头戴式描述。 原自动标签为 AMBIGUOUS，本次以商品主体语义和类目复核后更正。
B0B3CYFF23,AMBIGUOUS,0.6,NOT_APPLICABLE,2,0,1,1,1,taxonomy_device=2;title_device=1;title_accessory=1;conflict,"Wireless Earbuds Bluetooth 5.0 Headphones HiFi Stereo Noise Cancelling, IPX5 Waterproof Earphones Built-in Mic Headset for Sports, with Wireless Charging Case Digital LED Intelligence Display",Bchangss,Earbud Headphones,Headphones & Earbuds,79,DEVICE,EARBUD_INEAR,标题主体是完整耳机，后列保护壳/线缆/支架等随附配件（套装不改变主体标签）；判为 DEVICE；形态依据：标题含耳塞/入耳/开放式耳戴设备词，且其主体线索早于头戴式描述。 原自动标签为 AMBIGUOUS，本次以商品主体语义和类目复核后更正。
B07WD42CT8,DEVICE,0.995,EARBUD_INEAR,2,0,2,0,0,taxonomy_device=2;title_device=2,"Soundcore Upgraded, Anker Liberty Neo True Wireless Earbuds, Pumping Bass, IPX7 Waterproof, Secure Fit, Bluetooth 5 Headphones, Stereo Calls, Noise Isolation, One Step Pairing, Sports (White)",Soundcore,Earbud Headphones,Headphones & Earbuds,26852,DEVICE,EARBUD_INEAR,标题描述可独立使用的完整耳机/耳塞设备，细分类目为 Earbud Headphones；判为 DEVICE；形态依据：标题含耳塞/入耳/开放式耳戴设备词，且其主体线索早于头戴式描述。
B0834423XN,ACCESSORY,0.98,NOT_APPLICABLE,0,2,0,0,0,taxonomy_accessory=2,"Laffav Airpods Case, Soft Silicone Protective Shockproof Wireless Charging Airpods Earbuds Case Cover Skin with Keychain kit Set for Apple AirPods 1 & 2 (Front LED Visible), 2 Pack, Black, Gray",Laffav,Cases,Cases,12169,ACCESSORY,NOT_APPLICABLE,标题明确为保护壳/收纳配件，不是可独立使用的完整耳机；细分类目 Cases 与此一致；判为 ACCESSORY。
B08V1DQD74,ACCESSORY,0.995,NOT_APPLICABLE,0,2,0,2,0,taxonomy_accessory=2;title_accessory=2,"Rugged Case for AirPods, KMMIN AirPods Case Cover Military Hard Shell Full-Body Protective Cover Skin Shockproof AirPods Accessories with Keychain, Front LED Visible",KMMIN,Cases,Cases,116,ACCESSORY,NOT_APPLICABLE,标题明确为保护壳/收纳配件，不是可独立使用的完整耳机；细分类目 Cases 与此一致；判为 ACCESSORY。
B07RCDWXFN,DEVICE,0.98,EARBUD_INEAR,2,0,0,0,0,taxonomy_device=2,DURAGADGET Comfortable Black in-Ear Earphones - Compatible with Samsung Galaxy M10 & M20 Smartphones,DURAGADGET,Earbud Headphones,Headphones & Earbuds,1,DEVICE,EARBUD_INEAR,标题描述可独立使用的完整耳机/耳塞设备，细分类目为 Earbud Headphones；判为 DEVICE；形态依据：标题含耳塞/入耳/开放式耳戴设备词，且其主体线索早于头戴式描述。
B013RJGQKS,AMBIGUOUS,0.6,NOT_APPLICABLE,1,0,0,0,0,taxonomy_device=1,"TOOKS NextGen SPORTEC BAND (FLEECE) - Headphone Headband With Integrated Removable Headphones | New Inline Remote with Microphone, Volume Adjust and Music/Call Control | COLOR: BLACK",TOOKS,"Headphones, Earbuds & Accessories",,51,DEVICE,ON_EAR,标题主体是完整耳机，后列保护壳/线缆/支架等随附配件（套装不改变主体标签）；判为 DEVICE；形态依据：标题为睡眠眼罩/头带/帽式扬声器，扬声单元贴耳佩戴。 原自动标签为 AMBIGUOUS，本次以商品主体语义和类目复核后更正。
B075Z3V4G9,ACCESSORY,0.995,NOT_APPLICABLE,0,2,0,1,0,taxonomy_accessory=2;title_accessory=1,"ALXCD Ear Adapters for IE 800 Ear Canal Headphones, S/M/L 3 Pair Round Shape & S/L 2 Pair Oval-Shaped Silicone Replacement Ear Tips Ear Adaptors, Fit for IE800 (Black)",ALXCD,Earpads,Earpads,1,ACCESSORY,NOT_APPLICABLE,标题明确为替换耳垫/耳罩，不是可独立使用的完整耳机；细分类目 Earpads 与此一致；判为 ACCESSORY。
B083YSZNKR,AMBIGUOUS,0.6,NOT_APPLICABLE,2,0,0,1,1,taxonomy_device=2;title_accessory=1;conflict,"Wireless Headphones, Bluetooth 5.1 in Ear Stereo Earbuds, 30 Hours of Playtime with Charging Case, Built in Dual Mic, IPX7 Waterproof Sports Headphones, Suitable for Running/Fitness/Game",Tikland,Earbud Headphones,Headphones & Earbuds,687,DEVICE,EARBUD_INEAR,标题主体是完整耳机，后列保护壳/线缆/支架等随附配件（套装不改变主体标签）；判为 DEVICE；形态依据：标题含耳塞/入耳/开放式耳戴设备词，且其主体线索早于头戴式描述。 原自动标签为 AMBIGUOUS，本次以商品主体语义和类目复核后更正。
B0837RB4ZS,AMBIGUOUS,0.5,NOT_APPLICABLE,0,0,0,0,0,insufficient_evidence,KENTKING Bluetooth Wireless Audio Sunglasses Open Ear Headset Listen Music & Hand-Free Calling with UV400 Polarized Lenses Unisex Compatible for All Smart Phones (Black),KENTKING,Headphones & Earbuds,Headphones & Earbuds,1,DEVICE,EARBUD_INEAR,标题描述可独立使用的完整耳机/耳塞设备，并含连接、声学或供电功能信息；判为 DEVICE；形态依据：标题含耳塞/入耳/开放式耳戴设备词，且其主体线索早于头戴式描述。 原自动标签为 AMBIGUOUS，本次以商品主体语义和类目复核后更正。
B01N7YWWPG,ACCESSORY,0.94,NOT_APPLICABLE,2,0,0,2,1,taxonomy_device=2;title_accessory=2;conflict,Affordable JBL E40BT White High-Performance Wireless On-Ear Bluetooth Stereo Headphone Replacement USB Charging Cable for JBL E40BT/E50BT/J56BT Headphones,Affordable,On-Ear Headphones,Headphones & Earbuds,4,ACCESSORY,NOT_APPLICABLE,标题明确为线缆/转接配件，不是可独立使用的完整耳机；结合标题的兼容/替换关系判定；判为 ACCESSORY。
B06XBH12Z1,AMBIGUOUS,0.6,NOT_APPLICABLE,2,0,0,1,1,taxonomy_device=2;title_accessory=1;conflict,Pure Copper CORE: Copper Wire Reduced Charging Cable Resistance Enable to Provide The Fastest 120,AYNGWRNB,Earbud Headphones,Headphones & Earbuds,4,ACCESSORY,NOT_APPLICABLE,标题明确为线缆/转接配件，不是可独立使用的完整耳机；结合标题的兼容/替换关系判定；判为 ACCESSORY。 原自动标签为 AMBIGUOUS，本次以商品主体语义和类目复核后更正。
B005GUAHKC,AMBIGUOUS,0.6,NOT_APPLICABLE,1,0,0,0,0,taxonomy_device=1,"iHip NFH22CHI NFL Chicago Bears DJ Style Headphones, Orange/Blue (Discontinued by Manufacturer)",iHip,"Headphones, Earbuds & Accessories",,8,DEVICE,OVER_EAR,标题描述可独立使用的完整耳机/耳塞设备，并含连接、声学或供电功能信息；判为 DEVICE；形态依据：标题语义为带耳罩的游戏/办公/监听头戴式耳机。 原自动标签为 AMBIGUOUS，本次以商品主体语义和类目复核后更正。
B076WQ5T4X,AMBIGUOUS,0.6,NOT_APPLICABLE,0,0,1,0,0,title_device=1,"Q-YEE Wired Headphones, Ergonomic in-Ear Earbuds Stereo Wired Earphones with Microphone (Silver (White)",Q-YEE,Headphones & Earbuds,Headphones & Earbuds,50,DEVICE,EARBUD_INEAR,标题主体是完整耳机，后列保护壳/线缆/支架等随附配件（套装不改变主体标签）；判为 DEVICE；形态依据：标题含耳塞/入耳/开放式耳戴设备词，且其主体线索早于头戴式描述。 原自动标签为 AMBIGUOUS，本次以商品主体语义和类目复核后更正。
B09X34VQML,AMBIGUOUS,0.6,NOT_APPLICABLE,2,0,0,1,1,taxonomy_device=2;title_accessory=1;conflict,Linsoul RAPTGO Hook-X 14.2mm Open Planar Diaphragm Driver + PZT Driver HiFi in-Ear Earphone with Detachable 0.78 2pin OCC Cable for Musician Audiophile,Linsoul,Earbud Headphones,Headphones & Earbuds,81,DEVICE,EARBUD_INEAR,标题描述可独立使用的完整耳机/耳塞设备，细分类目为 Earbud Headphones；判为 DEVICE；形态依据：标题含耳塞/入耳/开放式耳戴设备词，且其主体线索早于头戴式描述。 原自动标签为 AMBIGUOUS，本次以商品主体语义和类目复核后更正。
B087JBSNJR,AMBIGUOUS,0.6,NOT_APPLICABLE,2,0,0,1,1,taxonomy_device=2;title_accessory=1;conflict,Hermitshell Hard Travel Case for mpow h7 Headphones,Hermitshell,Over-Ear Headphones,Headphones & Earbuds,24,ACCESSORY,NOT_APPLICABLE,标题明确为保护壳/收纳配件，不是可独立使用的完整耳机；结合标题的兼容/替换关系判定；判为 ACCESSORY。 原自动标签为 AMBIGUOUS，本次以商品主体语义和类目复核后更正。
B08K3GM6TN,DEVICE,0.955,EARBUD_INEAR,2,0,2,1,1,taxonomy_device=2;title_device=2;title_accessory=1;conflict,"Wireless Earbuds TicPods Free True Bluetooth Earbuds with Charging case, Water Resistant, Clear Crisp Audio in Both Ears, Noise isolating- Ice (Renewed)",Amazon Renewed,Earbud Headphones,Headphones & Earbuds,4,DEVICE,EARBUD_INEAR,标题主体是完整耳机，后列保护壳/线缆/支架等随附配件（套装不改变主体标签）；判为 DEVICE；形态依据：标题含耳塞/入耳/开放式耳戴设备词，且其主体线索早于头戴式描述。
B09YVBSB87,DEVICE,0.995,EARBUD_INEAR,2,0,2,0,0,taxonomy_device=2;title_device=2,Skullcandy Sesh True Wireless In-Ear Earbuds - Black,Skullcandy,Earbud Headphones,Headphones & Earbuds,41627,DEVICE,EARBUD_INEAR,标题描述可独立使用的完整耳机/耳塞设备，细分类目为 Earbud Headphones；判为 DEVICE；形态依据：标题含耳塞/入耳/开放式耳戴设备词，且其主体线索早于头戴式描述。
B08Y18HY3F,DEVICE,0.995,EARBUD_INEAR,2,0,1,0,0,taxonomy_device=2;title_device=1,"JVC Gumy in Ear Earbud Headphones, Powerful Sound, Comfortable and Secure Fit, Silicone Ear Pieces S/M/L - HAFX7V Purple",JVC,Earbud Headphones,Headphones & Earbuds,11178,DEVICE,EARBUD_INEAR,标题描述可独立使用的完整耳机/耳塞设备，细分类目为 Earbud Headphones；判为 DEVICE；形态依据：标题含耳塞/入耳/开放式耳戴设备词，且其主体线索早于头戴式描述。
B07ZYRBBY5,ACCESSORY,0.98,NOT_APPLICABLE,0,2,0,0,0,taxonomy_accessory=2,"Airpods Pro Case,Leather Protective Shockproof Cover with Keychain [Front LED Visible] Support Wireless Charging [No Dust] Compatiable for Airpods Pro & 3 (Brown)",Mangix,Cases,Cases,15,ACCESSORY,NOT_APPLICABLE,标题明确为保护壳/收纳配件，不是可独立使用的完整耳机；细分类目 Cases 与此一致；判为 ACCESSORY。
B01F4RO4UU,AMBIGUOUS,0.5,NOT_APPLICABLE,0,0,0,0,0,insufficient_evidence,"Elegance Silver Silver Plated Teapot Spoons With Crystal, Set OF 8",Elegance Silver Kitoo,Headphones & Earbuds,Headphones & Earbuds,3,AMBIGUOUS,NOT_APPLICABLE,"needs_review: 标题“Elegance Silver Silver Plated Teapot Spoons With Crystal, Set OF 8”未描述完整耳机或明确耳机配件，且与类目“Headphones & Earbuds”不一致/信息残缺；保留 AMBIGUOUS，不强行归类。"
B00NVLADAW,AMBIGUOUS,0.5,NOT_APPLICABLE,0,0,0,0,0,insufficient_evidence,Cute Earbuds with Crystals 2 Pack,Greenbrier,Headphones & Earbuds,Headphones & Earbuds,4,DEVICE,EARBUD_INEAR,标题描述可独立使用的完整耳机/耳塞设备，并含连接、声学或供电功能信息；判为 DEVICE；形态依据：标题含耳塞/入耳/开放式耳戴设备词，且其主体线索早于头戴式描述。 原自动标签为 AMBIGUOUS，本次以商品主体语义和类目复核后更正。
B07NLC287Q,AMBIGUOUS,0.6,NOT_APPLICABLE,2,0,0,1,1,taxonomy_device=2;title_accessory=1;conflict,"Ear Buds Earbuds Microphone Headphones in Ear Earphones with Mic Volume Control,Wired,Bass,Comfortable,Storage Case(Black)",Yadesign,Earbud Headphones,Headphones & Earbuds,18,DEVICE,EARBUD_INEAR,标题描述可独立使用的完整耳机/耳塞设备，细分类目为 Earbud Headphones；判为 DEVICE；形态依据：标题含耳塞/入耳/开放式耳戴设备词，且其主体线索早于头戴式描述。 原自动标签为 AMBIGUOUS，本次以商品主体语义和类目复核后更正。
B00FIIM840,AMBIGUOUS,0.5,NOT_APPLICABLE,0,0,0,0,0,insufficient_evidence,Green Handsfree EarPhone HeadPhones HeadSet With Mic For Nokia Lumia 822 900 920,RP&NM,Headphones & Earbuds,Headphones & Earbuds,1,DEVICE,EARBUD_INEAR,标题描述可独立使用的完整耳机/耳塞设备，并含连接、声学或供电功能信息；判为 DEVICE；形态依据：标题含耳塞/耳机式耳戴设备词，未出现相冲突的头戴形态描述。 原自动标签为 AMBIGUOUS，本次以商品主体语义和类目复核后更正。
B0B9R153RR,AMBIGUOUS,0.6,NOT_APPLICABLE,1,0,0,0,0,taxonomy_device=1,Kuuhsaaez Premium Bone Conduction Open-Ear Sport Headphones — Noise Cancelling Earphones - Built-in Mic Sweat Resistant Earphones for Workouts and Running with Deep Base (Green)-1,Kuuhsaaez,Open-Ear Headphones,Headphones & Earbuds,21,DEVICE,EARBUD_INEAR,标题描述可独立使用的完整耳机/耳塞设备，细分类目为 Open-Ear Headphones；判为 DEVICE；形态依据：标题含耳塞/入耳/开放式耳戴设备词，且其主体线索早于头戴式描述。 原自动标签为 AMBIGUOUS，本次以商品主体语义和类目复核后更正。
B07Z5PBH6Q,ACCESSORY,0.94,NOT_APPLICABLE,0,2,1,0,1,taxonomy_accessory=2;title_device=1;conflict,"3X Voyager 5200 Ear Tips Replacement,Ultra Comfort Silicone Voyager Legend Eartips with in-Ear Foam for Plantronics Ploy Voyager 5200 5220 5210 Series Bluetooth Headset Earphone Buds-Medium",Wiki VALLEY,Earpads,Earpads,2869,ACCESSORY,NOT_APPLICABLE,标题明确为替换耳垫/耳罩，不是可独立使用的完整耳机；细分类目 Earpads 与此一致；判为 ACCESSORY。
B08DTCQ4D1,DEVICE,0.98,EARBUD_INEAR,2,0,0,0,0,taxonomy_device=2,Sony MDREX15LP Fashion Color EX Series Earbuds (White),Amazon Renewed,Earbud Headphones,Headphones & Earbuds,5,DEVICE,EARBUD_INEAR,标题描述可独立使用的完整耳机/耳塞设备，细分类目为 Earbud Headphones；判为 DEVICE；形态依据：标题含耳塞/入耳/开放式耳戴设备词，且其主体线索早于头戴式描述。
B07KCR99C1,AMBIGUOUS,0.6,NOT_APPLICABLE,2,0,0,1,1,taxonomy_device=2;title_accessory=1;conflict,PreSonus HD9 Professional Over-Ear Monitoring Headphones (Closed Back) with Headphone Hanger Mount & 25' Stereo Mini Female Extension Cable Bundle,PreSonus,Over-Ear Headphones,Headphones & Earbuds,5,DEVICE,OVER_EAR,标题主体是完整耳机，后列保护壳/线缆/支架等随附配件（套装不改变主体标签）；判为 DEVICE；形态依据：标题明确为 over-ear/around-ear/full-size，且该形态是最先出现的主体描述。 原自动标签为 AMBIGUOUS，本次以商品主体语义和类目复核后更正。
B07F1HLJHJ,AMBIGUOUS,0.5,NOT_APPLICABLE,0,0,0,0,0,insufficient_evidence,OBUY Unicorn Sequin Journal Mermaid Sequin Notebook Reversible Sequin Journal Flip Sequin Notebook for Kids Girls Diary Unicorn Journal Gifts(Unicorn),BALABO,Headphones & Earbuds,Headphones & Earbuds,1,AMBIGUOUS,NOT_APPLICABLE,needs_review: 标题“OBUY Unicorn Sequin Journal Mermaid Sequin Notebook Reversible Sequin Journal Flip Sequin Notebook for Kids Girls Diary Unicorn Journal Gifts(Unicorn)”未描述完整耳机或明确耳机配件，且与类目“Headphones & Earbuds”不一致/信息残缺；保留 AMBIGUOUS，不强行归类。
B074TZPWH6,ACCESSORY,0.98,NOT_APPLICABLE,0,2,0,0,0,taxonomy_accessory=2,"Otw-Cool Adjustable Inline Skates for Kids Boys skates with All Wheels Light up, Safe and Durable Inline Roller Skates for Boys",otw cool,Adapters,Adapters,19,ACCESSORY,NOT_APPLICABLE,标题明确为线缆/转接配件，不是可独立使用的完整耳机；细分类目 Adapters 与此一致；判为 ACCESSORY。
B076NK6YQS,ACCESSORY,0.98,NOT_APPLICABLE,0,2,0,0,0,taxonomy_accessory=2,"Conshine 20Pcs 3.5mm Stereo Male Connector, 3-Pole Solder Plug Aux Audio Cable Adapter Repair Headphone",Conshine,Adapters,Adapters,2,ACCESSORY,NOT_APPLICABLE,标题明确为线缆/转接配件，不是可独立使用的完整耳机；细分类目 Adapters 与此一致；判为 ACCESSORY。
B008B95GKQ,AMBIGUOUS,0.5,NOT_APPLICABLE,0,0,0,0,0,insufficient_evidence,Hype Comfort Plus Earbud Stereo Headphones w/3.5mm Jack (Black),Hype,Headphones & Earbuds,Headphones & Earbuds,3,DEVICE,EARBUD_INEAR,标题描述可独立使用的完整耳机/耳塞设备，并含连接、声学或供电功能信息；判为 DEVICE；形态依据：标题含耳塞/入耳/开放式耳戴设备词，且其主体线索早于头戴式描述。 原自动标签为 AMBIGUOUS，本次以商品主体语义和类目复核后更正。
B003LLPZFK,ACCESSORY,0.98,NOT_APPLICABLE,0,2,0,0,0,taxonomy_accessory=2,10 Small Sharp Phillips Panasonic Griffin EarJams TuneBuds Replacement Silicone Ear Buds Tips Sleeves,eGadgetsandToys,Earpads,Earpads,81,ACCESSORY,NOT_APPLICABLE,标题明确为替换耳垫/耳罩，不是可独立使用的完整耳机；细分类目 Earpads 与此一致；判为 ACCESSORY。
B08R8Y1WB3,ACCESSORY,0.995,NOT_APPLICABLE,0,2,0,1,0,taxonomy_accessory=2;title_accessory=1,"AirPods Case,Doboli Silicone Airpod Case Cover Compatible with Airpods 2 &1 (Front LED Visible) Nightglow Rose Red",Doboli,Cases,Cases,68313,ACCESSORY,NOT_APPLICABLE,标题明确为保护壳/收纳配件，不是可独立使用的完整耳机；细分类目 Cases 与此一致；判为 ACCESSORY。
B081CVFJJ7,DEVICE,0.955,EARBUD_INEAR,2,0,2,1,1,taxonomy_device=2;title_device=2;title_accessory=1;conflict,"dyplayTrue Wireless Earbuds Active Noise Cancelling Bluetooth 5.0 Headphones 32H Playtime 3D Stereo Sound with Mic and Wireless Charging Case, Waterproof ANC TWS Earbuds for Work, Travel, Calls, Home",dyplay,Earbud Headphones,Headphones & Earbuds,7,DEVICE,EARBUD_INEAR,标题主体是完整耳机，后列保护壳/线缆/支架等随附配件（套装不改变主体标签）；判为 DEVICE；形态依据：标题含耳塞/入耳/开放式耳戴设备词，且其主体线索早于头戴式描述。
B005FPT4OI,AMBIGUOUS,0.5,NOT_APPLICABLE,0,0,0,0,0,insufficient_evidence,CellAllure Marilyn Monroe Multimedia Headset,Marilyn Monroe,Headphones & Earbuds,Headphones & Earbuds,6,DEVICE,NEEDS_REVIEW,needs_review: 型号或套装语义可确认包含完整耳机/耳机系统，但佩戴结构在现有标题中不够清楚；判为 DEVICE / NEEDS_REVIEW。 原自动标签为 AMBIGUOUS，本次复核后更正。
B07PFB7F8F,ACCESSORY,0.98,NOT_APPLICABLE,0,2,0,0,0,taxonomy_accessory=2,1 Set of Ear Pads Cushion Cover Earpads Replacement Compatible with Sennheiser HD25 HD25-1 HME25 HMEC25 Headset (Black),YDYBZB,Earpads,Earpads,5,ACCESSORY,NOT_APPLICABLE,标题明确为替换耳垫/耳罩，不是可独立使用的完整耳机；细分类目 Earpads 与此一致；判为 ACCESSORY。
B098JY95X1,DEVICE,0.985,EARBUD_INEAR,2,0,3,1,1,taxonomy_device=2;title_device=3;title_accessory=1;conflict,"Hntmao True Wireless Earbuds, IPX7 Waterproof Bluetooth Earbuds, 30H Cyclic Playtime Headphones with Charging Case and mic for iPhone Android, in-Ear Stereo Earphones Headset for Sport White",Hntmao,Earbud Headphones,Headphones & Earbuds,711,DEVICE,EARBUD_INEAR,标题主体是完整耳机，后列保护壳/线缆/支架等随附配件（套装不改变主体标签）；判为 DEVICE；形态依据：标题含耳塞/入耳/开放式耳戴设备词，且其主体线索早于头戴式描述。
B0157J316S,AMBIGUOUS,0.5,NOT_APPLICABLE,0,0,0,0,0,insufficient_evidence,SoundBot SB562 Stereo Bluetooth,Soundbot,Headphones & Earbuds,Headphones & Earbuds,98,DEVICE,EARBUD_INEAR,标题/型号表明是入耳耳塞、手机单耳蓝牙耳机、运动耳机或随身耳塞系统；判为 DEVICE / EARBUD_INEAR。 核验来源：https://www.soundbot.com/products/soundbot-sb562-bluetooth-sports-earbud 原自动标签为 AMBIGUOUS，本次复核后更正。
B08T14VFMK,AMBIGUOUS,0.6,NOT_APPLICABLE,2,0,0,1,1,taxonomy_device=2;title_accessory=1;conflict,"Headphones,5.0 in-Ear Earphones TWS Stereo Sound, Portable Headset 28H Palytime w/Built-in Mic Single/Twin Mode Charging Case",HINYCOM,Earbud Headphones,Headphones & Earbuds,10,DEVICE,EARBUD_INEAR,标题描述可独立使用的完整耳机/耳塞设备，细分类目为 Earbud Headphones；判为 DEVICE；形态依据：标题含耳塞/入耳/开放式耳戴设备词，且其主体线索早于头戴式描述。 原自动标签为 AMBIGUOUS，本次以商品主体语义和类目复核后更正。
B08ZDD968G,AMBIGUOUS,0.6,NOT_APPLICABLE,2,0,0,1,1,taxonomy_device=2;title_accessory=1;conflict,"FAAEAL Poppy Metal Earphone Stereo Bass HiFi Tuning Headset 3.5mm Wired in-Ear Earphones for Mobile Phone PC MP3 Player, Headset with 5N LC-OFC Cable for Exercise Office (with Mic)",FAAEAL,Earbud Headphones,Headphones & Earbuds,17,DEVICE,EARBUD_INEAR,标题主体是完整耳机，后列保护壳/线缆/支架等随附配件（套装不改变主体标签）；判为 DEVICE；形态依据：标题含耳塞/入耳/开放式耳戴设备词，且其主体线索早于头戴式描述。 原自动标签为 AMBIGUOUS，本次以商品主体语义和类目复核后更正。
B00WXEH784,AMBIGUOUS,0.6,NOT_APPLICABLE,1,0,0,0,0,taxonomy_device=1,"VOJO Rabbit, Earpods Sport Skin with Silicone Earbuds Sleeves, [Clear & Green 2 Pairs] Sweat & Water Proof Ear-Hook Keeper Grips for Apple iPhone 6 6s Plus 5s 5 se 5c, Colorful Cover Securer Gadget",VOJO,"Headphones, Earbuds & Accessories",,10,DEVICE,EARBUD_INEAR,标题描述可独立使用的完整耳机/耳塞设备，并含连接、声学或供电功能信息；判为 DEVICE；形态依据：标题含耳塞/入耳/开放式耳戴设备词，且其主体线索早于头戴式描述。 原自动标签为 AMBIGUOUS，本次以商品主体语义和类目复核后更正。
B08Z73XHSJ,ACCESSORY,0.995,NOT_APPLICABLE,0,2,0,2,0,taxonomy_accessory=2;title_accessory=2,Diidmo Airpods Pro Case Soft Silicone AirPods Pro Skin Case Cover Shockproof Full-Body Protective Case with Keychain Apple Wireless Charging Case Fire Lion AirPods Accessories Kits- Black (Fire Lion),Diidmo,Cases,Cases,4,ACCESSORY,NOT_APPLICABLE,标题明确为保护壳/收纳配件，不是可独立使用的完整耳机；细分类目 Cases 与此一致；判为 ACCESSORY。
B09YLZML7Z,DEVICE,0.98,EARBUD_INEAR,2,0,0,0,0,taxonomy_device=2,"Sanpanpai Neckband Headphones for Running, Lively Life 5.0 Headphones with TF Card Slot, IPX5 Sport Earbuds, Lightweight Earphones - Black",Sanpanpai,Earbud Headphones,Headphones & Earbuds,3,DEVICE,EARBUD_INEAR,标题描述可独立使用的完整耳机/耳塞设备，细分类目为 Earbud Headphones；判为 DEVICE；形态依据：标题含耳塞/入耳/开放式耳戴设备词，且其主体线索早于头戴式描述。
B07KLZGCWZ,ACCESSORY,0.995,NOT_APPLICABLE,0,2,0,1,0,taxonomy_accessory=2;title_accessory=1,"Airpods Case, Music tracker Protective Thicken Airpods Cover Soft Silicone Chargeable Headphone Case with Anti-Lost Carabiner for Apple Airpods 1&2 Charging Case (Burgundy)",Music tracker,Cases,Cases,20825,ACCESSORY,NOT_APPLICABLE,标题明确为保护壳/收纳配件，不是可独立使用的完整耳机；细分类目 Cases 与此一致；判为 ACCESSORY。
B07CB2446P,ACCESSORY,0.98,NOT_APPLICABLE,0,2,0,0,0,taxonomy_accessory=2,"GEEKRIA Audio Cable with Mic Compatible with Sony WH-1000XM5 WH-1000XM4 WH-XB910N WH-XB900N Cable, 3.5mm Aux Replacement Stereo Cord with Inline Microphone and Volume Control (4 ft / 1.2 m)",GEEKRIA,Extension Cords,Extension Cords,48,ACCESSORY,NOT_APPLICABLE,标题明确为线缆/转接配件，不是可独立使用的完整耳机；细分类目 Extension Cords 与此一致；判为 ACCESSORY。
B07PFMB8B4,ACCESSORY,0.94,NOT_APPLICABLE,0,2,1,0,1,taxonomy_accessory=2;title_device=1;conflict,1 Pair of Ear Pads Cushion Earpads Pillow Foam Replacement Compatible with Turtle Beach Ear Force PLa Gaming Headset (Black),YDYBZB,Earpads,Earpads,1,ACCESSORY,NOT_APPLICABLE,标题明确为替换耳垫/耳罩，不是可独立使用的完整耳机；细分类目 Earpads 与此一致；判为 ACCESSORY。
B07M5JXG2X,ACCESSORY,0.995,NOT_APPLICABLE,0,2,0,1,0,taxonomy_accessory=2;title_accessory=1,"Airpods Case, Music tracker Protective Thicken Airpods Cover Soft Silicone Chargeable Headphone Case with Anti-Lost Carabiner for Apple Airpods 1&2 Charging Case (Dark Blue)",Music tracker,Cases,Cases,20852,ACCESSORY,NOT_APPLICABLE,标题明确为保护壳/收纳配件，不是可独立使用的完整耳机；细分类目 Cases 与此一致；判为 ACCESSORY。
B09M2K1XB1,AMBIGUOUS,0.6,NOT_APPLICABLE,2,0,0,1,1,taxonomy_device=2;title_accessory=1;conflict,"Lady house Kindpack Earbuds 5.0 Mini Headphones, in-Ear Earphones with Charging Case, IPX5 Waterproof Hi-Fi Stereo Built-in Mic Headset for Work, Black",Lady house Kindpack,Earbud Headphones,Headphones & Earbuds,1,DEVICE,EARBUD_INEAR,标题主体是完整耳机，后列保护壳/线缆/支架等随附配件（套装不改变主体标签）；判为 DEVICE；形态依据：标题含耳塞/入耳/开放式耳戴设备词，且其主体线索早于头戴式描述。 原自动标签为 AMBIGUOUS，本次以商品主体语义和类目复核后更正。
B08HDGYCL4,AMBIGUOUS,0.6,NOT_APPLICABLE,2,0,0,1,1,taxonomy_device=2;title_accessory=1;conflict,"HoomBand Wireless | Bluetooth Innovative Headband for Sleep, Travel, Meditation | Charging Cable Included & Free Access to Hypnotic Stories Created by Sleep Experts (Size S)",Hoom,Earbud Headphones,Headphones & Earbuds,231,DEVICE,EARBUD_INEAR,标题描述可独立使用的完整耳机/耳塞设备，细分类目为 Earbud Headphones；判为 DEVICE；形态依据：细分类目为 Earbud Headphones。 原自动标签为 AMBIGUOUS，本次以商品主体语义和类目复核后更正。
B096KK15NX,DEVICE,0.955,EARBUD_INEAR,2,0,2,1,1,taxonomy_device=2;title_device=2;title_accessory=1;conflict,"MINUSWIRE Active Noise Cancelling Wireless Earbuds, ANC Bluetooth 5.0 in Ear Stereo Earphones Deep Bass Headset, Waterproof Headphones Built in 6 Mics USB-C Charging Case, Smart Touch Control [Pink]",MINUSWIRE,Earbud Headphones,Headphones & Earbuds,5,DEVICE,EARBUD_INEAR,标题描述可独立使用的完整耳机/耳塞设备，细分类目为 Earbud Headphones；判为 DEVICE；形态依据：标题含耳塞/入耳/开放式耳戴设备词，且其主体线索早于头戴式描述。
B01M18X04S,DEVICE,0.995,OVER_EAR,2,0,1,0,0,taxonomy_device=2;title_device=1,Wireless Ear Headphones Wired Over Ear Headphones Noise Canceling Foldable Headphones for Smartphone,Topicy,Over-Ear Headphones,Headphones & Earbuds,33,DEVICE,OVER_EAR,标题描述可独立使用的完整耳机/耳塞设备，细分类目为 Over-Ear Headphones；判为 DEVICE；形态依据：标题明确为 over-ear/around-ear/full-size，且该形态是最先出现的主体描述。
B08KYFRNLT,ACCESSORY,0.98,NOT_APPLICABLE,0,2,0,0,0,taxonomy_accessory=2,"R-fun AirPods Pro Case Cover with Keychain, Full Protective Silicone Skin Accessories for Women Men Girl with Apple 2019 Latest AirPods Pro Case, Front LED Visible-Wine red",R-fun,Cases,Cases,49330,ACCESSORY,NOT_APPLICABLE,标题明确为保护壳/收纳配件，不是可独立使用的完整耳机；细分类目 Cases 与此一致；判为 ACCESSORY。
B07TBRYDBV,AMBIGUOUS,0.6,NOT_APPLICABLE,2,0,1,1,1,taxonomy_device=2;title_device=1;title_accessory=1;conflict,"Bluetooth 5.0 Wireless Earbuds, Bluedio Hi(Hurricane) Wireless Earbud Headphones in-Ear Earphones with Charging Case, Mini Car Headset Built-in Mic for Cell Phone/Running/Android, 5Hrs Playtime",Bluedio,Earbud Headphones,Headphones & Earbuds,22167,DEVICE,EARBUD_INEAR,标题主体是完整耳机，后列保护壳/线缆/支架等随附配件（套装不改变主体标签）；判为 DEVICE；形态依据：标题含耳塞/入耳/开放式耳戴设备词，且其主体线索早于头戴式描述。 原自动标签为 AMBIGUOUS，本次以商品主体语义和类目复核后更正。
B09NB7V6NL,AMBIGUOUS,0.6,NOT_APPLICABLE,2,0,1,1,1,taxonomy_device=2;title_device=1;title_accessory=1;conflict,LIBMING Wireless Earbuds Bluetooth 5.0 with Wireless Charging Case IPX8 Waterproof Stereo Headphones in Ear Built in Mic Headset Premium Sound with Deep Bass Black,LIBMING,Earbud Headphones,Headphones & Earbuds,98,DEVICE,EARBUD_INEAR,标题主体是完整耳机，后列保护壳/线缆/支架等随附配件（套装不改变主体标签）；判为 DEVICE；形态依据：标题含耳塞/入耳/开放式耳戴设备词，且其主体线索早于头戴式描述。 原自动标签为 AMBIGUOUS，本次以商品主体语义和类目复核后更正。
B09T3JCRYH,ACCESSORY,0.995,NOT_APPLICABLE,0,2,1,1,1,taxonomy_accessory=2;title_device=1;title_accessory=1;conflict,Upgrade Replacement Ear Cushion Headband Earpad Compatible with Corsair Void RGB Elite USB Premium Gaming Headset (Headband+Black Ear Pads),XBERSTAR,Earpads,Earpads,17,ACCESSORY,NOT_APPLICABLE,标题明确为替换耳垫/耳罩，不是可独立使用的完整耳机；细分类目 Earpads 与此一致；判为 ACCESSORY。
B08PKJBRHT,ACCESSORY,0.98,NOT_APPLICABLE,0,2,0,0,0,taxonomy_accessory=2,"USB C to AUX 3.5mm 1/8 inch Headphone Splitter Cable, HOSONGIN USB Type C to 2-Way Dual 3.5mm Jack (Earphone, Microphone) Splitter Adapter - 12 Inch",HOSONGIN,Adapters,Adapters,5,ACCESSORY,NOT_APPLICABLE,标题明确为线缆/转接配件，不是可独立使用的完整耳机；细分类目 Adapters 与此一致；判为 ACCESSORY。
B0BMXP1S36,DEVICE,0.955,EARBUD_INEAR,2,0,2,1,1,taxonomy_device=2;title_device=2;title_accessory=1;conflict,TOZO T12 Wireless Earbuds Bluetooth Headphones Premium Fidelity Sound Quality Wireless Charging Case Digital LED Intelligence Display IPX8 Waterproof Earphones Built-in Mic Headset for Sport Blue,TOZO,Earbud Headphones,Headphones & Earbuds,70079,DEVICE,EARBUD_INEAR,标题描述可独立使用的完整耳机/耳塞设备，细分类目为 Earbud Headphones；判为 DEVICE；形态依据：标题含耳塞/入耳/开放式耳戴设备词，且其主体线索早于头戴式描述。
B01GXMH5NI,AMBIGUOUS,0.6,NOT_APPLICABLE,2,0,0,1,1,taxonomy_device=2;title_accessory=1;conflict,8pcs (CL-BL)- Small (S) Replacement Set Earbuds Eartips Compatible with Jaybird Freedom F5 Earphones Headphones,NICKSTON,Earbud Headphones,Headphones & Earbuds,2,ACCESSORY,NOT_APPLICABLE,标题明确为替换耳塞套，不是可独立使用的完整耳机；结合标题的兼容/替换关系判定；判为 ACCESSORY。 原自动标签为 AMBIGUOUS，本次以商品主体语义和类目复核后更正。
B09V7KBZZ9,DEVICE,0.995,OVER_EAR,2,0,1,0,0,taxonomy_device=2;title_device=1,"Wireless Over Ear Headphones, Wireless 5.0/Wired Headset, Hi-Fi Stereo Deep Bass, Soft Earmuffs & Light Weight, Built-in HD Microphone for Online Class, Home Office, Gym, Travel",Letshock,Over-Ear Headphones,Headphones & Earbuds,168,DEVICE,OVER_EAR,标题描述可独立使用的完整耳机/耳塞设备，细分类目为 Over-Ear Headphones；判为 DEVICE；形态依据：标题明确为 over-ear/around-ear/full-size，且该形态是最先出现的主体描述。
B0BQC7892K,DEVICE,0.995,OVER_EAR,2,0,1,0,0,taxonomy_device=2;title_device=1,"6S Wireless Bluetooth Headphones Over Ear, Hi-Fi Stereo Foldable Wireless Stereo Headsets Earbuds with Built-in Mic, Volume Control, FM for iPhone/Samsung/iPad/PC (White & Gold)",PRTUKYT,Over-Ear Headphones,Headphones & Earbuds,2462,DEVICE,OVER_EAR,标题描述可独立使用的完整耳机/耳塞设备，细分类目为 Over-Ear Headphones；判为 DEVICE；形态依据：标题明确为 over-ear/around-ear/full-size，且该形态是最先出现的主体描述。
B0768YZZF9,AMBIGUOUS,0.6,NOT_APPLICABLE,2,0,1,1,1,taxonomy_device=2;title_device=1;title_accessory=1;conflict,in Ear Headphones SDFLAYER Silverlight Earbuds with Line-in Microphone Heavy Bass Dynamic Driver Earphones with Non Tangle TPE Cord for Running Gym Android Phones Music Player iPhone Not for iOS,SDFLAYER,Earbud Headphones,Headphones & Earbuds,16,DEVICE,EARBUD_INEAR,标题主体是完整耳机，后列保护壳/线缆/支架等随附配件（套装不改变主体标签）；判为 DEVICE；形态依据：标题含耳塞/入耳/开放式耳戴设备词，且其主体线索早于头戴式描述。 原自动标签为 AMBIGUOUS，本次以商品主体语义和类目复核后更正。
B00JVFS3JK,AMBIGUOUS,0.6,NOT_APPLICABLE,1,0,0,1,1,taxonomy_device=1;title_accessory=1;conflict,"Geekria Replacement Cable for Sennheiser IE8, IE80, IE8i Earphone Upgrade Cable / Headphone Replacement Cord",GEEKRIA,"Headphones, Earbuds & Accessories",,42,ACCESSORY,NOT_APPLICABLE,标题明确为线缆/转接配件，不是可独立使用的完整耳机；结合标题的兼容/替换关系判定；判为 ACCESSORY。 原自动标签为 AMBIGUOUS，本次以商品主体语义和类目复核后更正。
B0BL3B4LHZ,DEVICE,0.985,EARBUD_INEAR,2,0,5,1,1,taxonomy_device=2;title_device=5;title_accessory=1;conflict,"Tecno True Wireless Earbuds Noise Cancelling, Wireless Bluetooth Headphone with Microphone, Wireless in Ear Earbuds with Charging Case, Touch Control Waterproof with Mic Deep Bass for Sport White, H2",TECNO,Earbud Headphones,Headphones & Earbuds,138,DEVICE,EARBUD_INEAR,标题主体是完整耳机，后列保护壳/线缆/支架等随附配件（套装不改变主体标签）；判为 DEVICE；形态依据：标题含耳塞/入耳/开放式耳戴设备词，且其主体线索早于头戴式描述。
B00C0M5A1A,AMBIGUOUS,0.5,NOT_APPLICABLE,0,0,0,0,0,insufficient_evidence,"Decibullz - Custom Molded Earphone Adapters (200-BLK, Black)",Decibullz,Headphones & Earbuds,Headphones & Earbuds,385,ACCESSORY,NOT_APPLICABLE,标题明确为耳机配件，不是可独立使用的完整耳机；结合标题的兼容/替换关系判定；判为 ACCESSORY。 原自动标签为 AMBIGUOUS，本次以商品主体语义和类目复核后更正。
B08BG7J2MN,DEVICE,0.995,OVER_EAR,2,0,1,0,0,taxonomy_device=2;title_device=1,Aftershokz Aeropex Mini (Rebranded as Shokz OpenRun Mini) Bone Conduction Wireless Bluetooth Headphones,Aftershokz,Over-Ear Headphones,Headphones & Earbuds,43149,DEVICE,EARBUD_INEAR,标题描述可独立使用的完整耳机/耳塞设备，细分类目为 Over-Ear Headphones；判为 DEVICE；形态依据：标题含耳塞/入耳/开放式耳戴设备词，且其主体线索早于头戴式描述。
B072BCTZQR,AMBIGUOUS,0.6,NOT_APPLICABLE,0,0,1,0,0,title_device=1,DURAGADGET Lightweight Black & Red Supreme Comfort Over-Ear Headphones - Compatible with Amazon Fire HD 10 | Fire 7 & Fire HD 8,DURAGADGET,Headphones & Earbuds,Headphones & Earbuds,50,DEVICE,OVER_EAR,标题描述可独立使用的完整耳机/耳塞设备，并含连接、声学或供电功能信息；判为 DEVICE；形态依据：标题明确为 over-ear/around-ear/full-size，且该形态是最先出现的主体描述。 原自动标签为 AMBIGUOUS，本次以商品主体语义和类目复核后更正。
B0CJBZ3ZXT,DEVICE,0.98,EARBUD_INEAR,2,0,0,0,0,taxonomy_device=2,"CelsusSound Pinetree Sports Open Ear Headphones, Bluetooth V5.2 Air Conduction Wireless Headphones, Lightweight Waterproof Running Headset with Noise-Canceling Mic for Workout, Hiking, Cycling (Gray)",CelsusSound Pinetree,Earbud Headphones,Headphones & Earbuds,20,DEVICE,EARBUD_INEAR,标题描述可独立使用的完整耳机/耳塞设备，细分类目为 Earbud Headphones；判为 DEVICE；形态依据：标题含耳塞/入耳/开放式耳戴设备词，且其主体线索早于头戴式描述。
B00FWGTY1I,AMBIGUOUS,0.6,NOT_APPLICABLE,1,0,0,0,0,taxonomy_device=1,"Audio Technica ATH-OX7AMP SonicFuel Amplifier Portable Headphone, Black",Audio-Technica,"Headphones, Earbuds & Accessories",,11,DEVICE,ON_EAR,标题中的便携/折叠/儿童/头带式线索或核验到的厂商规格表明耳垫压在耳廓上；判为 DEVICE / ON_EAR。 核验来源：https://www.audio-technica.co.jp/product/ATH-OX7AMP 原自动标签为 AMBIGUOUS，本次复核后更正。
B0B2DQHZWJ,DEVICE,0.955,EARBUD_INEAR,2,0,2,1,1,taxonomy_device=2;title_device=2;title_accessory=1;conflict,"Bloody M30 TWS True Wireless Earbuds, Bluetooth 5.0, 22H Playtime, Low Latency & Lightweight, Hybrid Diaphragm Deep Bass, IPX4 Rate Earphones with Mini Charging Case White",Bloody,Earbud Headphones,Headphones & Earbuds,8,DEVICE,EARBUD_INEAR,标题主体是完整耳机，后列保护壳/线缆/支架等随附配件（套装不改变主体标签）；判为 DEVICE；形态依据：标题含耳塞/入耳/开放式耳戴设备词，且其主体线索早于头戴式描述。
B07XP71N14,DEVICE,0.995,EARBUD_INEAR,2,0,1,0,0,taxonomy_device=2;title_device=1,"Audio-Technica ATH-SR30BTBK Bluetooth Wireless Over-Ear Headphones, 40mm Drivers, 70 Hours Playback, Mic, and Music Controls - Charcoal Gray (Renewed)",Amazon Renewed,Earbud Headphones,Headphones & Earbuds,29,DEVICE,OVER_EAR,标题描述可独立使用的完整耳机/耳塞设备，细分类目为 Earbud Headphones；判为 DEVICE；形态依据：标题明确为 over-ear/around-ear/full-size，且该形态是最先出现的主体描述。
B00428HJ28,AMBIGUOUS,0.6,NOT_APPLICABLE,0,0,1,0,0,title_device=1,BIRUGEAR Dark Blue 3.5mm Metal Stereo Headset Handsfree Soft Gel Earbud with Microphone for HTC Desire C,BIRUGEAR,Headphones & Earbuds,Headphones & Earbuds,1,DEVICE,EARBUD_INEAR,标题主体是完整耳机，后列保护壳/线缆/支架等随附配件（套装不改变主体标签）；判为 DEVICE；形态依据：标题含耳塞/入耳/开放式耳戴设备词，且其主体线索早于头戴式描述。 原自动标签为 AMBIGUOUS，本次以商品主体语义和类目复核后更正。
B06ZYQNMJ3,AMBIGUOUS,0.5,NOT_APPLICABLE,0,0,0,0,0,insufficient_evidence,MFi Certified Cable 3FT 3FT 6FT 10FT Nylon Protable Braided USB Fast Charging& Syncing Cord Compatible Charger XS/MAX/XR/8/8 Plus/ 7/7 Plus/6s/14s Plus,Voolibbear,Headphones & Earbuds,Headphones & Earbuds,1,ACCESSORY,NOT_APPLICABLE,标题明确为线缆/转接配件，不是可独立使用的完整耳机；结合标题的兼容/替换关系判定；判为 ACCESSORY。 原自动标签为 AMBIGUOUS，本次以商品主体语义和类目复核后更正。
B09DYPP64D,DEVICE,0.995,EARBUD_INEAR,2,0,1,0,0,taxonomy_device=2;title_device=1,"KZ EDX Pro in-Ear Monitor Headphones Wired, IEM Earphones,Dual DD HiFi Stereo Sound Earphones Noise Cancelling Earbuds(Black,No Mic)",G.K,Earbud Headphones,Headphones & Earbuds,317,DEVICE,EARBUD_INEAR,标题描述可独立使用的完整耳机/耳塞设备，细分类目为 Earbud Headphones；判为 DEVICE；形态依据：标题含耳塞/入耳/开放式耳戴设备词，且其主体线索早于头戴式描述。
B005NDQGRU,AMBIGUOUS,0.5,NOT_APPLICABLE,0,0,0,0,0,insufficient_evidence,JOVERS 3.5mm Headphone Jack Adapter Cable Compatible with Adapter X Adapter Xs Jack,JOVERS,Headphones & Earbuds,Headphones & Earbuds,7,ACCESSORY,NOT_APPLICABLE,标题明确为线缆/转接配件，不是可独立使用的完整耳机；结合标题的兼容/替换关系判定；判为 ACCESSORY。 原自动标签为 AMBIGUOUS，本次以商品主体语义和类目复核后更正。
B07K7N2Q2N,ACCESSORY,0.98,NOT_APPLICABLE,0,2,0,0,0,taxonomy_accessory=2,ETHERWORKZ for iPhone Adapter Headphone Adapter 3.5mm Jack Dongle Earphone Connector Compatible for iPhone X/XS/XS MAX/8/support to Listen Music and Charge (New & Improved Version IOS 12.2),EtherWorkz,Adapters,Adapters,32,ACCESSORY,NOT_APPLICABLE,标题明确为线缆/转接配件，不是可独立使用的完整耳机；细分类目 Adapters 与此一致；判为 ACCESSORY。
B00HCQPKO6,AMBIGUOUS,0.6,NOT_APPLICABLE,0,0,1,0,0,title_device=1,Importer520 Handsfree Stereo Earphones Earbuds with Microphone for Samsung Focus Flash i677 (AT&T)- New White,Importer520,Headphones & Earbuds,Headphones & Earbuds,1,DEVICE,EARBUD_INEAR,标题主体是完整耳机，后列保护壳/线缆/支架等随附配件（套装不改变主体标签）；判为 DEVICE；形态依据：标题含耳塞/入耳/开放式耳戴设备词，且其主体线索早于头戴式描述。 原自动标签为 AMBIGUOUS，本次以商品主体语义和类目复核后更正。
B06XPX7DQN,DEVICE,0.995,EARBUD_INEAR,2,0,1,0,0,taxonomy_device=2;title_device=1,Skullcandy Ink'd 2.0 In-Ear Earbud - Street Grey/Chrome,Skullcandy,Earbud Headphones,Headphones & Earbuds,11997,DEVICE,EARBUD_INEAR,标题描述可独立使用的完整耳机/耳塞设备，细分类目为 Earbud Headphones；判为 DEVICE；形态依据：标题含耳塞/入耳/开放式耳戴设备词，且其主体线索早于头戴式描述。
B0BFPJMDX3,AMBIGUOUS,0.6,NOT_APPLICABLE,2,0,1,1,1,taxonomy_device=2;title_device=1;title_accessory=1;conflict,"ZABBOW Scorpion Wireless Bluetooth Headset, Hanging Ear Bluetooth Earphone with Microphone, Standby Time 160 Hours, for Business Office Driving, Supports iPhone Android PS5,with 3300MA Charging Case",ZABBOW,Earbud Headphones,Headphones & Earbuds,5,DEVICE,EARBUD_INEAR,标题主体是完整耳机，后列保护壳/线缆/支架等随附配件（套装不改变主体标签）；判为 DEVICE；形态依据：标题含耳塞/耳机式耳戴设备词，未出现相冲突的头戴形态描述。 原自动标签为 AMBIGUOUS，本次以商品主体语义和类目复核后更正。
B0B46QZYBD,ACCESSORY,0.995,NOT_APPLICABLE,0,2,0,1,0,taxonomy_accessory=2;title_accessory=1,"Compatible with AirPods 3rd Generation Case Cover 2021, Cool Cute 3D Cartoon Funny Air pods 3 Cases, Soft Silicone Protective Shockproof Charging Cover Kids Girls Boys Teens Gifts",FINDWORLD,Cases,Cases,24,ACCESSORY,NOT_APPLICABLE,标题明确为保护壳/收纳配件，不是可独立使用的完整耳机；细分类目 Cases 与此一致；判为 ACCESSORY。
B0794FF8QJ,ACCESSORY,0.995,NOT_APPLICABLE,0,2,1,1,1,taxonomy_accessory=2;title_device=1;title_accessory=1;conflict,Deke Compatible Apple airpods Wireless Bluetooth Earbuds case. Airpod Buds Cases Full Protective Cover Portable Bud Silicone Skin with Anti-Lost Hooks/Strap. Airbuds Skins Set. Audifonos (Red),Deke Home,Cases,Cases,21,ACCESSORY,NOT_APPLICABLE,标题明确为保护壳/收纳配件，不是可独立使用的完整耳机；细分类目 Cases 与此一致；判为 ACCESSORY。
B01LYHC9GX,ACCESSORY,0.98,NOT_APPLICABLE,0,2,0,0,0,taxonomy_accessory=2,"Geekria 2.5mm Male to 3.5mm Female Cable Compatible with Bose SoundTrue / SoundTrue II, QuietComfort QC25 / 10 inches Short Stereo Headset Audio Adapter Cord (Black)",GEEKRIA,Adapters,Adapters,23,ACCESSORY,NOT_APPLICABLE,标题明确为线缆/转接配件，不是可独立使用的完整耳机；细分类目 Adapters 与此一致；判为 ACCESSORY。
B078WDPDCV,AMBIGUOUS,0.6,NOT_APPLICABLE,2,0,1,1,1,taxonomy_device=2;title_device=1;title_accessory=1;conflict,in Ear Headphones SDFLAYER Silverlight Earbuds with Line-in Microphone Heavy Bass Dynamic Driver Earphones with Non Tangle TPE Cord for Running Gym Android Phones Music Player Silver,SDFLAYER,Earbud Headphones,Headphones & Earbuds,4,DEVICE,EARBUD_INEAR,标题主体是完整耳机，后列保护壳/线缆/支架等随附配件（套装不改变主体标签）；判为 DEVICE；形态依据：标题含耳塞/入耳/开放式耳戴设备词，且其主体线索早于头戴式描述。 原自动标签为 AMBIGUOUS，本次以商品主体语义和类目复核后更正。
B01DY4BE6C,AMBIGUOUS,0.6,NOT_APPLICABLE,2,0,1,1,1,taxonomy_device=2;title_device=1;title_accessory=1;conflict,"Headphones, Sound Intone Wz-01 Stereo Dynamic Headset, Metal High Definition On-Ear Headphones with Detachable 3.5mm Audio Cable for iPhone 6/6S Plus, iPod, iPad Air, Samsung, HTC, LG, MP3 (Black)",GloryBear,On-Ear Headphones,Headphones & Earbuds,3,DEVICE,ON_EAR,标题主体是完整耳机，后列保护壳/线缆/支架等随附配件（套装不改变主体标签）；判为 DEVICE；形态依据：标题明确为 on-ear/supra-aural，或该形态是最先出现的主体描述。 原自动标签为 AMBIGUOUS，本次以商品主体语义和类目复核后更正。
B0B6H74WW2,ACCESSORY,0.995,NOT_APPLICABLE,0,2,0,2,0,taxonomy_accessory=2;title_accessory=2,"AIIEKZ Cute Airpods 3 Case with Boba Keychain,Girly Pink Boba Milk Tea Silicone Protective Case Compatible with AirPods 3rd Generation Case 2021 for Girls and Women (Airpods 3)",AIIEKZ,Cases,Cases,83,ACCESSORY,NOT_APPLICABLE,标题明确为保护壳/收纳配件，不是可独立使用的完整耳机；细分类目 Cases 与此一致；判为 ACCESSORY。
B00BN5DGLG,AMBIGUOUS,0.6,NOT_APPLICABLE,0,0,1,0,0,title_device=1,"House of Marley EM-JH063-SD Marley Rise Up Saddle On-Ear Headphones , Discontinued by Manufacturer",Marley,Headphones & Earbuds,Headphones & Earbuds,52,DEVICE,ON_EAR,标题描述可独立使用的完整耳机/耳塞设备，并含连接、声学或供电功能信息；判为 DEVICE；形态依据：标题明确为 on-ear/supra-aural，或该形态是最先出现的主体描述。 原自动标签为 AMBIGUOUS，本次以商品主体语义和类目复核后更正。
B00C51I518,AMBIGUOUS,0.5,NOT_APPLICABLE,0,0,0,0,0,insufficient_evidence,PINK EarPhone HeadPhones HeadSet With Mic For Alcatel Virgin Mobile Venture,BCC & NM,Headphones & Earbuds,Headphones & Earbuds,1,DEVICE,EARBUD_INEAR,标题描述可独立使用的完整耳机/耳塞设备，并含连接、声学或供电功能信息；判为 DEVICE；形态依据：标题含耳塞/耳机式耳戴设备词，未出现相冲突的头戴形态描述。 原自动标签为 AMBIGUOUS，本次以商品主体语义和类目复核后更正。
B0042JK6LS,AMBIGUOUS,0.6,NOT_APPLICABLE,0,0,1,0,0,title_device=1,Bluetooth Headset,Motorola,Headphones & Earbuds,Headphones & Earbuds,12,DEVICE,EARBUD_INEAR,标题描述可独立使用的完整耳机/耳塞设备，并含连接、声学或供电功能信息；判为 DEVICE；形态依据：标题语义为手机用单耳/免提蓝牙耳机或有线耳麦。 原自动标签为 AMBIGUOUS，本次以商品主体语义和类目复核后更正。
B00NH8OT3G,DEVICE,0.98,OVER_EAR,2,0,0,0,0,taxonomy_device=2,"Califone 2800-YL Listening First Stereo Headphones, Yellow",Califone,Over-Ear Headphones,Headphones & Earbuds,150,DEVICE,OVER_EAR,标题描述可独立使用的完整耳机/耳塞设备，细分类目为 Over-Ear Headphones；判为 DEVICE；形态依据：细分类目为 Over-Ear Headphones。
B09JF83P1H,DEVICE,0.955,EARBUD_INEAR,2,0,2,1,1,taxonomy_device=2;title_device=2;title_accessory=1;conflict,"Samsung Galaxy Buds Plus, True Wireless Earbuds (Wireless Charging Case Included), White – US Version",SAMSUNG,Earbud Headphones,Headphones & Earbuds,85945,DEVICE,EARBUD_INEAR,标题描述可独立使用的完整耳机/耳塞设备，细分类目为 Earbud Headphones；判为 DEVICE；形态依据：标题含耳塞/入耳/开放式耳戴设备词，且其主体线索早于头戴式描述。
B07VJQC8KG,AMBIGUOUS,0.6,NOT_APPLICABLE,2,0,1,1,1,taxonomy_device=2;title_device=1;title_accessory=1;conflict,iFrogz 304003085 Audio - Airtime TWS - Wireless Earbud and Charging Case - Blue,iFrogz,Earbud Headphones,Headphones & Earbuds,66,DEVICE,EARBUD_INEAR,标题描述可独立使用的完整耳机/耳塞设备，细分类目为 Earbud Headphones；判为 DEVICE；形态依据：标题含耳塞/入耳/开放式耳戴设备词，且其主体线索早于头戴式描述。 原自动标签为 AMBIGUOUS，本次以商品主体语义和类目复核后更正。
B01A6PBSGS,AMBIGUOUS,0.5,NOT_APPLICABLE,0,0,0,0,0,insufficient_evidence,SODIAL bag and protections bag Soft handle bag for 14 inch 14 '' Ultra book notebook(dark blue),SODIAL,Headphones & Earbuds,Headphones & Earbuds,5,AMBIGUOUS,NOT_APPLICABLE,needs_review: 标题“SODIAL bag and protections bag Soft handle bag for 14 inch 14 '' Ultra book notebook(dark blue)”未描述完整耳机或明确耳机配件，且与类目“Headphones & Earbuds”不一致/信息残缺；保留 AMBIGUOUS，不强行归类。
B01M3S3TCV,AMBIGUOUS,0.6,NOT_APPLICABLE,1,0,0,0,0,taxonomy_device=1,Sennheiser TR 135 Wireless Transmitter/Charger for RS135 System/HDR135 Headphone,Sennheiser,"Headphones, Earbuds & Accessories",,6,ACCESSORY,NOT_APPLICABLE,标题明确为发射/接收/充电配件，不是可独立使用的完整耳机；结合标题的兼容/替换关系判定；判为 ACCESSORY。 原自动标签为 AMBIGUOUS，本次以商品主体语义和类目复核后更正。
B00WUSN0SO,AMBIGUOUS,0.6,NOT_APPLICABLE,2,0,0,1,1,taxonomy_device=2;title_accessory=1;conflict,Sony MDR-EX76/BLK EX Style Headphones with Carrying Case (Black) (Discontinued by Manufacturer),Sony,Earbud Headphones,Headphones & Earbuds,38,DEVICE,EARBUD_INEAR,标题主体是完整耳机，后列保护壳/线缆/支架等随附配件（套装不改变主体标签）；判为 DEVICE；形态依据：细分类目为 Earbud Headphones。 原自动标签为 AMBIGUOUS，本次以商品主体语义和类目复核后更正。
B016PAZ6BG,AMBIGUOUS,0.5,NOT_APPLICABLE,0,0,0,0,0,insufficient_evidence,Lisa Frank 3 in 1 Stereo Headphone-Speaker Set-Hunter,Lisa Frank,Headphones & Earbuds,Headphones & Earbuds,1,DEVICE,ON_EAR,标题中的便携/折叠/儿童/头带式线索或核验到的厂商规格表明耳垫压在耳廓上；判为 DEVICE / ON_EAR。 原自动标签为 AMBIGUOUS，本次复核后更正。
B08QVJQCPD,ACCESSORY,0.995,NOT_APPLICABLE,0,2,0,2,0,taxonomy_accessory=2;title_accessory=2,"KOREDA Protective Cover Compatible with AirPods Pro & AirPods Pro 2 Case, Soft Clear Full Protective Case Shockproof Cover with Keychain Set for Airpods Pro 2nd Generation/1st Generation Case (Clear)",KOREDA,Cases,Cases,1919,ACCESSORY,NOT_APPLICABLE,标题明确为保护壳/收纳配件，不是可独立使用的完整耳机；细分类目 Cases 与此一致；判为 ACCESSORY。
B09DST5N83,AMBIGUOUS,0.6,NOT_APPLICABLE,2,0,1,1,1,taxonomy_device=2;title_device=1;title_accessory=1;conflict,Wireless Earbuds Bluetooth 5.3 Headphones Built-in 4-Mic Clear Call in-Ear Ear Buds Noise Cancelling 30Hrs Playtime Earphones with USB-C Charging Case IPX7 Waterproof Earbuds for iPhone/Android Red,EKF,Earbud Headphones,Headphones & Earbuds,121,DEVICE,EARBUD_INEAR,标题主体是完整耳机，后列保护壳/线缆/支架等随附配件（套装不改变主体标签）；判为 DEVICE；形态依据：标题含耳塞/入耳/开放式耳戴设备词，且其主体线索早于头戴式描述。 原自动标签为 AMBIGUOUS，本次以商品主体语义和类目复核后更正。
B09PV9MHHK,ACCESSORY,0.995,NOT_APPLICABLE,0,2,1,1,1,taxonomy_accessory=2;title_device=1;title_accessory=1;conflict,"Krone Kalpasmos WH1000XM3 Replacement Earpads, Compatitable with Sony WH-1000XM3 Noise Cancelling Headphone Luxury Soft Leather Memory Foam Black",Krone Kalpasmos,Earpads,Earpads,39,ACCESSORY,NOT_APPLICABLE,标题明确为替换耳垫/耳罩，不是可独立使用的完整耳机；细分类目 Earpads 与此一致；判为 ACCESSORY。
B00BOJQ7SA,AMBIGUOUS,0.5,NOT_APPLICABLE,0,0,0,0,0,insufficient_evidence,CS50 Earloops,Plantronics,Headphones & Earbuds,Headphones & Earbuds,21,ACCESSORY,NOT_APPLICABLE,标题明确为耳机配件，不是可独立使用的完整耳机；结合标题的兼容/替换关系判定；判为 ACCESSORY。 原自动标签为 AMBIGUOUS，本次以商品主体语义和类目复核后更正。
B00GH752AI,DEVICE,0.98,EARBUD_INEAR,2,0,0,0,0,taxonomy_device=2,DUNU DN-1000 Hybrid earphone (twin BA + 1 dynamic drivers),DUNU,Earbud Headphones,Headphones & Earbuds,93,DEVICE,EARBUD_INEAR,标题描述可独立使用的完整耳机/耳塞设备，细分类目为 Earbud Headphones；判为 DEVICE；形态依据：标题含耳塞/耳机式耳戴设备词，未出现相冲突的头戴形态描述。
B007UKXM44,AMBIGUOUS,0.5,NOT_APPLICABLE,0,0,0,0,0,insufficient_evidence,BestDealUSA Compact AA Battery Portable Digital Pocket Hand Warmer for Home Office Outdoor,,Headphones & Earbuds,Headphones & Earbuds,1,AMBIGUOUS,NOT_APPLICABLE,needs_review: 标题“BestDealUSA Compact AA Battery Portable Digital Pocket Hand Warmer for Home Office Outdoor”未描述完整耳机或明确耳机配件，且与类目“Headphones & Earbuds”不一致/信息残缺；保留 AMBIGUOUS，不强行归类。
B0B83Q5P9Y,ACCESSORY,0.995,NOT_APPLICABLE,0,2,1,2,1,taxonomy_accessory=2;title_device=1;title_accessory=2;conflict,"Cover Cases for Sony WF-1000XM4, TPU Case with Keychain Durable Shockproof Drop Proof Full Body Protective Case for Sony Wireless Earbuds, Black",SURBUID,Cases,Cases,6,ACCESSORY,NOT_APPLICABLE,标题明确为保护壳/收纳配件，不是可独立使用的完整耳机；细分类目 Cases 与此一致；判为 ACCESSORY。
B08KHHZN24,ACCESSORY,0.995,NOT_APPLICABLE,0,2,0,2,0,taxonomy_accessory=2;title_accessory=2,"Alpaca AirPods Pro Case Cover,Soft TPU AirPods Pro Case Shockproof Silicone Waterproof Protective AirPods Pro Skin Cover Case for Airpods Pro Charging Case for iPhone 11/11 Pro/11 Pro Max/7 8 SE 2020",Sangkoo,Cases,Cases,13,ACCESSORY,NOT_APPLICABLE,标题明确为保护壳/收纳配件，不是可独立使用的完整耳机；细分类目 Cases 与此一致；判为 ACCESSORY。
B07S98228V,DEVICE,0.98,OVER_EAR,2,0,0,0,0,taxonomy_device=2,USB Heavy-Duty Kids' Headset Headphones w/ Tangle-Free Fabric Cord Pack of 10,Egghead,Over-Ear Headphones,Headphones & Earbuds,6,DEVICE,OVER_EAR,标题描述可独立使用的完整耳机/耳塞设备，细分类目为 Over-Ear Headphones；判为 DEVICE；形态依据：细分类目为 Over-Ear Headphones。
B01516Z5MU,ACCESSORY,0.98,NOT_APPLICABLE,0,2,0,0,0,taxonomy_accessory=2,Cosmos Set of 2 Premium Gray Travel Carry Drawstring Headphones Pouch Bag (Gray Color),Cosmos,Cases,Cases,247,ACCESSORY,NOT_APPLICABLE,标题主体是替换件、线缆/收纳件、蓝牙接收件、头盔扬声器套件或手机外接听筒，并非完整耳机；判为 ACCESSORY。
B0BQCF4N32,DEVICE,0.995,OVER_EAR,2,0,3,0,0,taxonomy_device=2;title_device=3,"pollini Bluetooth Headphones Wireless, 40H Playtime Foldable Over Ear Headphones with Microphone, Deep Bass Stereo Headset with Soft Memory-Protein Earmuffs for iPhone/Android Cell Phone/PC (Blue)",pollini,Over-Ear Headphones,Headphones & Earbuds,11087,DEVICE,OVER_EAR,标题主体是完整耳机，后列保护壳/线缆/支架等随附配件（套装不改变主体标签）；判为 DEVICE；形态依据：标题明确为 over-ear/around-ear/full-size，且该形态是最先出现的主体描述。
B00HOIOPKC,AMBIGUOUS,0.6,NOT_APPLICABLE,1,0,0,0,0,taxonomy_device=1,Skin Decal Wrap Works with Original Beats Solo HD Headphones Radioactive Blue Skin Only (Headphones NOT Included),WraptorSkinz,"Headphones, Earbuds & Accessories",,1,ACCESSORY,NOT_APPLICABLE,标题主体是替换件、线缆/收纳件、蓝牙接收件、头盔扬声器套件或手机外接听筒，并非完整耳机；判为 ACCESSORY。 原自动标签为 AMBIGUOUS，本次复核后更正。
B014XZC6SG,AMBIGUOUS,0.5,NOT_APPLICABLE,0,0,0,0,0,insufficient_evidence,24pcs/lot 12mm ABS Half Round Pearls Gems,Barbato,Headphones & Earbuds,Headphones & Earbuds,1,AMBIGUOUS,NOT_APPLICABLE,needs_review: 标题“24pcs/lot 12mm ABS Half Round Pearls Gems”未描述完整耳机或明确耳机配件，且与类目“Headphones & Earbuds”不一致/信息残缺；保留 AMBIGUOUS，不强行归类。
B09Z9JWMX8,AMBIGUOUS,0.6,NOT_APPLICABLE,2,0,1,1,1,taxonomy_device=2;title_device=1;title_accessory=1;conflict,"Wireless Earbuds, Mini Bluetooth 5.0 Earphones with Charging Case,IPX5 Waterproof, in-Ear Built-in Mic Headset Deep Bass Stereo for Sport Running 28",Xuujovr,Earbud Headphones,Headphones & Earbuds,6,DEVICE,EARBUD_INEAR,标题主体是完整耳机，后列保护壳/线缆/支架等随附配件（套装不改变主体标签）；判为 DEVICE；形态依据：标题含耳塞/入耳/开放式耳戴设备词，且其主体线索早于头戴式描述。 原自动标签为 AMBIGUOUS，本次以商品主体语义和类目复核后更正。
B07D3MD6LT,ACCESSORY,0.995,NOT_APPLICABLE,0,2,1,1,1,taxonomy_accessory=2;title_device=1;title_accessory=1;conflict,VEKEFF 2 Pairs Black Stretchable Washable Earcup Cover Fabric Headphone Cover for Most On Ear Headphones with 7~8.5cm Earpads,VEVER,Earpads,Earpads,132,ACCESSORY,NOT_APPLICABLE,标题明确为替换耳垫/耳罩，不是可独立使用的完整耳机；细分类目 Earpads 与此一致；判为 ACCESSORY。
B0BM8S4RW1,DEVICE,0.995,EARBUD_INEAR,2,0,1,0,0,taxonomy_device=2;title_device=1,Skullcandy Set in-Ear Earbud Black & Ink'd+ in-Ear Earbuds Black,Skullcandy,Earbud Headphones,Headphones & Earbuds,1,DEVICE,EARBUD_INEAR,标题描述可独立使用的完整耳机/耳塞设备，细分类目为 Earbud Headphones；判为 DEVICE；形态依据：标题含耳塞/入耳/开放式耳戴设备词，且其主体线索早于头戴式描述。
B0CJ8R5SGC,DEVICE,0.955,EARBUD_INEAR,2,0,2,1,1,taxonomy_device=2;title_device=2;title_accessory=1;conflict,PSIER Wireless Earbuds Bluetooth Headphones 153H Playtime Ear Buds Digital LED Display Cell Phones Charging Function with 2000mAh Charging Case Built in Mic Clear Calls in Ear Earphones for Sports,PSIER,Earbud Headphones,Headphones & Earbuds,152,DEVICE,EARBUD_INEAR,标题主体是完整耳机，后列保护壳/线缆/支架等随附配件（套装不改变主体标签）；判为 DEVICE；形态依据：标题含耳塞/入耳/开放式耳戴设备词，且其主体线索早于头戴式描述。
B07N372RYY,AMBIGUOUS,0.6,NOT_APPLICABLE,2,0,0,1,1,taxonomy_device=2;title_accessory=1;conflict,Hard Case for Soundcore Anker Liberty Air True-Wireless Earphones by Aenllosi (Black),Aenllosi,Earbud Headphones,Headphones & Earbuds,60,ACCESSORY,NOT_APPLICABLE,标题明确为保护壳/收纳配件，不是可独立使用的完整耳机；结合标题的兼容/替换关系判定；判为 ACCESSORY。 原自动标签为 AMBIGUOUS，本次以商品主体语义和类目复核后更正。
B07GFJH9FY,AMBIGUOUS,0.5,NOT_APPLICABLE,0,0,0,0,0,insufficient_evidence,"Rawlings Baseball Softball Bat Grip Tape - (2-Pack, Black 1.0 MM) - Bat Handle Wrap for Batting",BSSJZP,Headphones & Earbuds,Headphones & Earbuds,1,AMBIGUOUS,NOT_APPLICABLE,"needs_review: 标题“Rawlings Baseball Softball Bat Grip Tape - (2-Pack, Black 1.0 MM) - Bat Handle Wrap for Batting”未描述完整耳机或明确耳机配件，且与类目“Headphones & Earbuds”不一致/信息残缺；保留 AMBIGUOUS，不强行归类。"
B00XQSOV6C,AMBIGUOUS,0.5,NOT_APPLICABLE,0,0,0,0,0,insufficient_evidence,"NANAZ Earphone/Cute Earphone/ Panda model Gm-217 3.5mm Jack Hi-fi Stereo Retractable Earphone/ Cute Earphone for Ipod , Ipad , Iphone , Mp5 , Mp4 , Mp3",NANA_Z,Headphones & Earbuds,Headphones & Earbuds,6,DEVICE,EARBUD_INEAR,标题描述可独立使用的完整耳机/耳塞设备，并含连接、声学或供电功能信息；判为 DEVICE；形态依据：标题含耳塞/耳机式耳戴设备词，未出现相冲突的头戴形态描述。 原自动标签为 AMBIGUOUS，本次以商品主体语义和类目复核后更正。
B005ATINHS,AMBIGUOUS,0.5,NOT_APPLICABLE,0,0,0,0,0,insufficient_evidence,Parrot Motorcycle Bluetooth,Parrot,Headphones & Earbuds,Headphones & Earbuds,38,DEVICE,NEEDS_REVIEW,needs_review: 型号或套装语义可确认包含完整耳机/耳机系统，但佩戴结构在现有标题中不够清楚；判为 DEVICE / NEEDS_REVIEW。 原自动标签为 AMBIGUOUS，本次复核后更正。
B083R7BYL3,ACCESSORY,0.995,NOT_APPLICABLE,0,2,0,1,0,taxonomy_accessory=2;title_accessory=1,"Airpods Case, Music tracker Protective Thicken Airpods Cover Soft Silicone Chargeable Headphone Case with Anti-Lost Carabiner for Apple Airpods 1&2 Charging Case (Sky Blue)",Music tracker,Cases,Cases,20810,ACCESSORY,NOT_APPLICABLE,标题明确为保护壳/收纳配件，不是可独立使用的完整耳机；细分类目 Cases 与此一致；判为 ACCESSORY。
B01LRDZLIE,AMBIGUOUS,0.6,NOT_APPLICABLE,2,0,0,1,1,taxonomy_device=2;title_accessory=1;conflict,Headset Buddy ClearMic That fits Bose QC35 - Noise Cancelling Boom Microphone Compatible with QuietComfort 35 Headphones (CM3504),Headset Buddy,Earbud Headphones,Headphones & Earbuds,144,DEVICE,EARBUD_INEAR,标题描述可独立使用的完整耳机/耳塞设备，细分类目为 Earbud Headphones；判为 DEVICE；形态依据：细分类目为 Earbud Headphones。 原自动标签为 AMBIGUOUS，本次以商品主体语义和类目复核后更正。
B07DH3V2BD,AMBIGUOUS,0.6,NOT_APPLICABLE,2,0,2,2,1,taxonomy_device=2;title_device=2;title_accessory=2;conflict,"3D Clear Sound True Wireless Earbuds Blutooth 5.0 TWS Stereo Earphones A week's Endurance with Built-in Mic and Charging Case for iPhone, Samsung, iPad, Android(Hail)",ICESOMNUS,Earbud Headphones,Headphones & Earbuds,4,DEVICE,EARBUD_INEAR,标题主体是完整耳机，后列保护壳/线缆/支架等随附配件（套装不改变主体标签）；判为 DEVICE；形态依据：标题含耳塞/入耳/开放式耳戴设备词，且其主体线索早于头戴式描述。 原自动标签为 AMBIGUOUS，本次以商品主体语义和类目复核后更正。
B08D9GT92V,AMBIGUOUS,0.6,NOT_APPLICABLE,2,0,0,1,1,taxonomy_device=2;title_accessory=1;conflict,"KZ ZST X in-Ear Monitors, Upgraded Dynamic Hybrid Dual Driver ZSTX Earphones, HiFi Stereo IEM Wired Earbuds/Headphones with Detachable Cable for Musician Audiophile (with Mic, Purple)",erjigo,Earbud Headphones,Headphones & Earbuds,1144,DEVICE,EARBUD_INEAR,标题主体是完整耳机，后列保护壳/线缆/支架等随附配件（套装不改变主体标签）；判为 DEVICE；形态依据：标题含耳塞/入耳/开放式耳戴设备词，且其主体线索早于头戴式描述。 原自动标签为 AMBIGUOUS，本次以商品主体语义和类目复核后更正。
B07HP866PF,AMBIGUOUS,0.6,NOT_APPLICABLE,2,0,1,1,1,taxonomy_device=2;title_device=1;title_accessory=1;conflict,"MOKAY Earbuds, Wood in Ear Headphones, Stereo Bass Noise-isolating Earphones with Microphone and Inline Remote Controller, Carrying Case (Brown)",MOKAY,Earbud Headphones,Headphones & Earbuds,11,DEVICE,EARBUD_INEAR,标题主体是完整耳机，后列保护壳/线缆/支架等随附配件（套装不改变主体标签）；判为 DEVICE；形态依据：标题含耳塞/入耳/开放式耳戴设备词，且其主体线索早于头戴式描述。 原自动标签为 AMBIGUOUS，本次以商品主体语义和类目复核后更正。
B00CMDY8MO,AMBIGUOUS,0.6,NOT_APPLICABLE,0,0,1,0,0,title_device=1,Razer Kraken Pro Analog Gaming Headset,Amazon Renewed,Headphones & Earbuds,Headphones & Earbuds,152,DEVICE,OVER_EAR,标题描述可独立使用的完整耳机/耳塞设备，并含连接、声学或供电功能信息；判为 DEVICE；形态依据：标题语义为带耳罩的游戏/办公/监听头戴式耳机。 原自动标签为 AMBIGUOUS，本次以商品主体语义和类目复核后更正。
B097R6TNF1,AMBIGUOUS,0.6,NOT_APPLICABLE,2,0,0,1,1,taxonomy_device=2;title_accessory=1;conflict,"G.K Earbuds Wired Headphone 7BA+1DD Hybrid Driver HiFi Stereo Noise Cancelling IEM Earphone 3.5mm Jack Headphone with Detachable Audio Cable for Musicians DJ Guitarists Sport Gaming (Black,No Mic)",G.K,Earbud Headphones,Headphones & Earbuds,8,DEVICE,EARBUD_INEAR,标题主体是完整耳机，后列保护壳/线缆/支架等随附配件（套装不改变主体标签）；判为 DEVICE；形态依据：标题含耳塞/入耳/开放式耳戴设备词，且其主体线索早于头戴式描述。 原自动标签为 AMBIGUOUS，本次以商品主体语义和类目复核后更正。
B0033PROMG,AMBIGUOUS,0.5,NOT_APPLICABLE,0,0,0,0,0,insufficient_evidence,Pioneer SE-CS15V High Performance Earbud Headphones with Volume Control (Black),PIONEER,Headphones & Earbuds,Headphones & Earbuds,2,DEVICE,EARBUD_INEAR,标题描述可独立使用的完整耳机/耳塞设备，并含连接、声学或供电功能信息；判为 DEVICE；形态依据：标题含耳塞/入耳/开放式耳戴设备词，且其主体线索早于头戴式描述。 原自动标签为 AMBIGUOUS，本次以商品主体语义和类目复核后更正。
B0732GDF1B,AMBIGUOUS,0.6,NOT_APPLICABLE,2,0,1,1,1,taxonomy_device=2;title_device=1;title_accessory=1;conflict,"GOgroove AudiOHM HDX Noise Isolating Wired Earbuds with Microphone - Premium Headphones with Ergonomic Angled Design, 3mm Thick Reinforced Cable, Fortified Y-Connector, and EVA Carrying Case (Red)",GOgroove,Earbud Headphones,Headphones & Earbuds,25,DEVICE,EARBUD_INEAR,标题主体是完整耳机，后列保护壳/线缆/支架等随附配件（套装不改变主体标签）；判为 DEVICE；形态依据：标题含耳塞/入耳/开放式耳戴设备词，且其主体线索早于头戴式描述。 原自动标签为 AMBIGUOUS，本次以商品主体语义和类目复核后更正。
B07RGB6YPM,DEVICE,0.985,EARBUD_INEAR,2,0,3,1,1,taxonomy_device=2;title_device=3;title_accessory=1;conflict,"IPX8 Waterproof Wireless Earbuds,Red2Fire Latest Bluetooth 5.0 Headphones in-Ear True Wireless Stereo Bluetooth Earbuds with Wireless Charging Case, 24H Playtime 3D Stereo Sound with Deep Bass (Black)",Red2Fire,Earbud Headphones,Headphones & Earbuds,324,DEVICE,EARBUD_INEAR,标题主体是完整耳机，后列保护壳/线缆/支架等随附配件（套装不改变主体标签）；判为 DEVICE；形态依据：标题含耳塞/入耳/开放式耳戴设备词，且其主体线索早于头戴式描述。
B0C61FPVCM,ACCESSORY,0.995,NOT_APPLICABLE,0,2,1,1,1,taxonomy_accessory=2;title_device=1;title_accessory=1;conflict,"Aiivioll Live 500 BT Earpads Ear Cushion Replacement Cover Foam Ear Pads Compatible with JBL Live 500BT Wireless Over-Ear Headphones，Ear Pads with Softer Leather, Noise Isolation Foam (Black)",Aiivioll,Earpads,Earpads,5,ACCESSORY,NOT_APPLICABLE,标题明确为替换耳垫/耳罩，不是可独立使用的完整耳机；细分类目 Earpads 与此一致；判为 ACCESSORY。
B09Y39ZC5W,DEVICE,0.995,EARBUD_INEAR,2,0,1,0,0,taxonomy_device=2;title_device=1,"Cleaning Pen for Airpods, for Men Dad Boyfriend Multi-Function Earbuds Cleaner Kit Soft Brush for iPad iPhone Samsung Wireless Earbuds for Bluetooth Earphones Case Cleaning Tools",Centeni,Earbud Headphones,Headphones & Earbuds,18,DEVICE,EARBUD_INEAR,标题描述可独立使用的完整耳机/耳塞设备，细分类目为 Earbud Headphones；判为 DEVICE；形态依据：标题含耳塞/入耳/开放式耳戴设备词，且其主体线索早于头戴式描述。
B003X519D6,DEVICE,0.98,OVER_EAR,2,0,0,0,0,taxonomy_device=2,Audio Technica ATH-XS5 BK BLACK| Portable Headphones (Japan Import),Audio-Technica,Over-Ear Headphones,Headphones & Earbuds,6,DEVICE,OVER_EAR,标题描述可独立使用的完整耳机/耳塞设备，细分类目为 Over-Ear Headphones；判为 DEVICE；形态依据：细分类目为 Over-Ear Headphones。
B00J1ROQFI,AMBIGUOUS,0.6,NOT_APPLICABLE,2,0,1,1,1,taxonomy_device=2;title_device=1;title_accessory=1;conflict,"Over The Top Services Sports Earbuds – Model gs27 The Logan Collection 4th Generation Stereo Headset - Noise Reduction - Custom Fitting Comply Foam Ear Tips (S400 Active Series) - Active Sports Earphone Users – Runners, Joggers, Intense Exercise – All Day Comfort - Not Affected By Perspiration - Hands Free In The Ear Headphones With Mic and Sports Clip - Compatible With Tablets, Laptops and Computers, MP3’s, Smart Phones - Tangle Free Cords – Best 100% Warranty – Free Guide, Best Kept Earbud Sec",Over The Top Services,Earbud Headphones,Headphones & Earbuds,105,DEVICE,EARBUD_INEAR,标题描述可独立使用的完整耳机/耳塞设备，细分类目为 Earbud Headphones；判为 DEVICE；形态依据：标题含耳塞/入耳/开放式耳戴设备词，且其主体线索早于头戴式描述。 原自动标签为 AMBIGUOUS，本次以商品主体语义和类目复核后更正。
B0CCDSMFR6,AMBIGUOUS,0.6,NOT_APPLICABLE,2,0,1,1,1,taxonomy_device=2;title_device=1;title_accessory=1;conflict,"Eonome-W5s-True-Wireless-Earbuds-Bluetooth 5.3 in-Ear Headphones IPX7 Waterproof - USB-C Charging Sport Wireless Headphones Built-in Mic for iPhone, Samsung, Huawei with Metal Charging Case(Grey)",Eonome,Earbud Headphones,Headphones & Earbuds,59,DEVICE,EARBUD_INEAR,标题主体是完整耳机，后列保护壳/线缆/支架等随附配件（套装不改变主体标签）；判为 DEVICE；形态依据：标题含耳塞/入耳/开放式耳戴设备词，且其主体线索早于头戴式描述。 原自动标签为 AMBIGUOUS，本次以商品主体语义和类目复核后更正。
B0BLYWWR1L,DEVICE,0.94,EARBUD_INEAR,2,0,3,2,1,taxonomy_device=2;title_device=3;title_accessory=2;conflict,"wzson Wireless Earbuds，Bluetooth 5.0 Noise Cancelling Earbuds，Bluetooth Headphones 3D HiFi Stereo Bass,IPX5 Waterproof Sports Touch Control with USB-C Fast Charge Mini Charging Case for Android iOS",Lartin,Earbud Headphones,Headphones & Earbuds,20,DEVICE,EARBUD_INEAR,标题主体是完整耳机，后列保护壳/线缆/支架等随附配件（套装不改变主体标签）；判为 DEVICE；形态依据：标题含耳塞/入耳/开放式耳戴设备词，且其主体线索早于头戴式描述。
B000068OHS,DEVICE,0.98,OVER_EAR,2,0,0,0,0,taxonomy_device=2,Samson CH70 Closed Back Studio Headphones,Samson,Over-Ear Headphones,Headphones & Earbuds,19,DEVICE,OVER_EAR,标题描述可独立使用的完整耳机/耳塞设备，细分类目为 Over-Ear Headphones；判为 DEVICE；形态依据：细分类目为 Over-Ear Headphones。
B00EVO0EXE,AMBIGUOUS,0.5,NOT_APPLICABLE,0,0,0,0,0,insufficient_evidence,Chic Buds EF-BM0002-01 Arts Tangle Free Flat Cables,ChicBuds,Headphones & Earbuds,Headphones & Earbuds,6,DEVICE,EARBUD_INEAR,标题/型号表明是入耳耳塞、手机单耳蓝牙耳机、运动耳机或随身耳塞系统；判为 DEVICE / EARBUD_INEAR。 原自动标签为 AMBIGUOUS，本次复核后更正。
B01KPE3UTS,AMBIGUOUS,0.6,NOT_APPLICABLE,1,0,0,1,1,taxonomy_device=1;title_accessory=1;conflict,Poyatu Earbuds for Powerbeats 2 Wireless Earphones Earbuds Replacement Eartips Gray,POYATU,"Headphones, Earbuds & Accessories",,1,DEVICE,EARBUD_INEAR,标题描述可独立使用的完整耳机/耳塞设备，并含连接、声学或供电功能信息；判为 DEVICE；形态依据：标题含耳塞/入耳/开放式耳戴设备词，且其主体线索早于头戴式描述。 原自动标签为 AMBIGUOUS，本次以商品主体语义和类目复核后更正。
B07V6CGGW2,ACCESSORY,0.995,NOT_APPLICABLE,0,2,0,3,0,taxonomy_accessory=2;title_accessory=3,"R-fun AirPods Case Cover, Soft Silicone Protective Cover with Keychain for Women Men Compatible with Apple AirPods 2nd 1st Generation Charging Case, Front LED Visible-Pink Sand",R-fun,Cases,Cases,117795,ACCESSORY,NOT_APPLICABLE,标题明确为保护壳/收纳配件，不是可独立使用的完整耳机；细分类目 Cases 与此一致；判为 ACCESSORY。
B096R9Q29C,ACCESSORY,0.995,NOT_APPLICABLE,0,2,1,1,1,taxonomy_accessory=2;title_device=1;title_accessory=1;conflict,"Fr-og with A Cowboy Hat Bluetooth Headset Protective case with Hanging Buckle is Suitable for Airpods 1 and Airpods 2, which can Prevent dust, Scratches and Falling",Qamunbes,Cases,Cases,1,ACCESSORY,NOT_APPLICABLE,标题明确为保护壳/收纳配件，不是可独立使用的完整耳机；细分类目 Cases 与此一致；判为 ACCESSORY。
B01JA3RLOA,ACCESSORY,0.98,NOT_APPLICABLE,0,2,0,0,0,taxonomy_accessory=2,EEEKit 11453,EEEKit,Extension Cords,Extension Cords,198,ACCESSORY,NOT_APPLICABLE,标题明确为线缆/转接配件，不是可独立使用的完整耳机；细分类目 Extension Cords 与此一致；判为 ACCESSORY。
B0725BD2R7,ACCESSORY,0.995,NOT_APPLICABLE,0,2,1,2,1,taxonomy_accessory=2;title_device=1;title_accessory=2;conflict,"Geekria QuickFit Replacement Ear Pads for Sennheiser Momentum 2.0 Over-Ear Headphones Ear Cushions, Headset Earpads, Ear Cups Cover Repair Parts (Black)",GEEKRIA,Earpads,Earpads,46,ACCESSORY,NOT_APPLICABLE,标题明确为替换耳垫/耳罩，不是可独立使用的完整耳机；细分类目 Earpads 与此一致；判为 ACCESSORY。
B001EXGCOK,AMBIGUOUS,0.6,NOT_APPLICABLE,0,0,1,0,0,title_device=1,Jabra BT2010 Bluetooth Headset (Discontinued by Manufacturer),Jabra,Headphones & Earbuds,Headphones & Earbuds,37,DEVICE,EARBUD_INEAR,标题描述可独立使用的完整耳机/耳塞设备，并含连接、声学或供电功能信息；判为 DEVICE；形态依据：标题语义为手机用单耳/免提蓝牙耳机或有线耳麦。 原自动标签为 AMBIGUOUS，本次以商品主体语义和类目复核后更正。
B0BP2F943C,DEVICE,0.955,EARBUD_INEAR,2,0,2,1,1,taxonomy_device=2;title_device=2;title_accessory=1;conflict,"Bluetooth Headphones Wireless Earbuds for iPhone/Android, Noise Cancelling & Touch Control Bluetooth 5.2 Earphones with Charging Case Compatible with iPhone 14/13/12/11/SE/X/8/7/iPad/Android - White",WASABI MANGO,Earbud Headphones,Headphones & Earbuds,16,DEVICE,EARBUD_INEAR,标题主体是完整耳机，后列保护壳/线缆/支架等随附配件（套装不改变主体标签）；判为 DEVICE；形态依据：标题含耳塞/入耳/开放式耳戴设备词，且其主体线索早于头戴式描述。
B002QBTOTE,AMBIGUOUS,0.6,NOT_APPLICABLE,0,0,1,0,0,title_device=1,Jawbone Prime Ear Candy Bluetooth Headset - Frankly Scarlet (Red) Retail Box Brand New,Jawbone,Headphones & Earbuds,Headphones & Earbuds,14,DEVICE,EARBUD_INEAR,标题描述可独立使用的完整耳机/耳塞设备，并含连接、声学或供电功能信息；判为 DEVICE；形态依据：标题语义为手机用单耳/免提蓝牙耳机或有线耳麦。 原自动标签为 AMBIGUOUS，本次以商品主体语义和类目复核后更正。
B0C4T9BHWX,ACCESSORY,0.995,NOT_APPLICABLE,0,2,0,2,0,taxonomy_accessory=2;title_accessory=2,"SoloWIT Replacement Ear Pads Cushions for Beats Studio 2 & Studio 3 Wired & Wireless Headphones, Earpads with Soft Protein Leather, Noise Isolation Memory Foam - Burgundy",SoloWIT,Earpads,Earpads,15207,ACCESSORY,NOT_APPLICABLE,标题明确为替换耳垫/耳罩，不是可独立使用的完整耳机；细分类目 Earpads 与此一致；判为 ACCESSORY。
B09SHWYLF4,DEVICE,0.995,ON_EAR,2,0,3,0,0,taxonomy_device=2;title_device=3,"Kids Wireless Bluetooth Headphones with Microphone, Colorful LED Cat Ear Headphones with 85dB Volume Limited & Soft Foldable Noise Cancelling Headphones for Kids/Adults/iPad/Laptop/PC (Pink)…",Mozano,On-Ear Headphones,Headphones & Earbuds,32,DEVICE,ON_EAR,标题主体是完整耳机，后列保护壳/线缆/支架等随附配件（套装不改变主体标签）；判为 DEVICE；形态依据：细分类目为 On-Ear Headphones。
B07WF7JWTW,DEVICE,0.995,EARBUD_INEAR,2,0,2,0,0,taxonomy_device=2;title_device=2,"Soundcore Upgraded, Anker Liberty Neo True Wireless Earbuds, Pumping Bass, IPX7 Waterproof, Secure Fit, Bluetooth 5 Headphones, Stereo Calls, Noise Isolation, One Step Pairing, Sports (Blue)",Soundcore,Earbud Headphones,Headphones & Earbuds,26703,DEVICE,EARBUD_INEAR,标题描述可独立使用的完整耳机/耳塞设备，细分类目为 Earbud Headphones；判为 DEVICE；形态依据：标题含耳塞/入耳/开放式耳戴设备词，且其主体线索早于头戴式描述。
B01DEVK97A,AMBIGUOUS,0.6,NOT_APPLICABLE,0,0,1,0,0,title_device=1,"PowerBlue Bluetooth Headset, Noise Cancelling Universal Bluetooth Headset with Microphone 6 Hours of Talk Time - Compatible for iPhones and all Android Smartphones -Black",PowerBlue,Headphones & Earbuds,Headphones & Earbuds,52,DEVICE,EARBUD_INEAR,标题主体是完整耳机，后列保护壳/线缆/支架等随附配件（套装不改变主体标签）；判为 DEVICE；形态依据：标题语义为手机用单耳/免提蓝牙耳机或有线耳麦。 原自动标签为 AMBIGUOUS，本次以商品主体语义和类目复核后更正。
B078HPTPL6,ACCESSORY,0.98,NOT_APPLICABLE,0,2,0,0,0,taxonomy_accessory=2,InWin Silver Headphone & Earphone Holder Small Portable Anti-Slip Silicone Cradle Design (Black),InWin,Cases,Cases,21,ACCESSORY,NOT_APPLICABLE,标题明确为保护壳/收纳配件，不是可独立使用的完整耳机；细分类目 Cases 与此一致；判为 ACCESSORY。
B07FXR1Z8S,ACCESSORY,0.98,NOT_APPLICABLE,0,2,0,0,0,taxonomy_accessory=2,MoonshineStillPro Headphones Adapter Jack Adapter Compatible with Phone 11 11Pro/X/XR/XS/XSmax/8/7 Earphone Charger Connector Cable Accessories(Black),MoonshineStillPro,Adapters,Adapters,3,ACCESSORY,NOT_APPLICABLE,标题明确为线缆/转接配件，不是可独立使用的完整耳机；细分类目 Adapters 与此一致；判为 ACCESSORY。
B001T71T1M,AMBIGUOUS,0.5,NOT_APPLICABLE,0,0,0,0,0,insufficient_evidence,OEM (Original) 3.5mm MONO Hands-free Headset for RIM Blackberry 8330 CURVE (by Alltel / Sprint / US Cellular / Verizon Wireless),BlackBerry,Headphones & Earbuds,Headphones & Earbuds,4,DEVICE,EARBUD_INEAR,标题描述可独立使用的完整耳机/耳塞设备，并含连接、声学或供电功能信息；判为 DEVICE；形态依据：标题语义为手机用单耳/免提蓝牙耳机或有线耳麦。 原自动标签为 AMBIGUOUS，本次以商品主体语义和类目复核后更正。
B0B6RG6SLB,AMBIGUOUS,0.6,NOT_APPLICABLE,0,0,3,1,1,title_device=3;title_accessory=1;conflict,TOZO T9 True Wireless Earbuds Environmental Noise Cancellation 4 Mic Call Noise Cancelling Headphones Deep Bass Bluetooth 5.3 Light Weight Wireless Charging Case IPX7 Waterproof Headset Black,TOZO,Headphones & Earbuds,Headphones & Earbuds,11045,DEVICE,EARBUD_INEAR,标题描述可独立使用的完整耳机/耳塞设备，并含连接、声学或供电功能信息；判为 DEVICE；形态依据：标题含耳塞/入耳/开放式耳戴设备词，且其主体线索早于头戴式描述。 原自动标签为 AMBIGUOUS，本次以商品主体语义和类目复核后更正。
B077F5G678,DEVICE,0.98,EARBUD_INEAR,2,0,0,0,0,taxonomy_device=2,Wireless Cat Earbuds with Removable Ears,Brookstone,Earbud Headphones,Headphones & Earbuds,5,DEVICE,EARBUD_INEAR,标题描述可独立使用的完整耳机/耳塞设备，细分类目为 Earbud Headphones；判为 DEVICE；形态依据：标题含耳塞/入耳/开放式耳戴设备词，且其主体线索早于头戴式描述。
B08CZZXWJ7,AMBIGUOUS,0.6,NOT_APPLICABLE,2,0,1,1,1,taxonomy_device=2;title_device=1;title_accessory=1;conflict,"PHILIPS T3215 Wireless in-Ear Earbuds, TWS Bluetooth 5.1 Stereo Headphones, IPX4, Up to 24 (6+18) hrs of Playtime with USB-C Charging case - Pink (TAT3215PP)",Philips,Earbud Headphones,Headphones & Earbuds,183,DEVICE,EARBUD_INEAR,标题主体是完整耳机，后列保护壳/线缆/支架等随附配件（套装不改变主体标签）；判为 DEVICE；形态依据：标题含耳塞/入耳/开放式耳戴设备词，且其主体线索早于头戴式描述。 原自动标签为 AMBIGUOUS，本次以商品主体语义和类目复核后更正。
B0BXT9S5NK,DEVICE,0.98,EARBUD_INEAR,2,0,0,0,0,taxonomy_device=2,"Betron B25 Earphones, Noise Isolating in-Ear Wired Headphones with Strong Bass, Tangle-Free Cord, Lightweight, Carry Case and Soft Earbud Tips (Black)",Betron,Earbud Headphones,Headphones & Earbuds,25970,DEVICE,EARBUD_INEAR,标题主体是完整耳机，后列保护壳/线缆/支架等随附配件（套装不改变主体标签）；判为 DEVICE；形态依据：标题含耳塞/入耳/开放式耳戴设备词，且其主体线索早于头戴式描述。
B01DPO29DS,AMBIGUOUS,0.6,NOT_APPLICABLE,2,0,0,1,1,taxonomy_device=2;title_accessory=1;conflict,"Snow WI Fire 7 Case,Fire 7 2015 Case, Kids Shock Proof Convertible Handle Stand Light Weight Super Protective Stand Cover for Amazon Fire Tablet (7 inch Display, 2015 Release Only) (Orange)",Snowwicase,Over-Ear Headphones,Headphones & Earbuds,39,ACCESSORY,NOT_APPLICABLE,标题明确为保护壳/收纳配件，不是可独立使用的完整耳机；结合标题的兼容/替换关系判定；判为 ACCESSORY。 原自动标签为 AMBIGUOUS，本次以商品主体语义和类目复核后更正。
B08CK8K75Q,ACCESSORY,0.995,NOT_APPLICABLE,0,2,0,2,0,taxonomy_accessory=2;title_accessory=2,"Airpods Case, V-MORO Flowers Leather Airpod Case Cover for Airpods 2 & 1[Front LED Visible] Protective Cover Skin, Support Wireless Charging (Black)",V-MORO,Cases,Cases,66,ACCESSORY,NOT_APPLICABLE,标题明确为保护壳/收纳配件，不是可独立使用的完整耳机；细分类目 Cases 与此一致；判为 ACCESSORY。
B01N5IBNRZ,AMBIGUOUS,0.6,NOT_APPLICABLE,0,0,0,1,0,title_accessory=1,"Yeworth 3ft iPhone 7 Aux Cord for Car Lightning to 3.5mm Auxiliary Audio Cable with USB Charger Charging for iPhone 7 / iPhone 7 Plus, Home / Car Stereos and More-Gold",Yeworth,Headphones & Earbuds,Headphones & Earbuds,7,ACCESSORY,NOT_APPLICABLE,标题明确为线缆/转接配件，不是可独立使用的完整耳机；结合标题的兼容/替换关系判定；判为 ACCESSORY。 原自动标签为 AMBIGUOUS，本次以商品主体语义和类目复核后更正。
B0BJCZBT9R,ACCESSORY,0.995,NOT_APPLICABLE,0,2,1,4,1,taxonomy_accessory=2;title_device=1;title_accessory=4;conflict,"YipuVR Carrying Case for Beats Fit Pro x Kim Kardashian Earbuds, EVA Hard Storage Bag Compatible with Apple Beats Fit Pro Wireless Bluetooth Earbud Outdoor Travel Box -Only Case (Black)",YipuVR,Cases,Cases,2,ACCESSORY,NOT_APPLICABLE,标题明确为保护壳/收纳配件，不是可独立使用的完整耳机；细分类目 Cases 与此一致；判为 ACCESSORY。
B005JJPFIY,AMBIGUOUS,0.5,NOT_APPLICABLE,0,0,0,0,0,insufficient_evidence,BeautiControl Secret Agent Undercover Makeup-N1 Alabaster,BeautiControl,Headphones & Earbuds,Headphones & Earbuds,3,AMBIGUOUS,NOT_APPLICABLE,needs_review: 标题“BeautiControl Secret Agent Undercover Makeup-N1 Alabaster”未描述完整耳机或明确耳机配件，且与类目“Headphones & Earbuds”不一致/信息残缺；保留 AMBIGUOUS，不强行归类。
B08DQNCYDT,ACCESSORY,0.995,NOT_APPLICABLE,0,2,0,1,0,taxonomy_accessory=2;title_accessory=1,"amBand AirPods Pro Case, Full-Body Hard Shell Protective Cover Case Skin with Keychain for AirPod Pro 2019, Space Gray [Front LED Visible]",amBand,Cases,Cases,15657,ACCESSORY,NOT_APPLICABLE,标题明确为保护壳/收纳配件，不是可独立使用的完整耳机；细分类目 Cases 与此一致；判为 ACCESSORY。
B003AFU9FI,AMBIGUOUS,0.5,NOT_APPLICABLE,0,0,0,0,0,insufficient_evidence,Handsfree Stereo Headset - OEM Original (HDW-14322-001) for HTC HD2,Orion,Headphones & Earbuds,Headphones & Earbuds,2,DEVICE,EARBUD_INEAR,标题描述可独立使用的完整耳机/耳塞设备，并含连接、声学或供电功能信息；判为 DEVICE；形态依据：标题语义为手机用单耳/免提蓝牙耳机或有线耳麦。 原自动标签为 AMBIGUOUS，本次以商品主体语义和类目复核后更正。
B001TB4PU0,AMBIGUOUS,0.5,NOT_APPLICABLE,0,0,0,0,0,insufficient_evidence,Brand New 2.5mm jack STEREO Hands-free Headset for LG ENV1 ENV2 ( ENVY-1 ENVY-2 by Verizon Wireless ),Verizon,Headphones & Earbuds,Headphones & Earbuds,5,DEVICE,EARBUD_INEAR,标题描述可独立使用的完整耳机/耳塞设备，并含连接、声学或供电功能信息；判为 DEVICE；形态依据：标题语义为手机用单耳/免提蓝牙耳机或有线耳麦。 原自动标签为 AMBIGUOUS，本次以商品主体语义和类目复核后更正。
B09H788X8P,ACCESSORY,0.995,NOT_APPLICABLE,0,2,1,1,1,taxonomy_accessory=2;title_device=1;title_accessory=1;conflict,"VEKEFF Replacement Cushion Ear Pads Kit for BlueParrott B450-XT Bluetooth Headset (Black, Velour Pad+ Microphone Foam)",VEKEFF,Earpads,Earpads,44,ACCESSORY,NOT_APPLICABLE,标题明确为替换耳垫/耳罩，不是可独立使用的完整耳机；细分类目 Earpads 与此一致；判为 ACCESSORY。
B08XWD65SZ,ACCESSORY,0.995,NOT_APPLICABLE,0,2,0,2,0,taxonomy_accessory=2;title_accessory=2,"Lanwow Premium Memory Foam Tips for AirPods Pro & AirPods Pro 2nd Generation. No Silicone Eartips Pain. Anti-Slip Eartips. Fit in The Charging Case, 3 Pairs (Large, Black)",lanwow,Earpads,Earpads,21482,ACCESSORY,NOT_APPLICABLE,标题明确为替换耳垫/耳罩，不是可独立使用的完整耳机；细分类目 Earpads 与此一致；判为 ACCESSORY。
B0787KLT56,DEVICE,0.98,ON_EAR,2,0,0,0,0,taxonomy_device=2,Kids Headphones - noot products K11 Foldable Stereo Tangle-Free 3.5mm Jack Wired Cord On-Ear Headset for Children/Teens/Boys/Girls/Smartphones/School/Kindle/Airplane Travel/Plane/Tablet (Navy/Teal),noot products,On-Ear Headphones,Headphones & Earbuds,36459,DEVICE,ON_EAR,标题描述可独立使用的完整耳机/耳塞设备，细分类目为 On-Ear Headphones；判为 DEVICE；形态依据：标题明确为 on-ear/supra-aural，或该形态是最先出现的主体描述。
B08VVYHLHJ,ACCESSORY,0.995,NOT_APPLICABLE,0,2,0,2,0,taxonomy_accessory=2;title_accessory=2,"R-fun AirPods Case Cover with Rosegold Keychain, Silicone Protective Skin Cover for Women Girl with Apple AirPods Series 2 & Series 1 Charging Case,Front LED Visible-Pink Sand",R-fun,Cases,Cases,11911,ACCESSORY,NOT_APPLICABLE,标题明确为保护壳/收纳配件，不是可独立使用的完整耳机；细分类目 Cases 与此一致；判为 ACCESSORY。
B01CF65O16,DEVICE,0.98,OVER_EAR,2,0,0,0,0,taxonomy_device=2,PopClik Jump! Pro Headphones in Black 40 mm Neodymium Magnet Driver Over The Ear 16 Ohms Impedance,PopClik,Over-Ear Headphones,Headphones & Earbuds,25,DEVICE,OVER_EAR,标题描述可独立使用的完整耳机/耳塞设备，细分类目为 Over-Ear Headphones；判为 DEVICE；形态依据：标题明确为 over-ear/around-ear/full-size，且该形态是最先出现的主体描述。
B00ATIS7QW,DEVICE,0.98,EARBUD_INEAR,2,0,0,0,0,taxonomy_device=2,X-1 (Powered by H2O Audio) MM-IE1-PE Women's Momentum in-Ear Ultra Light Sweat Proof Headphones (Purple) Discontinued by Manufacturer,H2O Audio,Earbud Headphones,Headphones & Earbuds,48,DEVICE,EARBUD_INEAR,标题描述可独立使用的完整耳机/耳塞设备，细分类目为 Earbud Headphones；判为 DEVICE；形态依据：标题含耳塞/入耳/开放式耳戴设备词，且其主体线索早于头戴式描述。
B08163FFSK,DEVICE,0.98,EARBUD_INEAR,2,0,0,0,0,taxonomy_device=2,Venture Electronics Venture ElectronicsVE Bonus IE in Ear Earphones BIE HiFi,GNB,Earbud Headphones,Headphones & Earbuds,27,DEVICE,EARBUD_INEAR,标题描述可独立使用的完整耳机/耳塞设备，细分类目为 Earbud Headphones；判为 DEVICE；形态依据：标题含耳塞/入耳/开放式耳戴设备词，且其主体线索早于头戴式描述。
B08HVJFQ55,ACCESSORY,0.98,NOT_APPLICABLE,0,2,0,0,0,taxonomy_accessory=2,ZAHIUS Airpods Silicone Case Cool Cover Compatible for Apple Airpods 1&2 [Cartoon Series][Designed for Kids Girl and Boys] (Cute Pink Pig),ZAHIUS,Cases,Cases,45,ACCESSORY,NOT_APPLICABLE,标题明确为保护壳/收纳配件，不是可独立使用的完整耳机；细分类目 Cases 与此一致；判为 ACCESSORY。
B00CYOAB8G,AMBIGUOUS,0.5,NOT_APPLICABLE,0,0,0,0,0,insufficient_evidence,Kikkerland US46-G Walkie Talkie Handset - Retail Packaging - Camo Green,Kikkerland,Headphones & Earbuds,Headphones & Earbuds,1,AMBIGUOUS,NOT_APPLICABLE,needs_review: 标题“Kikkerland US46-G Walkie Talkie Handset - Retail Packaging - Camo Green”未描述完整耳机或明确耳机配件，且与类目“Headphones & Earbuds”不一致/信息残缺；保留 AMBIGUOUS，不强行归类。
B011HHZ60S,DEVICE,0.995,EARBUD_INEAR,2,0,1,0,0,taxonomy_device=2;title_device=1,"Earphones, NEXON Premium Earbuds with Mic Stereo Headphones - Made for iPhone, iPod, iPad, Android Smartphone, Tablets, MP3 Players",Nexon,Earbud Headphones,Headphones & Earbuds,42,DEVICE,EARBUD_INEAR,标题描述可独立使用的完整耳机/耳塞设备，细分类目为 Earbud Headphones；判为 DEVICE；形态依据：标题含耳塞/入耳/开放式耳戴设备词，且其主体线索早于头戴式描述。
B0828RMKTN,ACCESSORY,0.995,NOT_APPLICABLE,0,2,1,1,1,taxonomy_accessory=2;title_device=1;title_accessory=1;conflict,"Mr Rex [2-Pack] 3.5mm to 2.5mm Replacement Cable Cord for Bose QuietComfort 35, QuietComfort 25 Noise Cancelling Headphones, QC45 QC35II QC35 QC25 SoundLink SounTrue Around-Ear Headphones, 3.9ft",Mr Rex,Extension Cords,Extension Cords,89,ACCESSORY,NOT_APPLICABLE,标题明确为线缆/转接配件，不是可独立使用的完整耳机；细分类目 Extension Cords 与此一致；判为 ACCESSORY。
B01MXE65TL,AMBIGUOUS,0.6,NOT_APPLICABLE,1,0,0,1,1,taxonomy_device=1;title_accessory=1;conflict,Beschan Electronics Accessories Storage Bag (Brown),BES CHAN,"Headphones, Earbuds & Accessories",,5,ACCESSORY,NOT_APPLICABLE,标题明确为耳机配件，不是可独立使用的完整耳机；结合标题的兼容/替换关系判定；判为 ACCESSORY。 原自动标签为 AMBIGUOUS，本次以商品主体语义和类目复核后更正。
B083K82QYD,ACCESSORY,0.995,NOT_APPLICABLE,0,2,0,1,0,taxonomy_accessory=2;title_accessory=1,"Airpods Leather Case Genuine Leather Airpod Case Airpods case Leather Keychain Earbud Case Protective Case Cover,Support Wireless Charging，Red",Shechane,Cases,Cases,4,ACCESSORY,NOT_APPLICABLE,标题明确为保护壳/收纳配件，不是可独立使用的完整耳机；细分类目 Cases 与此一致；判为 ACCESSORY。
B07HBQK197,AMBIGUOUS,0.6,NOT_APPLICABLE,2,0,0,1,1,taxonomy_device=2;title_accessory=1;conflict,"LTGEM EVA Hard Case for WD My Passport Wireless Pro Portable External Hard Drive 1TB, 2TB, 3TB, 4TB",Salama,Earbud Headphones,Headphones & Earbuds,30,ACCESSORY,NOT_APPLICABLE,标题明确为保护壳/收纳配件，不是可独立使用的完整耳机；结合标题的兼容/替换关系判定；判为 ACCESSORY。 原自动标签为 AMBIGUOUS，本次以商品主体语义和类目复核后更正。
B093Z9XCRD,DEVICE,0.955,EARBUD_INEAR,2,0,2,1,1,taxonomy_device=2;title_device=2;title_accessory=1;conflict,GOOSETRONIC Wireless Earbuds for Android or Apple – CVC 8.0 Hybrid Noise Cancelling TWS Bluetooth Earbuds with 300 mAh Charging Case – Music Play & Phone Controls – Black Wireless Sport Earbuds,GOOSETRONIC,Earbud Headphones,Headphones & Earbuds,209,DEVICE,EARBUD_INEAR,标题主体是完整耳机，后列保护壳/线缆/支架等随附配件（套装不改变主体标签）；判为 DEVICE；形态依据：标题含耳塞/入耳/开放式耳戴设备词，且其主体线索早于头戴式描述。
B0B76BH8VD,AMBIGUOUS,0.6,NOT_APPLICABLE,2,0,2,2,1,taxonomy_device=2;title_device=2;title_accessory=2;conflict,ELOVEN True Wireless Earbuds Bluetooth 5.3 Earphones for iPhone 14 Pro Max Galaxy S22 Ultra in-Ear Wireless Earphone Noise Cancelling Comfort Fit Headphones with Charging Case for Sports Work Blue,ELOVEN,Earbud Headphones,Headphones & Earbuds,2,DEVICE,EARBUD_INEAR,标题主体是完整耳机，后列保护壳/线缆/支架等随附配件（套装不改变主体标签）；判为 DEVICE；形态依据：标题含耳塞/入耳/开放式耳戴设备词，且其主体线索早于头戴式描述。 原自动标签为 AMBIGUOUS，本次以商品主体语义和类目复核后更正。
B07R68BMNZ,ACCESSORY,0.995,NOT_APPLICABLE,0,2,0,2,0,taxonomy_accessory=2;title_accessory=2,"Airpods Case, Cute Airpods Protective Silicone Skin Case Cover by Camyse with Fur Ball Tassels Keychain/Carabiner Compatible with Apple Airpod Charging Case (White)",Camyse,Cases,Cases,1,ACCESSORY,NOT_APPLICABLE,标题明确为保护壳/收纳配件，不是可独立使用的完整耳机；细分类目 Cases 与此一致；判为 ACCESSORY。
B086KXTLPB,DEVICE,0.955,EARBUD_INEAR,2,0,2,1,1,taxonomy_device=2;title_device=2;title_accessory=1;conflict,"SAMSUNG Galaxy Buds 2019, Bluetooth True Wireless Earbuds (Wireless Charging Case Included) (Renewed)",Amazon Renewed,Earbud Headphones,Headphones & Earbuds,189,DEVICE,EARBUD_INEAR,标题描述可独立使用的完整耳机/耳塞设备，细分类目为 Earbud Headphones；判为 DEVICE；形态依据：标题含耳塞/入耳/开放式耳戴设备词，且其主体线索早于头戴式描述。
B07KZJZNX9,ACCESSORY,0.995,NOT_APPLICABLE,0,2,0,1,0,taxonomy_accessory=2;title_accessory=1,"XGUO AirPods Case, Premium Leather Protective Shockproof Cover Case with Lanyard for Apple AirPods 1&2 Charging Case (Blue)",XGUO,Cases,Cases,41,ACCESSORY,NOT_APPLICABLE,标题明确为保护壳/收纳配件，不是可独立使用的完整耳机；细分类目 Cases 与此一致；判为 ACCESSORY。
B00UR6Q2RC,DEVICE,0.995,EARBUD_INEAR,2,0,1,0,0,taxonomy_device=2;title_device=1,"Audiosharp AS1160 Stereo Noise Cancelling In-Ear Headphones with Metal Aluminum Housing and In-Line Microphone Mic Rich Bass, Compatible with Apple iPhone iPad iPod Samsung Galaxy Smartphone and Music Player (Grey)",Audiosharp,Earbud Headphones,Headphones & Earbuds,4,DEVICE,EARBUD_INEAR,标题主体是完整耳机，后列保护壳/线缆/支架等随附配件（套装不改变主体标签）；判为 DEVICE；形态依据：标题含耳塞/入耳/开放式耳戴设备词，且其主体线索早于头戴式描述。
B00BNPMY64,AMBIGUOUS,0.5,NOT_APPLICABLE,0,0,0,0,0,insufficient_evidence,NakamichiHeadphonesNK780M Red Metallic,Nakamichi,Headphones & Earbuds,Headphones & Earbuds,25,DEVICE,ON_EAR,标题中的便携/折叠/儿童/头带式线索或核验到的厂商规格表明耳垫压在耳廓上；判为 DEVICE / ON_EAR。 核验来源：https://gitec.ge/en/headset-nakamichi-nk780m-blue 原自动标签为 AMBIGUOUS，本次复核后更正。
B07CZVDZV8,ACCESSORY,0.98,NOT_APPLICABLE,0,2,0,0,0,taxonomy_accessory=2,VCE 3-Pack Gold Plated 3.5mm Female to 3.5mm Female Stereo Jack Audio Adapter,VCE,Adapters,Adapters,295,ACCESSORY,NOT_APPLICABLE,标题明确为线缆/转接配件，不是可独立使用的完整耳机；细分类目 Adapters 与此一致；判为 ACCESSORY。
B08BZDYDFP,DEVICE,0.995,OVER_EAR,2,0,1,0,0,taxonomy_device=2;title_device=1,Aftershokz OpenMove Wireless Bone Conduction Open-Ear Bluetooth Headphones Includes Pack,Aftershokz,Over-Ear Headphones,Headphones & Earbuds,19985,DEVICE,EARBUD_INEAR,标题描述可独立使用的完整耳机/耳塞设备，细分类目为 Over-Ear Headphones；判为 DEVICE；形态依据：标题含耳塞/入耳/开放式耳戴设备词，且其主体线索早于头戴式描述。
B0139IV4TA,ACCESSORY,0.98,NOT_APPLICABLE,1,0,0,2,1,taxonomy_device=1;title_accessory=2;conflict,"12pcs- S/M/L (B-N-MH) Noise Isolation Custom Set Replacement Eartips Earbuds Compatible with Powerbeats 3, 2 and 1 in-Ear Earphones/Headphones",NICKSTON,"Headphones, Earbuds & Accessories",,3,ACCESSORY,NOT_APPLICABLE,标题明确为替换耳塞套，不是可独立使用的完整耳机；结合标题的兼容/替换关系判定；判为 ACCESSORY。
B0912P7NZP,ACCESSORY,0.995,NOT_APPLICABLE,0,2,0,1,0,taxonomy_accessory=2;title_accessory=1,"AhaStyle 3 Pairs AirPods Pro 2nd Generation Ear Hooks【Added Storage Pouch】 Anti-Slip Ear Covers Silicone Accessories Compatible with Apple AirPods Pro 2nd Generation (3 Large, Black)",AHASTYLE,Earpads,Earpads,11690,ACCESSORY,NOT_APPLICABLE,标题明确为替换耳垫/耳罩，不是可独立使用的完整耳机；细分类目 Earpads 与此一致；判为 ACCESSORY。
B082GW4CRB,ACCESSORY,0.995,NOT_APPLICABLE,0,2,0,1,0,taxonomy_accessory=2;title_accessory=1,"Doweiss Compatible AirPods Pro Case,Protective Cases Cover Marble Headphone Charging Case Protector Compatible for 2019 New Version AirPods 3",Doweiss,Cases,Cases,9,ACCESSORY,NOT_APPLICABLE,标题明确为保护壳/收纳配件，不是可独立使用的完整耳机；细分类目 Cases 与此一致；判为 ACCESSORY。
B08B63T6CX,ACCESSORY,0.995,NOT_APPLICABLE,0,2,0,1,0,taxonomy_accessory=2;title_accessory=1,"iCasso Compatible with Airpods Case, Shockproof Protective Soft Case Cover with Keychain",iCasso,Cases,Cases,59,ACCESSORY,NOT_APPLICABLE,标题明确为保护壳/收纳配件，不是可独立使用的完整耳机；细分类目 Cases 与此一致；判为 ACCESSORY。
B000ENL6MY,AMBIGUOUS,0.5,NOT_APPLICABLE,0,0,0,0,0,insufficient_evidence,Sumajin Smartwrap Cord Manager (Red/Black/White),Sumajin,Headphones & Earbuds,Headphones & Earbuds,45,ACCESSORY,NOT_APPLICABLE,标题明确为线缆/转接配件，不是可独立使用的完整耳机；结合标题的兼容/替换关系判定；判为 ACCESSORY。 原自动标签为 AMBIGUOUS，本次以商品主体语义和类目复核后更正。
B009FX5OTU,AMBIGUOUS,0.5,NOT_APPLICABLE,0,0,0,0,0,insufficient_evidence,Connectland CL-AUD63062 Circumaural Stereo Headphone with In-line Mic,Syba,Headphones & Earbuds,Headphones & Earbuds,22,DEVICE,OVER_EAR,标题描述可独立使用的完整耳机/耳塞设备，并含连接、声学或供电功能信息；判为 DEVICE；形态依据：标题明确为 over-ear/around-ear/full-size，且该形态是最先出现的主体描述。 原自动标签为 AMBIGUOUS，本次以商品主体语义和类目复核后更正。
B0024V0I0A,AMBIGUOUS,0.6,NOT_APPLICABLE,0,0,1,0,0,title_device=1,Plantronics Explorer 390 Bluetooth Headset,Plantronics,Headphones & Earbuds,Headphones & Earbuds,314,DEVICE,EARBUD_INEAR,标题描述可独立使用的完整耳机/耳塞设备，并含连接、声学或供电功能信息；判为 DEVICE；形态依据：标题语义为手机用单耳/免提蓝牙耳机或有线耳麦。 原自动标签为 AMBIGUOUS，本次以商品主体语义和类目复核后更正。
B0C8JCSVKV,ACCESSORY,0.98,NOT_APPLICABLE,0,2,0,0,0,taxonomy_accessory=2,"Lightning to 3.5 mm Headphone Jack Adapter, 3 Pack [Apple MFi Certified] iPhone 3.5mm Headphones/Earphones Aux Audio Adapter Dongle for iPhone 14 13 12 11 XS XR X 8 7 iPad, Support All iOS System",Masterplug,Adapters,Adapters,22472,ACCESSORY,NOT_APPLICABLE,标题明确为线缆/转接配件，不是可独立使用的完整耳机；细分类目 Adapters 与此一致；判为 ACCESSORY。
B07T9HCFZM,ACCESSORY,0.995,NOT_APPLICABLE,0,2,0,1,0,taxonomy_accessory=2;title_accessory=1,"CTYBB for Airpod Case,Silicone Airpods Case Cover with Fur Ball Keychain Compatible with Apple Airpods 2/1 (Front LED Visible) Wine Red",CTYBB,Cases,Cases,24855,ACCESSORY,NOT_APPLICABLE,标题明确为保护壳/收纳配件，不是可独立使用的完整耳机；细分类目 Cases 与此一致；判为 ACCESSORY。
B092DN2TCJ,DEVICE,0.955,EARBUD_INEAR,2,0,2,1,1,taxonomy_device=2;title_device=2;title_accessory=1;conflict,"Wireless Earbuds, Eranova TWS Bluetooth 5.1 Earphones Cordless in Ear Headphones with USB-C Charging Case Mic Clear HD Stereo Sound for iPhone Android Sports Workout Running Black",Eranova,Earbud Headphones,Headphones & Earbuds,29,DEVICE,EARBUD_INEAR,标题主体是完整耳机，后列保护壳/线缆/支架等随附配件（套装不改变主体标签）；判为 DEVICE；形态依据：标题含耳塞/入耳/开放式耳戴设备词，且其主体线索早于头戴式描述。
B004FTMOJ2,AMBIGUOUS,0.5,NOT_APPLICABLE,0,0,0,0,0,insufficient_evidence,"AURIA Zeal Performance Sports Earphones for iPhone 4/3GS/3G and iPods with Volume control, Track control, Microphone and XFit System",Auria,Headphones & Earbuds,Headphones & Earbuds,3,DEVICE,EARBUD_INEAR,标题主体是完整耳机，后列保护壳/线缆/支架等随附配件（套装不改变主体标签）；判为 DEVICE；形态依据：标题含耳塞/耳机式耳戴设备词，未出现相冲突的头戴形态描述。 原自动标签为 AMBIGUOUS，本次以商品主体语义和类目复核后更正。
B09TNV48N1,AMBIGUOUS,0.6,NOT_APPLICABLE,2,0,0,1,1,taxonomy_device=2;title_accessory=1;conflict,"Airpod Pro Cleaning Pen with Charging Case, Earbuds Cleaner Kit with Soft Brush,with Multi Function for Earphones, Camera,Mobile Phone, Computer Keyboard",Vidfinn,Earbud Headphones,Headphones & Earbuds,64,DEVICE,EARBUD_INEAR,标题主体是完整耳机，后列保护壳/线缆/支架等随附配件（套装不改变主体标签）；判为 DEVICE；形态依据：标题含耳塞/入耳/开放式耳戴设备词，且其主体线索早于头戴式描述。 原自动标签为 AMBIGUOUS，本次以商品主体语义和类目复核后更正。
B001BOERJY,AMBIGUOUS,0.5,NOT_APPLICABLE,0,0,0,0,0,insufficient_evidence,"Naxa NDL-429 7-Inch TFT LCD Display Portable DVD Micro System with USB Input, SD/MMC Card Slot and Twin Detachable Speakers",Naxa Electronics,Headphones & Earbuds,Headphones & Earbuds,2,AMBIGUOUS,NOT_APPLICABLE,"needs_review: 标题“Naxa NDL-429 7-Inch TFT LCD Display Portable DVD Micro System with USB Input, SD/MMC Card Slot and Twin Detachable Speakers”未描述完整耳机或明确耳机配件，且与类目“Headphones & Earbuds”不一致/信息残缺；保留 AMBIGUOUS，不强行归类。"
B005HKE4VO,ACCESSORY,0.94,NOT_APPLICABLE,0,2,1,0,1,taxonomy_accessory=2;title_device=1;conflict,"Bluetooth Headset Fixer 2 ""Unbreakable"" Ear Hook Replacement. Compatibility: Samsung HM1900",NoBreak,Earpads,Earpads,922,ACCESSORY,NOT_APPLICABLE,标题明确为替换耳垫/耳罩，不是可独立使用的完整耳机；细分类目 Earpads 与此一致；判为 ACCESSORY。
B08BRGH7S3,DEVICE,0.995,EARBUD_INEAR,2,0,1,0,0,taxonomy_device=2;title_device=1,"XiaoMi True Wireless Earphones 2 Basic The new headphones have a longer battery life. With excellent sound quality, easy to adjust. White (international edition), Mi True Wireless Earphones 2 Basic",Xiaomi,Earbud Headphones,Headphones & Earbuds,14431,DEVICE,EARBUD_INEAR,标题描述可独立使用的完整耳机/耳塞设备，细分类目为 Earbud Headphones；判为 DEVICE；形态依据：标题含耳塞/耳机式耳戴设备词，未出现相冲突的头戴形态描述。
B0BLVYRWTX,ACCESSORY,0.995,NOT_APPLICABLE,0,2,0,2,0,taxonomy_accessory=2;title_accessory=2,Compatible with AirPods Pro Case Cover Silicone Protective Case Skin for Airpods Pro 2019 (Front LED Visible) Nightglow Blue,Doboli,Cases,Cases,49113,ACCESSORY,NOT_APPLICABLE,标题明确为保护壳/收纳配件，不是可独立使用的完整耳机；细分类目 Cases 与此一致；判为 ACCESSORY。
B01MF8OAZX,AMBIGUOUS,0.6,NOT_APPLICABLE,2,0,0,1,1,taxonomy_device=2;title_accessory=1;conflict,"Galaxy S5 Phone Case Clear,Anoke Scratch Resistant Mandala Flower Back Cute Acrylic TPU Bumper Slim Fit Thin Protective Cover Cases with HD Screen Protector for Girls Women Galaxy S5 CH Mint",ABSOKE,Earbud Headphones,Headphones & Earbuds,87,ACCESSORY,NOT_APPLICABLE,标题明确为保护壳/收纳配件，不是可独立使用的完整耳机；结合标题的兼容/替换关系判定；判为 ACCESSORY。 原自动标签为 AMBIGUOUS，本次以商品主体语义和类目复核后更正。
B009T9OGPS,DEVICE,0.98,EARBUD_INEAR,2,0,0,0,0,taxonomy_device=2,Turtle Beach Ear Force P11 Recertified,Turtle Beach,Earbud Headphones,Headphones & Earbuds,7,DEVICE,OVER_EAR,标题或核验到的规格表明为包耳/环耳/专业监听或大型耳罩式耳机；判为 DEVICE / OVER_EAR。
B08RCK6QRP,ACCESSORY,0.995,NOT_APPLICABLE,0,2,0,1,0,taxonomy_accessory=2;title_accessory=1,"elago AW5 Compatible with Airpods Pro Case, Classic Handheld Game Console Design Case with Keychain, Durable Silicone Construction, MagSafe Compatible [US Patent Registered] [Sand Pink]",elago,Cases,Cases,21386,ACCESSORY,NOT_APPLICABLE,标题明确为保护壳/收纳配件，不是可独立使用的完整耳机；细分类目 Cases 与此一致；判为 ACCESSORY。
B06XC4YR3R,AMBIGUOUS,0.6,NOT_APPLICABLE,2,0,0,1,1,taxonomy_device=2;title_accessory=1;conflict,beyerdynamic Professional Acoustically Open Headphones 250 Ohms (DT-990-PRO-250) with Slappa HardBody PRO Full Sized Headphone Case Black & Universal Wood Headphone Stand,beyerdynamic,Over-Ear Headphones,Headphones & Earbuds,8,DEVICE,OVER_EAR,标题主体是完整耳机，后列保护壳/线缆/支架等随附配件（套装不改变主体标签）；判为 DEVICE；形态依据：标题明确为 over-ear/around-ear/full-size，且该形态是最先出现的主体描述。 原自动标签为 AMBIGUOUS，本次以商品主体语义和类目复核后更正。
B07MFWFKK2,AMBIGUOUS,0.6,NOT_APPLICABLE,2,0,0,1,1,taxonomy_device=2;title_accessory=1;conflict,Compatible with Stylo 4 Plus - Sound Isolating Handsfree Headset Earphones Earbuds w Mic Dual Headphones Tangle Free Flat Wired 3.5mm [Black] Works with LG Stylo 4 Plus,TNODI,Earbud Headphones,Headphones & Earbuds,28,DEVICE,EARBUD_INEAR,标题描述可独立使用的完整耳机/耳塞设备，细分类目为 Earbud Headphones；判为 DEVICE；形态依据：标题含耳塞/入耳/开放式耳戴设备词，且其主体线索早于头戴式描述。 原自动标签为 AMBIGUOUS，本次以商品主体语义和类目复核后更正。
B08FM43B62,DEVICE,0.98,OVER_EAR,2,0,0,0,0,taxonomy_device=2,"LOBKIN Headphones Kids, Headphones Cat Ears with LED, 85dB Volume Limiter, Foldable, Kids Headphones with Wire for Girls Boys (Football+Blue)",LOBKIN,Over-Ear Headphones,Headphones & Earbuds,9,DEVICE,OVER_EAR,标题主体是完整耳机，后列保护壳/线缆/支架等随附配件（套装不改变主体标签）；判为 DEVICE；形态依据：细分类目为 Over-Ear Headphones。
B09ZV1KK1D,ACCESSORY,0.995,NOT_APPLICABLE,0,2,0,2,0,taxonomy_accessory=2;title_accessory=2,"[6-Pair] Replacement Ear Tips for AirPods Pro & AirPods Pro 2nd Generation with Noise Reduction Hole ,No Silicone Eartips Pain,Anti Slip Soft Ear Tips Compatible Airpods Pro/Pro 2 (Sizes S/M/L)",Polislime,Earpads,Earpads,62,ACCESSORY,NOT_APPLICABLE,标题明确为替换耳垫/耳罩，不是可独立使用的完整耳机；细分类目 Earpads 与此一致；判为 ACCESSORY。
B0043TSLRI,AMBIGUOUS,0.5,NOT_APPLICABLE,0,0,0,0,0,insufficient_evidence,Headphones w/ Inline Mic Headset (OEM) for Samsung Gravity 3 (Black),SAMSUNG,Headphones & Earbuds,Headphones & Earbuds,21,DEVICE,EARBUD_INEAR,标题描述可独立使用的完整耳机/耳塞设备，并含连接、声学或供电功能信息；判为 DEVICE；形态依据：标题语义为手机用单耳/免提蓝牙耳机或有线耳麦。 原自动标签为 AMBIGUOUS，本次以商品主体语义和类目复核后更正。
B00F0DCQ22,AMBIGUOUS,0.6,NOT_APPLICABLE,2,0,0,1,1,taxonomy_device=2;title_accessory=1;conflict,"4x Black Medium Size Earbud Ear bud Tips Cushions For Logitech Ultimate Ears Noise-Isolating Earphones TripleFi 10 10vi,MetroFi 100 150 170 200 200v 220 220vi,ltimate Ears SuperFi 3 5,Ultimate Ears SuperFI 4 4vi,200 200vi 200vm 350 350vi,500 500vi 500vm 600vi 700,UE 100 UE 350 UE350vm,UE600 UE700 UE 900 350VM,Loud Enough IP-P3SSCB001-02,Super.fi 3/5 Pro/5 Eb/10 Ue700",UPBRIGHT,Earbud Headphones,Headphones & Earbuds,1,DEVICE,EARBUD_INEAR,标题描述可独立使用的完整耳机/耳塞设备，细分类目为 Earbud Headphones；判为 DEVICE；形态依据：标题含耳塞/入耳/开放式耳戴设备词，且其主体线索早于头戴式描述。 原自动标签为 AMBIGUOUS，本次以商品主体语义和类目复核后更正。
B0827DQYYY,ACCESSORY,0.995,NOT_APPLICABLE,0,2,0,1,0,taxonomy_accessory=2;title_accessory=1,"Damex Playstation 4 Gold Wireless Headset Ear Pads for Sony ps4, Compatible with PS3, CECHYA-0083 (Black)",Damex,Earpads,Earpads,20,ACCESSORY,NOT_APPLICABLE,标题明确为替换耳垫/耳罩，不是可独立使用的完整耳机；细分类目 Earpads 与此一致；判为 ACCESSORY。
B00VV86752,ACCESSORY,0.995,NOT_APPLICABLE,0,2,1,2,1,taxonomy_accessory=2;title_device=1;title_accessory=2;conflict,Poyatu Studio 2.0 Memory Foam Earpads for Beats Studio 2.0 and Studio 2.0 Wireless Over-Ear Headphones Replacement Ear Pads Ear Cushions Earbuds Earcups Black,POYATU,Earpads,Earpads,18,ACCESSORY,NOT_APPLICABLE,标题明确为替换耳垫/耳罩，不是可独立使用的完整耳机；细分类目 Earpads 与此一致；判为 ACCESSORY。
B09MB6LGS8,ACCESSORY,0.995,NOT_APPLICABLE,0,2,0,2,0,taxonomy_accessory=2;title_accessory=2,"Kissmart Charging Case for Samsung Galaxy Buds 2, Replacement Charger Case Dock Station for Galaxy Buds 2 SM-R177 (Black)",Kissmart,Cases,Cases,96,ACCESSORY,NOT_APPLICABLE,标题明确为保护壳/收纳配件，不是可独立使用的完整耳机；细分类目 Cases 与此一致；判为 ACCESSORY。
B09Q5451BG,DEVICE,0.995,OVER_EAR,2,0,2,0,0,taxonomy_device=2;title_device=2,"Active Noise Canceling Headphones, Pink Wireless Headphones w/Mics, 45H Playtime USB-C Fast Charge, Deep Bass, BT 5.0, Connect to 2 Device, Stylish Design for Girls Women Boys TV PC Home Office",Rhystereo,Over-Ear Headphones,Headphones & Earbuds,103,DEVICE,OVER_EAR,标题描述可独立使用的完整耳机/耳塞设备，细分类目为 Over-Ear Headphones；判为 DEVICE；形态依据：细分类目为 Over-Ear Headphones。
B01N1F8RI1,DEVICE,0.98,ON_EAR,2,0,0,0,0,taxonomy_device=2,Veho Z-4 On-Ear Wired Headphones | Foldable Design | Leather Finish | Microphone | Remote Control - Black (VEP-009-Z4) Headphone,Veho,On-Ear Headphones,Headphones & Earbuds,32,DEVICE,ON_EAR,标题描述可独立使用的完整耳机/耳塞设备，细分类目为 On-Ear Headphones；判为 DEVICE；形态依据：标题明确为 on-ear/supra-aural，或该形态是最先出现的主体描述。
B0BM3N3YQB,AMBIGUOUS,0.6,NOT_APPLICABLE,2,0,0,1,1,taxonomy_device=2;title_accessory=1;conflict,"Donerton Wireless Headphones, Bluetoth Earbud with 150H Playtime, Wireless Earphones 5.0 IP7 Waterproof in Ear Headset for Sport, Charging Case, Deep Bass Earbud, Built-in HD Dual Mics for Call",Donerton,Earbud Headphones,Headphones & Earbuds,17001,DEVICE,EARBUD_INEAR,标题主体是完整耳机，后列保护壳/线缆/支架等随附配件（套装不改变主体标签）；判为 DEVICE；形态依据：标题含耳塞/入耳/开放式耳戴设备词，且其主体线索早于头戴式描述。 原自动标签为 AMBIGUOUS，本次以商品主体语义和类目复核后更正。
B0BCH72QJ6,AMBIGUOUS,0.6,NOT_APPLICABLE,2,0,1,1,1,taxonomy_device=2;title_device=1;title_accessory=1;conflict,"VOLT PLUS TECH Wireless V5.0 Bluetooth Earbuds for iPhone 14/ 14PRO / MAX / 13 / 13Pro / MAX,12/12 Pro/Max, with LED Display,Mic, 8D Bass, F9 TWS IPX7 Waterproof with 2000mAh PowerBank Charging case",VOLT PLUS TECH,Earbud Headphones,Headphones & Earbuds,13,DEVICE,EARBUD_INEAR,标题主体是完整耳机，后列保护壳/线缆/支架等随附配件（套装不改变主体标签）；判为 DEVICE；形态依据：标题含耳塞/入耳/开放式耳戴设备词，且其主体线索早于头戴式描述。 原自动标签为 AMBIGUOUS，本次以商品主体语义和类目复核后更正。
B01LYOCL3C,ACCESSORY,0.98,NOT_APPLICABLE,0,2,0,0,0,taxonomy_accessory=2,Lampari 2 in 1 3.5mm Headphone Jack aux Cable Adapter Compatible with Phone device-057-(37 Pack),Square Enix,Adapters,Adapters,9,ACCESSORY,NOT_APPLICABLE,标题明确为线缆/转接配件，不是可独立使用的完整耳机；细分类目 Adapters 与此一致；判为 ACCESSORY。
B09JPFYQY2,AMBIGUOUS,0.5,NOT_APPLICABLE,0,0,0,0,0,insufficient_evidence,Path Lit by Lightning: The Life of Jim Thorpe,David Maraniss (Author) Format: Kindle Edition,Headphones & Earbuds,Headphones & Earbuds,980,AMBIGUOUS,NOT_APPLICABLE,needs_review: 标题“Path Lit by Lightning: The Life of Jim Thorpe”未描述完整耳机或明确耳机配件，且与类目“Headphones & Earbuds”不一致/信息残缺；保留 AMBIGUOUS，不强行归类。
B009WNUETS,AMBIGUOUS,0.6,NOT_APPLICABLE,2,0,0,1,1,taxonomy_device=2;title_accessory=1;conflict,NoiseHush NS400-11940 Bluetooth Stereo Headset with Case for Apple iPad/iPhone - Retail Packaging - Black,NoiseHush,Earbud Headphones,Headphones & Earbuds,121,DEVICE,EARBUD_INEAR,标题主体是完整耳机，后列保护壳/线缆/支架等随附配件（套装不改变主体标签）；判为 DEVICE；形态依据：细分类目为 Earbud Headphones。 原自动标签为 AMBIGUOUS，本次以商品主体语义和类目复核后更正。
B099DTHL43,ACCESSORY,0.995,NOT_APPLICABLE,0,2,0,2,0,taxonomy_accessory=2;title_accessory=2,"defean Ear Pads - Ear Cushions Compatible with AirPods Max Headphones Earpads Replacement Ear Pad Covers with Protein Leather, Memory Foam and Magnet (Silvery)",defean,Earpads,Earpads,1,ACCESSORY,NOT_APPLICABLE,标题明确为替换耳垫/耳罩，不是可独立使用的完整耳机；细分类目 Earpads 与此一致；判为 ACCESSORY。
B09P4R4JTY,ACCESSORY,0.98,NOT_APPLICABLE,0,2,0,0,0,taxonomy_accessory=2,Headset Sponge Cover Oval Earphone Ear Cushion Headset Earmuffs Leather Headphone Covers Earpads Ear Pads Ear Cups Replacement Cover Sponge Case - Black 95X75Mm,CreatYSP,Earpads,Earpads,2,ACCESSORY,NOT_APPLICABLE,标题明确为替换耳垫/耳罩，不是可独立使用的完整耳机；细分类目 Earpads 与此一致；判为 ACCESSORY。
B071222MZN,AMBIGUOUS,0.6,NOT_APPLICABLE,2,0,0,1,1,taxonomy_device=2;title_accessory=1;conflict,"Galaxy S8 Case, MO Samsung Galaxy S8 Shockproof Protection Defense Shield Shock Absorption Case Heavy Duty Soft TPU & Hard PC Rugged Dual Layer Case for Samsung Galaxy S8(Rose Gold)",M&O,Earbud Headphones,Headphones & Earbuds,3,ACCESSORY,NOT_APPLICABLE,标题明确为保护壳/收纳配件，不是可独立使用的完整耳机；结合标题的兼容/替换关系判定；判为 ACCESSORY。 原自动标签为 AMBIGUOUS，本次以商品主体语义和类目复核后更正。
B00NVP3NNW,DEVICE,0.98,EARBUD_INEAR,2,0,0,0,0,taxonomy_device=2,NHT AC1 - AudioCenter Channel Loudspeaker,NHT Inc.,Earbud Headphones,Headphones & Earbuds,1,AMBIGUOUS,NOT_APPLICABLE,needs_review: 标题“NHT AC1 - AudioCenter Channel Loudspeaker”未描述完整耳机或明确耳机配件，且与类目“Earbud Headphones”不一致/信息残缺；保留 AMBIGUOUS，不强行归类。 原自动标签为 DEVICE，本次以商品主体语义和类目复核后更正。
B092LVBMQG,ACCESSORY,0.995,NOT_APPLICABLE,0,2,0,1,0,taxonomy_accessory=2;title_accessory=1,DKE Replacement Ear-Pads for Bose Quiet Comfort QC 2 15 25 35 Ear Cushions for QC2 QC15 QC25 QC35 SoundLink SoundTrue Around Ear II AE2 Headphones (Brown),DKE,Earpads,Earpads,58,ACCESSORY,NOT_APPLICABLE,标题主体是替换件、线缆/收纳件、蓝牙接收件、头盔扬声器套件或手机外接听筒，并非完整耳机；判为 ACCESSORY。
B08QM7BZL7,ACCESSORY,0.995,NOT_APPLICABLE,0,2,0,2,0,taxonomy_accessory=2;title_accessory=2,"Case for AirPods Pro 1st Generation, Filoto Airpod Pro Case Cover for Apple AirPods Pro (2019), Cute Protective Silicone Case Accessories with Pompom Keychain for Women Girl (Black)",Filoto,Cases,Cases,15147,ACCESSORY,NOT_APPLICABLE,标题明确为保护壳/收纳配件，不是可独立使用的完整耳机；细分类目 Cases 与此一致；判为 ACCESSORY。
B07WDG7K29,ACCESSORY,0.995,NOT_APPLICABLE,0,2,0,2,0,taxonomy_accessory=2;title_accessory=2,"VEKEFF Replacement Ear Pads Earpad for Sony MDR-RF4000, RF5000, RF6000, RF6500, RF7000, RF7100, MDR-DS6000, DS6500, DS7000, DS7100 Headphones (Black-PU)",VEVER,Earpads,Earpads,8,ACCESSORY,NOT_APPLICABLE,标题明确为替换耳垫/耳罩，不是可独立使用的完整耳机；细分类目 Earpads 与此一致；判为 ACCESSORY。
B07HK5DGF3,ACCESSORY,0.995,NOT_APPLICABLE,0,2,0,1,0,taxonomy_accessory=2;title_accessory=1,"LEWOTE Airpods Case Cover Airpods Silicone Cute Accessories [Protective Case, Anti-Lost Strap, Fur Ball Keychain] for Apple Airpod 1&2 (White)",LEWOTE,Cases,Cases,326,ACCESSORY,NOT_APPLICABLE,标题明确为保护壳/收纳配件，不是可独立使用的完整耳机；细分类目 Cases 与此一致；判为 ACCESSORY。
B005K9T0UC,AMBIGUOUS,0.5,NOT_APPLICABLE,0,0,0,0,0,insufficient_evidence,"Sport Headphones, Red Speakers plus Black Headband",Halo,Headphones & Earbuds,Headphones & Earbuds,5,DEVICE,ON_EAR,标题中的便携/折叠/儿童/头带式线索或核验到的厂商规格表明耳垫压在耳廓上；判为 DEVICE / ON_EAR。 原自动标签为 AMBIGUOUS，本次复核后更正。
B08DNZ6ZPF,AMBIGUOUS,0.6,NOT_APPLICABLE,2,0,0,1,1,taxonomy_device=2;title_accessory=1;conflict,"Joymiso 16Ft Extra Long Cord Earbuds Headphones for TV PC Laptop with Mic, Volume Control, Spring Coil Wire & Extension Cable, 3.5mm Wired Over Ear in-Ear Computer Earphones for Kids Women Small Ears",MOXKING,Earbud Headphones,Headphones & Earbuds,514,ACCESSORY,NOT_APPLICABLE,标题明确为线缆/转接配件，不是可独立使用的完整耳机；结合标题的兼容/替换关系判定；判为 ACCESSORY。 原自动标签为 AMBIGUOUS，本次以商品主体语义和类目复核后更正。
B0BBRF5TNF,ACCESSORY,0.995,NOT_APPLICABLE,0,2,0,2,0,taxonomy_accessory=2;title_accessory=2,"Wireless Charging Case Replacement Compatible with AirPods Pro, AirPods Pro Charger Case with Pairing Sync Button, no AirPods Pro, White",RAVIAD,Cases,Cases,14751,ACCESSORY,NOT_APPLICABLE,标题明确为保护壳/收纳配件，不是可独立使用的完整耳机；细分类目 Cases 与此一致；判为 ACCESSORY。
B09YTTY2H1,DEVICE,0.985,EARBUD_INEAR,2,0,3,1,1,taxonomy_device=2;title_device=3;title_accessory=1;conflict,"Wireless Earbuds,Bluetooth Earbuds 60H Playtime Deep Bass Noise Cancelling,Wireless Ear Buds IPX6 Waterproof Touch Control with Charging Case,in-Ear Headphones Built-in Mic Earphone for Sports",DMGLRCY,Earbud Headphones,Headphones & Earbuds,23,DEVICE,EARBUD_INEAR,标题主体是完整耳机，后列保护壳/线缆/支架等随附配件（套装不改变主体标签）；判为 DEVICE；形态依据：标题含耳塞/入耳/开放式耳戴设备词，且其主体线索早于头戴式描述。
B01MYCQIVJ,AMBIGUOUS,0.6,NOT_APPLICABLE,2,0,0,1,1,taxonomy_device=2;title_accessory=1;conflict,Armor Case for Huawei Ascend XT [AT&T GoPhone H1611] Slim Armor Case Heavy Duty Brushed Metal Finish TPU Shock Impact Dual Layer Protection + Tempered Glass LCD Screen Protector (Black),Pauneture,Earbud Headphones,Headphones & Earbuds,18,ACCESSORY,NOT_APPLICABLE,标题明确为保护壳/收纳配件，不是可独立使用的完整耳机；结合标题的兼容/替换关系判定；判为 ACCESSORY。 原自动标签为 AMBIGUOUS，本次以商品主体语义和类目复核后更正。
B006FL7ZGK,DEVICE,0.995,EARBUD_INEAR,2,0,1,0,0,taxonomy_device=2;title_device=1,Lady Gaga HeartBeats In-Ear Headphones with ControlTalk (Bright Chrome) - NON RETAIL PACKAGING,Monster,Earbud Headphones,Headphones & Earbuds,1,DEVICE,EARBUD_INEAR,标题描述可独立使用的完整耳机/耳塞设备，细分类目为 Earbud Headphones；判为 DEVICE；形态依据：标题含耳塞/入耳/开放式耳戴设备词，且其主体线索早于头戴式描述。
B08Y8VTQTC,DEVICE,0.955,EARBUD_INEAR,2,0,2,1,1,taxonomy_device=2;title_device=2;title_accessory=1;conflict,XLEADER Sport3 Pro Sports Wireless Earbuds Bluetooth in-Ear Headphones with LED Display Charging Case 48H Playtime IPX7 Waterproof Deep Bass Mic for Running Workout Gym,XLEADER,Earbud Headphones,Headphones & Earbuds,1938,DEVICE,EARBUD_INEAR,标题主体是完整耳机，后列保护壳/线缆/支架等随附配件（套装不改变主体标签）；判为 DEVICE；形态依据：标题含耳塞/入耳/开放式耳戴设备词，且其主体线索早于头戴式描述。
B01FL7JKE8,DEVICE,0.98,EARBUD_INEAR,2,0,0,0,0,taxonomy_device=2,Headphones White 133,Timegevity,Earbud Headphones,Headphones & Earbuds,3,DEVICE,EARBUD_INEAR,标题描述可独立使用的完整耳机/耳塞设备，细分类目为 Earbud Headphones；判为 DEVICE；形态依据：细分类目为 Earbud Headphones。
B0BNNTDHNX,DEVICE,0.995,OVER_EAR,2,0,3,0,0,taxonomy_device=2;title_device=3,"VuyKoo Bluetooth Headphones with Microphone/RGB LED Light Up, Cat Ear Wireless Headphones, Stereo Gaming Headset for Cellphone/PC/Laptop/Tablet/TV Kids Girls & Boys Teens/Birthday Gift (Purple)",VuyKoo,Over-Ear Headphones,Headphones & Earbuds,169,DEVICE,OVER_EAR,标题主体是完整耳机，后列保护壳/线缆/支架等随附配件（套装不改变主体标签）；判为 DEVICE；形态依据：细分类目为 Over-Ear Headphones。
B00MI8PMPA,ACCESSORY,0.98,NOT_APPLICABLE,0,2,0,0,0,taxonomy_accessory=2,"Plantronics Spare Ear Gel Kit, 3 Pack",Plantronics,Earpads,Earpads,365,ACCESSORY,NOT_APPLICABLE,标题明确为替换耳垫/耳罩，不是可独立使用的完整耳机；细分类目 Earpads 与此一致；判为 ACCESSORY。
B08KDZ2NZX,DEVICE,0.995,EARBUD_INEAR,2,0,3,0,0,taxonomy_device=2;title_device=3,"Soundcore by Anker Life A1 True Wireless Earbuds, Powerful Customized Sound, 35H Playtime, Wireless Charging, USB-C Fast Charge, IPX7 Waterproof, Button Control, Bluetooth Earbuds, Commute, Sports",Soundcore,Earbud Headphones,Headphones & Earbuds,31975,DEVICE,EARBUD_INEAR,标题描述可独立使用的完整耳机/耳塞设备，细分类目为 Earbud Headphones；判为 DEVICE；形态依据：标题含耳塞/入耳/开放式耳戴设备词，且其主体线索早于头戴式描述。
B08529CF4L,AMBIGUOUS,0.6,NOT_APPLICABLE,0,0,0,1,0,title_accessory=1,Premium Replacement NC700 Ear Pads / NC700 UC Pads Cushions Compatible with Bose NC700 Headphones/Bose Noise Cancelling 700 Headphones/Bose NC700 UC Headphones (White). Great Comfort/Durability,AHG Accessory House Global,Headphones & Earbuds,Headphones & Earbuds,268,ACCESSORY,NOT_APPLICABLE,标题明确为替换耳垫/耳罩，不是可独立使用的完整耳机；结合标题的兼容/替换关系判定；判为 ACCESSORY。 原自动标签为 AMBIGUOUS，本次以商品主体语义和类目复核后更正。
B07MMTL95J,ACCESSORY,0.995,NOT_APPLICABLE,0,2,0,1,0,taxonomy_accessory=2;title_accessory=1,"Airpods Case, Music tracker Protective Thicken Airpods Cover Soft Silicone Chargeable Headphone Case with Anti-Lost Carabiner for Apple Airpods 1&2 Charging Case (Purple)",Music tracker,Cases,Cases,20859,ACCESSORY,NOT_APPLICABLE,标题明确为保护壳/收纳配件，不是可独立使用的完整耳机；细分类目 Cases 与此一致；判为 ACCESSORY。
B005IYE2SO,AMBIGUOUS,0.5,NOT_APPLICABLE,0,0,0,0,0,insufficient_evidence,NoiZfree Music & Mobile Hands-Free Listening Double Earhook,NoiZfree,Headphones & Earbuds,Headphones & Earbuds,11,ACCESSORY,NOT_APPLICABLE,标题明确为耳机配件，不是可独立使用的完整耳机；结合标题的兼容/替换关系判定；判为 ACCESSORY。 原自动标签为 AMBIGUOUS，本次以商品主体语义和类目复核后更正。
B07WW8RVZX,ACCESSORY,0.96,NOT_APPLICABLE,0,2,2,1,1,taxonomy_accessory=2;title_device=2;title_accessory=1;conflict,Comply TrueGrip Pro Memory Foam Tips for Samsung Galaxy Buds True Wireless Earbuds - Secure Fit Tips with TechDefender Made from Comfortable Memory Foam - 3 Pairs (Medium/Large),Comply,Earpads,Earpads,220,ACCESSORY,NOT_APPLICABLE,标题主体是替换件、线缆/收纳件、蓝牙接收件、头盔扬声器套件或手机外接听筒，并非完整耳机；判为 ACCESSORY。
B01N8ZUPFY,ACCESSORY,0.94,NOT_APPLICABLE,0,2,1,0,1,taxonomy_accessory=2;title_device=1;conflict,YunYiYi 2pcs Ear Hook Earhook Compatible with Jabra Style Bluetooth Headset Earphone Repair Parts Accessories,YunYiYi,Earpads,Earpads,399,ACCESSORY,NOT_APPLICABLE,标题明确为替换耳垫/耳罩，不是可独立使用的完整耳机；细分类目 Earpads 与此一致；判为 ACCESSORY。
B082H8399Y,ACCESSORY,0.995,NOT_APPLICABLE,0,2,0,2,0,taxonomy_accessory=2;title_accessory=2,Caka Glitter Case for AirPods Pro Case Cover Crystal Diamond for Women Girls Cute Rhinestone Bling Sparkle Shiny Protective Shockproof with Lanyard Case Cover for AirPods Pro (Gradient Green),Caka,Cases,Cases,331,ACCESSORY,NOT_APPLICABLE,标题明确为保护壳/收纳配件，不是可独立使用的完整耳机；细分类目 Cases 与此一致；判为 ACCESSORY。
B0BN534JBB,DEVICE,0.995,OVER_EAR,2,0,1,0,0,taxonomy_device=2;title_device=1,"Bose Noise Cancelling Headphones 700,Bluetooth, Over-Ear Wireless with Built-In Microphone for Clear Calls & Alexa Voice Control,Black",Bose,Over-Ear Headphones,Headphones & Earbuds,33104,DEVICE,OVER_EAR,标题主体是完整耳机，后列保护壳/线缆/支架等随附配件（套装不改变主体标签）；判为 DEVICE；形态依据：标题明确为 over-ear/around-ear/full-size，且该形态是最先出现的主体描述。
B09D9GRV8W,ACCESSORY,0.98,NOT_APPLICABLE,0,2,0,0,0,taxonomy_accessory=2,"AirPods Pro Case with Keychain, Jiunai Strong Protective Armor with Secure Look Heavy Duty Shockproof Dual Layer AirPods Pro Case with Carabiner Supports Wireless Charging for AirPods Pro LED Visible",Jiunai,Cases,Cases,12,ACCESSORY,NOT_APPLICABLE,标题明确为保护壳/收纳配件，不是可独立使用的完整耳机；细分类目 Cases 与此一致；判为 ACCESSORY。
B008XNXIM8,AMBIGUOUS,0.6,NOT_APPLICABLE,0,0,1,0,0,title_device=1,Bluetooth Headset with NoiseAssassin 3.0,Jawbone,Headphones & Earbuds,Headphones & Earbuds,87,DEVICE,EARBUD_INEAR,标题描述可独立使用的完整耳机/耳塞设备，并含连接、声学或供电功能信息；判为 DEVICE；形态依据：标题语义为手机用单耳/免提蓝牙耳机或有线耳麦。 原自动标签为 AMBIGUOUS，本次以商品主体语义和类目复核后更正。
B09LM2PDN4,DEVICE,0.995,OVER_EAR,2,0,1,0,0,taxonomy_device=2;title_device=1,"OneOdio A71 Hi-Res Studio Recording Headphones - Wired Over Ear Headphones with SharePort, Professional Monitoring & Mixing Foldable Headphones with Stereo Sound (Red)",OneOdio,Over-Ear Headphones,Headphones & Earbuds,12926,DEVICE,OVER_EAR,标题描述可独立使用的完整耳机/耳塞设备，细分类目为 Over-Ear Headphones；判为 DEVICE；形态依据：标题明确为 over-ear/around-ear/full-size，且该形态是最先出现的主体描述。
B008HV2VXS,AMBIGUOUS,0.5,NOT_APPLICABLE,0,0,0,0,0,insufficient_evidence,LOVEKITTY TM 50 Pcs Black Mixed Flatback Pearl Cabochon (10mm-15mm),lovekitty,Headphones & Earbuds,Headphones & Earbuds,2,AMBIGUOUS,NOT_APPLICABLE,needs_review: 标题“LOVEKITTY TM 50 Pcs Black Mixed Flatback Pearl Cabochon (10mm-15mm)”未描述完整耳机或明确耳机配件，且与类目“Headphones & Earbuds”不一致/信息残缺；保留 AMBIGUOUS，不强行归类。
B0B76VZ5QR,DEVICE,0.995,EARBUD_INEAR,2,0,2,0,0,taxonomy_device=2;title_device=2,"Wireless Earbuds Bluetooth 5.3 Headphones with 4-Mics Clear Call and ENC Noise Cancelling, Bluetooth Earbuds Touch Control Stereo Sound with LED Display, Waterproof Running Headphones for Workout",OYIB,Earbud Headphones,Headphones & Earbuds,12297,DEVICE,EARBUD_INEAR,标题描述可独立使用的完整耳机/耳塞设备，细分类目为 Earbud Headphones；判为 DEVICE；形态依据：标题含耳塞/入耳/开放式耳戴设备词，且其主体线索早于头戴式描述。
B00OC0CZNY,AMBIGUOUS,0.5,NOT_APPLICABLE,0,0,0,0,0,insufficient_evidence,"Areion Zipper 3.5mm In-Ear Audio Stereo Earbud Earphone Headphone Headset Mp3 For Iphones, Ipads, Ipods, Nano, Kindle, Samsung, Htc Yellow",eCaseUSA,Headphones & Earbuds,Headphones & Earbuds,3,DEVICE,EARBUD_INEAR,标题描述可独立使用的完整耳机/耳塞设备，并含连接、声学或供电功能信息；判为 DEVICE；形态依据：标题含耳塞/入耳/开放式耳戴设备词，且其主体线索早于头戴式描述。 原自动标签为 AMBIGUOUS，本次以商品主体语义和类目复核后更正。
B08HPSGXT9,DEVICE,0.995,EARBUD_INEAR,2,0,2,0,0,taxonomy_device=2;title_device=2,"Bose Sport Earbuds - True Wireless Earphones - Bluetooth In Ear Headphones for Workouts and Running, Baltic Blue",Bose,Earbud Headphones,Headphones & Earbuds,34768,DEVICE,EARBUD_INEAR,标题描述可独立使用的完整耳机/耳塞设备，细分类目为 Earbud Headphones；判为 DEVICE；形态依据：标题含耳塞/入耳/开放式耳戴设备词，且其主体线索早于头戴式描述。
B07S81C4LR,AMBIGUOUS,0.5,NOT_APPLICABLE,0,2,2,0,1,taxonomy_accessory=2;title_device=2;conflict,"JNSA Ear Tips Ear Buds Ear gels Ear Caps Replacement for Jabra Elite Active 65t / Jabra Elite 65t / 75t/Other Same Shape True Wireless Earbuds,Fit in The Case, S/M/L 6 Paris,Gray (dz6psml)",JNSA,Earpads,Earpads,109,ACCESSORY,NOT_APPLICABLE,标题明确为替换耳垫/耳罩，不是可独立使用的完整耳机；细分类目 Earpads 与此一致；判为 ACCESSORY。 原自动标签为 AMBIGUOUS，本次以商品主体语义和类目复核后更正。
B00WU6GLKK,AMBIGUOUS,0.6,NOT_APPLICABLE,0,0,1,0,0,title_device=1,Ecko EKU-FRC-PLDBK Unlimited Force Over-the-Ear Headphones with Microphone (Plaid Black),Ecko,Headphones & Earbuds,Headphones & Earbuds,1,DEVICE,OVER_EAR,标题主体是完整耳机，后列保护壳/线缆/支架等随附配件（套装不改变主体标签）；判为 DEVICE；形态依据：标题明确为 over-ear/around-ear/full-size，且该形态是最先出现的主体描述。 原自动标签为 AMBIGUOUS，本次以商品主体语义和类目复核后更正。
B00X4S53XO,AMBIGUOUS,0.6,NOT_APPLICABLE,0,0,1,0,0,title_device=1,Plantronics ML20 Bluetooth Headset: Graphite/Black,Plantronics,Headphones & Earbuds,Headphones & Earbuds,6,DEVICE,EARBUD_INEAR,标题描述可独立使用的完整耳机/耳塞设备，并含连接、声学或供电功能信息；判为 DEVICE；形态依据：标题语义为手机用单耳/免提蓝牙耳机或有线耳麦。 原自动标签为 AMBIGUOUS，本次以商品主体语义和类目复核后更正。
B0BJCYP6H5,ACCESSORY,0.995,NOT_APPLICABLE,0,2,0,2,0,taxonomy_accessory=2;title_accessory=2,"BRG Compatible with Airpods Pro Case,Soft Silicone Skin Case Cover Shock-Absorbing Protective Case with Keychain [Front LED Visible] (Black)",BRG,Cases,Cases,83739,ACCESSORY,NOT_APPLICABLE,标题明确为保护壳/收纳配件，不是可独立使用的完整耳机；细分类目 Cases 与此一致；判为 ACCESSORY。
B00MO7LU7O,DEVICE,0.995,EARBUD_INEAR,2,0,1,0,0,taxonomy_device=2;title_device=1,G-01 Bluetooth Headset (F:- Accessory),GLCON,Earbud Headphones,Headphones & Earbuds,38,DEVICE,EARBUD_INEAR,标题描述可独立使用的完整耳机/耳塞设备，细分类目为 Earbud Headphones；判为 DEVICE；形态依据：细分类目为 Earbud Headphones。
B001NZPNKI,AMBIGUOUS,0.5,NOT_APPLICABLE,0,0,0,0,0,insufficient_evidence,Motorola Bluetooth H500 Headset,Motorola,Headphones & Earbuds,Headphones & Earbuds,12,DEVICE,EARBUD_INEAR,标题描述可独立使用的完整耳机/耳塞设备，并含连接、声学或供电功能信息；判为 DEVICE；形态依据：标题语义为手机用单耳/免提蓝牙耳机或有线耳麦。 原自动标签为 AMBIGUOUS，本次以商品主体语义和类目复核后更正。
B01LBXLYNQ,AMBIGUOUS,0.6,NOT_APPLICABLE,1,0,0,1,1,taxonomy_device=1;title_accessory=1;conflict,Poyatu Cable for Bose QC15 QC2 Headphones Replacement Audio Cable with Inline Remote and Microphone for iPhone iPad Samsung Android Smartphones (4.2ft/1.5M),POYATU,"Headphones, Earbuds & Accessories",,11,ACCESSORY,NOT_APPLICABLE,标题明确为线缆/转接配件，不是可独立使用的完整耳机；结合标题的兼容/替换关系判定；判为 ACCESSORY。 原自动标签为 AMBIGUOUS，本次以商品主体语义和类目复核后更正。
B08B1NNMNQ,DEVICE,0.955,EARBUD_INEAR,2,0,2,1,1,taxonomy_device=2;title_device=2;title_accessory=1;conflict,"SAMSUNG Galaxy Buds+ Plus, True Wireless Earbuds w/Improved Battery and Call Quality (Wireless Charging Case Included), Purple with Fast Charge Wireless Charging Pad",SAMSUNG,Earbud Headphones,Headphones & Earbuds,326,DEVICE,EARBUD_INEAR,标题描述可独立使用的完整耳机/耳塞设备，细分类目为 Earbud Headphones；判为 DEVICE；形态依据：标题含耳塞/入耳/开放式耳戴设备词，且其主体线索早于头戴式描述。
B00PG5ZYKK,AMBIGUOUS,0.5,NOT_APPLICABLE,0,0,0,0,0,insufficient_evidence,"Far End Gear Short Buds 22"" Cord Single in-Ear Stereo-to-Mono Earbud for Armband Music Players",Far End Gear,Headphones & Earbuds,Headphones & Earbuds,53,DEVICE,EARBUD_INEAR,标题描述可独立使用的完整耳机/耳塞设备，并含连接、声学或供电功能信息；判为 DEVICE；形态依据：标题含耳塞/入耳/开放式耳戴设备词，且其主体线索早于头戴式描述。 原自动标签为 AMBIGUOUS，本次以商品主体语义和类目复核后更正。
B004INGZCM,AMBIGUOUS,0.5,NOT_APPLICABLE,0,0,0,0,0,insufficient_evidence,Sennheiser PMX 90 Portable Neckband Headphone with Dynamic Bass (Discontinued by Manufacturer),Sennheiser,Headphones & Earbuds,Headphones & Earbuds,62,DEVICE,EARBUD_INEAR,标题描述可独立使用的完整耳机/耳塞设备，并含连接、声学或供电功能信息；判为 DEVICE；形态依据：标题含耳塞/入耳/开放式耳戴设备词，且其主体线索早于头戴式描述。 原自动标签为 AMBIGUOUS，本次以商品主体语义和类目复核后更正。
B09GFLS1MX,DEVICE,0.955,EARBUD_INEAR,2,0,2,1,1,taxonomy_device=2;title_device=2;title_accessory=1;conflict,Wireless Earbuds Bluetooth Headphones - 30H Playtime with USB C Charging Case Stereo Bass Earphones Touch Control Sport in-Ear Bluetooth Earbuds with Built-in Noise Cancelling Mic for Android iPhone,Bobtot,Earbud Headphones,Headphones & Earbuds,1484,DEVICE,EARBUD_INEAR,标题主体是完整耳机，后列保护壳/线缆/支架等随附配件（套装不改变主体标签）；判为 DEVICE；形态依据：标题含耳塞/入耳/开放式耳戴设备词，且其主体线索早于头戴式描述。
B00IIE2Y9A,AMBIGUOUS,0.5,NOT_APPLICABLE,0,0,0,0,0,insufficient_evidence,"TOOGOO(R) Classic Retro Handset for Cell Phones, iPad 2, iPad, iPhone 4 4G 3GS 3G (AT&T and Verizon), iPod touch (2G 3G 4G), HTC Android EVO, Blackberry, Samsung Galaxy S, Droid (Soft Touch Red)",TOOGOO,Headphones & Earbuds,Headphones & Earbuds,8,ACCESSORY,NOT_APPLICABLE,标题主体是替换件、线缆/收纳件、蓝牙接收件、头盔扬声器套件或手机外接听筒，并非完整耳机；判为 ACCESSORY。 原自动标签为 AMBIGUOUS，本次复核后更正。
B083SJ1Y3L,ACCESSORY,0.995,NOT_APPLICABLE,0,2,0,3,0,taxonomy_accessory=2;title_accessory=3,Camyse Airpods Pro Case Silicone Protective Cover with Keychain and Airpods Pro Accessories Compatible with Airpods 3 Pro Charging Case (Pink Sand),Camyse,Cases,Cases,85,ACCESSORY,NOT_APPLICABLE,标题明确为保护壳/收纳配件，不是可独立使用的完整耳机；细分类目 Cases 与此一致；判为 ACCESSORY。
B07VTTHY38,ACCESSORY,0.98,NOT_APPLICABLE,0,2,0,0,0,taxonomy_accessory=2,"Ear Hooks [8 pairs] Covers for Apple AirPods 1 & 2 or iPhone Wired Headphones, Earphones, Earbuds",Earbudz,Earpads,Earpads,52,ACCESSORY,NOT_APPLICABLE,标题明确为替换耳垫/耳罩，不是可独立使用的完整耳机；细分类目 Earpads 与此一致；判为 ACCESSORY。
B01IASC9Q6,ACCESSORY,0.995,NOT_APPLICABLE,0,2,0,2,0,taxonomy_accessory=2;title_accessory=2,Poyatu 4 Pairs Replacement Eartips Earbuds Eargels Earpads for Powerbeats 2 Wireless Powerbeats3 Beats by dr dre (Black),POYATU,Earpads,Earpads,22,ACCESSORY,NOT_APPLICABLE,标题明确为替换耳垫/耳罩，不是可独立使用的完整耳机；细分类目 Earpads 与此一致；判为 ACCESSORY。
B001EN106U,AMBIGUOUS,0.6,NOT_APPLICABLE,0,0,1,0,0,title_device=1,Jabra BT2070 Bluetooth Headset,Jabra,Headphones & Earbuds,Headphones & Earbuds,10,DEVICE,EARBUD_INEAR,标题描述可独立使用的完整耳机/耳塞设备，并含连接、声学或供电功能信息；判为 DEVICE；形态依据：标题语义为手机用单耳/免提蓝牙耳机或有线耳麦。 原自动标签为 AMBIGUOUS，本次以商品主体语义和类目复核后更正。
B06XTDXPKZ,ACCESSORY,0.995,NOT_APPLICABLE,0,2,0,1,0,taxonomy_accessory=2;title_accessory=1,"Ablet Replacement Cable for Bose QuietComfort 25, 35, QC25, QC35 Headphones, Audio Cord Remote Volume mic fit Samsung Galaxy Sony Xiaomi Huawei Android Phone",ABLET,Extension Cords,Extension Cords,23,ACCESSORY,NOT_APPLICABLE,标题明确为线缆/转接配件，不是可独立使用的完整耳机；细分类目 Extension Cords 与此一致；判为 ACCESSORY。
B07GNR6DS4,DEVICE,0.98,EARBUD_INEAR,2,0,0,0,0,taxonomy_device=2,RHA Base Tuning Filter T10/T10i/T20/T20i 271167,RHA,Earbud Headphones,Headphones & Earbuds,5,ACCESSORY,NOT_APPLICABLE,标题明确为耳机配件，不是可独立使用的完整耳机；结合标题的兼容/替换关系判定；判为 ACCESSORY。 原自动标签为 DEVICE，本次以商品主体语义和类目复核后更正。
B0144R6MBA,AMBIGUOUS,0.5,NOT_APPLICABLE,0,0,0,0,0,insufficient_evidence,rockpapa Over Ear Stereo Wired Adults Kids Childs Boys Girls Headphones Earphones Adjustable for iPhone 6 iPad iPod innoTab LeapPad PC DVD CD Yellow,rockpapa,Headphones & Earbuds,Headphones & Earbuds,24,DEVICE,OVER_EAR,标题描述可独立使用的完整耳机/耳塞设备，并含连接、声学或供电功能信息；判为 DEVICE；形态依据：标题明确为 over-ear/around-ear/full-size，且该形态是最先出现的主体描述。 原自动标签为 AMBIGUOUS，本次以商品主体语义和类目复核后更正。
B01HG0LY4W,AMBIGUOUS,0.6,NOT_APPLICABLE,2,0,0,1,1,taxonomy_device=2;title_accessory=1;conflict,"iPhone 6s Plus / 6 Plus Case, ESR iPhone 6s Plus Makeup Series Back Cover Shinning Protective Bumper Bling Glitter Case for 5.5 inches iPhone 6s Plus and iPhone 6 Plus(Blue)",Kacul,Earbud Headphones,Headphones & Earbuds,81,ACCESSORY,NOT_APPLICABLE,标题明确为保护壳/收纳配件，不是可独立使用的完整耳机；结合标题的兼容/替换关系判定；判为 ACCESSORY。 原自动标签为 AMBIGUOUS，本次以商品主体语义和类目复核后更正。
B091GHJ7FN,AMBIGUOUS,0.6,NOT_APPLICABLE,2,0,1,1,1,taxonomy_device=2;title_device=1;title_accessory=1;conflict,"Bluetooth 5.1 Headphones, Wireless Earbuds with LED Digital Display, IPX7 Waterproof, CVC8.0 Noise Cancelling, 40H Playtime with Fast Charging Case, Suitable for Sports and Work",coioc,Earbud Headphones,Headphones & Earbuds,6709,DEVICE,EARBUD_INEAR,标题主体是完整耳机，后列保护壳/线缆/支架等随附配件（套装不改变主体标签）；判为 DEVICE；形态依据：标题含耳塞/入耳/开放式耳戴设备词，且其主体线索早于头戴式描述。 原自动标签为 AMBIGUOUS，本次以商品主体语义和类目复核后更正。
B07CYZGQ12,DEVICE,0.995,OVER_EAR,2,0,1,0,0,taxonomy_device=2;title_device=1,"PowerLocus Bluetooth Over-Ear Headphones, Wireless Stereo Foldable Headphones Wireless and Wired Headsets with Built-in Mic, Micro SD/TF, FM for iPhone/Samsung/iPad/PC (Purple)",PowerLocus,Over-Ear Headphones,Headphones & Earbuds,47958,DEVICE,OVER_EAR,标题描述可独立使用的完整耳机/耳塞设备，细分类目为 Over-Ear Headphones；判为 DEVICE；形态依据：标题明确为 over-ear/around-ear/full-size，且该形态是最先出现的主体描述。
B084TP6L4V,ACCESSORY,0.995,NOT_APPLICABLE,0,2,1,2,1,taxonomy_accessory=2;title_device=1;title_accessory=2;conflict,"Geekria Shield Earbuds Case Compatible with JBL Under Armour Flash Sport in-Ear Headphones, Replacement Hard Shell Travel Carrying Bag with Cable Storage (Black)",GEEKRIA,Cases,Cases,21,ACCESSORY,NOT_APPLICABLE,标题明确为保护壳/收纳配件，不是可独立使用的完整耳机；细分类目 Cases 与此一致；判为 ACCESSORY。
B006EP8OUI,AMBIGUOUS,0.5,NOT_APPLICABLE,0,0,0,0,0,insufficient_evidence,Headphone Earmuffs - Wholesale Lot of 10,REGAL,Headphones & Earbuds,Headphones & Earbuds,1,ACCESSORY,NOT_APPLICABLE,标题主体是替换件、线缆/收纳件、蓝牙接收件、头盔扬声器套件或手机外接听筒，并非完整耳机；判为 ACCESSORY。 原自动标签为 AMBIGUOUS，本次复核后更正。
B0B6F5GQBR,DEVICE,0.955,EARBUD_INEAR,2,0,2,1,1,taxonomy_device=2;title_device=2;title_accessory=1;conflict,"Aictoe Waterproof Bluetooth 5.0 True Wireless Earbuds, Touch Control,30H Cyclic Playtime TWS Headphones with Charging Case and mic, in-Ear Stereo",Aictoe,Earbud Headphones,Headphones & Earbuds,33,DEVICE,EARBUD_INEAR,标题主体是完整耳机，后列保护壳/线缆/支架等随附配件（套装不改变主体标签）；判为 DEVICE；形态依据：标题含耳塞/入耳/开放式耳戴设备词，且其主体线索早于头戴式描述。
B07VC4QKNZ,ACCESSORY,0.98,NOT_APPLICABLE,0,2,0,0,0,taxonomy_accessory=2,SAMSUNG USB Type-C to 3.5mm Jack Adapter (Ee-UC10J),SAMSUNG,Adapters,Adapters,16873,ACCESSORY,NOT_APPLICABLE,标题明确为线缆/转接配件，不是可独立使用的完整耳机；细分类目 Adapters 与此一致；判为 ACCESSORY。
B07F5SNP5P,ACCESSORY,0.995,NOT_APPLICABLE,0,2,1,1,1,taxonomy_accessory=2;title_device=1;title_accessory=1;conflict,Yeung Qee Headphone Splitter 3.5mm Female to 2 Dual 3.5mm Male Headphone Mic Audio Y Splitter Cable for PC PS4 Gaming Headset (Blue 30cm),Yeung Qee,Adapters,Adapters,33,ACCESSORY,NOT_APPLICABLE,标题明确为线缆/转接配件，不是可独立使用的完整耳机；细分类目 Adapters 与此一致；判为 ACCESSORY。
B07THWZ4K2,ACCESSORY,0.995,NOT_APPLICABLE,0,2,0,2,0,taxonomy_accessory=2;title_accessory=2,"Case for Samsung Galaxy A33 5G Case, Samsung A33 5G Case with Tempered Glass Screen Protector, Brushed Texture Soft Flexible TPU Slim Fit Shockproof Phone Cover for Women Men (Black)",amasing,Cases,Cases,136,ACCESSORY,NOT_APPLICABLE,标题明确为保护壳/收纳配件，不是可独立使用的完整耳机；细分类目 Cases 与此一致；判为 ACCESSORY。
B07L35HQD9,ACCESSORY,0.98,NOT_APPLICABLE,0,2,0,0,0,taxonomy_accessory=2,"Small Ear Gels for Bluetooth Office Headset [3 Pack] Silicone Ear Gels Spare Tips Earbuds Replacement Compatible for M155 M165 M1100 M100 M180 M55 M28 M25 Marque 2 Wireless, Clear",D & K Exclusives,Earpads,Earpads,22,ACCESSORY,NOT_APPLICABLE,标题明确为替换耳垫/耳罩，不是可独立使用的完整耳机；细分类目 Earpads 与此一致；判为 ACCESSORY。
B084QPKJ2Z,AMBIGUOUS,0.6,NOT_APPLICABLE,2,0,1,1,1,taxonomy_device=2;title_device=1;title_accessory=1;conflict,FAPO Lightning Earphones for iPhone Earphones Noise Isolation in-Ear Earbuds Compatible with iPhone 11/X/XS/XS Max/XR/8/7 Plus Microphone Controller Ergonomic MFi Certified Headphones White,FAPO,Earbud Headphones,Headphones & Earbuds,25,DEVICE,EARBUD_INEAR,标题主体是完整耳机，后列保护壳/线缆/支架等随附配件（套装不改变主体标签）；判为 DEVICE；形态依据：标题含耳塞/入耳/开放式耳戴设备词，且其主体线索早于头戴式描述。 原自动标签为 AMBIGUOUS，本次以商品主体语义和类目复核后更正。
B0177ITR74,ACCESSORY,0.98,NOT_APPLICABLE,0,2,0,0,0,taxonomy_accessory=2,Bestssory LCD Screen Display Repair Replacement Parts for iPad 4 4th Gen A1458 A1459 A1460,ProTVSolutions,Adapters,Adapters,1,ACCESSORY,NOT_APPLICABLE,标题明确为线缆/转接配件，不是可独立使用的完整耳机；细分类目 Adapters 与此一致；判为 ACCESSORY。
B09MD114ZW,ACCESSORY,0.995,NOT_APPLICABLE,0,2,1,2,1,taxonomy_accessory=2;title_device=1;title_accessory=2;conflict,"Compatible with Beats Fit Pro Case Cover with Keychain for Men Women, Soft Silicone Shockproof Anti-Scratch Full Body Protective Skin Cover for Fit Pro Wireless Earbuds (Dark Blue)",AIWGYS,Cases,Cases,22,ACCESSORY,NOT_APPLICABLE,标题明确为保护壳/收纳配件，不是可独立使用的完整耳机；细分类目 Cases 与此一致；判为 ACCESSORY。
B083R1JVNR,ACCESSORY,0.995,NOT_APPLICABLE,0,2,0,2,0,taxonomy_accessory=2;title_accessory=2,"IiEXCEL (Fit in Case) Eartips for AirPods 1 AirPods 2, 5 Pairs Replacement Thin Slim Gel Earbuds Ear Tips Skin Accessories for AirPods 1 & 2 (Fit in Charging Case) 3 White 2 Black",IiEXCEL,Earpads,Earpads,343,ACCESSORY,NOT_APPLICABLE,标题明确为替换耳垫/耳罩，不是可独立使用的完整耳机；细分类目 Earpads 与此一致；判为 ACCESSORY。
B004EVNOJK,AMBIGUOUS,0.5,NOT_APPLICABLE,0,0,0,0,0,insufficient_evidence,Meerschaum Pipes - Mini Hand Finished Hand Holding Bowl,RoyalMeerschaumPipes,Headphones & Earbuds,Headphones & Earbuds,5,AMBIGUOUS,NOT_APPLICABLE,needs_review: 标题“Meerschaum Pipes - Mini Hand Finished Hand Holding Bowl”未描述完整耳机或明确耳机配件，且与类目“Headphones & Earbuds”不一致/信息残缺；保留 AMBIGUOUS，不强行归类。
B07ZPQFF5C,AMBIGUOUS,0.6,NOT_APPLICABLE,2,0,0,1,1,taxonomy_device=2;title_accessory=1;conflict,"STLDM Case for iPad 10.2 2019,iPad 7th Generation,Full Body Heavy Duty Cover Case with Built-in Screen Protector,Rotating Stand,Hand Strap and Shoulder Strap for iPad 10.2 inch 2019 Pink",STLDM,Earbud Headphones,Headphones & Earbuds,25,ACCESSORY,NOT_APPLICABLE,标题明确为保护壳/收纳配件，不是可独立使用的完整耳机；结合标题的兼容/替换关系判定；判为 ACCESSORY。 原自动标签为 AMBIGUOUS，本次以商品主体语义和类目复核后更正。
B084BZ69F5,DEVICE,0.98,EARBUD_INEAR,2,0,0,0,0,taxonomy_device=2,"Wired Mono Headset Earphone w Mic Headphone 3.5mm for G8X ThinQ Phone, Single Earbud Hands-Free Microphone Over-The-Ear Compatible with LG G8X ThinQ",SCDWireless,Earbud Headphones,Headphones & Earbuds,4,DEVICE,EARBUD_INEAR,标题描述可独立使用的完整耳机/耳塞设备，细分类目为 Earbud Headphones；判为 DEVICE；形态依据：标题含耳塞/入耳/开放式耳戴设备词，且其主体线索早于头戴式描述。
B0722LZ66S,ACCESSORY,0.995,NOT_APPLICABLE,0,2,1,2,1,taxonomy_accessory=2;title_device=1;title_accessory=2;conflict,"12Pcs Replacement Eartips- RIYO Premium Memory Foam Earphone Earbuds Tips Noise Reducing Earbud Tips for 5mm-7mm in-Ear Headphones Nozzle (Medium, Black)",RIYO,Earpads,Earpads,3912,ACCESSORY,NOT_APPLICABLE,标题明确为替换耳垫/耳罩，不是可独立使用的完整耳机；细分类目 Earpads 与此一致；判为 ACCESSORY。
B0813XK57H,ACCESSORY,0.995,NOT_APPLICABLE,0,2,0,1,0,taxonomy_accessory=2;title_accessory=1,"Airpods 3/Airpods Pro Case,3D Cute Cartoon Character Silicone Airpods Pro Cover,Fun Cool Keychain Design Skin, Silicone Fashion Case for Airpods Pro [2019 Release] (Mouse)",Chiquitfford,Cases,Cases,10,ACCESSORY,NOT_APPLICABLE,标题明确为保护壳/收纳配件，不是可独立使用的完整耳机；细分类目 Cases 与此一致；判为 ACCESSORY。
B00OIRBJQK,DEVICE,0.995,EARBUD_INEAR,2,0,1,0,0,taxonomy_device=2;title_device=1,"Urbanears Bagis in-Ear Headphone, Black (4091016)",Urbanears,Earbud Headphones,Headphones & Earbuds,15,DEVICE,EARBUD_INEAR,标题描述可独立使用的完整耳机/耳塞设备，细分类目为 Earbud Headphones；判为 DEVICE；形态依据：标题含耳塞/入耳/开放式耳戴设备词，且其主体线索早于头戴式描述。
B09NGS41KK,ACCESSORY,0.995,NOT_APPLICABLE,0,2,1,2,1,taxonomy_accessory=2;title_device=1;title_accessory=2;conflict,"WC Freeze Virtuoso - Hybrid Fabric Cooling Gel Replacement Earpads for Corsair Virtuoso Gaming Headset, Made by Wicked Cushions, Improved Durability, Thickness and Sound Isolation | Black Camo",WC,Earpads,Earpads,887,ACCESSORY,NOT_APPLICABLE,标题明确为替换耳垫/耳罩，不是可独立使用的完整耳机；细分类目 Earpads 与此一致；判为 ACCESSORY。
B0BKV95V5W,DEVICE,0.995,EARBUD_INEAR,2,0,3,0,0,taxonomy_device=2;title_device=3,"Tiksounds Wireless Earbuds, Bluetooth Headphones with Microphone, IPX7 Waterproof, 35H Playtime with LED Power Display, High-Fidelity Stereo Earphones for Sports and Work",Tiksounds,Earbud Headphones,Headphones & Earbuds,27618,DEVICE,EARBUD_INEAR,标题主体是完整耳机，后列保护壳/线缆/支架等随附配件（套装不改变主体标签）；判为 DEVICE；形态依据：标题含耳塞/入耳/开放式耳戴设备词，且其主体线索早于头戴式描述。
B00YTR9RJA,AMBIGUOUS,0.5,NOT_APPLICABLE,0,0,0,0,0,insufficient_evidence,"little pharo 100% Extra-Long Staple Egyptian Cotton Short-Sleeved Shirt (pink, size 18-24 months)",SaoTiger,Headphones & Earbuds,Headphones & Earbuds,1,AMBIGUOUS,NOT_APPLICABLE,"needs_review: 标题“little pharo 100% Extra-Long Staple Egyptian Cotton Short-Sleeved Shirt (pink, size 18-24 months)”未描述完整耳机或明确耳机配件，且与类目“Headphones & Earbuds”不一致/信息残缺；保留 AMBIGUOUS，不强行归类。"
B01C7UG54K,DEVICE,0.995,EARBUD_INEAR,2,0,1,0,0,taxonomy_device=2;title_device=1,"AXESS HPBT624 Wireless Bluetooth Headphones with Rechargeable Battery & Built-in Mic, Red",Axess,Earbud Headphones,Headphones & Earbuds,10,DEVICE,EARBUD_INEAR,标题主体是完整耳机，后列保护壳/线缆/支架等随附配件（套装不改变主体标签）；判为 DEVICE；形态依据：细分类目为 Earbud Headphones。
B09N16WLVN,ACCESSORY,0.995,NOT_APPLICABLE,0,2,0,1,0,taxonomy_accessory=2;title_accessory=1,"Airpod 3 case 2021 New Food Box Design, 3D Keychain Protective Cover, Airpod 3 case Suitable for Young Boys and Girls Airpods case (Peanut Chocolate)",CHEN QIANG,Cases,Cases,32,ACCESSORY,NOT_APPLICABLE,标题明确为保护壳/收纳配件，不是可独立使用的完整耳机；细分类目 Cases 与此一致；判为 ACCESSORY。
B00WUC1FKA,AMBIGUOUS,0.5,NOT_APPLICABLE,0,0,0,0,0,insufficient_evidence,Strawberry Shortcake Earbuds,Strawberry Shortcake,Headphones & Earbuds,Headphones & Earbuds,2,DEVICE,EARBUD_INEAR,标题描述可独立使用的完整耳机/耳塞设备，并含连接、声学或供电功能信息；判为 DEVICE；形态依据：标题含耳塞/入耳/开放式耳戴设备词，且其主体线索早于头戴式描述。 原自动标签为 AMBIGUOUS，本次以商品主体语义和类目复核后更正。
B07KLTNLS8,ACCESSORY,0.995,NOT_APPLICABLE,0,2,0,1,0,taxonomy_accessory=2;title_accessory=1,"Airpods Case, Music tracker Protective Thicken Airpods Cover Soft Silicone Chargeable Headphone Case with Anti-Lost Carabiner for Apple Airpods 1&2 Charging Case (White)",Music tracker,Cases,Cases,20812,ACCESSORY,NOT_APPLICABLE,标题明确为保护壳/收纳配件，不是可独立使用的完整耳机；细分类目 Cases 与此一致；判为 ACCESSORY。
B0928RXLLC,AMBIGUOUS,0.6,NOT_APPLICABLE,2,0,0,1,1,taxonomy_device=2;title_accessory=1;conflict,"APETOO USB C Headphones for Samsung S21 Ultra, HiFi Stereo Type C Earbuds + Carrying Case Noise Cancelling USB C Earphones with Mic for Galaxy S20 FE S21 S20 Note 10 Plus Pixel 5 4 3 XL OnePlus 9 Pro",APETOO,Earbud Headphones,Headphones & Earbuds,48,DEVICE,EARBUD_INEAR,标题描述可独立使用的完整耳机/耳塞设备，细分类目为 Earbud Headphones；判为 DEVICE；形态依据：标题含耳塞/入耳/开放式耳戴设备词，且其主体线索早于头戴式描述。 原自动标签为 AMBIGUOUS，本次以商品主体语义和类目复核后更正。
B07X5KT5R6,ACCESSORY,0.995,NOT_APPLICABLE,0,2,0,1,0,taxonomy_accessory=2;title_accessory=1,"HIDAHE AirPods Case Bling, AirPods 2 Case Glitter, AirPods Cover, AirPod 2 Cover, Cute Hard AirPods Case for Apple AirPods 2 & 1, Protective AirPods Case for Women Design with Keychain, Rose Gold 02",HIDAHE,Cases,Cases,20,ACCESSORY,NOT_APPLICABLE,标题明确为保护壳/收纳配件，不是可独立使用的完整耳机；细分类目 Cases 与此一致；判为 ACCESSORY。
B017VHXDGC,ACCESSORY,0.98,NOT_APPLICABLE,0,2,0,0,0,taxonomy_accessory=2,"Josi Minea x2 Pcs 3.5mm Male to 3.5mm Female 3ft / 1M Headphone Audio Adapter Extender Headset Cable with 3 Ring Jack for Apple iPhone, Samsung Galaxy S8 & S7 Edge & Most Other Smartphones [2 Pack]",Josi Minea,Adapters,Adapters,4,ACCESSORY,NOT_APPLICABLE,标题明确为线缆/转接配件，不是可独立使用的完整耳机；细分类目 Adapters 与此一致；判为 ACCESSORY。
B07Y1QNVP7,ACCESSORY,0.995,NOT_APPLICABLE,0,2,0,1,0,taxonomy_accessory=2;title_accessory=1,"CTYBB for Airpod Case,Silicone Airpods Case Cover with Fur Ball Keychain Compatible with Apple Airpods 2/1 (Z-Pink/Yellow)",CTYBB,Cases,Cases,25368,ACCESSORY,NOT_APPLICABLE,标题明确为保护壳/收纳配件，不是可独立使用的完整耳机；细分类目 Cases 与此一致；判为 ACCESSORY。
B07XN4J28H,ACCESSORY,0.995,NOT_APPLICABLE,0,2,0,1,0,taxonomy_accessory=2;title_accessory=1,"Mini USB C to 3.5mm Headphone Adapter, Aproo USB C to 3.5mm Audio Adapter for Galaxy Note 10/10+, Google Pixel 4/4XL/3/3XL/2/2XL, OnePlus 7T/7T Pro/6T/7/7 Pro, Moto Z, Xiaomi (2 Pack)",LecLooc,Adapters,Adapters,36,ACCESSORY,NOT_APPLICABLE,标题明确为线缆/转接配件，不是可独立使用的完整耳机；细分类目 Adapters 与此一致；判为 ACCESSORY。
B086GG828V,ACCESSORY,0.995,NOT_APPLICABLE,0,2,0,2,0,taxonomy_accessory=2;title_accessory=2,"LOHASIC Leather Case for Airpods Pro, One-Piece Protective Cover Soft Flexible Luxury PU Full Body Shockproof Girls Women Cases Skin for Apple AirPods Pro 2019/Airpods 3 [Front LED Visible] - Red",LOHASIC,Cases,Cases,8,ACCESSORY,NOT_APPLICABLE,标题明确为保护壳/收纳配件，不是可独立使用的完整耳机；细分类目 Cases 与此一致；判为 ACCESSORY。
B0BYDFZ6FT,DEVICE,0.995,EARBUD_INEAR,2,0,1,0,0,taxonomy_device=2;title_device=1,"truefree T2 Wireless Earbuds Bluetooth 5.3 Headphones Wireless Earphones with 4 Mics Noise Cancelling for iOS/Android/Laptop, IPX4, Gaming/Deep Bass Music, 23Hrs of Playtime, Multiple Eartips(S/M/L)",truefree,Earbud Headphones,Headphones & Earbuds,437,DEVICE,EARBUD_INEAR,标题主体是完整耳机，后列保护壳/线缆/支架等随附配件（套装不改变主体标签）；判为 DEVICE；形态依据：标题含耳塞/入耳/开放式耳戴设备词，且其主体线索早于头戴式描述。
B07ZG6Y66D,ACCESSORY,0.995,NOT_APPLICABLE,0,2,0,1,0,taxonomy_accessory=2;title_accessory=1,KeyBudz AirPod Case [Front LED Visible] Protective Silicone Cover and Skin Compatible with Apple AirPods Case 2 & 1 (Black),Keybudz,Cases,Cases,17395,ACCESSORY,NOT_APPLICABLE,标题明确为保护壳/收纳配件，不是可独立使用的完整耳机；细分类目 Cases 与此一致；判为 ACCESSORY。
B09DVDQJ83,ACCESSORY,0.995,NOT_APPLICABLE,0,2,0,1,0,taxonomy_accessory=2;title_accessory=1,"YOMPLOW Armor Airpods Case, [Secure Lock] Air Pods Full-Body Rugged Protective Case Men Charging Skin Shockproof iPods Case Cover with Carabiner for Apple Airpods 2&1 - Black/Red",YOMPLOW,Cases,Cases,229,ACCESSORY,NOT_APPLICABLE,标题明确为保护壳/收纳配件，不是可独立使用的完整耳机；细分类目 Cases 与此一致；判为 ACCESSORY。
B07QZQGXBQ,ACCESSORY,0.995,NOT_APPLICABLE,0,2,0,1,0,taxonomy_accessory=2;title_accessory=1,"Airpods Case, Music tracker Protective Thicken Airpods Cover Soft Silicone Chargeable Headphone Case with Anti-Lost Carabiner for Apple Airpods 1&2 Charging Case (Greyish Blue)",Music tracker,Cases,Cases,20856,ACCESSORY,NOT_APPLICABLE,标题明确为保护壳/收纳配件，不是可独立使用的完整耳机；细分类目 Cases 与此一致；判为 ACCESSORY。
B09SWC23ZZ,DEVICE,0.995,EARBUD_INEAR,2,0,1,0,0,taxonomy_device=2;title_device=1,"Cleaner Kit for Airpods, Cleaning Pen for airpods pro, Earbud Cleaning Tool, Electronics Cleaner kit for Bluetooth Earphones Case, Earbuds, in-Ear Headphones, Phone, Camera.",LA BARFUMERIE,Earbud Headphones,Headphones & Earbuds,603,DEVICE,EARBUD_INEAR,标题描述可独立使用的完整耳机/耳塞设备，细分类目为 Earbud Headphones；判为 DEVICE；形态依据：标题含耳塞/入耳/开放式耳戴设备词，且其主体线索早于头戴式描述。
B099DSDW6H,DEVICE,0.955,EARBUD_INEAR,2,0,2,1,1,taxonomy_device=2;title_device=2;title_accessory=1;conflict,MOVONE Bluetooth Headphones Wireless Earbuds with Wireless Charging Case Digital LED Display 72hrs Playtime Deep Bass Sport Earphones with Over Earhooks Built in Mic Sweatproof in Ear Headset for Gym,M MOVONE,Earbud Headphones,Headphones & Earbuds,31,DEVICE,EARBUD_INEAR,标题主体是完整耳机，后列保护壳/线缆/支架等随附配件（套装不改变主体标签）；判为 DEVICE；形态依据：标题含耳塞/入耳/开放式耳戴设备词，且其主体线索早于头戴式描述。
B01JG2E36O,ACCESSORY,0.995,NOT_APPLICABLE,0,2,0,1,0,taxonomy_accessory=2;title_accessory=1,"2 in 1 Lightning Charge & Lightning to 3.5mm AUX Earphones Jack Adapter for iPhone X, iPhone 8/8 Plus, 7/7 Plus and More",Ambrrhty,Adapters,Adapters,5,ACCESSORY,NOT_APPLICABLE,标题明确为线缆/转接配件，不是可独立使用的完整耳机；细分类目 Adapters 与此一致；判为 ACCESSORY。
B0783BGT9Y,AMBIGUOUS,0.5,NOT_APPLICABLE,0,0,0,0,0,insufficient_evidence,"Barbie Kids-Safe Headphones For Girls| Kids Headphones| Comfort-fitting | Perfect Gift For Christmas ,Birthday,Easter,Get Well or Any Other Occasion",Barbie,Headphones & Earbuds,Headphones & Earbuds,13,DEVICE,ON_EAR,标题中的便携/折叠/儿童/头带式线索或核验到的厂商规格表明耳垫压在耳廓上；判为 DEVICE / ON_EAR。 原自动标签为 AMBIGUOUS，本次复核后更正。
B07NXY86YR,ACCESSORY,0.995,NOT_APPLICABLE,0,2,0,1,0,taxonomy_accessory=2;title_accessory=1,YDYBZB Sponge Replacement EarPads Foam Cushion Compatible with Sony MDR-G45 IF240R SRF-HM33 Headset,YDYBZB,Earpads,Earpads,6,ACCESSORY,NOT_APPLICABLE,标题明确为替换耳垫/耳罩，不是可独立使用的完整耳机；细分类目 Earpads 与此一致；判为 ACCESSORY。
B07KS7NF45,ACCESSORY,0.98,NOT_APPLICABLE,0,2,0,0,0,taxonomy_accessory=2,"3.5mm Aux Jack + Charger Adapter Splitter for iPhone Xs, XS Max, XR, 8/8 Plus, 7/7 Plus and More, 3.5mm Audio Jack Support Phone Calls",TREBLEET,Adapters,Adapters,16,ACCESSORY,NOT_APPLICABLE,标题明确为线缆/转接配件，不是可独立使用的完整耳机；细分类目 Adapters 与此一致；判为 ACCESSORY。
B0098F3820,DEVICE,0.98,EARBUD_INEAR,2,0,0,0,0,taxonomy_device=2,"JVC HAFX1X Headphone Xtreme-Xplosivs, Black, Red",JVC,Earbud Headphones,Headphones & Earbuds,11954,DEVICE,EARBUD_INEAR,标题描述可独立使用的完整耳机/耳塞设备，细分类目为 Earbud Headphones；判为 DEVICE；形态依据：细分类目为 Earbud Headphones。
B07612NXC8,AMBIGUOUS,0.5,NOT_APPLICABLE,0,0,0,0,0,insufficient_evidence,"Snuggly Rascals (Discontinued Item, See v2",Snuggly Rascals,Headphones & Earbuds,Headphones & Earbuds,117,DEVICE,NEEDS_REVIEW,needs_review: 可确认商品包含/属于完整音频耳机，但现有标题及可得资料不足或相互矛盾，无法可靠区分入耳、压耳和包耳；判为 DEVICE / NEEDS_REVIEW。 原自动标签为 AMBIGUOUS，本次复核后更正。
B071NSP1RS,AMBIGUOUS,0.5,NOT_APPLICABLE,0,0,0,0,0,insufficient_evidence,MFi Certified Cable 3FT 3FT 6FT 10FT Nylon Protable Braided USB Fast Charging& Syncing Cord Compatible Charger XS/MAX/XR/8/8 Plus/ 7/7 Plus/6s/57s Plus,Voolibbear,Headphones & Earbuds,Headphones & Earbuds,1,ACCESSORY,NOT_APPLICABLE,标题明确为线缆/转接配件，不是可独立使用的完整耳机；结合标题的兼容/替换关系判定；判为 ACCESSORY。 原自动标签为 AMBIGUOUS，本次以商品主体语义和类目复核后更正。
B07L2TM1W8,AMBIGUOUS,0.5,NOT_APPLICABLE,0,0,0,0,0,insufficient_evidence,6 Number 12 Charms Silver Plated Number Twelve for Jewelry Making Bracelet Necklace DIY Crafts,Bounce Generation,Headphones & Earbuds,Headphones & Earbuds,2,AMBIGUOUS,NOT_APPLICABLE,needs_review: 标题“6 Number 12 Charms Silver Plated Number Twelve for Jewelry Making Bracelet Necklace DIY Crafts”未描述完整耳机或明确耳机配件，且与类目“Headphones & Earbuds”不一致/信息残缺；保留 AMBIGUOUS，不强行归类。
B00CZ5J28O,AMBIGUOUS,0.6,NOT_APPLICABLE,0,0,1,0,0,title_device=1,Xtreme Comfort Fit Audio Earbuds with Mic - Retail Packaging - Black/Green,Xtreme Cables,Headphones & Earbuds,Headphones & Earbuds,1,DEVICE,EARBUD_INEAR,标题描述可独立使用的完整耳机/耳塞设备，并含连接、声学或供电功能信息；判为 DEVICE；形态依据：标题含耳塞/入耳/开放式耳戴设备词，且其主体线索早于头戴式描述。 原自动标签为 AMBIGUOUS，本次以商品主体语义和类目复核后更正。
B07BXG2MFL,AMBIGUOUS,0.6,NOT_APPLICABLE,0,0,0,1,0,title_accessory=1,Hecentur Metallic Marker Pens Metallic Calligraphy Painting Pen Calligraphy Brush Markers Metallic Calligraphy Marker Pens Metallic Painting Pen Set of 10 Assorted Colors Round Tip for Birthday,BSSJZP,Headphones & Earbuds,Headphones & Earbuds,2,AMBIGUOUS,NOT_APPLICABLE,needs_review: 标题“Hecentur Metallic Marker Pens Metallic Calligraphy Painting Pen Calligraphy Brush Markers Metallic Calligraphy Marker Pens Metallic Painting Pen Set o”未描述完整耳机或明确耳机配件，且与类目“Headphones & Earbuds”不一致/信息残缺；保留 AMBIGUOUS，不强行归类。
B00277EMQ2,AMBIGUOUS,0.5,NOT_APPLICABLE,0,0,0,0,0,insufficient_evidence,Mini Microphone for iPhone 3G/iPod/touch/classic,Cables To Buy,Headphones & Earbuds,Headphones & Earbuds,627,ACCESSORY,NOT_APPLICABLE,标题明确为耳机配件，不是可独立使用的完整耳机；结合标题的兼容/替换关系判定；判为 ACCESSORY。 原自动标签为 AMBIGUOUS，本次以商品主体语义和类目复核后更正。
B0C6MK6XRF,DEVICE,0.94,EARBUD_INEAR,2,0,3,2,1,taxonomy_device=2;title_device=3;title_accessory=2;conflict,Wireless Earbuds，Bluetooth 5.3 Noise Cancelling Earbuds，Bluetooth Headphones 3D HiFi Stereo Bass， IPX7 Waterproof Sports Touch Control with USB-C Fast Charge Mini Charging Case for Android iOS,Newmodeus,Earbud Headphones,Headphones & Earbuds,20,DEVICE,EARBUD_INEAR,标题主体是完整耳机，后列保护壳/线缆/支架等随附配件（套装不改变主体标签）；判为 DEVICE；形态依据：标题含耳塞/入耳/开放式耳戴设备词，且其主体线索早于头戴式描述。
B07Y8C3JFL,ACCESSORY,0.98,NOT_APPLICABLE,0,2,0,0,0,taxonomy_accessory=2,"Haotop Case Compatible with Jabra Elite 65t/Elite Active 65t, Silicone Waterproof Overall-Protection Case Cover with Carabiner (Midnight Blue)",Haotop,Cases,Cases,112,ACCESSORY,NOT_APPLICABLE,标题明确为保护壳/收纳配件，不是可独立使用的完整耳机；细分类目 Cases 与此一致；判为 ACCESSORY。
B00Q799MWU,AMBIGUOUS,0.5,NOT_APPLICABLE,0,0,0,0,0,insufficient_evidence,Tenergy Wireless Bluetooth Hands-Free Beanie (PINK & GREY) with PomPoms and Earflaps (built-in stereo speakers and microphone for calls),Tenergy,Headphones & Earbuds,Headphones & Earbuds,12,DEVICE,ON_EAR,标题描述可独立使用的完整耳机/耳塞设备，并含连接、声学或供电功能信息；判为 DEVICE；形态依据：标题为睡眠眼罩/头带/帽式扬声器，扬声单元贴耳佩戴。 原自动标签为 AMBIGUOUS，本次以商品主体语义和类目复核后更正。
B086TQVJLG,ACCESSORY,0.995,NOT_APPLICABLE,0,2,0,2,0,taxonomy_accessory=2;title_accessory=2,"Laffav AirPods Case Silicone Protective Cover (Front LED Visible) with Anti-Lost Carabiner for Women Men Compatible with Apple AirPods 2 & 1 , 2 Pack, Yellow, Lilac",Laffav,Cases,Cases,12137,ACCESSORY,NOT_APPLICABLE,标题明确为保护壳/收纳配件，不是可独立使用的完整耳机；细分类目 Cases 与此一致；判为 ACCESSORY。
B09HSSXHJN,AMBIGUOUS,0.6,NOT_APPLICABLE,2,0,1,1,1,taxonomy_device=2;title_device=1;title_accessory=1;conflict,OnePlus Buds Pro Wireless Earbuds| with Charging Case |IP55 | Smart Adaptive Noise Cancellation Sound | Glossy White (Renewed),Amazon Renewed,Earbud Headphones,Headphones & Earbuds,26,DEVICE,EARBUD_INEAR,标题主体是完整耳机，后列保护壳/线缆/支架等随附配件（套装不改变主体标签）；判为 DEVICE；形态依据：标题含耳塞/入耳/开放式耳戴设备词，且其主体线索早于头戴式描述。 原自动标签为 AMBIGUOUS，本次以商品主体语义和类目复核后更正。
B005433HJY,AMBIGUOUS,0.5,NOT_APPLICABLE,0,0,0,0,0,insufficient_evidence,Native Union Curve Bluetooth Handset and Weighted Base MM03-BLK-HG - Black High Gloss,Native Union,Headphones & Earbuds,Headphones & Earbuds,54,ACCESSORY,NOT_APPLICABLE,标题主体是替换件、线缆/收纳件、蓝牙接收件、头盔扬声器套件或手机外接听筒，并非完整耳机；判为 ACCESSORY。 原自动标签为 AMBIGUOUS，本次复核后更正。
B007BTULVG,AMBIGUOUS,0.5,NOT_APPLICABLE,0,0,0,0,0,insufficient_evidence,Monoprice Hi-Fi Light Weight Noise Isolationg Over-The-Ear Headphones Ideal for Portable Applications Black,Monoprice,Headphones & Earbuds,Headphones & Earbuds,132,DEVICE,OVER_EAR,标题描述可独立使用的完整耳机/耳塞设备，并含连接、声学或供电功能信息；判为 DEVICE；形态依据：标题明确为 over-ear/around-ear/full-size，且该形态是最先出现的主体描述。 原自动标签为 AMBIGUOUS，本次以商品主体语义和类目复核后更正。
B008617VC0,AMBIGUOUS,0.5,NOT_APPLICABLE,0,0,0,0,0,insufficient_evidence,The Magic Sword - Jake and The Never Land Pirates,Fisher-Price,Headphones & Earbuds,Headphones & Earbuds,4,AMBIGUOUS,NOT_APPLICABLE,needs_review: 标题“The Magic Sword - Jake and The Never Land Pirates”未描述完整耳机或明确耳机配件，且与类目“Headphones & Earbuds”不一致/信息残缺；保留 AMBIGUOUS，不强行归类。
B00ISRT46S,AMBIGUOUS,0.6,NOT_APPLICABLE,2,0,0,1,1,taxonomy_device=2;title_accessory=1;conflict,"JOVERS Earbuds,3.5mm Microphone Earphones Stereo Headphones Noise Isolating Headset Fit Compatible with Earbud Xs/XR/Earbud 7/7 Plus Earbud 8/8Plus / Earbud X Earphones",JOVERS,Earbud Headphones,Headphones & Earbuds,5,DEVICE,EARBUD_INEAR,标题描述可独立使用的完整耳机/耳塞设备，细分类目为 Earbud Headphones；判为 DEVICE；形态依据：标题含耳塞/入耳/开放式耳戴设备词，且其主体线索早于头戴式描述。 原自动标签为 AMBIGUOUS，本次以商品主体语义和类目复核后更正。
B09HBZLFF9,DEVICE,0.955,EARBUD_INEAR,2,0,2,1,1,taxonomy_device=2;title_device=2;title_accessory=1;conflict,Asnrc Wireless Earbuds Bluetooth Headphones with Charging Case IPX7 Waterproof Earphone CVC8.0 Noise Cancelling in-Ear Headset Built-in Microphone for iPhone Samsung Apple Android Ear Buds Black,Asnrc,Earbud Headphones,Headphones & Earbuds,85,DEVICE,EARBUD_INEAR,标题主体是完整耳机，后列保护壳/线缆/支架等随附配件（套装不改变主体标签）；判为 DEVICE；形态依据：标题含耳塞/入耳/开放式耳戴设备词，且其主体线索早于头戴式描述。
B0091KYYM0,AMBIGUOUS,0.5,NOT_APPLICABLE,0,0,0,0,0,insufficient_evidence,Monoprice Bluetooth+O7 Wireless Stereo Headset - Black (108582),Monoprice,Headphones & Earbuds,Headphones & Earbuds,5,DEVICE,EARBUD_INEAR,标题描述可独立使用的完整耳机/耳塞设备，并含连接、声学或供电功能信息；判为 DEVICE；形态依据：标题语义为手机用单耳/免提蓝牙耳机或有线耳麦。 原自动标签为 AMBIGUOUS，本次以商品主体语义和类目复核后更正。
B0BMZFTYR9,AMBIGUOUS,0.6,NOT_APPLICABLE,2,0,1,1,1,taxonomy_device=2;title_device=1;title_accessory=1;conflict,"Duet 50 Pro – Sweatproof Wireless Bluetooth Earbuds for Small Ears. 130 Hr Long Battery Life. Portable Headset Radio AM/FM, Charging Case, TWS Microphone, Wireless Bluetooth Earbuds Long Lasting",Back Bay Audio,Earbud Headphones,Headphones & Earbuds,2449,DEVICE,EARBUD_INEAR,标题描述可独立使用的完整耳机/耳塞设备，细分类目为 Earbud Headphones；判为 DEVICE；形态依据：标题含耳塞/入耳/开放式耳戴设备词，且其主体线索早于头戴式描述。 原自动标签为 AMBIGUOUS，本次以商品主体语义和类目复核后更正。
B07GGH1W2P,ACCESSORY,0.995,NOT_APPLICABLE,0,2,1,2,1,taxonomy_accessory=2;title_device=1;title_accessory=2;conflict,OE2 Replacement Ear Cushions Kit Exact Replacement Ear Pads Compatible with Bose OE2 OE2i SoundLink On-Ear Headphones (Grey),Saipomor,Earpads,Earpads,28,ACCESSORY,NOT_APPLICABLE,标题明确为替换耳垫/耳罩，不是可独立使用的完整耳机；细分类目 Earpads 与此一致；判为 ACCESSORY。
B015L7V8TS,AMBIGUOUS,0.5,NOT_APPLICABLE,0,0,0,0,0,insufficient_evidence,"1 Voice Sleep Headphones Eye Mask, Blue",1 Voice,Headphones & Earbuds,Headphones & Earbuds,4,DEVICE,ON_EAR,标题描述可独立使用的完整耳机/耳塞设备，并含连接、声学或供电功能信息；判为 DEVICE；形态依据：标题为睡眠眼罩/头带/帽式扬声器，扬声单元贴耳佩戴。 原自动标签为 AMBIGUOUS，本次以商品主体语义和类目复核后更正。
B0075LFKI4,DEVICE,0.98,EARBUD_INEAR,2,0,0,0,0,taxonomy_device=2,SoundMAGIC E10M Noise Isolating in-Ear Earphones (Gunmetal),SoundMAGIC,Earbud Headphones,Headphones & Earbuds,140,DEVICE,EARBUD_INEAR,标题描述可独立使用的完整耳机/耳塞设备，细分类目为 Earbud Headphones；判为 DEVICE；形态依据：标题含耳塞/入耳/开放式耳戴设备词，且其主体线索早于头戴式描述。
B09VPDH9QZ,DEVICE,0.955,EARBUD_INEAR,2,0,2,1,1,taxonomy_device=2;title_device=2;title_accessory=1;conflict,Wireless Earbuds V5.3 Bluetooth Earbuds 40 Hrs Battery Life with Wireless Charging Case & LED Power Display Deep Bass IPX7 Waterproof Earphones Microphone Stereo Headset for iPhone/Samsung/iOS/Android,CSL-Computer,Earbud Headphones,Headphones & Earbuds,2,DEVICE,EARBUD_INEAR,标题描述可独立使用的完整耳机/耳塞设备，细分类目为 Earbud Headphones；判为 DEVICE；形态依据：标题含耳塞/入耳/开放式耳戴设备词，且其主体线索早于头戴式描述。
B07R1G9CGB,AMBIGUOUS,0.6,NOT_APPLICABLE,2,0,1,1,1,taxonomy_device=2;title_device=1;title_accessory=1;conflict,Aenllosi Hard Carrying Case Replacement for Skullcandy Crusher/Hesh 3 Bluetooth Wireless Over-Ear Headphones (Black),Aenllosi,Over-Ear Headphones,Headphones & Earbuds,93,ACCESSORY,NOT_APPLICABLE,标题明确为保护壳/收纳配件，不是可独立使用的完整耳机；结合标题的兼容/替换关系判定；判为 ACCESSORY。 原自动标签为 AMBIGUOUS，本次以商品主体语义和类目复核后更正。
B0BFJZG6QM,AMBIGUOUS,0.5,NOT_APPLICABLE,2,0,1,2,1,taxonomy_device=2;title_device=1;title_accessory=2;conflict,Hoseili【2022new editionBluetooth Headphones】.Bluetooth 5.0 Wireless Earphones in-Ear Stereo Sound Microphone Mini Wireless Earbuds with Headphones and Portable Charging Case for iOS Android PC. XGB20,Hoseili,Earbud Headphones,Headphones & Earbuds,12,DEVICE,EARBUD_INEAR,标题描述可独立使用的完整耳机/耳塞设备，细分类目为 Earbud Headphones；判为 DEVICE；形态依据：标题含耳塞/入耳/开放式耳戴设备词，且其主体线索早于头戴式描述。 原自动标签为 AMBIGUOUS，本次以商品主体语义和类目复核后更正。
B0BHDQR3QB,AMBIGUOUS,0.6,NOT_APPLICABLE,1,0,0,0,0,taxonomy_device=1,"Open Ear Air Conduction Headphones, Music Earphones Wireless Bluetoeth 5.2 Headset with Up to 7 Hours Playtime Built-in ENC Mic, Hi-Fi Sound Lightweight for Home Office Commute Indoor Use (Red)",RELAXYO,Open-Ear Headphones,Headphones & Earbuds,43,DEVICE,EARBUD_INEAR,标题描述可独立使用的完整耳机/耳塞设备，细分类目为 Open-Ear Headphones；判为 DEVICE；形态依据：标题含耳塞/入耳/开放式耳戴设备词，且其主体线索早于头戴式描述。 原自动标签为 AMBIGUOUS，本次以商品主体语义和类目复核后更正。
B0721RDBMW,DEVICE,0.995,ON_EAR,2,0,2,0,0,taxonomy_device=2;title_device=2,Beats Solo HD On-Ear Headphone with Mic & Remote Control Cable (Certified Refurbished) (Black),Amazon Renewed,On-Ear Headphones,Headphones & Earbuds,9,DEVICE,ON_EAR,标题主体是完整耳机，后列保护壳/线缆/支架等随附配件（套装不改变主体标签）；判为 DEVICE；形态依据：标题明确为 on-ear/supra-aural，或该形态是最先出现的主体描述。
B00ZV4L9PU,AMBIGUOUS,0.5,NOT_APPLICABLE,0,0,0,0,0,insufficient_evidence,Sony Lightweight Waterproof 4GB Wireless Bluetooth Sports Wearable MP3 Player,Sony,Headphones & Earbuds,Headphones & Earbuds,1,DEVICE,EARBUD_INEAR,标题/型号表明是入耳耳塞、手机单耳蓝牙耳机、运动耳机或随身耳塞系统；判为 DEVICE / EARBUD_INEAR。 核验来源：https://electronics.sony.com/audio/walkman-digital-recorders/walkman-mp3-players/p/nwws413lm 原自动标签为 AMBIGUOUS，本次复核后更正。
B07DW21BBW,AMBIGUOUS,0.6,NOT_APPLICABLE,2,0,0,1,1,taxonomy_device=2;title_accessory=1;conflict,"Otium Soar Ture Bluetooth Wireless Headphones, TWS Bluetooth in-Ear Headset with Charging Case/Built-in Mic/Deep Bass Sound/Sweat Proof for Running Sport, Business and Relaxation,Pink",Otium,Earbud Headphones,Headphones & Earbuds,83,DEVICE,EARBUD_INEAR,标题主体是完整耳机，后列保护壳/线缆/支架等随附配件（套装不改变主体标签）；判为 DEVICE；形态依据：标题含耳塞/入耳/开放式耳戴设备词，且其主体线索早于头戴式描述。 原自动标签为 AMBIGUOUS，本次以商品主体语义和类目复核后更正。
B08X4JWZFB,DEVICE,0.985,EARBUD_INEAR,2,0,3,1,1,taxonomy_device=2;title_device=3;title_accessory=1;conflict,"dyplay True Wireless Earbuds 35dB Active Noise Cancelling with ANC Transparent Mode Bluetooth 5.0 Earbuds, 6 Built-in Mics for Clear Calls, Immersive Stereo Sound, USB-C Charging Case, Touch Control",dyplay,Earbud Headphones,Headphones & Earbuds,11,DEVICE,EARBUD_INEAR,标题主体是完整耳机，后列保护壳/线缆/支架等随附配件（套装不改变主体标签）；判为 DEVICE；形态依据：标题含耳塞/入耳/开放式耳戴设备词，且其主体线索早于头戴式描述。
B08QHKW6SC,AMBIGUOUS,0.6,NOT_APPLICABLE,2,0,0,1,1,taxonomy_device=2;title_accessory=1;conflict,"CPDZ Anti-Lost Ear Hook Sports Hoop Earring Strap Wireless Earphone Holder Headset Compatible with Airpods 1 2 pro Earbuds Titanium Steel Silver 1 Pair,Gentleman",CPDZ,Earbud Headphones,Headphones & Earbuds,7,ACCESSORY,NOT_APPLICABLE,标题明确为支架/挂架，不是可独立使用的完整耳机；结合标题的兼容/替换关系判定；判为 ACCESSORY。 原自动标签为 AMBIGUOUS，本次以商品主体语义和类目复核后更正。
B00JGWTRA2,AMBIGUOUS,0.5,NOT_APPLICABLE,0,0,0,0,0,insufficient_evidence,"Abco Tech Bluetooth Hands-Free Calling & A2DP Audio Streaming Adapter/Receiver for 3.5mm Devices, Green",Abco Tech,Headphones & Earbuds,Headphones & Earbuds,57,ACCESSORY,NOT_APPLICABLE,标题明确为线缆/转接配件，不是可独立使用的完整耳机；结合标题的兼容/替换关系判定；判为 ACCESSORY。 原自动标签为 AMBIGUOUS，本次以商品主体语义和类目复核后更正。
B09P281JYV,AMBIGUOUS,0.6,NOT_APPLICABLE,2,0,1,1,1,taxonomy_device=2;title_device=1;title_accessory=1;conflict,"Philips T2205 In-ear True Wireless Headphones with IPX4 Splash Resistant, Super-small Portable Charging Case, Built-in Microphone, Up to 12 Hours (4+8) Playtime, Works with Voice Assistants, TAT2205BL",PHILIPS,Earbud Headphones,Headphones & Earbuds,101,DEVICE,EARBUD_INEAR,标题主体是完整耳机，后列保护壳/线缆/支架等随附配件（套装不改变主体标签）；判为 DEVICE；形态依据：标题含耳塞/入耳/开放式耳戴设备词，且其主体线索早于头戴式描述。 原自动标签为 AMBIGUOUS，本次以商品主体语义和类目复核后更正。
B07H2XKKJ2,ACCESSORY,0.995,NOT_APPLICABLE,0,2,1,2,1,taxonomy_accessory=2;title_device=1;title_accessory=2;conflict,Xcessor FX4.9 (L) 4 Pairs of Memory Foam in Ear Earphone Large Size Earbuds. Replacement Ear Tips for All Popular in-Ear Headphones. Blue,Xcessor,Earpads,Earpads,723,ACCESSORY,NOT_APPLICABLE,标题明确为替换耳垫/耳罩，不是可独立使用的完整耳机；细分类目 Earpads 与此一致；判为 ACCESSORY。
B08Q4GN692,ACCESSORY,0.995,NOT_APPLICABLE,0,2,0,1,0,taxonomy_accessory=2;title_accessory=1,Replacement Ear-Pads for Bose QuietComfort QC 2 15 25 35 Ear Cushions for QC2 QC15 QC25 QC35 SoundLink/SoundTrue Around-Ear II AE2 Headphones (Brown),Aurivor,Earpads,Earpads,11515,ACCESSORY,NOT_APPLICABLE,标题主体是替换件、线缆/收纳件、蓝牙接收件、头盔扬声器套件或手机外接听筒，并非完整耳机；判为 ACCESSORY。
B017SJNSEK,AMBIGUOUS,0.6,NOT_APPLICABLE,2,0,0,1,1,taxonomy_device=2;title_accessory=1;conflict,"Zerowin Cute 3.5mm in Ear Earphones Earbuds Headset with Macaron Earphone Organizer Box Case for iPhone,for Samsung,for Mp3 iPod Pc Music (Black)",Amberetech,Earbud Headphones,Headphones & Earbuds,20,DEVICE,EARBUD_INEAR,标题主体是完整耳机，后列保护壳/线缆/支架等随附配件（套装不改变主体标签）；判为 DEVICE；形态依据：标题含耳塞/入耳/开放式耳戴设备词，且其主体线索早于头戴式描述。 原自动标签为 AMBIGUOUS，本次以商品主体语义和类目复核后更正。
B07JVNZWPL,DEVICE,0.995,EARBUD_INEAR,2,0,1,0,0,taxonomy_device=2;title_device=1,"JustJamz Multipack of 10 Colorful in-Ear Earbuds | Bulk Earbuds Marbles, Wholesale Colorful Earphones, Disposable Earbuds, Headphones in Bulk, Headphones, for Kids & Adults, Assorted Colors",JustJamz,Earbud Headphones,Headphones & Earbuds,87,DEVICE,EARBUD_INEAR,标题描述可独立使用的完整耳机/耳塞设备，细分类目为 Earbud Headphones；判为 DEVICE；形态依据：标题含耳塞/入耳/开放式耳戴设备词，且其主体线索早于头戴式描述。
B09XZYSZSR,AMBIGUOUS,0.6,NOT_APPLICABLE,2,0,1,1,1,taxonomy_device=2;title_device=1;title_accessory=1;conflict,"E60 V5.0 Wireless Earbuds with Wireless Charging Case, 8H Continuous Playtime",Mix Hero,Earbud Headphones,Headphones & Earbuds,106,DEVICE,EARBUD_INEAR,标题主体是完整耳机，后列保护壳/线缆/支架等随附配件（套装不改变主体标签）；判为 DEVICE；形态依据：标题含耳塞/入耳/开放式耳戴设备词，且其主体线索早于头戴式描述。 原自动标签为 AMBIGUOUS，本次以商品主体语义和类目复核后更正。
B0BKCQTWGF,AMBIGUOUS,0.6,NOT_APPLICABLE,2,0,0,1,1,taxonomy_device=2;title_accessory=1;conflict,"HoomBand | Bluetooth Sleep Headphones | Headband for Sleep, Travel, Meditation | Free Access to Hypnotic Stories and Sounds Created by Sleep Experts | Charging Cable Included",Hoom,Over-Ear Headphones,Headphones & Earbuds,289,DEVICE,OVER_EAR,标题描述可独立使用的完整耳机/耳塞设备，细分类目为 Over-Ear Headphones；判为 DEVICE；形态依据：细分类目为 Over-Ear Headphones。 原自动标签为 AMBIGUOUS，本次以商品主体语义和类目复核后更正。
B001FYL1IU,ACCESSORY,0.98,NOT_APPLICABLE,0,2,0,0,0,taxonomy_accessory=2,Travelon BBQ Tote with 7 Piece Accessory Set,Luminira,Adapters,Adapters,6,ACCESSORY,NOT_APPLICABLE,标题明确为线缆/转接配件，不是可独立使用的完整耳机；细分类目 Adapters 与此一致；判为 ACCESSORY。
B019JK6UTG,AMBIGUOUS,0.6,NOT_APPLICABLE,0,0,0,1,0,title_accessory=1,"LG V10 Case, Vena [vAllure] Wave Texture [Bumper Frame][CornerGuard ShockProof | Strong Grip] Slim Hybrid Cover for LG V10 2015 (Gold / Coral Pink)",VENA,Headphones & Earbuds,Headphones & Earbuds,253,ACCESSORY,NOT_APPLICABLE,标题明确为保护壳/收纳配件，不是可独立使用的完整耳机；结合标题的兼容/替换关系判定；判为 ACCESSORY。 原自动标签为 AMBIGUOUS，本次以商品主体语义和类目复核后更正。
B09H25YSVH,ACCESSORY,0.995,NOT_APPLICABLE,0,2,0,2,0,taxonomy_accessory=2;title_accessory=2,"SOVEUG Replacement Ear Pads Cushion Foam Cover for Anker Soundcore Life Q10, Q10 BT Headphonesphones with Plastic Buckle (Red)",SOVEUG,Earpads,Earpads,18,ACCESSORY,NOT_APPLICABLE,标题明确为替换耳垫/耳罩，不是可独立使用的完整耳机；细分类目 Earpads 与此一致；判为 ACCESSORY。
B08LYWVJBD,ACCESSORY,0.98,NOT_APPLICABLE,0,2,0,0,0,taxonomy_accessory=2,"Wiki Valley Hinge Case Designed for Galaxy Buds Live (2020),Full Protective Hard PC Headphone Accessories Cover with Carabiner (Twill - Black/Grey)",Wiki VALLEY,Cases,Cases,14,ACCESSORY,NOT_APPLICABLE,标题明确为保护壳/收纳配件，不是可独立使用的完整耳机；细分类目 Cases 与此一致；判为 ACCESSORY。
B075FR6QDY,AMBIGUOUS,0.6,NOT_APPLICABLE,2,0,1,1,1,taxonomy_device=2;title_device=1;title_accessory=1;conflict,"In- Ear Hearphones, Bach-Audio-Em05 Earbuds with Mic and 3.5mm Gilded plug, Deep bass and Stereo Compatible with Android, Iphone and Miui HiFi earbuds",Newtion,Earbud Headphones,Headphones & Earbuds,13,DEVICE,EARBUD_INEAR,标题描述可独立使用的完整耳机/耳塞设备，细分类目为 Earbud Headphones；判为 DEVICE；形态依据：标题含耳塞/入耳/开放式耳戴设备词，且其主体线索早于头戴式描述。 原自动标签为 AMBIGUOUS，本次以商品主体语义和类目复核后更正。
B09RKLXDQ3,DEVICE,0.955,EARBUD_INEAR,2,0,2,1,1,taxonomy_device=2;title_device=2;title_accessory=1;conflict,Paww ActiveSound Pro Bluetooth Active Noise Cancellating Earbuds - Bluetooth 5.0 Wireless Earbuds with Charging Case - IPX4 Water-Resistant in-Ear Headphones for Music and Calls Up to 25 Hours Use,Paww,Earbud Headphones,Headphones & Earbuds,2,DEVICE,EARBUD_INEAR,标题主体是完整耳机，后列保护壳/线缆/支架等随附配件（套装不改变主体标签）；判为 DEVICE；形态依据：标题含耳塞/入耳/开放式耳戴设备词，且其主体线索早于头戴式描述。
B00DSCDBA8,AMBIGUOUS,0.5,NOT_APPLICABLE,0,0,0,0,0,insufficient_evidence,10 Pack Black EAR Hook By Gadgetbrat for Samsung Hm3300 Hm 3300 Replacement Ear Hook,GADGETBRAT,Headphones & Earbuds,Headphones & Earbuds,34,ACCESSORY,NOT_APPLICABLE,标题明确为支架/挂架，不是可独立使用的完整耳机；结合标题的兼容/替换关系判定；判为 ACCESSORY。 原自动标签为 AMBIGUOUS，本次以商品主体语义和类目复核后更正。
B01FSUCKHM,AMBIGUOUS,0.5,NOT_APPLICABLE,0,0,0,0,0,insufficient_evidence,"Urberry Iphone 6s/6 Case, Bling Diamond High Heel Case with a Screen Protector",The HOLO,Headphones & Earbuds,Headphones & Earbuds,3,ACCESSORY,NOT_APPLICABLE,标题明确为保护壳/收纳配件，不是可独立使用的完整耳机；结合标题的兼容/替换关系判定；判为 ACCESSORY。 原自动标签为 AMBIGUOUS，本次以商品主体语义和类目复核后更正。
B001D7EO6A,AMBIGUOUS,0.5,NOT_APPLICABLE,0,0,0,0,0,insufficient_evidence,"BlackBerry Stereo Headset Adaptor, 2.5mm (F) to 3.5mm (M), Not for Voice Calls",BlackBerry,Headphones & Earbuds,Headphones & Earbuds,4,ACCESSORY,NOT_APPLICABLE,标题明确为线缆/转接配件，不是可独立使用的完整耳机；结合标题的兼容/替换关系判定；判为 ACCESSORY。 原自动标签为 AMBIGUOUS，本次以商品主体语义和类目复核后更正。
B08DK8BV8H,ACCESSORY,0.995,NOT_APPLICABLE,0,2,1,2,1,taxonomy_accessory=2;title_device=1;title_accessory=2;conflict,CAGOS Compatible with Galaxy Buds+ Plus Case (2020) Cute Hard Full Protective Skin Case Cover for Samsung Galaxy Buds Plus Wireless Earbuds Case with Carabiner for Girl (NOT for Buds 2019) - Leopard,CAGOS,Cases,Cases,313,ACCESSORY,NOT_APPLICABLE,标题明确为保护壳/收纳配件，不是可独立使用的完整耳机；细分类目 Cases 与此一致；判为 ACCESSORY。
B08BLSJK66,ACCESSORY,0.995,NOT_APPLICABLE,0,2,0,2,0,taxonomy_accessory=2;title_accessory=2,"Bling Airpods Case, Cute Glitter Diamond Airpod 1st/2rd Case Cover for Girls Women, Rhinestone Airpods Protective Case with Keychain, Scratch Proof and Drop Proof (Watermelon red)",Yin Wan,Cases,Cases,64,ACCESSORY,NOT_APPLICABLE,标题明确为保护壳/收纳配件，不是可独立使用的完整耳机；细分类目 Cases 与此一致；判为 ACCESSORY。
B076JBQ7SP,DEVICE,0.995,EARBUD_INEAR,2,0,1,0,0,taxonomy_device=2;title_device=1,Diginex Bluetooth Earbuds Wireless Magnetic Headset Sport Earphones for Running IPX7 Waterproof Headphones 9 Hours Playtime High Fidelity Stereo Sound and Noise Cancelling Mic 1 Hour Recharge,SimpTronic,Earbud Headphones,Headphones & Earbuds,1,DEVICE,EARBUD_INEAR,标题描述可独立使用的完整耳机/耳塞设备，细分类目为 Earbud Headphones；判为 DEVICE；形态依据：标题含耳塞/入耳/开放式耳戴设备词，且其主体线索早于头戴式描述。
B07JN7MPRS,ACCESSORY,0.995,NOT_APPLICABLE,0,2,1,2,1,taxonomy_accessory=2;title_device=1;title_accessory=2;conflict,Cushions Beats Solo 2.0/3.0 Ear Pads Replacement Earpads Memory Foam Ear Cover Cups Cushion- Compatible with Solo 2 & 3 Wireless On Ear Headphones (Black),AmazomAA,Earpads,Earpads,121,ACCESSORY,NOT_APPLICABLE,标题明确为替换耳垫/耳罩，不是可独立使用的完整耳机；细分类目 Earpads 与此一致；判为 ACCESSORY。
B097N3GCBT,ACCESSORY,0.995,NOT_APPLICABLE,0,2,1,1,1,taxonomy_accessory=2;title_device=1;title_accessory=1;conflict,"MOLGRIA Ear Pads Cushion, Replacement Fabric Earpads for Corsair Void RGB Elite Wireless Premium Gaming Headset 7.1 Surround Sound Headphone CA-9011202-NA(Black Lining)",MOLGRIA,Earpads,Earpads,11,ACCESSORY,NOT_APPLICABLE,标题明确为替换耳垫/耳罩，不是可独立使用的完整耳机；细分类目 Earpads 与此一致；判为 ACCESSORY。
B09WKJQKGJ,DEVICE,0.98,OVER_EAR,2,0,0,0,0,taxonomy_device=2,"Audio-Technica ATH-M20X Professional Studio Monitor Headphones, Black",Audio-Technica,Over-Ear Headphones,Headphones & Earbuds,21383,DEVICE,OVER_EAR,标题描述可独立使用的完整耳机/耳塞设备，细分类目为 Over-Ear Headphones；判为 DEVICE；形态依据：细分类目为 Over-Ear Headphones。
B09RXMMXB6,AMBIGUOUS,0.6,NOT_APPLICABLE,2,0,2,3,1,taxonomy_device=2;title_device=2;title_accessory=3;conflict,Wireless V5.2 Bluetooth Earbuds Compatible with Samsung Galaxy S22 5G with Charging Case for in Ear Headphones. (V5.2 Black),Works for Samsung Galaxy S22 5G by Cellet,Earbud Headphones,Headphones & Earbuds,15,DEVICE,EARBUD_INEAR,标题主体是完整耳机，后列保护壳/线缆/支架等随附配件（套装不改变主体标签）；判为 DEVICE；形态依据：标题含耳塞/入耳/开放式耳戴设备词，且其主体线索早于头戴式描述。 原自动标签为 AMBIGUOUS，本次以商品主体语义和类目复核后更正。
B07P6TSRZB,ACCESSORY,0.98,NOT_APPLICABLE,0,2,0,0,0,taxonomy_accessory=2,"USB C to 3.5mm Audio Adapter, XIIVIO Right Angle Type USB-C PD Fast Charging with 3.5mm aux Headphone Jack Splitter Cable Compatible with iPad Pro 2018, Google Pixel 3/2 / XL, HTC, MacBook Pro",XIIVIO,Adapters,Adapters,15,ACCESSORY,NOT_APPLICABLE,标题明确为线缆/转接配件，不是可独立使用的完整耳机；细分类目 Adapters 与此一致；判为 ACCESSORY。
B07QLN8MNJ,DEVICE,0.995,ON_EAR,2,0,1,0,0,taxonomy_device=2;title_device=1,JBL TUNE 500BT - On-Ear Wireless Bluetooth Headphone - Black,JBL,On-Ear Headphones,Headphones & Earbuds,11309,DEVICE,ON_EAR,标题描述可独立使用的完整耳机/耳塞设备，细分类目为 On-Ear Headphones；判为 DEVICE；形态依据：标题明确为 on-ear/supra-aural，或该形态是最先出现的主体描述。
B09GM5DWQP,AMBIGUOUS,0.6,NOT_APPLICABLE,2,0,1,1,1,taxonomy_device=2;title_device=1;title_accessory=1;conflict,"Donerton Wireless Earbud, Chipset 5.1 Sport Headphones with Charging Case, 10Hours Single Playtime Earhooks Headset, Wireless Earphone 6D Stereo HiFi Sound Noise Cancelling for Working/Travel/Gym",Donerton,Earbud Headphones,Headphones & Earbuds,20804,DEVICE,EARBUD_INEAR,标题主体是完整耳机，后列保护壳/线缆/支架等随附配件（套装不改变主体标签）；判为 DEVICE；形态依据：标题含耳塞/入耳/开放式耳戴设备词，且其主体线索早于头戴式描述。 原自动标签为 AMBIGUOUS，本次以商品主体语义和类目复核后更正。
B00E04M028,DEVICE,0.995,OVER_EAR,2,0,1,0,0,taxonomy_device=2;title_device=1,Velodyne vQuiet Over-Ear Noise Canceling Headphones (Matte Black),Velodyne,Over-Ear Headphones,Headphones & Earbuds,136,DEVICE,OVER_EAR,标题描述可独立使用的完整耳机/耳塞设备，细分类目为 Over-Ear Headphones；判为 DEVICE；形态依据：标题明确为 over-ear/around-ear/full-size，且该形态是最先出现的主体描述。
B072FVFVKT,ACCESSORY,0.995,NOT_APPLICABLE,0,2,0,2,0,taxonomy_accessory=2;title_accessory=2,Replacement Earpads Ear Pads Cushion For Monster Beats By Dr.Dre PRO/DETOX Headphones,Life VC,Earpads,Earpads,35,ACCESSORY,NOT_APPLICABLE,标题明确为替换耳垫/耳罩，不是可独立使用的完整耳机；细分类目 Earpads 与此一致；判为 ACCESSORY。
B005ZSGTMU,AMBIGUOUS,0.6,NOT_APPLICABLE,2,0,1,1,1,taxonomy_device=2;title_device=1;title_accessory=1;conflict,Verizon Brand BLUE color OEM Stereo Handsfree Headset Premium Wired Earphones Earbuds with Microphone and 2.5mm to 3.5mm Adapter for Verizon Motorola Droid X MB810 / X2 (2) / Droid RAZR (Comes with Universal Phone Stand),Verizon,Earbud Headphones,Headphones & Earbuds,1,DEVICE,EARBUD_INEAR,标题主体是完整耳机，后列保护壳/线缆/支架等随附配件（套装不改变主体标签）；判为 DEVICE；形态依据：标题含耳塞/入耳/开放式耳戴设备词，且其主体线索早于头戴式描述。 原自动标签为 AMBIGUOUS，本次以商品主体语义和类目复核后更正。
B077R2H81R,ACCESSORY,0.94,NOT_APPLICABLE,2,0,0,2,1,taxonomy_device=2;title_accessory=2;conflict,"Galaxy J7 Pro Case,Galaxy J730G Case,SENON Slim-fit Shockproof Anti-Scratch Anti-Fingerprint Flexible Frosted Matte Protective Case Cover For Samsung Galaxy J7 Pro J730G 2017,Navy",LCYDZ,Earbud Headphones,Headphones & Earbuds,7,ACCESSORY,NOT_APPLICABLE,标题明确为保护壳/收纳配件，不是可独立使用的完整耳机；结合标题的兼容/替换关系判定；判为 ACCESSORY。
B07KQWX947,DEVICE,0.995,ON_EAR,2,0,1,0,0,taxonomy_device=2;title_device=1,Koss Porta Pro Black On Ear Headphones with Case Black,Koss,On-Ear Headphones,Headphones & Earbuds,15028,DEVICE,ON_EAR,标题主体是完整耳机，后列保护壳/线缆/支架等随附配件（套装不改变主体标签）；判为 DEVICE；形态依据：标题明确为 on-ear/supra-aural，或该形态是最先出现的主体描述。
B0816GVJVW,DEVICE,0.995,EARBUD_INEAR,2,0,2,0,0,taxonomy_device=2;title_device=2,"Soundcore Upgraded, Anker Liberty Neo True Wireless Earbuds, Pumping Bass, IPX7 Waterproof, Secure Fit, Bluetooth 5 Headphones, Stereo Calls, Noise Isolation, One Step Pairing, Sports, Work Out",Soundcore,Earbud Headphones,Headphones & Earbuds,27386,DEVICE,EARBUD_INEAR,标题描述可独立使用的完整耳机/耳塞设备，细分类目为 Earbud Headphones；判为 DEVICE；形态依据：标题含耳塞/入耳/开放式耳戴设备词，且其主体线索早于头戴式描述。
B07XLPWWFJ,ACCESSORY,0.995,NOT_APPLICABLE,0,2,0,1,0,taxonomy_accessory=2;title_accessory=1,"ACECO Airpods Case,Minnie Mouse Airpods Case Protective Cover with Matching Strap & Key Chain Airpods 1 Airpods 2 Compatible Eco-Friendly (Pink Minnie)",ACECO,Cases,Cases,9,ACCESSORY,NOT_APPLICABLE,标题明确为保护壳/收纳配件，不是可独立使用的完整耳机；细分类目 Cases 与此一致；判为 ACCESSORY。
B0B5V5TG95,DEVICE,0.98,OVER_EAR,2,0,0,0,0,taxonomy_device=2,MUSICOZY Sleep Headphones Wireless Bluetooth 5.2 Sports Headband Headphones Earbuds Earphones with HD Stereo Speakers Unique Cool Gadgets for Running Workout Jogging Yoga Insomnia,MUSICOZY,Over-Ear Headphones,Headphones & Earbuds,20787,DEVICE,EARBUD_INEAR,标题描述可独立使用的完整耳机/耳塞设备，细分类目为 Over-Ear Headphones；判为 DEVICE；形态依据：标题含耳塞/入耳/开放式耳戴设备词，且其主体线索早于头戴式描述。
B004RE5ZCI,DEVICE,0.995,EARBUD_INEAR,2,0,1,0,0,taxonomy_device=2;title_device=1,Sony MDREX310LP In-Ear Headphones,Sony,Earbud Headphones,Headphones & Earbuds,116,DEVICE,EARBUD_INEAR,标题描述可独立使用的完整耳机/耳塞设备，细分类目为 Earbud Headphones；判为 DEVICE；形态依据：标题含耳塞/入耳/开放式耳戴设备词，且其主体线索早于头戴式描述。
B0BF45JLWL,AMBIGUOUS,0.6,NOT_APPLICABLE,2,0,1,1,1,taxonomy_device=2;title_device=1;title_accessory=1;conflict,"Wireless Earbuds, Bluetooth 5.1 Earphones for Sports, with Wireless Charging Case and Earhooks Over Ear Waterproof Earphones with Mic for Sports Running Workout iOS Android TV Phone Laptop Black",Obbug,Earbud Headphones,Headphones & Earbuds,254,DEVICE,EARBUD_INEAR,标题主体是完整耳机，后列保护壳/线缆/支架等随附配件（套装不改变主体标签）；判为 DEVICE；形态依据：标题含耳塞/入耳/开放式耳戴设备词，且其主体线索早于头戴式描述。 原自动标签为 AMBIGUOUS，本次以商品主体语义和类目复核后更正。
B00D9ILUZY,AMBIGUOUS,0.5,NOT_APPLICABLE,0,0,0,0,0,insufficient_evidence,BlueAnt SP-BAW-F4-85 Spare Parts Kit for F4 Stereo Bluetooth Interphone Motorcycle Kit - Retail Packaging - Black,BlueAnt,Headphones & Earbuds,Headphones & Earbuds,3,ACCESSORY,NOT_APPLICABLE,标题明确为耳机配件，不是可独立使用的完整耳机；结合标题的兼容/替换关系判定；判为 ACCESSORY。 原自动标签为 AMBIGUOUS，本次以商品主体语义和类目复核后更正。
B092PXXX2R,AMBIGUOUS,0.6,NOT_APPLICABLE,2,0,0,1,1,taxonomy_device=2;title_accessory=1;conflict,Linsoul TIN HiFi P1 10mm Planar-Diaphragm Driver in-Ear Earphones with Detachable MMCX Cable for Audiophiles Musicians (Renewed),Amazon Renewed,Earbud Headphones,Headphones & Earbuds,1,DEVICE,EARBUD_INEAR,标题主体是完整耳机，后列保护壳/线缆/支架等随附配件（套装不改变主体标签）；判为 DEVICE；形态依据：标题含耳塞/入耳/开放式耳戴设备词，且其主体线索早于头戴式描述。 原自动标签为 AMBIGUOUS，本次以商品主体语义和类目复核后更正。
B09PLJZ4N4,ACCESSORY,0.995,NOT_APPLICABLE,0,2,0,2,0,taxonomy_accessory=2;title_accessory=2,"Guanli Cute Case for AirPods 3rd Generation 2021 Model,Cool Funny 3D Cartoon Aesthetic Style Design,Silicone Hard Shell Protective Case Cover with Keychain for Teens Women Men (White Camera)",Guanli,Cases,Cases,19,ACCESSORY,NOT_APPLICABLE,标题明确为保护壳/收纳配件，不是可独立使用的完整耳机；细分类目 Cases 与此一致；判为 ACCESSORY。
B07ZNBZCW5,DEVICE,0.995,EARBUD_INEAR,2,0,1,0,0,taxonomy_device=2;title_device=1,"Anker Soundcore Liberty Air 2 Wireless Earbuds, Diamond-Inspired Drivers, Bluetooth Earphones, 4 Mics, Noise Reduction, 28H Playtime, HearID, Bluetooth 5, Wireless Charging, for Calls, Home Office",Soundcore,Earbud Headphones,Headphones & Earbuds,15329,DEVICE,EARBUD_INEAR,标题描述可独立使用的完整耳机/耳塞设备，细分类目为 Earbud Headphones；判为 DEVICE；形态依据：标题含耳塞/入耳/开放式耳戴设备词，且其主体线索早于头戴式描述。
B0C7H4T5XT,DEVICE,0.955,EARBUD_INEAR,2,0,2,1,1,taxonomy_device=2;title_device=2;title_accessory=1;conflict,occiam Wireless Earbuds Bluetooth in-Ear Headphones with Microphones IPX7 Waterproof Ear Buds with LED Power Display Charging Case 64H Playback Time Earphones,occiam,Earbud Headphones,Headphones & Earbuds,20,DEVICE,EARBUD_INEAR,标题主体是完整耳机，后列保护壳/线缆/支架等随附配件（套装不改变主体标签）；判为 DEVICE；形态依据：标题含耳塞/入耳/开放式耳戴设备词，且其主体线索早于头戴式描述。
B07XCM2TQ7,DEVICE,0.94,EARBUD_INEAR,2,0,3,2,1,taxonomy_device=2;title_device=3;title_accessory=2;conflict,"LASUNEY Bluetooth 5.0 True Wireless Earbuds with Charging Case for iPhone Android, Touch Control Waterproof Stereo Headphones with mic, in-Ear Earphones Headset for Sport",LASUNEY,Earbud Headphones,Headphones & Earbuds,901,DEVICE,EARBUD_INEAR,标题主体是完整耳机，后列保护壳/线缆/支架等随附配件（套装不改变主体标签）；判为 DEVICE；形态依据：标题含耳塞/入耳/开放式耳戴设备词，且其主体线索早于头戴式描述。
B07MBQLXR5,DEVICE,0.995,ON_EAR,2,0,1,0,0,taxonomy_device=2;title_device=1,"POWMEE M1 Kids Headphones Wired Headphone for Kids,Foldable Adjustable Stereo Tangle-Free,3.5MM Jack Wire Cord On-Ear Headphone for Children (Blue)",POWMEE,On-Ear Headphones,Headphones & Earbuds,13538,DEVICE,ON_EAR,标题描述可独立使用的完整耳机/耳塞设备，细分类目为 On-Ear Headphones；判为 DEVICE；形态依据：标题明确为 on-ear/supra-aural，或该形态是最先出现的主体描述。
B07HNX3XYB,DEVICE,0.985,EARBUD_INEAR,2,0,3,1,1,taxonomy_device=2;title_device=3;title_accessory=1;conflict,"TECKEPIC True Wireless Earbuds, Bluetooth 5.0 Earbuds, in-Ear Headphones Earphones with Charging Case, Stereo Sound Built-in Microphone, Waterproof, for iPhone Android Running Sport",TECKEPIC,Earbud Headphones,Headphones & Earbuds,147,DEVICE,EARBUD_INEAR,标题主体是完整耳机，后列保护壳/线缆/支架等随附配件（套装不改变主体标签）；判为 DEVICE；形态依据：标题含耳塞/入耳/开放式耳戴设备词，且其主体线索早于头戴式描述。
B0000DBJ2P,AMBIGUOUS,0.5,NOT_APPLICABLE,0,0,0,0,0,insufficient_evidence,"Plantronics Headset M114 for Mobile & Cordless Phones, to read Plantronics Headset M110 for Mobile & Cordless Phones.",Plantronics,Headphones & Earbuds,Headphones & Earbuds,13,DEVICE,EARBUD_INEAR,标题描述可独立使用的完整耳机/耳塞设备，并含连接、声学或供电功能信息；判为 DEVICE；形态依据：标题语义为手机用单耳/免提蓝牙耳机或有线耳麦。 原自动标签为 AMBIGUOUS，本次以商品主体语义和类目复核后更正。
B082SJMMFF,ACCESSORY,0.995,NOT_APPLICABLE,0,2,0,1,0,taxonomy_accessory=2;title_accessory=1,"VORI AirPods Pro Case, Portable Electroplating Protective Hard Case Shockproof Cute Cover with Keychain for Apple Airpod Pro Charging Case 3rd Gen 2019, Support Wireless Charging, Mandala Galaxy",VORI,Cases,Cases,327,ACCESSORY,NOT_APPLICABLE,标题明确为保护壳/收纳配件，不是可独立使用的完整耳机；细分类目 Cases 与此一致；判为 ACCESSORY。
B07MFYLF6Z,ACCESSORY,0.995,NOT_APPLICABLE,0,2,1,2,1,taxonomy_accessory=2;title_device=1;title_accessory=2;conflict,Replacement Ear Pads Cushions for Bose OE2 OE2 Sound Link On-Ear Bluetooth Headphones Earpad Cover,Damex,Earpads,Earpads,138,ACCESSORY,NOT_APPLICABLE,标题明确为替换耳垫/耳罩，不是可独立使用的完整耳机；细分类目 Earpads 与此一致；判为 ACCESSORY。
B000YCUE8M,AMBIGUOUS,0.5,NOT_APPLICABLE,0,0,0,0,0,insufficient_evidence,Samsung SCH-R500 Hue Cell Phone OEM Stereo Hands-Free Headset part # AAEP405SBE,SAMSUNG,Headphones & Earbuds,Headphones & Earbuds,3,DEVICE,EARBUD_INEAR,标题描述可独立使用的完整耳机/耳塞设备，并含连接、声学或供电功能信息；判为 DEVICE；形态依据：标题语义为手机用单耳/免提蓝牙耳机或有线耳麦。 原自动标签为 AMBIGUOUS，本次以商品主体语义和类目复核后更正。
B09PXK8KCS,AMBIGUOUS,0.6,NOT_APPLICABLE,2,0,0,1,1,taxonomy_device=2;title_accessory=1;conflict,"OEM ElloGear Earbuds Wired Headphones for Samsung Galaxy S10 S10e S20 Note 10 Plus Cable - Designed by AKG - with Microphone, Volume Buttons, Includes Google Type C Adapter for Type-C Devices (White)",ElloGear,Earbud Headphones,Headphones & Earbuds,10,DEVICE,EARBUD_INEAR,标题描述可独立使用的完整耳机/耳塞设备，细分类目为 Earbud Headphones；判为 DEVICE；形态依据：标题含耳塞/入耳/开放式耳戴设备词，且其主体线索早于头戴式描述。 原自动标签为 AMBIGUOUS，本次以商品主体语义和类目复核后更正。
B07QHZS1Y8,AMBIGUOUS,0.6,NOT_APPLICABLE,2,0,0,1,1,taxonomy_device=2;title_accessory=1;conflict,"JBL ENDURANCE JUMP- Wireless heaphones, bluetooth sport earphones with microphone, Waterproof, up to 8 hours battery, charging case and quick charge (Teal)",JBL,Earbud Headphones,Headphones & Earbuds,406,DEVICE,EARBUD_INEAR,标题主体是完整耳机，后列保护壳/线缆/支架等随附配件（套装不改变主体标签）；判为 DEVICE；形态依据：标题含耳塞/耳机式耳戴设备词，未出现相冲突的头戴形态描述。 原自动标签为 AMBIGUOUS，本次以商品主体语义和类目复核后更正。
B07CJMDSH9,DEVICE,0.995,OVER_EAR,2,0,1,0,0,taxonomy_device=2;title_device=1,Bose QuietComfort 35 (Series I) Wireless Noise Cancelling Headphones - Silver (Renewed),Amazon Renewed,Over-Ear Headphones,Headphones & Earbuds,10,DEVICE,OVER_EAR,标题描述可独立使用的完整耳机/耳塞设备，细分类目为 Over-Ear Headphones；判为 DEVICE；形态依据：细分类目为 Over-Ear Headphones。
B00T7C8VV2,AMBIGUOUS,0.5,NOT_APPLICABLE,0,0,0,0,0,insufficient_evidence,2X Medical Silicone Gel Foot Pad Valgus Hallux Correction Truck Toe Bone Insole,DINGBANGGGGG,Headphones & Earbuds,Headphones & Earbuds,1,AMBIGUOUS,NOT_APPLICABLE,needs_review: 标题“2X Medical Silicone Gel Foot Pad Valgus Hallux Correction Truck Toe Bone Insole”未描述完整耳机或明确耳机配件，且与类目“Headphones & Earbuds”不一致/信息残缺；保留 AMBIGUOUS，不强行归类。
B098JLBL92,ACCESSORY,0.995,NOT_APPLICABLE,0,2,0,1,0,taxonomy_accessory=2;title_accessory=1,"Claiol Silicone Case for Echo Buds 2nd, Shockproof Protective Echo Buds 2 Case Cover with Keychain. (Black)",claiol,Cases,Cases,118,ACCESSORY,NOT_APPLICABLE,标题明确为保护壳/收纳配件，不是可独立使用的完整耳机；细分类目 Cases 与此一致；判为 ACCESSORY。
B07H4XSX54,DEVICE,0.955,EARBUD_INEAR,2,0,2,1,1,taxonomy_device=2;title_device=2;title_accessory=1;conflict,"Rowkin Pace: True Wireless Earbuds w/Charging Case. Bluetooth 5.0 Compatible, Sweat-Proof Headphones. Smallest Hands-Free Earphones Headset w/Mic for Android and iPhone (Black)",Rowkin,Earbud Headphones,Headphones & Earbuds,648,DEVICE,EARBUD_INEAR,标题描述可独立使用的完整耳机/耳塞设备，细分类目为 Earbud Headphones；判为 DEVICE；形态依据：标题含耳塞/入耳/开放式耳戴设备词，且其主体线索早于头戴式描述。
B09K2DY4V1,DEVICE,0.955,EARBUD_INEAR,2,0,2,1,1,taxonomy_device=2;title_device=2;title_accessory=1;conflict,"Amazan Truly Wireless Earbuds for iPhone, Android & All Bluetooth-Enabled Devices - Waterproof in Ear Headphones with Charger Case, F9 Fingerprint Touch Technology & USB Charging Cable, Black",Amazan,Earbud Headphones,Headphones & Earbuds,68,DEVICE,EARBUD_INEAR,标题主体是完整耳机，后列保护壳/线缆/支架等随附配件（套装不改变主体标签）；判为 DEVICE；形态依据：标题含耳塞/入耳/开放式耳戴设备词，且其主体线索早于头戴式描述。
B09K6BV9NZ,DEVICE,0.995,EARBUD_INEAR,2,0,3,0,0,taxonomy_device=2;title_device=3,"Hiteblaz Wireless Earbuds Bluetooth Headphones with Mic, Lightweight Small Buds, Premium Sound Quality, Mini Case Waterproof Earphones for Commute, Sport(Black)",Hiteblaz,Earbud Headphones,Headphones & Earbuds,62,DEVICE,EARBUD_INEAR,标题主体是完整耳机，后列保护壳/线缆/支架等随附配件（套装不改变主体标签）；判为 DEVICE；形态依据：标题含耳塞/入耳/开放式耳戴设备词，且其主体线索早于头戴式描述。
B00N4M6RGM,AMBIGUOUS,0.5,NOT_APPLICABLE,0,0,0,0,0,insufficient_evidence,"Iblue Canvas Leather Trim Travel Tote Shoulder Handbag Mens Weekender Bag Large #1858 (L, Army Green)",IBLUE,Headphones & Earbuds,Headphones & Earbuds,17,AMBIGUOUS,NOT_APPLICABLE,"needs_review: 标题“Iblue Canvas Leather Trim Travel Tote Shoulder Handbag Mens Weekender Bag Large #1858 (L, Army Green)”未描述完整耳机或明确耳机配件，且与类目“Headphones & Earbuds”不一致/信息残缺；保留 AMBIGUOUS，不强行归类。"
B088WG5Z4D,ACCESSORY,0.995,NOT_APPLICABLE,0,2,1,1,1,taxonomy_accessory=2;title_device=1;title_accessory=1;conflict,"1 Pair Replacement Ear Pads Cushions Compatible with Turtle Beach Ear Force X11, X12, X2, X3, X31, X32, X4, X41, X42, XC1 Gaming Headset Earmuffs",YunYiYi,Earpads,Earpads,8,ACCESSORY,NOT_APPLICABLE,标题明确为替换耳垫/耳罩，不是可独立使用的完整耳机；细分类目 Earpads 与此一致；判为 ACCESSORY。
B08PP88645,ACCESSORY,0.98,NOT_APPLICABLE,0,2,0,0,0,taxonomy_accessory=2,"AkoaDa USB C to 3.5mm Headphone Audio and Charger Adapter, 2-in-1 USB-C Headphone Jack Adapter with USB C PD Fast Charging for Stereo,Compatible with iPad Pro 2018,Galaxy Note 10/20/S20 and More-Grey",AkoaDa,Adapters,Adapters,36,ACCESSORY,NOT_APPLICABLE,标题明确为线缆/转接配件，不是可独立使用的完整耳机；细分类目 Adapters 与此一致；判为 ACCESSORY。
B00UWKHE7U,DEVICE,0.98,ON_EAR,2,0,0,0,0,taxonomy_device=2,"Maxell Kids Safe Headphones, 4 ft Cord, Black with Interchangeable Pink/Blue/Silver Caps",Maxell,On-Ear Headphones,Headphones & Earbuds,19,DEVICE,ON_EAR,标题描述可独立使用的完整耳机/耳塞设备，细分类目为 On-Ear Headphones；判为 DEVICE；形态依据：细分类目为 On-Ear Headphones。
B01IITVKRQ,AMBIGUOUS,0.6,NOT_APPLICABLE,2,0,0,1,1,taxonomy_device=2;title_accessory=1;conflict,"Audio-Technica ATH-MSR7BK SonicPro Over-Ear Hi-Res Headphones, Black Bundle with FiiO E10K USB DAC Headphone Amplifier and Blucoil 6-Ft Earphone Extension Cable",Audio-Technica,Over-Ear Headphones,Headphones & Earbuds,3,DEVICE,OVER_EAR,标题主体是完整耳机，后列保护壳/线缆/支架等随附配件（套装不改变主体标签）；判为 DEVICE；形态依据：标题明确为 over-ear/around-ear/full-size，且该形态是最先出现的主体描述。 原自动标签为 AMBIGUOUS，本次以商品主体语义和类目复核后更正。
B00PUS47TW,ACCESSORY,0.94,NOT_APPLICABLE,0,2,1,0,1,taxonomy_accessory=2;title_device=1;conflict,Set OEM EarGels EarHooks for Jabra Classic & Jabra Mini Bluetooth Headset Ear Hooks Ear Loops Earhooks Earloops Earclips Ear Buds Ear Gels Stabilizers Eargels Earbuds Eartips Earstabilizers Replacement,Jabra,Earpads,Earpads,309,ACCESSORY,NOT_APPLICABLE,标题明确为替换耳垫/耳罩，不是可独立使用的完整耳机；细分类目 Earpads 与此一致；判为 ACCESSORY。
B07NXPH312,ACCESSORY,0.995,NOT_APPLICABLE,0,2,1,1,1,taxonomy_accessory=2;title_device=1;title_accessory=1;conflict,Professional Ear Pads for Beats Studio 3 and Studio 2.0 Wired and Wireless B0500 B0501 A1914 Over Ear Headphone Cushion Kit Covers with Memory Foam and Noise Isolation,GeSongZhe,Earpads,Earpads,80,ACCESSORY,NOT_APPLICABLE,标题明确为替换耳垫/耳罩，不是可独立使用的完整耳机；细分类目 Earpads 与此一致；判为 ACCESSORY。
B088FGNZ2N,ACCESSORY,0.995,NOT_APPLICABLE,0,2,0,2,0,taxonomy_accessory=2;title_accessory=2,"Laffav AirPods Case Silicone Protective Cover (Front LED Visible) for Women Men Compatible with Apple AirPods 2 & 1 , 2 Pack, Glitter Rose Pink, Glitter White",Laffav,Cases,Cases,12138,ACCESSORY,NOT_APPLICABLE,标题明确为保护壳/收纳配件，不是可独立使用的完整耳机；细分类目 Cases 与此一致；判为 ACCESSORY。
B01J5NDSBA,AMBIGUOUS,0.6,NOT_APPLICABLE,1,0,0,1,1,taxonomy_device=1;title_accessory=1;conflict,NEW NEOMUSICIA Replacement upgrade Audio Cable For Audio-Technica ATH-R70x Professional headphone 1.2m/4FT,NEW NEOMUSICIA,"Headphones, Earbuds & Accessories",,26,ACCESSORY,NOT_APPLICABLE,标题明确为线缆/转接配件，不是可独立使用的完整耳机；结合标题的兼容/替换关系判定；判为 ACCESSORY。 原自动标签为 AMBIGUOUS，本次以商品主体语义和类目复核后更正。
B09JDWJFQF,ACCESSORY,0.995,NOT_APPLICABLE,0,2,0,2,0,taxonomy_accessory=2;title_accessory=2,"BLLQ Memory Foam Tips Compatible with Sony WF 1000XM4 Replacement Ear Tips,Perfect Noise Cancellation, Fit in Charging Case, 3 Pairs [Medium Size] Foam Tips Black M (Foam Tip XM4M)",BLLQ,Earpads,Earpads,25,ACCESSORY,NOT_APPLICABLE,标题明确为替换耳垫/耳罩，不是可独立使用的完整耳机；细分类目 Earpads 与此一致；判为 ACCESSORY。
B00BWZKKY8,AMBIGUOUS,0.6,NOT_APPLICABLE,1,0,0,0,0,taxonomy_device=1,"Pink Replacement Earbuds Eartips Set Compatible with Monster Tour, urBeats 2.0, Heartbeats 2.0, DiddyBeats and Monster Turbine Pro in-Ear Stereo Earphones",NICKSTON,"Headphones, Earbuds & Accessories",,11,ACCESSORY,NOT_APPLICABLE,标题明确为替换耳塞套，不是可独立使用的完整耳机；结合标题的兼容/替换关系判定；判为 ACCESSORY。 原自动标签为 AMBIGUOUS，本次以商品主体语义和类目复核后更正。
B09CT5Q48G,DEVICE,0.995,EARBUD_INEAR,2,0,1,0,0,taxonomy_device=2;title_device=1,Invisible Smallest Mini Wireless Earbuds Mono Single Earphone Car Discreet Hidden Tiny Sleep Bluetooth Earpiece for Small Ears Work Cell Phones with Microphone in Ear Waterproof Sport Headphones,Loluka,Earbud Headphones,Headphones & Earbuds,50,DEVICE,EARBUD_INEAR,标题主体是完整耳机，后列保护壳/线缆/支架等随附配件（套装不改变主体标签）；判为 DEVICE；形态依据：标题含耳塞/入耳/开放式耳戴设备词，且其主体线索早于头戴式描述。
B08J83TR22,AMBIGUOUS,0.6,NOT_APPLICABLE,2,0,1,1,1,taxonomy_device=2;title_device=1;title_accessory=1;conflict,"iLuv myBuds Wireless Earbuds, Bluetooth 5.3, Built-in Microphone, 20 Hour Playtime, IPX6 Waterproof Protection, Compatible with Apple & Android, Includes Charging Case & 4 Ear Tips, TB100 Yellow",iLuv,Earbud Headphones,Headphones & Earbuds,73389,DEVICE,EARBUD_INEAR,标题描述可独立使用的完整耳机/耳塞设备，细分类目为 Earbud Headphones；判为 DEVICE；形态依据：标题含耳塞/入耳/开放式耳戴设备词，且其主体线索早于头戴式描述。 原自动标签为 AMBIGUOUS，本次以商品主体语义和类目复核后更正。
B07N8397R2,DEVICE,0.98,OVER_EAR,2,0,0,0,0,taxonomy_device=2,Snug Play+ Kids Headphones with Volume Limiting for Toddlers (Boys/Girls) - Aqua,Snug,Over-Ear Headphones,Headphones & Earbuds,25031,DEVICE,OVER_EAR,标题描述可独立使用的完整耳机/耳塞设备，细分类目为 Over-Ear Headphones；判为 DEVICE；形态依据：细分类目为 Over-Ear Headphones。
B00414LBJK,AMBIGUOUS,0.6,NOT_APPLICABLE,0,0,1,0,0,title_device=1,BlueAnt Q2 Smart Bluetooth Headset (Bulk Packaging),BlueAnt,Headphones & Earbuds,Headphones & Earbuds,628,DEVICE,EARBUD_INEAR,标题描述可独立使用的完整耳机/耳塞设备，并含连接、声学或供电功能信息；判为 DEVICE；形态依据：标题语义为手机用单耳/免提蓝牙耳机或有线耳麦。 原自动标签为 AMBIGUOUS，本次以商品主体语义和类目复核后更正。
B009DFN08M,AMBIGUOUS,0.5,NOT_APPLICABLE,0,0,0,0,0,insufficient_evidence,Native Union Pop Phone Retro Handset - POP-BLK-PC-ST - Black PC Soft Touch,Native Union,Headphones & Earbuds,Headphones & Earbuds,16,ACCESSORY,NOT_APPLICABLE,标题主体是替换件、线缆/收纳件、蓝牙接收件、头盔扬声器套件或手机外接听筒，并非完整耳机；判为 ACCESSORY。 原自动标签为 AMBIGUOUS，本次复核后更正。
B0BKQ9MZ9C,DEVICE,0.955,EARBUD_INEAR,2,0,2,1,1,taxonomy_device=2;title_device=2;title_accessory=1;conflict,GOLREX Bluetooth Headphones Wireless Earbuds 36Hrs Playtime Wireless Charging Case Digital LED Display Over-Ear Earphones with Earhook Waterproof Headset with Mic for Sport Running Workout Purple,GOLREX,Earbud Headphones,Headphones & Earbuds,7195,DEVICE,EARBUD_INEAR,标题描述可独立使用的完整耳机/耳塞设备，细分类目为 Earbud Headphones；判为 DEVICE；形态依据：标题含耳塞/入耳/开放式耳戴设备词，且其主体线索早于头戴式描述。
B09FXPHYW5,DEVICE,0.985,EARBUD_INEAR,2,0,3,1,1,taxonomy_device=2;title_device=3;title_accessory=1;conflict,"Soundphonic Apex Pro Truly Wireless in-Ear Noise Canceling Earbuds with Microphone, Bluetooth Earbuds, Charging Case Included with a Secure Fit and Superior Sound- Ivory",Soundphonic,Earbud Headphones,Headphones & Earbuds,58,DEVICE,EARBUD_INEAR,标题主体是完整耳机，后列保护壳/线缆/支架等随附配件（套装不改变主体标签）；判为 DEVICE；形态依据：标题含耳塞/入耳/开放式耳戴设备词，且其主体线索早于头戴式描述。
B0BQMLSHY3,AMBIGUOUS,0.6,NOT_APPLICABLE,1,0,0,0,0,taxonomy_device=1,"LAKKA Bone Conduction Headphones, Open-Ear Headphones Bluetooth 5.3 Sport Headset with Mic, IPX5 Sweatproof Lightweight Wireless Earphone for Running Cycling Driving Workouts, with Earplugs",LAKKA,Open-Ear Headphones,Headphones & Earbuds,865,DEVICE,EARBUD_INEAR,标题描述可独立使用的完整耳机/耳塞设备，细分类目为 Open-Ear Headphones；判为 DEVICE；形态依据：标题含耳塞/入耳/开放式耳戴设备词，且其主体线索早于头戴式描述。 原自动标签为 AMBIGUOUS，本次以商品主体语义和类目复核后更正。
B07HJ3DJJW,ACCESSORY,0.995,NOT_APPLICABLE,0,2,0,2,0,taxonomy_accessory=2;title_accessory=2,"Shadowin Compatible with Airpods Hard Carrying Case - with One Pair of AirPods Hooks, Enhance Your Device Experience Now!",Shadowin,Cases,Cases,47,ACCESSORY,NOT_APPLICABLE,标题明确为保护壳/收纳配件，不是可独立使用的完整耳机；细分类目 Cases 与此一致；判为 ACCESSORY。
B09QNPC8M2,DEVICE,0.995,EARBUD_INEAR,2,0,2,0,0,taxonomy_device=2;title_device=2,JBL Vibe 200TWS True Wireless Earbuds - White,JBL,Earbud Headphones,Headphones & Earbuds,12628,DEVICE,EARBUD_INEAR,标题描述可独立使用的完整耳机/耳塞设备，细分类目为 Earbud Headphones；判为 DEVICE；形态依据：标题含耳塞/入耳/开放式耳戴设备词，且其主体线索早于头戴式描述。
B07LD62FW3,AMBIGUOUS,0.6,NOT_APPLICABLE,2,0,0,1,1,taxonomy_device=2;title_accessory=1;conflict,Wireless Headset with Mic - GLCON Voice Command Call Number Prompt Wireless Earpiece Compatible with iPhone Xs Max X 8 7 Plus Samsung Android - Stereo Sound Cell Phone Earbuds - Black,SAMSUNG,Earbud Headphones,Headphones & Earbuds,126,DEVICE,EARBUD_INEAR,标题描述可独立使用的完整耳机/耳塞设备，细分类目为 Earbud Headphones；判为 DEVICE；形态依据：标题含耳塞/入耳/开放式耳戴设备词，且其主体线索早于头戴式描述。 原自动标签为 AMBIGUOUS，本次以商品主体语义和类目复核后更正。
B00B6IVI6U,AMBIGUOUS,0.5,NOT_APPLICABLE,0,0,0,0,0,insufficient_evidence,Meze 11 Classics W/ Mic and Pouch,BuyMeze.com,Headphones & Earbuds,Headphones & Earbuds,6,DEVICE,EARBUD_INEAR,标题/型号表明是入耳耳塞、手机单耳蓝牙耳机、运动耳机或随身耳塞系统；判为 DEVICE / EARBUD_INEAR。 原自动标签为 AMBIGUOUS，本次复核后更正。
B005MFVH6E,AMBIGUOUS,0.5,NOT_APPLICABLE,0,0,0,0,0,insufficient_evidence,The Gospel According to Matthew (6 Volumes),Oliver B. Greene (Author),Headphones & Earbuds,Headphones & Earbuds,1,AMBIGUOUS,NOT_APPLICABLE,needs_review: 标题“The Gospel According to Matthew (6 Volumes)”未描述完整耳机或明确耳机配件，且与类目“Headphones & Earbuds”不一致/信息残缺；保留 AMBIGUOUS，不强行归类。
B00OXCXF9E,AMBIGUOUS,0.5,NOT_APPLICABLE,0,0,0,0,0,insufficient_evidence,New Earphone Ii Headphone Headset Earbud with Remote & Mic for Xiaomi Mobile Phone (White),xiaomi,Headphones & Earbuds,Headphones & Earbuds,1,DEVICE,EARBUD_INEAR,标题描述可独立使用的完整耳机/耳塞设备，并含连接、声学或供电功能信息；判为 DEVICE；形态依据：标题含耳塞/入耳/开放式耳戴设备词，且其主体线索早于头戴式描述。 原自动标签为 AMBIGUOUS，本次以商品主体语义和类目复核后更正。
B00329OM7S,AMBIGUOUS,0.6,NOT_APPLICABLE,0,0,1,0,0,title_device=1,Hot Pink 3.5mm Metal Stereo Headset Handsfree Soft Gel Earbud with Microphone for LG Chocolate Touch / 8575 Touch / Tritan AX840 / UX840 / enV Touch VX11000 / Incite CT810 / Rhythm AX585 / VX8560 Chocolate 3 / Dare VX9700,HOT,Headphones & Earbuds,Headphones & Earbuds,5,DEVICE,EARBUD_INEAR,标题主体是完整耳机，后列保护壳/线缆/支架等随附配件（套装不改变主体标签）；判为 DEVICE；形态依据：标题含耳塞/入耳/开放式耳戴设备词，且其主体线索早于头戴式描述。 原自动标签为 AMBIGUOUS，本次以商品主体语义和类目复核后更正。
B083BFNLX9,DEVICE,0.98,EARBUD_INEAR,2,0,0,0,0,taxonomy_device=2,ausounds AU-Flex ANC Noise Cancelling LDAC Bluetooth Wireless Planar Magnetic Neckband Earphones,ausounds,Earbud Headphones,Headphones & Earbuds,81,DEVICE,EARBUD_INEAR,标题描述可独立使用的完整耳机/耳塞设备，细分类目为 Earbud Headphones；判为 DEVICE；形态依据：标题含耳塞/入耳/开放式耳戴设备词，且其主体线索早于头戴式描述。
B081K3NWV3,ACCESSORY,0.995,NOT_APPLICABLE,0,2,0,2,0,taxonomy_accessory=2;title_accessory=2,AirPods Pro Case Protective Cover - Silicone Case Compatible with Apple AirPods Pro (Front LED Visible),Caseloop,Cases,Cases,1,ACCESSORY,NOT_APPLICABLE,标题明确为保护壳/收纳配件，不是可独立使用的完整耳机；细分类目 Cases 与此一致；判为 ACCESSORY。
B00ACCH5TU,AMBIGUOUS,0.5,NOT_APPLICABLE,0,0,0,0,0,insufficient_evidence,Reiko 3.5mm Heart-Thumping Golden Bass Earphone - Retail Packaging - Red,Reiko,Headphones & Earbuds,Headphones & Earbuds,1,DEVICE,EARBUD_INEAR,标题描述可独立使用的完整耳机/耳塞设备，并含连接、声学或供电功能信息；判为 DEVICE；形态依据：标题含耳塞/耳机式耳戴设备词，未出现相冲突的头戴形态描述。 原自动标签为 AMBIGUOUS，本次以商品主体语义和类目复核后更正。
B07L62TCFN,AMBIGUOUS,0.5,NOT_APPLICABLE,0,2,2,0,1,taxonomy_accessory=2;title_device=2;conflict,co2CREA Hard Travel Case Replacement for Silensys E7 / Meidong E7B Active Noise Cancelling Bluetooth Headphones (Black Case + Internal Purple),co2CREA,Cases,Cases,547,ACCESSORY,NOT_APPLICABLE,标题明确为保护壳/收纳配件，不是可独立使用的完整耳机；细分类目 Cases 与此一致；判为 ACCESSORY。 原自动标签为 AMBIGUOUS，本次以商品主体语义和类目复核后更正。
B017NFIF2O,DEVICE,0.98,EARBUD_INEAR,2,0,0,0,0,taxonomy_device=2,Ularmo 2015 New Hot In-Ear Wired Bass Stereo Earphone Sport Headset Headphone (black a),CUBBYCAM,Earbud Headphones,Headphones & Earbuds,27,DEVICE,EARBUD_INEAR,标题描述可独立使用的完整耳机/耳塞设备，细分类目为 Earbud Headphones；判为 DEVICE；形态依据：标题含耳塞/入耳/开放式耳戴设备词，且其主体线索早于头戴式描述。
B08RWKMBLY,AMBIGUOUS,0.6,NOT_APPLICABLE,2,0,1,1,1,taxonomy_device=2;title_device=1;title_accessory=1;conflict,FangZhou Bluetooth 5.3 HeadphonesTrue Wireless Earbuds One Key Control with Wireless Charging Case IPX5 Sweat Waterproof Stereo Earphones in-Ear Built-in Mic Headset (White),FangZhou,Earbud Headphones,Headphones & Earbuds,50,DEVICE,EARBUD_INEAR,标题主体是完整耳机，后列保护壳/线缆/支架等随附配件（套装不改变主体标签）；判为 DEVICE；形态依据：标题含耳塞/入耳/开放式耳戴设备词，且其主体线索早于头戴式描述。 原自动标签为 AMBIGUOUS，本次以商品主体语义和类目复核后更正。
B09YGS8ZPG,AMBIGUOUS,0.6,NOT_APPLICABLE,2,0,1,1,1,taxonomy_device=2;title_device=1;title_accessory=1;conflict,"Acuvar Fully Wireless Bluetooth 5.1 Rechargeable IPX4 Waterproof Earbud Headphones with Microphone, 3500mAh USB Smart Dock Charging Case Powerful Surround Stereo Bass and Passive Noise Cancelling",Acuvar,Earbud Headphones,Headphones & Earbuds,17,DEVICE,EARBUD_INEAR,标题主体是完整耳机，后列保护壳/线缆/支架等随附配件（套装不改变主体标签）；判为 DEVICE；形态依据：标题含耳塞/入耳/开放式耳戴设备词，且其主体线索早于头戴式描述。 原自动标签为 AMBIGUOUS，本次以商品主体语义和类目复核后更正。
B01M5KCZLX,AMBIGUOUS,0.6,NOT_APPLICABLE,1,0,0,1,1,taxonomy_device=1;title_accessory=1;conflict,"NEOMUSICIA Replacement Audio Cable for JBL Synchros S700, S400BT, J56BT, S300, S300I, S300a, S500, S700, E40BT, E30, E40, E50BT,S400BT Headphones Black 1.5m/4.5ft",NEW NEOMUSICIA,"Headphones, Earbuds & Accessories",,51,ACCESSORY,NOT_APPLICABLE,标题明确为线缆/转接配件，不是可独立使用的完整耳机；结合标题的兼容/替换关系判定；判为 ACCESSORY。 原自动标签为 AMBIGUOUS，本次以商品主体语义和类目复核后更正。
B07RGFNWSV,ACCESSORY,0.995,NOT_APPLICABLE,0,2,1,1,1,taxonomy_accessory=2;title_device=1;title_accessory=1;conflict,"Beats Solo 2.0/3.0 Replacement Earpads, Protein Leather/Memory Foam Ear Cushion Pads Cover Ear Cups for Beats Solo 2.0/3.0 Wireless On Ear Headphones ONLY,Gray",Tofun,Earpads,Earpads,94,ACCESSORY,NOT_APPLICABLE,标题明确为替换耳垫/耳罩，不是可独立使用的完整耳机；细分类目 Earpads 与此一致；判为 ACCESSORY。
B0C9SNYP46,ACCESSORY,0.98,NOT_APPLICABLE,0,2,0,0,0,taxonomy_accessory=2,beyerdynamic DT 770 PRO Headphones (250 Ohm) Bundle with Compact 4-Channel Stereo Headphone Amplifier (2 Items),beyerdynamic,Amplifiers,Amplifiers,16,DEVICE,OVER_EAR,标题或核验到的规格表明为包耳/环耳/专业监听或大型耳罩式耳机；判为 DEVICE / OVER_EAR。 原自动标签为 ACCESSORY，本次复核后更正。
B07TVSJ15C,ACCESSORY,0.995,NOT_APPLICABLE,0,2,0,2,0,taxonomy_accessory=2;title_accessory=2,"MoKo Case Fit AirPods 1/AirPods 2, Premium PU Leather Vintage Style Snap Closure Protective Cover Carrying Pouch Pocket with Keychain for AirPods 1 & AirPods 2 Earphones Charging Case - Dark Black",MoKo,Cases,Cases,246,ACCESSORY,NOT_APPLICABLE,标题明确为保护壳/收纳配件，不是可独立使用的完整耳机；细分类目 Cases 与此一致；判为 ACCESSORY。
B07ZPG9GBR,ACCESSORY,0.98,NOT_APPLICABLE,0,2,0,0,0,taxonomy_accessory=2,Spigen Rugged Armor Designed for Airpods Pro Case Cover Protective Airpods Pro Case with Keychain - Charcoal,Spigen,Cases,Cases,16445,ACCESSORY,NOT_APPLICABLE,标题明确为保护壳/收纳配件，不是可独立使用的完整耳机；细分类目 Cases 与此一致；判为 ACCESSORY。
B0BJBFLDJK,AMBIGUOUS,0.6,NOT_APPLICABLE,2,0,0,1,1,taxonomy_device=2;title_accessory=1;conflict,"KiiBoom Allure HiFi Beryllium-Plated Diaphragm Dynamic Driver in Ear Earphone IEM with Aluminum Housing, Detachable 4 Core 7N OCC OFC Cable for Audiophile Musician DJ Stage",KiiBoom,Earbud Headphones,Headphones & Earbuds,3,DEVICE,EARBUD_INEAR,标题主体是完整耳机，后列保护壳/线缆/支架等随附配件（套装不改变主体标签）；判为 DEVICE；形态依据：标题含耳塞/入耳/开放式耳戴设备词，且其主体线索早于头戴式描述。 原自动标签为 AMBIGUOUS，本次以商品主体语义和类目复核后更正。
B00X74RYJQ,ACCESSORY,0.94,NOT_APPLICABLE,0,2,1,0,1,taxonomy_accessory=2;title_device=1;conflict,Crazy Genie Portable Protective PU Leather Case Cover Bag Pouch Box for LG HBS 730 700W 750 800 900 Stereo Wireless Bluetooth Headset,Crazy Genie,Cases,Cases,6,ACCESSORY,NOT_APPLICABLE,标题明确为保护壳/收纳配件，不是可独立使用的完整耳机；细分类目 Cases 与此一致；判为 ACCESSORY。
B00NJ6VQ82,AMBIGUOUS,0.5,NOT_APPLICABLE,0,0,0,0,0,insufficient_evidence,"Essential Warm Black Well Baby 12, Papyrus Bold",ISTOYO,Headphones & Earbuds,Headphones & Earbuds,7,AMBIGUOUS,NOT_APPLICABLE,"needs_review: 标题“Essential Warm Black Well Baby 12, Papyrus Bold”未描述完整耳机或明确耳机配件，且与类目“Headphones & Earbuds”不一致/信息残缺；保留 AMBIGUOUS，不强行归类。"
B081MWCNJM,ACCESSORY,0.98,NOT_APPLICABLE,0,2,0,0,0,taxonomy_accessory=2,"Mulafnxal for Airpods Pro 2019/Pro 2 Gen 2022 Case, Cute 3D Funny Animal Cartoon Character Soft Silicone Air pods Pro Cover, Fun Cool Skin,Stylish Fashion Keychain Kits Cases for Airpod Pro (Shy Duck)",Mulafnxal,Cases,Cases,23,ACCESSORY,NOT_APPLICABLE,标题明确为保护壳/收纳配件，不是可独立使用的完整耳机；细分类目 Cases 与此一致；判为 ACCESSORY。
B07G26J5TN,ACCESSORY,0.995,NOT_APPLICABLE,0,2,0,1,0,taxonomy_accessory=2;title_accessory=1,"Voken AirPods Case with Strap,AirPods Holder,Protective Silicone Cover with Carabiner Compatible with Apple Airpods Accessories (Black)",Voken,Cases,Cases,10,ACCESSORY,NOT_APPLICABLE,标题明确为保护壳/收纳配件，不是可独立使用的完整耳机；细分类目 Cases 与此一致；判为 ACCESSORY。
B0BMGBMHPT,AMBIGUOUS,0.5,NOT_APPLICABLE,2,0,1,2,1,taxonomy_device=2;title_device=1;title_accessory=2;conflict,"Wireless Earbuds, Bluetooth 5.3 Earphones 42H Playtime with Built in Microphone Ear Buds, IPX7 Waterproof Auto Pairing Touch Control Headset with Charging Case for Sport Airpod Samsung iPhone Black",KUKIUUBK,Earbud Headphones,Headphones & Earbuds,12,DEVICE,EARBUD_INEAR,标题主体是完整耳机，后列保护壳/线缆/支架等随附配件（套装不改变主体标签）；判为 DEVICE；形态依据：标题含耳塞/入耳/开放式耳戴设备词，且其主体线索早于头戴式描述。 原自动标签为 AMBIGUOUS，本次以商品主体语义和类目复核后更正。
B09BV3XXBF,DEVICE,0.955,EARBUD_INEAR,2,0,2,1,1,taxonomy_device=2;title_device=2;title_accessory=1;conflict,"Wireless Earbuds, Bluetooth Earbuds in Ear w/Wireless Charging Case/USB-C, Wireless Earphones Hi-Fi Sound, Bluetooth 5.0 Headphones w/Microphone, Touch Control/25H/IPX7 for Sports/Work/3 Modes",Bloomleyy,Earbud Headphones,Headphones & Earbuds,64,DEVICE,EARBUD_INEAR,标题描述可独立使用的完整耳机/耳塞设备，细分类目为 Earbud Headphones；判为 DEVICE；形态依据：标题含耳塞/入耳/开放式耳戴设备词，且其主体线索早于头戴式描述。
B0CBDVTYK2,AMBIGUOUS,0.6,NOT_APPLICABLE,2,0,1,1,1,taxonomy_device=2;title_device=1;title_accessory=1;conflict,"Open Ear Earbuds Sport Open Earbuds Wireless Bluetooth Earbuds with Earhooks 30Hrs Playtime with Charging Case and LED Power Display Sweat Resistant for Outdoor Sports, Running and Workouts, Black",Ertuly,Earbud Headphones,Headphones & Earbuds,27,DEVICE,EARBUD_INEAR,标题主体是完整耳机，后列保护壳/线缆/支架等随附配件（套装不改变主体标签）；判为 DEVICE；形态依据：标题含耳塞/入耳/开放式耳戴设备词，且其主体线索早于头戴式描述。 原自动标签为 AMBIGUOUS，本次以商品主体语义和类目复核后更正。
B00CXZED6M,AMBIGUOUS,0.5,NOT_APPLICABLE,0,0,0,0,0,insufficient_evidence,Skullcandy Navigator Black/Black Mic1,Skullcandy,Headphones & Earbuds,Headphones & Earbuds,29,DEVICE,ON_EAR,标题中的便携/折叠/儿童/头带式线索或核验到的厂商规格表明耳垫压在耳廓上；判为 DEVICE / ON_EAR。 原自动标签为 AMBIGUOUS，本次复核后更正。
B081W65LX2,AMBIGUOUS,0.6,NOT_APPLICABLE,2,0,2,2,1,taxonomy_device=2;title_device=2;title_accessory=2;conflict,16pcs (B-4sz) Replacement Eartips Adapters Compatible with Blackweb True Wireless Earbuds Earphones,NICKSTON,Earbud Headphones,Headphones & Earbuds,22,ACCESSORY,NOT_APPLICABLE,标题明确为替换耳塞套，不是可独立使用的完整耳机；结合标题的兼容/替换关系判定；判为 ACCESSORY。 原自动标签为 AMBIGUOUS，本次以商品主体语义和类目复核后更正。
B09QS2K7XW,ACCESSORY,0.995,NOT_APPLICABLE,0,2,1,1,1,taxonomy_accessory=2;title_device=1;title_accessory=1;conflict,"Professional Ear Pads Cushions Replacement, Earpads Compatible with Beats Solo2 & Solo3 Wireless On-Ear Headphones with Soft Protein Leather/Strong Adhesive Tape",SoloWIT,Earpads,Earpads,15420,ACCESSORY,NOT_APPLICABLE,标题明确为替换耳垫/耳罩，不是可独立使用的完整耳机；细分类目 Earpads 与此一致；判为 ACCESSORY。
B01EHQFALQ,DEVICE,0.98,EARBUD_INEAR,2,0,0,0,0,taxonomy_device=2,Beyution Wireless Headphones Bluetooth Sport Headset Stereo Noise Cancelling Sweatproof Headset Earphone Built-in Micphone for iPhone Samsung Galaxy and Andoid Smartphones,Beyution,Earbud Headphones,Headphones & Earbuds,55,DEVICE,EARBUD_INEAR,标题描述可独立使用的完整耳机/耳塞设备，细分类目为 Earbud Headphones；判为 DEVICE；形态依据：标题含耳塞/耳机式耳戴设备词，未出现相冲突的头戴形态描述。
B01FD4NEGE,AMBIGUOUS,0.5,NOT_APPLICABLE,0,0,0,0,0,insufficient_evidence,Cameron sino 700mAh Replacement PF056001AA Rechargeable Battery for Parrot Zik Headphones (Zik First Generation Headphones),Cameron Sino,Headphones & Earbuds,Headphones & Earbuds,1,ACCESSORY,NOT_APPLICABLE,标题主体是替换件、线缆/收纳件、蓝牙接收件、头盔扬声器套件或手机外接听筒，并非完整耳机；判为 ACCESSORY。 原自动标签为 AMBIGUOUS，本次复核后更正。
B07ZVX6J34,ACCESSORY,0.995,NOT_APPLICABLE,0,2,0,1,0,taxonomy_accessory=2;title_accessory=1,"ADWLOF Compatible for AirPods Pro Case with Keychain, Wireless Charging Supporting, Shockproof Protective Silicone Cover Skin for AirPods Pro Charging Case Series 3",ADWLOF,Cases,Cases,339,ACCESSORY,NOT_APPLICABLE,标题明确为保护壳/收纳配件，不是可独立使用的完整耳机；细分类目 Cases 与此一致；判为 ACCESSORY。
B0953G76S7,DEVICE,0.995,EARBUD_INEAR,2,0,3,0,0,taxonomy_device=2;title_device=3,"Tecno True Wireless Bluetooth Earbuds with Microphone, CVC 8.0 Environmental Noise Cancellation Headphones and Deep Bass, Low Latency Earbuds Built-in Mic, Waterproof Touch Control, BDE01",TECNO,Earbud Headphones,Headphones & Earbuds,143,DEVICE,EARBUD_INEAR,标题主体是完整耳机，后列保护壳/线缆/支架等随附配件（套装不改变主体标签）；判为 DEVICE；形态依据：标题含耳塞/入耳/开放式耳戴设备词，且其主体线索早于头戴式描述。
B077HRLLJF,AMBIGUOUS,0.6,NOT_APPLICABLE,1,0,1,1,1,taxonomy_device=1;title_device=1;title_accessory=1;conflict,"Compatible with Airpods Strap 3 Pack , MAIRUI Soft Silicone Anti-lost Rope Wireless Bluetooth Earbuds Extra Long Neckband Cable Connector for Iphone X Apple Airpods Accessories",MAIRUI,"Headphones, Earbuds & Accessories",,6,ACCESSORY,NOT_APPLICABLE,标题明确为线缆/转接配件，不是可独立使用的完整耳机；结合标题的兼容/替换关系判定；判为 ACCESSORY。 原自动标签为 AMBIGUOUS，本次以商品主体语义和类目复核后更正。
B07T2YZMRY,ACCESSORY,0.98,NOT_APPLICABLE,0,2,0,0,0,taxonomy_accessory=2,"MOYAGOA Dongle Adapter Compatible 3.5mm Headphone Jack Adapter, 3 in 1 Aux Audio Headphone Jack Adapter with Music Play Charge Cable Charger Connector Applicable for Phone 7/7 Plus/8/8 Plus",MOYAGOA,Adapters,Adapters,12,ACCESSORY,NOT_APPLICABLE,标题明确为线缆/转接配件，不是可独立使用的完整耳机；细分类目 Adapters 与此一致；判为 ACCESSORY。
B004DAC240,AMBIGUOUS,0.5,NOT_APPLICABLE,0,0,0,0,0,insufficient_evidence,Airwalk Unisex AWW-5060-BL Analog Watch,Airwalk,Headphones & Earbuds,Headphones & Earbuds,1,AMBIGUOUS,NOT_APPLICABLE,needs_review: 标题“Airwalk Unisex AWW-5060-BL Analog Watch”未描述完整耳机或明确耳机配件，且与类目“Headphones & Earbuds”不一致/信息残缺；保留 AMBIGUOUS，不强行归类。
B093RW9X27,AMBIGUOUS,0.6,NOT_APPLICABLE,2,0,1,1,1,taxonomy_device=2;title_device=1;title_accessory=1;conflict,"Wireless Bluetooth Earbuds IPX7 Waterproof Wireless Bluetooth with Microphone Charging Case 30H Playtime,Pop-ups Auto Pairing Hi-Fi Stereo Sound Headset for iPhone/Samsung/iOS/Android",Qosea,Earbud Headphones,Headphones & Earbuds,9,DEVICE,EARBUD_INEAR,标题主体是完整耳机，后列保护壳/线缆/支架等随附配件（套装不改变主体标签）；判为 DEVICE；形态依据：标题含耳塞/入耳/开放式耳戴设备词，且其主体线索早于头戴式描述。 原自动标签为 AMBIGUOUS，本次以商品主体语义和类目复核后更正。
B07F9VN7XX,DEVICE,0.98,EARBUD_INEAR,2,0,0,0,0,taxonomy_device=2,B-comfort Car Back Seat Organizer for Kids with iPad Holder-Large Backseat Protector Kick Mat-Universal Travel Accessory for Babies/Toddlers/Teens for Auto/Vehicle/Truck/SUV/Jeep (1 Pack),NewRang,Earbud Headphones,Headphones & Earbuds,3,ACCESSORY,NOT_APPLICABLE,标题明确为支架/挂架，不是可独立使用的完整耳机；结合标题的兼容/替换关系判定；判为 ACCESSORY。 原自动标签为 DEVICE，本次以商品主体语义和类目复核后更正。
B083GZ8NVD,ACCESSORY,0.995,NOT_APPLICABLE,0,2,0,2,0,taxonomy_accessory=2;title_accessory=2,"Geekria Comfort Velour Replacement Ear Pads for Bose QCSE QC45, QC35, QC35 ii, QC35 ii Gaming, QC15 QC25, AE2, AE2i, AE2w, SoundTrue, SoundLink AE, Headphones Earpads/Ear Cushion",GEEKRIA,Earpads,Earpads,92,ACCESSORY,NOT_APPLICABLE,标题明确为替换耳垫/耳罩，不是可独立使用的完整耳机；细分类目 Earpads 与此一致；判为 ACCESSORY。
B07FKPJHMC,DEVICE,0.97,EARBUD_INEAR,2,0,4,2,1,taxonomy_device=2;title_device=4;title_accessory=2;conflict,"Wireless Earbuds Stereo,Bluetooth Headphones Earphones Earbud with Mic Mini In-Ear Earbuds Earphones Earpiece Sweatproof Sports Earbuds with Charging Case for Apple iPhone Android (White.1)",MUJOY,Earbud Headphones,Headphones & Earbuds,1,DEVICE,EARBUD_INEAR,标题主体是完整耳机，后列保护壳/线缆/支架等随附配件（套装不改变主体标签）；判为 DEVICE；形态依据：标题含耳塞/入耳/开放式耳戴设备词，且其主体线索早于头戴式描述。
B082W98QTS,AMBIGUOUS,0.6,NOT_APPLICABLE,2,0,1,1,1,taxonomy_device=2;title_device=1;title_accessory=1;conflict,OnE StonE Two Birds Earphone with Microphone Voice Changer in Ear Headphone 3.5mm Wired Earbuds with S/M/L Eartips for Android Phones MP3/4 PS4(Black),OnE StonE Two Birds,Earbud Headphones,Headphones & Earbuds,62,DEVICE,EARBUD_INEAR,标题主体是完整耳机，后列保护壳/线缆/支架等随附配件（套装不改变主体标签）；判为 DEVICE；形态依据：标题含耳塞/入耳/开放式耳戴设备词，且其主体线索早于头戴式描述。 原自动标签为 AMBIGUOUS，本次以商品主体语义和类目复核后更正。
B00XUKWEVA,AMBIGUOUS,0.5,NOT_APPLICABLE,0,0,0,0,0,insufficient_evidence,JVC HAS140P Lightweight On-Ear Headband Headphones (Pink),JVC,Headphones & Earbuds,Headphones & Earbuds,31,DEVICE,ON_EAR,标题描述可独立使用的完整耳机/耳塞设备，并含连接、声学或供电功能信息；判为 DEVICE；形态依据：标题明确为 on-ear/supra-aural，或该形态是最先出现的主体描述。 原自动标签为 AMBIGUOUS，本次以商品主体语义和类目复核后更正。
B010DYDVOE,AMBIGUOUS,0.6,NOT_APPLICABLE,2,0,1,1,1,taxonomy_device=2;title_device=1;title_accessory=1;conflict,Mediabridge Cadence Wireless Bluetooth Headphones Neckband with Built-in Microphone for Exercise/Running/Working Out - Includes Premium EVA Carrying Case - (Part# HSBT-OE1-WG1),Mediabridge,Earbud Headphones,Headphones & Earbuds,29,DEVICE,EARBUD_INEAR,标题主体是完整耳机，后列保护壳/线缆/支架等随附配件（套装不改变主体标签）；判为 DEVICE；形态依据：标题含耳塞/入耳/开放式耳戴设备词，且其主体线索早于头戴式描述。 原自动标签为 AMBIGUOUS，本次以商品主体语义和类目复核后更正。
B0BW5ZM25L,DEVICE,0.955,EARBUD_INEAR,2,0,2,1,1,taxonomy_device=2;title_device=2;title_accessory=1;conflict,"Fuhaiti Bluetooth Earbuds, Wireless Earbuds Bluetooth 5.3 Headphones with Charging Case Low Latency IPX7 Waterproof 35H Playtime Stereo Earphones in-Ear Built-in Mic Headset",Fuhaiti,Earbud Headphones,Headphones & Earbuds,40,DEVICE,EARBUD_INEAR,标题主体是完整耳机，后列保护壳/线缆/支架等随附配件（套装不改变主体标签）；判为 DEVICE；形态依据：标题含耳塞/入耳/开放式耳戴设备词，且其主体线索早于头戴式描述。
B00TFSJUO0,AMBIGUOUS,0.5,NOT_APPLICABLE,0,0,0,0,0,insufficient_evidence,iQualTech Sports Earphones for iPhone - Dual Speaker/Driver Earphones with Microphone for Handsfree Calling and Remote Earphones,iQualTech,Headphones & Earbuds,Headphones & Earbuds,45,DEVICE,EARBUD_INEAR,标题主体是完整耳机，后列保护壳/线缆/支架等随附配件（套装不改变主体标签）；判为 DEVICE；形态依据：标题含耳塞/耳机式耳戴设备词，未出现相冲突的头戴形态描述。 原自动标签为 AMBIGUOUS，本次以商品主体语义和类目复核后更正。
B00CMMGY9A,AMBIGUOUS,0.5,NOT_APPLICABLE,0,0,0,0,0,insufficient_evidence,TMNT 3D KINABIs - Leonardo,Nabi,Headphones & Earbuds,Headphones & Earbuds,5,AMBIGUOUS,NOT_APPLICABLE,needs_review: 标题“TMNT 3D KINABIs - Leonardo”未描述完整耳机或明确耳机配件，且与类目“Headphones & Earbuds”不一致/信息残缺；保留 AMBIGUOUS，不强行归类。
B0B9FH8TJJ,AMBIGUOUS,0.6,NOT_APPLICABLE,2,0,1,1,1,taxonomy_device=2;title_device=1;title_accessory=1;conflict,Wired Over Ear Headphones Mixing DJ Stereo Headsets with Removable Audio Cable for Various Devices CERWIN Vega HB1 Black,Cerwin Vega Mobile CV,Over-Ear Headphones,Headphones & Earbuds,3,DEVICE,OVER_EAR,标题主体是完整耳机，后列保护壳/线缆/支架等随附配件（套装不改变主体标签）；判为 DEVICE；形态依据：标题明确为 over-ear/around-ear/full-size，且该形态是最先出现的主体描述。 原自动标签为 AMBIGUOUS，本次以商品主体语义和类目复核后更正。
B0972GX3DX,DEVICE,0.955,EARBUD_INEAR,2,0,2,1,1,taxonomy_device=2;title_device=2;title_accessory=1;conflict,KBCASE Wireless Earbuds Bluetooth Earbuds with Charging Case TWS Bluetooth Headphones in Ear Stereo Earphones IPX6 Waterproof Sports Headphones Headset,KBCASE,Earbud Headphones,Headphones & Earbuds,159,DEVICE,EARBUD_INEAR,标题主体是完整耳机，后列保护壳/线缆/支架等随附配件（套装不改变主体标签）；判为 DEVICE；形态依据：标题含耳塞/入耳/开放式耳戴设备词，且其主体线索早于头戴式描述。
B005MGSTMS,AMBIGUOUS,0.6,NOT_APPLICABLE,0,0,1,0,0,title_device=1,2 New Grey Earhooks for Motorola H700 H710 H715 H721 Wireless Bluetooth Headset Ear Hook Loop Clip Earhook Hooks Loops Clips Earloop Earclip Earloops Earclip Replacement Part Parts,JP-American BT Accessories,Headphones & Earbuds,Headphones & Earbuds,30,ACCESSORY,NOT_APPLICABLE,标题明确为支架/挂架，不是可独立使用的完整耳机；结合标题的兼容/替换关系判定；判为 ACCESSORY。 原自动标签为 AMBIGUOUS，本次以商品主体语义和类目复核后更正。
B0040HHBRE,AMBIGUOUS,0.5,NOT_APPLICABLE,0,0,0,0,0,insufficient_evidence,"Skullcandy Aviator 3.5 mm Binaural Head-Band Black Headset - Auriculares con micrófono (PC/Gaming, 0-40 °C, -20-45 °C, Binaural, Head-Band, Black)",Skullcandy,Headphones & Earbuds,Headphones & Earbuds,50,DEVICE,OVER_EAR,标题描述可独立使用的完整耳机/耳塞设备，并含连接、声学或供电功能信息；判为 DEVICE；形态依据：标题语义为带耳罩的游戏/办公/监听头戴式耳机。 原自动标签为 AMBIGUOUS，本次以商品主体语义和类目复核后更正。
B08THQWHNK,ACCESSORY,0.995,NOT_APPLICABLE,0,2,0,1,0,taxonomy_accessory=2;title_accessory=1,"2 Pairs Ear Hooks Compatible with Apple AirPods 3, 1, 2 and Pro, 1 PCS Transparent Beautiful Storage Box (2 Pairs White)",SUOFEIK,Earpads,Earpads,133,ACCESSORY,NOT_APPLICABLE,标题明确为替换耳垫/耳罩，不是可独立使用的完整耳机；细分类目 Earpads 与此一致；判为 ACCESSORY。
B001YIKLTC,AMBIGUOUS,0.5,NOT_APPLICABLE,0,0,0,0,0,insufficient_evidence,Jabra BT8010 BluetoothÂ Mono (1 pcs),Jabra,Headphones & Earbuds,Headphones & Earbuds,66,DEVICE,EARBUD_INEAR,标题/型号表明是入耳耳塞、手机单耳蓝牙耳机、运动耳机或随身耳塞系统；判为 DEVICE / EARBUD_INEAR。 原自动标签为 AMBIGUOUS，本次复核后更正。
B07GWVPYHN,AMBIGUOUS,0.6,NOT_APPLICABLE,2,0,0,1,1,taxonomy_device=2;title_accessory=1;conflict,"Soundcore Anker Liberty Air True-Wireless Earphones with Charging Case, Bluetooth 5, 20 Hour Battery Life, Touch Control Earbuds, Graphene Enhanced Sound, Noise-Cancelling Microphones, and Secure Fit",Soundcore,Earbud Headphones,Headphones & Earbuds,2561,DEVICE,EARBUD_INEAR,标题主体是完整耳机，后列保护壳/线缆/支架等随附配件（套装不改变主体标签）；判为 DEVICE；形态依据：标题含耳塞/入耳/开放式耳戴设备词，且其主体线索早于头戴式描述。 原自动标签为 AMBIGUOUS，本次以商品主体语义和类目复核后更正。
B07MTGMM8Z,DEVICE,0.985,EARBUD_INEAR,2,0,3,1,1,taxonomy_device=2;title_device=3;title_accessory=1;conflict,"FALWEDI True Wireless Earbuds, 6H Continuous 40H Cyclic Playtime 5.0 Bluetooth Earbuds, Binaural Stereo Deep Bass Wireless Earbuds with 2 Mic and Charging Case",FALWEDI,Earbud Headphones,Headphones & Earbuds,2471,DEVICE,EARBUD_INEAR,标题主体是完整耳机，后列保护壳/线缆/支架等随附配件（套装不改变主体标签）；判为 DEVICE；形态依据：标题含耳塞/入耳/开放式耳戴设备词，且其主体线索早于头戴式描述。
B07V2GPS8C,DEVICE,0.955,EARBUD_INEAR,2,0,2,1,1,taxonomy_device=2;title_device=2;title_accessory=1;conflict,"[Upgraded Version] TRANYA B530 Bluetooth 5.0 Deep Bass True Wireless Earbuds, Aptx/AAC Compatible Sports Wireless Headphone with CVC8.0 Noise Cancellation, 80 Hours Playtime with Charging Case",TRANYA,Earbud Headphones,Headphones & Earbuds,6780,DEVICE,EARBUD_INEAR,标题主体是完整耳机，后列保护壳/线缆/支架等随附配件（套装不改变主体标签）；判为 DEVICE；形态依据：标题含耳塞/入耳/开放式耳戴设备词，且其主体线索早于头戴式描述。
B00N1U2UNG,AMBIGUOUS,0.6,NOT_APPLICABLE,0,0,0,1,0,title_accessory=1,WONFAST [Leaves Magnetic] Premium PU Leather Wallet Case with Stand Credit Card Holder Flip Case Cover for Samsung Galaxy S7 (Brown),WONFAST,Headphones & Earbuds,Headphones & Earbuds,49,ACCESSORY,NOT_APPLICABLE,标题明确为保护壳/收纳配件，不是可独立使用的完整耳机；结合标题的兼容/替换关系判定；判为 ACCESSORY。 原自动标签为 AMBIGUOUS，本次以商品主体语义和类目复核后更正。
B01L2UOY4Y,ACCESSORY,0.98,NOT_APPLICABLE,0,2,0,0,0,taxonomy_accessory=2,Bistro Chef Kitchen Towel Set 7 Piece Towels Pot Holders Oven Mitt & Dishcloth Decorative Design Everyday Use,IKHISHIAmerican Linen,Adapters,Adapters,4,ACCESSORY,NOT_APPLICABLE,标题明确为线缆/转接配件，不是可独立使用的完整耳机；细分类目 Adapters 与此一致；判为 ACCESSORY。
B073QXT2TF,AMBIGUOUS,0.5,NOT_APPLICABLE,0,0,0,0,0,insufficient_evidence,DiMarzio DP172C Twang King Neck Pickup Chrome w/Bonus Deluxe RIS Picks (x3) 663334010130,DiMarzio,Headphones & Earbuds,Headphones & Earbuds,1,AMBIGUOUS,NOT_APPLICABLE,needs_review: 标题“DiMarzio DP172C Twang King Neck Pickup Chrome w/Bonus Deluxe RIS Picks (x3) 663334010130”未描述完整耳机或明确耳机配件，且与类目“Headphones & Earbuds”不一致/信息残缺；保留 AMBIGUOUS，不强行归类。
B07CBNTT7C,ACCESSORY,0.98,NOT_APPLICABLE,0,2,0,0,0,taxonomy_accessory=2,"AGVEE USB-C to 3.5mm Headphones Adapter, Type-C Aux Jack Earbuds Splitter, USBC Audio TRRS Mic Earphones Dongle, PD & QC Charging for Samsung S21 S20, Note 20 10, iPad Pro, Pixel 2 3 4 XL",AGVEE,Adapters,Adapters,62,ACCESSORY,NOT_APPLICABLE,标题明确为线缆/转接配件，不是可独立使用的完整耳机；细分类目 Adapters 与此一致；判为 ACCESSORY。
B012V8DORE,AMBIGUOUS,0.5,NOT_APPLICABLE,0,0,0,0,0,insufficient_evidence,"Granvela Dual Driver Hi Definition Ear Buds, V2 Musician's in Ear Headohones (Red",Granvela,Headphones & Earbuds,Headphones & Earbuds,40,DEVICE,EARBUD_INEAR,标题/型号表明是入耳耳塞、手机单耳蓝牙耳机、运动耳机或随身耳塞系统；判为 DEVICE / EARBUD_INEAR。 原自动标签为 AMBIGUOUS，本次复核后更正。
B0792XNXQW,AMBIGUOUS,0.6,NOT_APPLICABLE,2,0,1,1,1,taxonomy_device=2;title_device=1;title_accessory=1;conflict,Mokata Foldable Headphones Wireless Bluetooth Headphones Over Ear Built-in Mic SD Card Slot 3.5mm Audio Jack Cable for TV PC Tablet iPhone iPod Cellphone B015 Blue,Mokata,Over-Ear Headphones,Headphones & Earbuds,12,DEVICE,OVER_EAR,标题描述可独立使用的完整耳机/耳塞设备，细分类目为 Over-Ear Headphones；判为 DEVICE；形态依据：标题明确为 over-ear/around-ear/full-size，且该形态是最先出现的主体描述。 原自动标签为 AMBIGUOUS，本次以商品主体语义和类目复核后更正。
B085CC8KSJ,ACCESSORY,0.995,NOT_APPLICABLE,0,2,0,3,0,taxonomy_accessory=2;title_accessory=3,"Laffav AirPods 2 & 1 Case for Women Men (Front LED Visible) Soft Silicone Protective Cover Compatible with Apple AirPods 2 & 1, 2 Pack, Black, Lilac",Laffav,Cases,Cases,12137,ACCESSORY,NOT_APPLICABLE,标题明确为保护壳/收纳配件，不是可独立使用的完整耳机；细分类目 Cases 与此一致；判为 ACCESSORY。
B0972KDLV9,DEVICE,0.955,EARBUD_INEAR,2,0,2,1,1,taxonomy_device=2;title_device=2;title_accessory=1;conflict,"KBCASE Bluetooth Headphones Wireless Earbud Headphones in-Ear Earphones with Charging Case LED Power Display Earphones with Mic, Bluetooth Headset for Phone/Sport/Android",KBCASE,Earbud Headphones,Headphones & Earbuds,166,DEVICE,EARBUD_INEAR,标题主体是完整耳机，后列保护壳/线缆/支架等随附配件（套装不改变主体标签）；判为 DEVICE；形态依据：标题含耳塞/入耳/开放式耳戴设备词，且其主体线索早于头戴式描述。
B08T7CCTT3,ACCESSORY,0.995,NOT_APPLICABLE,0,2,0,1,0,taxonomy_accessory=2;title_accessory=1,KWUY Leather AirPods Case Headphone Case for Airpods Pro Earphone Bags Earpods Accessories - Navy Blue,KWUY,Cases,Cases,12,ACCESSORY,NOT_APPLICABLE,标题明确为保护壳/收纳配件，不是可独立使用的完整耳机；细分类目 Cases 与此一致；判为 ACCESSORY。
B0BVHNLJGL,AMBIGUOUS,0.6,NOT_APPLICABLE,2,0,1,1,1,taxonomy_device=2;title_device=1;title_accessory=1;conflict,Wireless Earbuds Bluetooth 5.0 Headphones HiFi Stereo Noise Cancelling with Wireless Charging Case Digital LED Intelligence Display IPX5 Waterproof Earphones Built-in Mic Headset for Sports (Black),Qesskaa,Earbud Headphones,Headphones & Earbuds,55,DEVICE,EARBUD_INEAR,标题主体是完整耳机，后列保护壳/线缆/支架等随附配件（套装不改变主体标签）；判为 DEVICE；形态依据：标题含耳塞/入耳/开放式耳戴设备词，且其主体线索早于头戴式描述。 原自动标签为 AMBIGUOUS，本次以商品主体语义和类目复核后更正。
B085CC7QK2,ACCESSORY,0.98,NOT_APPLICABLE,0,2,0,0,0,taxonomy_accessory=2,"Laffav Airpods Case Soft Silicone Protective Shockproof Wireless Charging Airpod Earbuds Case Cover Skin with Keychain kit Set for Apple AirPods 1 & 2, 2 Pack, Black, Sand Pink",Laffav,Cases,Cases,12141,ACCESSORY,NOT_APPLICABLE,标题明确为保护壳/收纳配件，不是可独立使用的完整耳机；细分类目 Cases 与此一致；判为 ACCESSORY。
B002PU9U0E,AMBIGUOUS,0.6,NOT_APPLICABLE,2,0,1,1,1,taxonomy_device=2;title_device=1;title_accessory=1;conflict,JayBird uSport Bluetooth Adapter for 3.5mm Devices - Bluetooth Headset - Retail Packaging - Black (Discontinued by Manufacturer),Jaybird,On-Ear Headphones,Headphones & Earbuds,100,ACCESSORY,NOT_APPLICABLE,标题明确为线缆/转接配件，不是可独立使用的完整耳机；结合标题的兼容/替换关系判定；判为 ACCESSORY。 原自动标签为 AMBIGUOUS，本次以商品主体语义和类目复核后更正。
B07L641PTL,ACCESSORY,0.995,NOT_APPLICABLE,0,2,1,1,1,taxonomy_accessory=2;title_device=1;title_accessory=1;conflict,co2crea Hard Travel Case for Sennheiser PXC 550-II PXC 550 NoiseGard Adaptive Noise Cancelling Bluetooth Headphone,co2CREA,Cases,Cases,171,ACCESSORY,NOT_APPLICABLE,标题明确为保护壳/收纳配件，不是可独立使用的完整耳机；细分类目 Cases 与此一致；判为 ACCESSORY。
B07W5N9DD2,ACCESSORY,0.995,NOT_APPLICABLE,0,2,0,2,0,taxonomy_accessory=2;title_accessory=2,"Joyleop(Luminous Ghost) Compatible with Airpods 1/ 2 Case Cover, 3D Cute Cartoon Funny Fun Cool Kawaii Fashion Chic, Silicone Airpod Character Design Skin Keychain,Girls Boys Teens, Case for Air pods",Joyleop,Cases,Cases,632,ACCESSORY,NOT_APPLICABLE,标题明确为保护壳/收纳配件，不是可独立使用的完整耳机；细分类目 Cases 与此一致；判为 ACCESSORY。
B08C6XS6S7,DEVICE,0.995,EARBUD_INEAR,2,0,2,0,0,taxonomy_device=2;title_device=2,"KZ S2 Hybrid Dual Driver in Ear Earphones, TWS True Wireless Bluetooth 5.0 Earbuds with Microphone, 1DD+1BA HiFi Headsets for Sports/Workout/Game/Music (Black)",erjigo,Earbud Headphones,Headphones & Earbuds,30,DEVICE,EARBUD_INEAR,标题主体是完整耳机，后列保护壳/线缆/支架等随附配件（套装不改变主体标签）；判为 DEVICE；形态依据：标题含耳塞/入耳/开放式耳戴设备词，且其主体线索早于头戴式描述。
B0071GSMKQ,AMBIGUOUS,0.6,NOT_APPLICABLE,0,0,1,0,0,title_device=1,3 New Black Ear Hooks for Motorola HK210 HK201 HK202 HK100 HK200 H12 H15 H270 H780 H620 H560 H390 H385 H375 H371 H790 H680 H681 H690 H691 H695 Bluetooth Headset Ear Loops Clips Stabilizers Earhooks Earloops Earclips Earstabilizers Replacement Replacement,Pl,Headphones & Earbuds,Headphones & Earbuds,9,ACCESSORY,NOT_APPLICABLE,标题明确为耳机配件，不是可独立使用的完整耳机；结合标题的兼容/替换关系判定；判为 ACCESSORY。 原自动标签为 AMBIGUOUS，本次以商品主体语义和类目复核后更正。
B07JMS1BHH,AMBIGUOUS,0.5,NOT_APPLICABLE,0,0,0,0,0,insufficient_evidence,Professional Grade Headset Over The Head Boom Microphone Black Compatible with ZTE Z432,Hedocell,Headphones & Earbuds,Headphones & Earbuds,1,DEVICE,ON_EAR,标题中的便携/折叠/儿童/头带式线索或核验到的厂商规格表明耳垫压在耳廓上；判为 DEVICE / ON_EAR。 原自动标签为 AMBIGUOUS，本次复核后更正。
B0BKP11CMJ,DEVICE,0.995,EARBUD_INEAR,2,0,2,0,0,taxonomy_device=2;title_device=2,"SAMSUNG Galaxy Buds 2 True Wireless Earbuds Noise Cancelling Ambient Sound Bluetooth Lightweight Comfort Fit Touch Control US Version, Olive Green",SAMSUNG,Earbud Headphones,Headphones & Earbuds,15312,DEVICE,EARBUD_INEAR,标题描述可独立使用的完整耳机/耳塞设备，细分类目为 Earbud Headphones；判为 DEVICE；形态依据：标题含耳塞/入耳/开放式耳戴设备词，且其主体线索早于头戴式描述。
B0BHNTTXJW,ACCESSORY,0.94,NOT_APPLICABLE,2,0,0,2,1,taxonomy_device=2;title_accessory=2;conflict,"Yunsailing 10 Pcs Donut Earbuds for Kids, Cute Earbud Kids Earbuds for School Earphones for Kids Wired Earbud Case for Boys and Girls Birthday Gifts Earphones Storage Case",Yunsailing,Earbud Headphones,Headphones & Earbuds,3,DEVICE,EARBUD_INEAR,标题/型号表明是入耳耳塞、手机单耳蓝牙耳机、运动耳机或随身耳塞系统；判为 DEVICE / EARBUD_INEAR。 原自动标签为 ACCESSORY，本次复核后更正。
B09KLQ98CS,ACCESSORY,0.995,NOT_APPLICABLE,0,2,0,3,0,taxonomy_accessory=2;title_accessory=3,"Nisyctk Charging Case for Samsung Galaxy Buds/Buds+ Plus, Charger Cradle Station Box with Type-C USB Cable for Galaxy Buds SM-R170, Galaxy Buds+ Plus SM-R175 Earbuds (Black)",Niceus,Cases,Cases,10,ACCESSORY,NOT_APPLICABLE,标题明确为保护壳/收纳配件，不是可独立使用的完整耳机；细分类目 Cases 与此一致；判为 ACCESSORY。
B0BF8NMT9C,ACCESSORY,0.995,NOT_APPLICABLE,0,2,0,1,0,taxonomy_accessory=2;title_accessory=1,Cute Rabbit Case Compatible with Beats Fit Pro Clear Case with Kawaii Strawberry Bunny Keychain for Women Girls Kids Soft Silicone Anime Cover for Beats Fit Pro,CameCosy,Cases,Cases,7,ACCESSORY,NOT_APPLICABLE,标题明确为保护壳/收纳配件，不是可独立使用的完整耳机；细分类目 Cases 与此一致；判为 ACCESSORY。
B006E4NA6C,AMBIGUOUS,0.5,NOT_APPLICABLE,0,0,0,0,0,insufficient_evidence,MFi Certified Cable 3FT 3FT 6FT 10FT Nylon Protable Braided USB Fast Charging& Syncing Cord Compatible Charger XS/MAX/XR/8/8 Plus/ 7/7 Plus/6s/27s Plus,Voolibbear,Headphones & Earbuds,Headphones & Earbuds,1,ACCESSORY,NOT_APPLICABLE,标题明确为线缆/转接配件，不是可独立使用的完整耳机；结合标题的兼容/替换关系判定；判为 ACCESSORY。 原自动标签为 AMBIGUOUS，本次以商品主体语义和类目复核后更正。
B07FPVVW6R,AMBIGUOUS,0.6,NOT_APPLICABLE,2,0,1,1,1,taxonomy_device=2;title_device=1;title_accessory=1;conflict,in Ear Headphones Soundtrack Wired Earbuds w/Mic Heavy Deep Bass Earphones with Non Tangle Fabric Braid Cord for Running Gym Work Out Compatible with 3.5MM Audio Jack Device,SOUNDTRACK,Earbud Headphones,Headphones & Earbuds,6,DEVICE,EARBUD_INEAR,标题主体是完整耳机，后列保护壳/线缆/支架等随附配件（套装不改变主体标签）；判为 DEVICE；形态依据：标题含耳塞/入耳/开放式耳戴设备词，且其主体线索早于头戴式描述。 原自动标签为 AMBIGUOUS，本次以商品主体语义和类目复核后更正。
B0868RZCNP,ACCESSORY,0.995,NOT_APPLICABLE,0,2,0,2,0,taxonomy_accessory=2;title_accessory=2,"Pink Gel Bottle Cartoon Case for Airpods, Funny Cute Cool Design for Girls Boys Kids Teens, Accessories Carabiner Protective Fun Fashion Character Skin Soft Silicone Cover for Air pods 2/1",MDODO,Cases,Cases,275,ACCESSORY,NOT_APPLICABLE,标题明确为保护壳/收纳配件，不是可独立使用的完整耳机；细分类目 Cases 与此一致；判为 ACCESSORY。
B078P4XBQ4,AMBIGUOUS,0.6,NOT_APPLICABLE,1,0,0,0,0,taxonomy_device=1,"SMSL IQ Portable USB DAC and Headphone Amplifier,HiFi Audio Digital to Analog Converter with Balanced and Unbalanced Headphone Jack Hi-Res 32bit/768kHz DSD512 (Black)",S.M.S.L,"Headphones, Earbuds & Accessories",,6,ACCESSORY,NOT_APPLICABLE,标题明确为线缆/转接配件，不是可独立使用的完整耳机；结合标题的兼容/替换关系判定；判为 ACCESSORY。 原自动标签为 AMBIGUOUS，本次以商品主体语义和类目复核后更正。
B07GRTR6K7,AMBIGUOUS,0.6,NOT_APPLICABLE,2,0,0,1,1,taxonomy_device=2;title_accessory=1;conflict,"Better 16 Core Silver Plated Wire Earphones Upgrade Cable,Earphone Replacement Cable,Exchange Audio Cable for UE900 SE215 SE315 SE846 SE425 TIN Audio T2 T2pro T3 f9 LZ etc.(Brown-MMCX 3.5mm)",H HIFIHEAR,Earbud Headphones,Headphones & Earbuds,55,DEVICE,EARBUD_INEAR,标题描述可独立使用的完整耳机/耳塞设备，细分类目为 Earbud Headphones；判为 DEVICE；形态依据：标题含耳塞/耳机式耳戴设备词，未出现相冲突的头戴形态描述。 原自动标签为 AMBIGUOUS，本次以商品主体语义和类目复核后更正。
B008J8IDQ8,AMBIGUOUS,0.6,NOT_APPLICABLE,2,0,1,1,1,taxonomy_device=2;title_device=1;title_accessory=1;conflict,"GOODBONG Bass Stereo Sound Headphones Compatible with iPhone13 Pro Max 12Pro Max/iPhone 11Pro iPhone X/XS Max/XR/iPhone8/8Plus/iPhone7/7Plus,MFi Certified Earbuds with Microphone Controller(White)",GOODBONG,Earbud Headphones,Headphones & Earbuds,116,DEVICE,EARBUD_INEAR,标题主体是完整耳机，后列保护壳/线缆/支架等随附配件（套装不改变主体标签）；判为 DEVICE；形态依据：标题含耳塞/入耳/开放式耳戴设备词，且其主体线索早于头戴式描述。 原自动标签为 AMBIGUOUS，本次以商品主体语义和类目复核后更正。
B093FNYZSQ,ACCESSORY,0.98,NOT_APPLICABLE,0,2,0,0,0,taxonomy_accessory=2,"for AirPods Case Cover with Keychain for AirPods 2&1, Novelty Anime Printing Shockproof Case Compatiable with Wireless Charging",Autocean,Cases,Cases,7,ACCESSORY,NOT_APPLICABLE,标题明确为保护壳/收纳配件，不是可独立使用的完整耳机；细分类目 Cases 与此一致；判为 ACCESSORY。
B0BJQ524N7,DEVICE,0.955,EARBUD_INEAR,2,0,2,1,1,taxonomy_device=2;title_device=2;title_accessory=1;conflict,"Wireless Earbuds Bluetooth Headphones, 30H Playtime with Charging Case Stereo Sound Earphones Touch Control in-Ear Sport Bluetooth Earbuds with Clear Built-in Noise Cancelling Mic for iPhone Android",Bobtot,Earbud Headphones,Headphones & Earbuds,1489,DEVICE,EARBUD_INEAR,标题主体是完整耳机，后列保护壳/线缆/支架等随附配件（套装不改变主体标签）；判为 DEVICE；形态依据：标题含耳塞/入耳/开放式耳戴设备词，且其主体线索早于头戴式描述。
B07ZX2JKNN,ACCESSORY,0.94,NOT_APPLICABLE,0,2,1,0,1,taxonomy_accessory=2;title_device=1;conflict,Ultra Thick Soft Silicone Pink Case with Finger Strap for Apple Airpods 1 2 Air Pods Wireless Earbuds Protective 3D Cartoon Fun Cool Kids Teens Girls Boys,ChillNChic,Cases,Cases,9,ACCESSORY,NOT_APPLICABLE,标题明确为保护壳/收纳配件，不是可独立使用的完整耳机；细分类目 Cases 与此一致；判为 ACCESSORY。
B0186RGG7E,DEVICE,0.98,EARBUD_INEAR,2,0,0,0,0,taxonomy_device=2,Uiisii C100 Earphones with Microphone for Iphone and Android Devices (Pink),UiiSii,Earbud Headphones,Headphones & Earbuds,33,DEVICE,EARBUD_INEAR,标题主体是完整耳机，后列保护壳/线缆/支架等随附配件（套装不改变主体标签）；判为 DEVICE；形态依据：标题含耳塞/耳机式耳戴设备词，未出现相冲突的头戴形态描述。
B083449Q7Z,ACCESSORY,0.995,NOT_APPLICABLE,0,2,0,3,0,taxonomy_accessory=2;title_accessory=3,"Laffav AirPods 2 & 1 Case for Women Men (Front LED Visible) Soft Silicone Protective Cover Skin with Keychain kit Set Compatible with Apple AirPods 2 and 1, 2 Pack, Teal, Rose Pink",Laffav,Cases,Cases,12166,ACCESSORY,NOT_APPLICABLE,标题明确为保护壳/收纳配件，不是可独立使用的完整耳机；细分类目 Cases 与此一致；判为 ACCESSORY。
B09MSYS959,ACCESSORY,0.995,NOT_APPLICABLE,0,2,1,2,1,taxonomy_accessory=2;title_device=1;title_accessory=2;conflict,Replacement Earpads Ear Cushions Ear Cups Earmuffs Repair Parts Compatible with JBL Synchros E40BT E40 E30 BT S400 S400BT T450 AKG K67 Wireless Bluetooth Headphones Memory Foam Ear Pads,Alitutumao,Earpads,Earpads,8,ACCESSORY,NOT_APPLICABLE,标题明确为替换耳垫/耳罩，不是可独立使用的完整耳机；细分类目 Earpads 与此一致；判为 ACCESSORY。
B001F51GVQ,DEVICE,0.98,EARBUD_INEAR,2,0,0,0,0,taxonomy_device=2,C Crane Voz Earbuds 3.5mm Full Stereo Sound BWC (Black),C. Crane,Earbud Headphones,Headphones & Earbuds,3,DEVICE,EARBUD_INEAR,标题描述可独立使用的完整耳机/耳塞设备，细分类目为 Earbud Headphones；判为 DEVICE；形态依据：标题含耳塞/入耳/开放式耳戴设备词，且其主体线索早于头戴式描述。
B00IF16L1I,AMBIGUOUS,0.5,NOT_APPLICABLE,0,0,0,0,0,insufficient_evidence,Plantronics Ear Tip Kit for Discovery 640,Plantronics,Headphones & Earbuds,Headphones & Earbuds,4,ACCESSORY,NOT_APPLICABLE,标题明确为替换耳塞套，不是可独立使用的完整耳机；结合标题的兼容/替换关系判定；判为 ACCESSORY。 原自动标签为 AMBIGUOUS，本次以商品主体语义和类目复核后更正。
B07YJQXDW7,ACCESSORY,0.995,NOT_APPLICABLE,0,2,0,3,0,taxonomy_accessory=2;title_accessory=3,"Shark Teeth Camo Softshell Silicone AirPods IMD Case for Apple AirPods 2 & 1, Wireless Charging Case Protective Cover and Skin Supreme Girls Boys Women Kids Teens Airpods (Blue)",Arshek,Cases,Cases,16939,ACCESSORY,NOT_APPLICABLE,标题明确为保护壳/收纳配件，不是可独立使用的完整耳机；细分类目 Cases 与此一致；判为 ACCESSORY。
B083FV8VPS,DEVICE,0.98,ON_EAR,2,0,0,0,0,taxonomy_device=2,"Hongzan Bulk Headphones for Classroom 50 Pack, Wholesale Stereo School Headphones for Kids Students Children",Hongzan,On-Ear Headphones,Headphones & Earbuds,137,DEVICE,ON_EAR,标题描述可独立使用的完整耳机/耳塞设备，细分类目为 On-Ear Headphones；判为 DEVICE；形态依据：细分类目为 On-Ear Headphones。
B01HMCSOOM,AMBIGUOUS,0.6,NOT_APPLICABLE,2,0,0,1,1,taxonomy_device=2;title_accessory=1;conflict,for Sennheiser RS120 On-Ear Wireless RF Headphones / HDR120 Supplemental HiFi Headphone + Charging Dock Hard EVA Protective Case Carrying Pouch Cover Bag by Hermitshell,Hermitshell,On-Ear Headphones,Headphones & Earbuds,1,DEVICE,ON_EAR,标题描述可独立使用的完整耳机/耳塞设备，细分类目为 On-Ear Headphones；判为 DEVICE；形态依据：标题明确为 on-ear/supra-aural，或该形态是最先出现的主体描述。 原自动标签为 AMBIGUOUS，本次以商品主体语义和类目复核后更正。
B08Q3MFM2B,ACCESSORY,0.995,NOT_APPLICABLE,0,2,1,2,1,taxonomy_accessory=2;title_device=1;title_accessory=2;conflict,TOLUOHU Case for Jabra Elite (Active) 85t Earbuds Silicone Case Cover for Jabra Elite 85t Protector Skin Case for Jabra Elite Wireless Earbuds Accessories with Keychain-NOT FIT JABRA 75t,TOLUOHU,Cases,Cases,13,ACCESSORY,NOT_APPLICABLE,标题明确为保护壳/收纳配件，不是可独立使用的完整耳机；细分类目 Cases 与此一致；判为 ACCESSORY。
B07KM49S72,ACCESSORY,0.995,NOT_APPLICABLE,0,2,0,1,0,taxonomy_accessory=2;title_accessory=1,"Airpods Case, Music tracker Protective Thicken Airpods Cover Soft Silicone Chargeable Headphone Case with Anti-Lost Carabiner for Apple Airpods 1&2 Charging Case (Green)",Music tracker,Cases,Cases,20814,ACCESSORY,NOT_APPLICABLE,标题明确为保护壳/收纳配件，不是可独立使用的完整耳机；细分类目 Cases 与此一致；判为 ACCESSORY。
B00ISDC9PA,AMBIGUOUS,0.6,NOT_APPLICABLE,0,0,1,0,0,title_device=1,"Importer520 Super Bass Over Head Stereo Headset Headphones with Microphone for Amazon Kindle Fire HD 8.9"" Amazon Kindle, Kindle DX, Kindle Fire Phone, Kindle Fire HD 7 / HD 7 (2013) / HD 7 (2nd Generation), Fire HD 8.9 / HD 8.9"" 4G, Kindle Fire HDX 7 / HDX 8.9, Kindle Keyboard 3G / Paperwhite Kindle Fire Phone - Black",Importer520,Headphones & Earbuds,Headphones & Earbuds,9,DEVICE,EARBUD_INEAR,标题主体是完整耳机，后列保护壳/线缆/支架等随附配件（套装不改变主体标签）；判为 DEVICE；形态依据：标题语义为手机用单耳/免提蓝牙耳机或有线耳麦。 原自动标签为 AMBIGUOUS，本次以商品主体语义和类目复核后更正。
B07WVX1XSC,ACCESSORY,0.98,NOT_APPLICABLE,0,2,0,0,0,taxonomy_accessory=2,Yingbei Creative Cute Corgi Dog Shape Yellow & Black with Carabiner Compatible Silicone AirPods Case (1st and 2nd Generation) (Black),Yingbei,Cases,Cases,7,ACCESSORY,NOT_APPLICABLE,标题明确为保护壳/收纳配件，不是可独立使用的完整耳机；细分类目 Cases 与此一致；判为 ACCESSORY。
B08DJ24VMB,ACCESSORY,0.995,NOT_APPLICABLE,0,2,0,3,0,taxonomy_accessory=2;title_accessory=3,"Filoto Case for Airpods, Airpod Case Cover for Apple Airpods 2&1 Charging Case, Cute Air Pods Silicone Protective Accessories Cases/Keychain/Pompom/Strap, Best Gift for Girls and Women, Fuchsia Pink",Filoto,Cases,Cases,56706,ACCESSORY,NOT_APPLICABLE,标题明确为保护壳/收纳配件，不是可独立使用的完整耳机；细分类目 Cases 与此一致；判为 ACCESSORY。
B00QUG4XL0,DEVICE,0.995,EARBUD_INEAR,2,0,1,0,0,taxonomy_device=2;title_device=1,Sony MDREX15LP/P In-Ear Headphone (Pink),Sony,Earbud Headphones,Headphones & Earbuds,33087,DEVICE,EARBUD_INEAR,标题描述可独立使用的完整耳机/耳塞设备，细分类目为 Earbud Headphones；判为 DEVICE；形态依据：标题含耳塞/入耳/开放式耳戴设备词，且其主体线索早于头戴式描述。
B015ZE26FW,DEVICE,0.98,EARBUD_INEAR,2,0,0,0,0,taxonomy_device=2,"Tomtom 9R0M.000.00 Spark Bluetooth Sport Headphones, Black",TomTom,Earbud Headphones,Headphones & Earbuds,219,DEVICE,EARBUD_INEAR,标题描述可独立使用的完整耳机/耳塞设备，细分类目为 Earbud Headphones；判为 DEVICE；形态依据：细分类目为 Earbud Headphones。
B08HJXNWJ7,DEVICE,0.995,EARBUD_INEAR,2,0,1,0,0,taxonomy_device=2;title_device=1,"2 Pack Earbuds/Headphones/Earphones with 3.5mm Wired in Ear Headphone Plug(Built-in Microphone & Volume Control) Compatible with iPhone,iPad,iPod,PC,MP3/4,Android -White [Apple MFi Certified]",Feuire,Earbud Headphones,Headphones & Earbuds,16,DEVICE,EARBUD_INEAR,标题主体是完整耳机，后列保护壳/线缆/支架等随附配件（套装不改变主体标签）；判为 DEVICE；形态依据：标题含耳塞/入耳/开放式耳戴设备词，且其主体线索早于头戴式描述。
B087DXYH8F,DEVICE,0.955,EARBUD_INEAR,2,0,2,1,1,taxonomy_device=2;title_device=2;title_accessory=1;conflict,"TCL Wireless Sports Earbuds, ACTV500TWS True Wireless Earbuds with Rich Bass, Noise Isolation, Bluetooth 5.0 Headphones, 33H Playtime, Waterproof, Wireless Charging Case, One Step Pairing, Workout",TCL,Earbud Headphones,Headphones & Earbuds,97,DEVICE,EARBUD_INEAR,标题主体是完整耳机，后列保护壳/线缆/支架等随附配件（套装不改变主体标签）；判为 DEVICE；形态依据：标题含耳塞/入耳/开放式耳戴设备词，且其主体线索早于头戴式描述。
B00KIJA7E2,AMBIGUOUS,0.5,NOT_APPLICABLE,0,0,0,0,0,insufficient_evidence,DURAGADGET Black Case (Headphones NOT Included) - Compatible with AKG K44 | K601 | K603 | K501 | K271 | K271M | K2 | K272 | K272HD | 272 MKII | K240 | K240S | K242 MKIIs | K242HD | K121S & K540,DURAGADGET,Headphones & Earbuds,Headphones & Earbuds,4,ACCESSORY,NOT_APPLICABLE,标题主体是替换件、线缆/收纳件、蓝牙接收件、头盔扬声器套件或手机外接听筒，并非完整耳机；判为 ACCESSORY。 原自动标签为 AMBIGUOUS，本次复核后更正。
B016NEEU02,AMBIGUOUS,0.6,NOT_APPLICABLE,0,0,1,0,0,title_device=1,Bone Conduction Sports Bluetooth Headphone - IPX6 Grade Waterproof - Microphone Hands-Free Stereo Headset,Abco Tech,Headphones & Earbuds,Headphones & Earbuds,55,DEVICE,EARBUD_INEAR,标题描述可独立使用的完整耳机/耳塞设备，并含连接、声学或供电功能信息；判为 DEVICE；形态依据：标题含耳塞/入耳/开放式耳戴设备词，且其主体线索早于头戴式描述。 原自动标签为 AMBIGUOUS，本次以商品主体语义和类目复核后更正。
B0C37FPHVH,DEVICE,0.98,EARBUD_INEAR,2,0,0,0,0,taxonomy_device=2,Apple Earbuds for iPhone Headphones Wired Earphones [Apple MFi Certified](Built-in Microphone & Volume Control) Noise Isolating Headsets for iPhone 14/13/12/11/XR/XS/X/8/7 Support All iOS System,Case Logic,Earbud Headphones,Headphones & Earbuds,35,DEVICE,EARBUD_INEAR,标题描述可独立使用的完整耳机/耳塞设备，细分类目为 Earbud Headphones；判为 DEVICE；形态依据：标题含耳塞/入耳/开放式耳戴设备词，且其主体线索早于头戴式描述。
B0B5SYQ69Z,ACCESSORY,0.995,NOT_APPLICABLE,0,2,1,1,1,taxonomy_accessory=2;title_device=1;title_accessory=1;conflict,"Replacement Ear Pads Cushions, Ear Covers for Bose QuietComfort 45 QC45 QC35 QC35 ii QC25 Over-Ear Headphones (White)",CYPHER.V,Earpads,Earpads,6,ACCESSORY,NOT_APPLICABLE,标题明确为替换耳垫/耳罩，不是可独立使用的完整耳机；细分类目 Earpads 与此一致；判为 ACCESSORY。
B07ZPH9BXW,ACCESSORY,0.995,NOT_APPLICABLE,0,2,0,1,0,taxonomy_accessory=2;title_accessory=1,"Spigen Urban Fit Designed for Airpods Pro Case Cover with Key Chain, Fabric Case for Airpods Pro - Black",Spigen,Cases,Cases,11271,ACCESSORY,NOT_APPLICABLE,标题明确为保护壳/收纳配件，不是可独立使用的完整耳机；细分类目 Cases 与此一致；判为 ACCESSORY。
B07G9VMQVK,AMBIGUOUS,0.6,NOT_APPLICABLE,2,0,0,1,1,taxonomy_device=2;title_accessory=1;conflict,LINSOUL BGVP DMG 2DD+4BA Hybrid Drivers Hi-Res High Fidelity HiFi in-Ear Metal Earphones with Detachable MMCX Audio Cable for Musicians Audiophile (Red),BGVP,Earbud Headphones,Headphones & Earbuds,64,DEVICE,EARBUD_INEAR,标题主体是完整耳机，后列保护壳/线缆/支架等随附配件（套装不改变主体标签）；判为 DEVICE；形态依据：标题含耳塞/入耳/开放式耳戴设备词，且其主体线索早于头戴式描述。 原自动标签为 AMBIGUOUS，本次以商品主体语义和类目复核后更正。
B085LCT6HY,ACCESSORY,0.995,NOT_APPLICABLE,0,2,0,1,0,taxonomy_accessory=2;title_accessory=1,"MOBOSI Military AirPods Case Cover Designed for AirPods 2 & 1, Full-Body Protective Vanguard Armor Series AirPod Case with Keychain for AirPods Wireless Charging Case, Black [Front LED Visible]",MOBOSI,Cases,Cases,25274,ACCESSORY,NOT_APPLICABLE,标题明确为保护壳/收纳配件，不是可独立使用的完整耳机；细分类目 Cases 与此一致；判为 ACCESSORY。
B008R524G8,AMBIGUOUS,0.6,NOT_APPLICABLE,0,0,1,0,0,title_device=1,NoiseHush N780-11911 Over-The-Head Multi-Point Bluetooth Headset with Charging Base for All Cell Phones and Apple iPad/iPhone - Retail Packaging - Black,NoiseHush,Headphones & Earbuds,Headphones & Earbuds,84,DEVICE,EARBUD_INEAR,标题描述可独立使用的完整耳机/耳塞设备，并含连接、声学或供电功能信息；判为 DEVICE；形态依据：标题语义为手机用单耳/免提蓝牙耳机或有线耳麦。 原自动标签为 AMBIGUOUS，本次以商品主体语义和类目复核后更正。
B09K74MY72,ACCESSORY,0.98,NOT_APPLICABLE,0,2,0,0,0,taxonomy_accessory=2,"USB Type C to 3.5mm Female Headphone Jack Adapter, (3 Pack) USB C to Aux Audio Dongle Cable Cord Compatible with Samsung Galaxy S23 S23+ S22 S21 S20 Ultra S10 S9 Plus, Note 20 10, Pixel XL, iPad Pro",COVS,Adapters,Adapters,66,ACCESSORY,NOT_APPLICABLE,标题明确为线缆/转接配件，不是可独立使用的完整耳机；细分类目 Adapters 与此一致；判为 ACCESSORY。
B00BI99SDM,AMBIGUOUS,0.5,NOT_APPLICABLE,0,0,0,0,0,insufficient_evidence,EarlyBirdSavings Black Headset Earphone With Mic for iPhone 5 4 iPod Touch Nano Headphone Earbuds,EarlyBirdSavings,Headphones & Earbuds,Headphones & Earbuds,1,DEVICE,EARBUD_INEAR,标题描述可独立使用的完整耳机/耳塞设备，并含连接、声学或供电功能信息；判为 DEVICE；形态依据：标题含耳塞/入耳/开放式耳戴设备词，且其主体线索早于头戴式描述。 原自动标签为 AMBIGUOUS，本次以商品主体语义和类目复核后更正。
B00K17NFO0,AMBIGUOUS,0.6,NOT_APPLICABLE,0,0,0,1,0,title_accessory=1,Cellphone Waterproof Pouch Case for Samsung Galaxy Note 3 / Samsung S5 / Note 2 / Nokia Lumia / Sony Xperia Z2 + VanGoddy Headset With MIC (Pink#2),SumacLife,Headphones & Earbuds,Headphones & Earbuds,1,ACCESSORY,NOT_APPLICABLE,标题明确为保护壳/收纳配件，不是可独立使用的完整耳机；结合标题的兼容/替换关系判定；判为 ACCESSORY。 原自动标签为 AMBIGUOUS，本次以商品主体语义和类目复核后更正。
B01MXZD76O,DEVICE,0.98,EARBUD_INEAR,2,0,0,0,0,taxonomy_device=2,"Fujimoto Dengyo Trenztek 8 Outlets 90 Degree Design Network Grade PDU Power Strip Surge Protector, 1U/15A/120V Aluminum Alloy Power Distribution Unit with Rackmount and Screws",Fujimoto Dengyo,Earbud Headphones,Headphones & Earbuds,26,AMBIGUOUS,NOT_APPLICABLE,"needs_review: 标题“Fujimoto Dengyo Trenztek 8 Outlets 90 Degree Design Network Grade PDU Power Strip Surge Protector, 1U/15A/120V Aluminum Alloy Power Distribution Unit ”未描述完整耳机或明确耳机配件，且与类目“Earbud Headphones”不一致/信息残缺；保留 AMBIGUOUS，不强行归类。 原自动标签为 DEVICE，本次以商品主体语义和类目复核后更正。"
B08343TRJN,ACCESSORY,0.995,NOT_APPLICABLE,0,2,0,3,0,taxonomy_accessory=2;title_accessory=3,"Laffav AirPods 2 & 1 Case for Women Men (Front LED Visible) Soft Silicone Protective Cover Skin with Keychain kit Set Compatible with Apple AirPods 2 and 1, 2 Pack, Black, Wine Red",Laffav,Cases,Cases,12172,ACCESSORY,NOT_APPLICABLE,标题明确为保护壳/收纳配件，不是可独立使用的完整耳机；细分类目 Cases 与此一致；判为 ACCESSORY。
B00XK9DK3C,DEVICE,0.98,EARBUD_INEAR,2,0,0,0,0,taxonomy_device=2,Kicker EB92S In-Ear MicroFit Phenom Series Aluminum Headphone Monitors (Silver),KICKER,Earbud Headphones,Headphones & Earbuds,22,DEVICE,EARBUD_INEAR,标题描述可独立使用的完整耳机/耳塞设备，细分类目为 Earbud Headphones；判为 DEVICE；形态依据：标题含耳塞/入耳/开放式耳戴设备词，且其主体线索早于头戴式描述。
B09G2SWPKC,ACCESSORY,0.98,NOT_APPLICABLE,0,2,0,0,0,taxonomy_accessory=2,"esbeecables 2 Pack for iPhone 3.5mm Headphones Adapter, Apple MFi Certified Lightning to 3.5mm Earphones/Headphones Jack Aux Audio Adapter Dongle for iPhone 14/13/12/11/XS/XR/X/8/7/SE, Support All iOS",esbeecables,Adapters,Adapters,14733,ACCESSORY,NOT_APPLICABLE,标题明确为线缆/转接配件，不是可独立使用的完整耳机；细分类目 Adapters 与此一致；判为 ACCESSORY。
B07WC9QZ7Q,DEVICE,0.98,EARBUD_INEAR,2,0,0,0,0,taxonomy_device=2,"JYPS in Ear 3D Cute Cartoon Donut/Unicorn Horse Headphones Mic Earphone Case Hands-Free Apple,Samsung,Android Smartphones Mp3 (Donut)",JYPS,Earbud Headphones,Headphones & Earbuds,5,DEVICE,EARBUD_INEAR,标题描述可独立使用的完整耳机/耳塞设备，细分类目为 Earbud Headphones；判为 DEVICE；形态依据：标题含耳塞/入耳/开放式耳戴设备词，且其主体线索早于头戴式描述。
B0BJV71CDS,ACCESSORY,0.995,NOT_APPLICABLE,0,2,0,1,0,taxonomy_accessory=2;title_accessory=1,"okcsc MMCX Cable Replacement Upgrade Cable for Shure SE215 SE315 SE425 SE535 SE535LTD SE846 AONIC3 AONIC4,8 Core OFC Audio Cable MMCX Connector Cable for Stock 4 Feet Length with 3.5mm Plug",okcsc,Extension Cords,Extension Cords,22,ACCESSORY,NOT_APPLICABLE,标题明确为线缆/转接配件，不是可独立使用的完整耳机；细分类目 Extension Cords 与此一致；判为 ACCESSORY。
B00LOULO0U,AMBIGUOUS,0.6,NOT_APPLICABLE,0,0,1,0,0,title_device=1,Premium Over-Head Stereo Headset Headphones with Microphone for Amazon Kindle Fire 2/ Fire Phone/Kindle Fire HD (2013)/ Kindle Fire HDX 7/ Kindle Fire HDX 8.9/ Kindle Fire HD 8.9/ HD 7,MyNetDeals,Headphones & Earbuds,Headphones & Earbuds,9,DEVICE,EARBUD_INEAR,标题主体是完整耳机，后列保护壳/线缆/支架等随附配件（套装不改变主体标签）；判为 DEVICE；形态依据：标题语义为手机用单耳/免提蓝牙耳机或有线耳麦。 原自动标签为 AMBIGUOUS，本次以商品主体语义和类目复核后更正。
B08C5HYHYB,DEVICE,0.98,EARBUD_INEAR,2,0,0,0,0,taxonomy_device=2,Samsung Galaxy Buds-Live Active Noise-Cancelling Wireless Bluetooth 5.0 Earbuds (Mystic Black),SAMSUNG,Earbud Headphones,Headphones & Earbuds,24849,DEVICE,EARBUD_INEAR,标题描述可独立使用的完整耳机/耳塞设备，细分类目为 Earbud Headphones；判为 DEVICE；形态依据：标题含耳塞/入耳/开放式耳戴设备词，且其主体线索早于头戴式描述。
B005R3CTZ4,AMBIGUOUS,0.5,NOT_APPLICABLE,0,0,0,0,0,insufficient_evidence,Behind The Neck Folding Headphones With In Line Volume Control,Koss,Headphones & Earbuds,Headphones & Earbuds,14,DEVICE,ON_EAR,标题描述可独立使用的完整耳机/耳塞设备，并含连接、声学或供电功能信息；判为 DEVICE；形态依据：标题明确为夹耳/后挂/颈后头带式。 原自动标签为 AMBIGUOUS，本次以商品主体语义和类目复核后更正。
B002JAUNIS,AMBIGUOUS,0.5,NOT_APPLICABLE,0,0,0,0,0,insufficient_evidence,"DBSound Black High Fidelity Noise Cancelling Stereo Headset with Microphone and On/off button for Nokia N86, N95, N97, E63 - Includes Zippered Case + 3 sizes Ear Buds",DBSound,Headphones & Earbuds,Headphones & Earbuds,3,DEVICE,EARBUD_INEAR,标题主体是完整耳机，后列保护壳/线缆/支架等随附配件（套装不改变主体标签）；判为 DEVICE；形态依据：标题语义为手机用单耳/免提蓝牙耳机或有线耳麦。 原自动标签为 AMBIGUOUS，本次以商品主体语义和类目复核后更正。
B00GIYLG6E,DEVICE,0.98,ON_EAR,2,0,0,0,0,taxonomy_device=2,"LA Linen 58"" by 58"" Damask Print Faux Burlap Table Overlay / Pack of 1 / Black on Natural",LA Linen,On-Ear Headphones,Headphones & Earbuds,1,AMBIGUOUS,NOT_APPLICABLE,"needs_review: 标题“LA Linen 58"" by 58"" Damask Print Faux Burlap Table Overlay / Pack of 1 / Black on Natural”未描述完整耳机或明确耳机配件，且与类目“On-Ear Headphones”不一致/信息残缺；保留 AMBIGUOUS，不强行归类。 原自动标签为 DEVICE，本次以商品主体语义和类目复核后更正。"
B0C7P9N98N,AMBIGUOUS,0.6,NOT_APPLICABLE,2,0,0,1,1,taxonomy_device=2;title_accessory=1;conflict,Houlyn Sleep Earbuds Invisible Bluetooth for Sleeping Smallest Buds Tiny Mini Side Sleepers Wireless Hidden Headphones Small Discreet Earpiece with Charging Case Black,Houlyn,Earbud Headphones,Headphones & Earbuds,141,DEVICE,EARBUD_INEAR,标题主体是完整耳机，后列保护壳/线缆/支架等随附配件（套装不改变主体标签）；判为 DEVICE；形态依据：标题含耳塞/入耳/开放式耳戴设备词，且其主体线索早于头戴式描述。 原自动标签为 AMBIGUOUS，本次以商品主体语义和类目复核后更正。
B09DFR876N,ACCESSORY,0.94,NOT_APPLICABLE,0,2,1,0,1,taxonomy_accessory=2;title_device=1;conflict,LiadFngKA Anti-Lost Strap Hanging Neck Rope Soft Silicone Headset Waterproof Sports Bracket for Beats-Studio Bud Wireless Earphones Bluetooth Headset (Green),LiadFngKA,Cases,Cases,9,ACCESSORY,NOT_APPLICABLE,标题明确为保护壳/收纳配件，不是可独立使用的完整耳机；细分类目 Cases 与此一致；判为 ACCESSORY。
B07DDLMYTN,ACCESSORY,0.98,NOT_APPLICABLE,0,2,0,0,0,taxonomy_accessory=2,"2 in 1 USB C to 3.5mm Headphone Jack Adapter and Charging, USB Type C to Aux Jack Adapte and Charging for Moto Z,Galaxy S9, Huawei P20 Pro/Mate 10 Pro, Xiaomi 8/MIX2S and More.",Sinool,Adapters,Adapters,47,ACCESSORY,NOT_APPLICABLE,标题明确为线缆/转接配件，不是可独立使用的完整耳机；细分类目 Adapters 与此一致；判为 ACCESSORY。
B09F6J7MFN,DEVICE,0.955,EARBUD_INEAR,2,0,2,1,1,taxonomy_device=2;title_device=2;title_accessory=1;conflict,"Argmao Bluetooth 5.2 True Wireless Earbuds, Qualcomm QCC3040 with 4 Mics CVC8.0 Call Noise Cancelling, 45H Playtime Earbuds with Type C Charging Case, Waterproof and Touch Control Earphones for Sport",Argmao,Earbud Headphones,Headphones & Earbuds,281,DEVICE,EARBUD_INEAR,标题主体是完整耳机，后列保护壳/线缆/支架等随附配件（套装不改变主体标签）；判为 DEVICE；形态依据：标题含耳塞/入耳/开放式耳戴设备词，且其主体线索早于头戴式描述。
B081GHGJLJ,AMBIGUOUS,0.6,NOT_APPLICABLE,2,0,0,1,1,taxonomy_device=2;title_accessory=1;conflict,"Headphone Covers, Ancable 2-Pairs Washable Flex Headset Earpad Cloth Cover for Gym, Training, Aviation, Racing, Gaming, etc More Over The Ear Headphones (Black)",Ancable,Over-Ear Headphones,Headphones & Earbuds,905,ACCESSORY,NOT_APPLICABLE,标题明确为替换耳垫/耳罩，不是可独立使用的完整耳机；结合标题的兼容/替换关系判定；判为 ACCESSORY。 原自动标签为 AMBIGUOUS，本次以商品主体语义和类目复核后更正。
B00IM4LLPY,AMBIGUOUS,0.5,NOT_APPLICABLE,0,0,0,0,0,insufficient_evidence,"DGL DGL-820-RA Candeez Razzles Headphone, Blue",DGL,Headphones & Earbuds,Headphones & Earbuds,162,DEVICE,ON_EAR,标题中的便携/折叠/儿童/头带式线索或核验到的厂商规格表明耳垫压在耳廓上；判为 DEVICE / ON_EAR。 原自动标签为 AMBIGUOUS，本次复核后更正。
B0924XTV14,DEVICE,0.955,EARBUD_INEAR,2,0,2,1,1,taxonomy_device=2;title_device=2;title_accessory=1;conflict,"UrbanX Street Buds Pro Bluetooth Earbuds for LG G8 ThinQ True Wireless, Noise Isolation, Charging Case, Quality Sound, Sweat Resistant, Silver White (US Version)",UrbanX,Earbud Headphones,Headphones & Earbuds,1,DEVICE,EARBUD_INEAR,标题描述可独立使用的完整耳机/耳塞设备，细分类目为 Earbud Headphones；判为 DEVICE；形态依据：标题含耳塞/入耳/开放式耳戴设备词，且其主体线索早于头戴式描述。
B07GFBSYQJ,AMBIGUOUS,0.5,NOT_APPLICABLE,0,0,0,0,0,insufficient_evidence,Gdcover Custom Hogwarts Pillow Covers Thick Heavy Throw Pillow Cases Decorative Cotton Linen Pillowcase Protecter with Zipper - 18x18 Inches,Barbato,Headphones & Earbuds,Headphones & Earbuds,5,AMBIGUOUS,NOT_APPLICABLE,needs_review: 标题“Gdcover Custom Hogwarts Pillow Covers Thick Heavy Throw Pillow Cases Decorative Cotton Linen Pillowcase Protecter with Zipper - 18x18 Inches”未描述完整耳机或明确耳机配件，且与类目“Headphones & Earbuds”不一致/信息残缺；保留 AMBIGUOUS，不强行归类。
B07F28X73M,ACCESSORY,0.995,NOT_APPLICABLE,0,2,0,1,0,taxonomy_accessory=2;title_accessory=1,"Phone Charger, Charging Cable, 5Pack (3/3/6/6/10FT) to Syncing Data and Nylon Braided Cord Charger Compatible with Phone/XS/XR/X/8/8Plus/7/7Plus/6S/6Plus/Pad More(Silver&White) (w27)",Cinkenyo,Adapters,Adapters,7,ACCESSORY,NOT_APPLICABLE,标题明确为线缆/转接配件，不是可独立使用的完整耳机；细分类目 Adapters 与此一致；判为 ACCESSORY。
B006G2CPLI,AMBIGUOUS,0.6,NOT_APPLICABLE,1,0,0,0,0,taxonomy_device=1,"Cable Up CU/YC202 1/4"" TS Female to Dual 1/4"" TS Male Audio Cable",Cable Up,"Headphones, Earbuds & Accessories",,3,ACCESSORY,NOT_APPLICABLE,标题明确为线缆/转接配件，不是可独立使用的完整耳机；结合标题的兼容/替换关系判定；判为 ACCESSORY。 原自动标签为 AMBIGUOUS，本次以商品主体语义和类目复核后更正。
B0B2KSRFCD,AMBIGUOUS,0.6,NOT_APPLICABLE,2,0,1,1,1,taxonomy_device=2;title_device=1;title_accessory=1;conflict,"SGNICS Wireless Earbuds, for Samsung Galaxy A13 5G Touch Control with Charging Case IPX5 Sweat-Proof TWS Stereo Earphones Hi-Fi Deep Bass Noise Cancellation Outdoor Indoor Sport - White",SGNICS,Earbud Headphones,Headphones & Earbuds,14,DEVICE,EARBUD_INEAR,标题主体是完整耳机，后列保护壳/线缆/支架等随附配件（套装不改变主体标签）；判为 DEVICE；形态依据：标题含耳塞/入耳/开放式耳戴设备词，且其主体线索早于头戴式描述。 原自动标签为 AMBIGUOUS，本次以商品主体语义和类目复核后更正。
B00KBWGXKS,AMBIGUOUS,0.5,NOT_APPLICABLE,0,0,0,0,0,insufficient_evidence,Generic Wired Headset for All iPhone Product - Non-Retail Packaging - 10 Color,Generic,Headphones & Earbuds,Headphones & Earbuds,529,DEVICE,EARBUD_INEAR,标题/型号表明是入耳耳塞、手机单耳蓝牙耳机、运动耳机或随身耳塞系统；判为 DEVICE / EARBUD_INEAR。 原自动标签为 AMBIGUOUS，本次复核后更正。
B0087YPX9E,AMBIGUOUS,0.6,NOT_APPLICABLE,1,0,0,1,1,taxonomy_device=1;title_accessory=1;conflict,TOOGOO(R) Mini Black 3.5mm Headphone Adapter Cable for iPhone,TOOGOO(R),"Headphones, Earbuds & Accessories",,23,ACCESSORY,NOT_APPLICABLE,标题明确为线缆/转接配件，不是可独立使用的完整耳机；结合标题的兼容/替换关系判定；判为 ACCESSORY。 原自动标签为 AMBIGUOUS，本次以商品主体语义和类目复核后更正。
B003XPF2P2,DEVICE,0.98,EARBUD_INEAR,2,0,0,0,0,taxonomy_device=2,eForCity? 3.5MM INEAR HEADSET HEADPHONES Compatible With iPad Mini 3 / iPad Air 2 / Apple? iPad? Tablet PC,eForCity,Earbud Headphones,Headphones & Earbuds,165,DEVICE,EARBUD_INEAR,标题描述可独立使用的完整耳机/耳塞设备，细分类目为 Earbud Headphones；判为 DEVICE；形态依据：标题含耳塞/入耳/开放式耳戴设备词，且其主体线索早于头戴式描述。
B07T27T5QT,DEVICE,0.995,OVER_EAR,2,0,1,0,0,taxonomy_device=2;title_device=1,"Wireless Headphones Over Ear with MIC, MUCRO Comfortable Stereo Bluetooth Headset Support Micro-SD/TF Card & 3.5mm Jack, Telescopic Headband,10H Playtime for Travel Work TV PC Cellphone - White",mucro,Over-Ear Headphones,Headphones & Earbuds,29,DEVICE,OVER_EAR,标题描述可独立使用的完整耳机/耳塞设备，细分类目为 Over-Ear Headphones；判为 DEVICE；形态依据：标题明确为 over-ear/around-ear/full-size，且该形态是最先出现的主体描述。
B0B1Q2NNLK,AMBIGUOUS,0.6,NOT_APPLICABLE,2,0,1,1,1,taxonomy_device=2;title_device=1;title_accessory=1;conflict,"Ddidbi Wireless Earbud, Bluetooth 5.2 Headphones Touch Control Built-in Mic, 13mm Bluetooth Earphones with LED Digital Display, 32H Playtime with Charging Case Compatible with iOS, Android, IP7, White",Ddidbi,Earbud Headphones,Headphones & Earbuds,11588,DEVICE,EARBUD_INEAR,标题主体是完整耳机，后列保护壳/线缆/支架等随附配件（套装不改变主体标签）；判为 DEVICE；形态依据：标题含耳塞/入耳/开放式耳戴设备词，且其主体线索早于头戴式描述。 原自动标签为 AMBIGUOUS，本次以商品主体语义和类目复核后更正。
B005KTIVF2,AMBIGUOUS,0.5,NOT_APPLICABLE,0,0,0,0,0,insufficient_evidence,Samsung WEP-490 Bluetooth Wireless Essential Kit w/ Horizontal Pouch Case Included (Retail Packaging),SAMSUNG,Headphones & Earbuds,Headphones & Earbuds,2,DEVICE,EARBUD_INEAR,标题/型号表明是入耳耳塞、手机单耳蓝牙耳机、运动耳机或随身耳塞系统；判为 DEVICE / EARBUD_INEAR。 原自动标签为 AMBIGUOUS，本次复核后更正。
B088R83DF1,ACCESSORY,0.96,NOT_APPLICABLE,0,2,2,1,1,taxonomy_accessory=2;title_device=2;title_accessory=1;conflict,Hermitshell Hard Travel Case for Anker Soundcore Life Q20 / Q10 Hybrid Active Noise Cancelling Headphones (Blue),Hermitshell,Cases,Cases,1688,ACCESSORY,NOT_APPLICABLE,标题明确为保护壳/收纳配件，不是可独立使用的完整耳机；细分类目 Cases 与此一致；判为 ACCESSORY。
B081CL4617,ACCESSORY,0.995,NOT_APPLICABLE,0,2,1,4,1,taxonomy_accessory=2;title_device=1;title_accessory=4;conflict,"Chofit Eartips Cover Compatible with Sony WF-1000XM3 Wireless Earbuds, Soft Silicone Protective Case Cover Ear Tips for WF-1000XM3 Earbuds Replacement Eartips Eargels (Black)",Chofit,Earpads,Earpads,88,ACCESSORY,NOT_APPLICABLE,标题明确为替换耳垫/耳罩，不是可独立使用的完整耳机；细分类目 Earpads 与此一致；判为 ACCESSORY。
B00FGSGNV6,DEVICE,0.995,EARBUD_INEAR,2,0,1,0,0,taxonomy_device=2;title_device=1,Diginex Bluetooth Earbuds Wireless Magnetic Headset Sport Earphones for Running IPX7 Waterproof Headphones 9 Hours Playtime High Fidelity Stereo Sound and Noise Cancelling Mic 1 Hour Recharge,Diginex,Earbud Headphones,Headphones & Earbuds,1,DEVICE,EARBUD_INEAR,标题描述可独立使用的完整耳机/耳塞设备，细分类目为 Earbud Headphones；判为 DEVICE；形态依据：标题含耳塞/入耳/开放式耳戴设备词，且其主体线索早于头戴式描述。
B00C5JX30S,AMBIGUOUS,0.5,NOT_APPLICABLE,0,0,0,0,0,insufficient_evidence,"Graphics and More Baseball Ball - Sports Home Button Stickers Fits Apple iPhone 4/4S/5/5C/5S, iPad, iPod Touch - Non-Retail Packaging - Clear",GRAPHICS & MORE,Headphones & Earbuds,Headphones & Earbuds,3,AMBIGUOUS,NOT_APPLICABLE,"needs_review: 标题“Graphics and More Baseball Ball - Sports Home Button Stickers Fits Apple iPhone 4/4S/5/5C/5S, iPad, iPod Touch - Non-Retail Packaging - Clear”未描述完整耳机或明确耳机配件，且与类目“Headphones & Earbuds”不一致/信息残缺；保留 AMBIGUOUS，不强行归类。"
B0B8NNSD5Q,DEVICE,0.955,EARBUD_INEAR,2,0,2,1,1,taxonomy_device=2;title_device=2;title_accessory=1;conflict,"Open Ear Headphones,True Wireless Bluetooth Earbuds with Earhooks,30Hrs Playtime with Charging Case and LED Power Display,Sport Workout Earbuds Built in Mic Waterproof Bass Sound Headset",CioDat,Earbud Headphones,Headphones & Earbuds,171,DEVICE,EARBUD_INEAR,标题主体是完整耳机，后列保护壳/线缆/支架等随附配件（套装不改变主体标签）；判为 DEVICE；形态依据：标题含耳塞/入耳/开放式耳戴设备词，且其主体线索早于头戴式描述。
B07JM4GZBZ,DEVICE,0.98,EARBUD_INEAR,2,0,0,0,0,taxonomy_device=2,"Adecorty LED String Lights 66ft 200 LEDs 2 Pack Fairy Lights USB Powered Christmas String Lights with Remote,Twinkle Firefly Lights Starry String Lights for Bedroom Decor Wedding Party Indoor Outdoor",NCLINGLU,Earbud Headphones,Headphones & Earbuds,10,AMBIGUOUS,NOT_APPLICABLE,"needs_review: 标题“Adecorty LED String Lights 66ft 200 LEDs 2 Pack Fairy Lights USB Powered Christmas String Lights with Remote,Twinkle Firefly Lights Starry String Ligh”未描述完整耳机或明确耳机配件，且与类目“Earbud Headphones”不一致/信息残缺；保留 AMBIGUOUS，不强行归类。 原自动标签为 DEVICE，本次以商品主体语义和类目复核后更正。"
B07BGTHJBK,ACCESSORY,0.98,NOT_APPLICABLE,1,0,0,2,1,taxonomy_device=1;title_accessory=2;conflict,ROSA&ROSE PU Leather AirPods Case with Keychain Portable Protective Cover Compatible for Apple AirPods Charging Case (White),ROSA&ROSE,"Headphones, Earbuds & Accessories",,319,ACCESSORY,NOT_APPLICABLE,标题明确为保护壳/收纳配件，不是可独立使用的完整耳机；结合标题的兼容/替换关系判定；判为 ACCESSORY。
B07Q9KS2B4,DEVICE,0.98,OVER_EAR,2,0,0,0,0,taxonomy_device=2,Bml lgd,BML,Over-Ear Headphones,Headphones & Earbuds,27,AMBIGUOUS,NOT_APPLICABLE,needs_review: 标题仅为无语义的碎片，虽有耳机类目但缺少可核验的商品主体信息；判为 AMBIGUOUS。 原自动标签为 DEVICE，本次复核后更正。
B07N7P7V6V,ACCESSORY,0.98,NOT_APPLICABLE,0,2,0,0,0,taxonomy_accessory=2,"Cute AirPods Case Silicone Shockproof with Keychain Lightweight Silicone, Apple AirPods (White/Bunny)",Gifts For Dayz,Cases,Cases,6,ACCESSORY,NOT_APPLICABLE,标题明确为保护壳/收纳配件，不是可独立使用的完整耳机；细分类目 Cases 与此一致；判为 ACCESSORY。
B07RLLNKP1,DEVICE,0.955,EARBUD_INEAR,2,0,2,1,1,taxonomy_device=2;title_device=2;title_accessory=1;conflict,"True Wireless Earbuds Bluetooth 5.0 Headphones, in-Ear TWS Stereo Headset w/Mic Extra Bass IPX5 Sweatproof Low Latency Instant Pairing 15H Battery Charging Case Noise Cancelling Earphones (Silver)",Geekee,Earbud Headphones,Headphones & Earbuds,606,DEVICE,EARBUD_INEAR,标题描述可独立使用的完整耳机/耳塞设备，细分类目为 Earbud Headphones；判为 DEVICE；形态依据：标题含耳塞/入耳/开放式耳戴设备词，且其主体线索早于头戴式描述。
B0C1S3F76V,DEVICE,0.955,EARBUD_INEAR,2,0,2,1,1,taxonomy_device=2;title_device=2;title_accessory=1;conflict,"DPduct Wireless Earbuds with Charging Case, Waterproof Wireless Headphones for Sport/Work, Bluetooth Headphones Compatible with iPhone/Android/PC, (White).",DPduct,Earbud Headphones,Headphones & Earbuds,27,DEVICE,EARBUD_INEAR,标题主体是完整耳机，后列保护壳/线缆/支架等随附配件（套装不改变主体标签）；判为 DEVICE；形态依据：标题含耳塞/入耳/开放式耳戴设备词，且其主体线索早于头戴式描述。
B01E6H5ZIE,DEVICE,0.98,EARBUD_INEAR,2,0,0,0,0,taxonomy_device=2,Premium Stereo Bass Earphones for LG G4 H819 G Stylo G Flex D958 Zipper with Mic & Remote Control Microphone Wired Earbuds Headset Earphones Headphones Earpod (Black),Qetesh,Earbud Headphones,Headphones & Earbuds,2,DEVICE,EARBUD_INEAR,标题主体是完整耳机，后列保护壳/线缆/支架等随附配件（套装不改变主体标签）；判为 DEVICE；形态依据：标题含耳塞/入耳/开放式耳戴设备词，且其主体线索早于头戴式描述。
B075GQ3CMH,AMBIGUOUS,0.6,NOT_APPLICABLE,1,0,0,1,1,taxonomy_device=1;title_accessory=1;conflict,"misodiko Pack of 3 Accessories for Apple AirPods, Soft Silicone Protective Case& Anti-Lost Strap& Ear Cover Hooks, Aqua",misodiko,"Headphones, Earbuds & Accessories",,4,DEVICE,EARBUD_INEAR,标题描述可独立使用的完整耳机/耳塞设备，并含连接、声学或供电功能信息；判为 DEVICE；形态依据：标题含耳塞/入耳/开放式耳戴设备词，且其主体线索早于头戴式描述。 原自动标签为 AMBIGUOUS，本次以商品主体语义和类目复核后更正。
B09CR5SS3W,AMBIGUOUS,0.6,NOT_APPLICABLE,1,0,1,1,1,taxonomy_device=1;title_device=1;title_accessory=1;conflict,"WixGear Headphone Stand, 2 in 1 PC Gaming Headset Stand Cup Holder, with Cable Organizer, 360° Adjustable & Rotating Arm Clamp Headphone Holder, Suitable for All Headphones and Drinks",WixGear,"Headphones, Earbuds & Accessories",,122,ACCESSORY,NOT_APPLICABLE,标题明确为支架/挂架，不是可独立使用的完整耳机；结合标题的兼容/替换关系判定；判为 ACCESSORY。 原自动标签为 AMBIGUOUS，本次以商品主体语义和类目复核后更正。
B000NI9BUO,AMBIGUOUS,0.5,NOT_APPLICABLE,0,0,0,0,0,insufficient_evidence,Motorola HT820 Bluetooth Talk and Tunes Wireless Internet Calling Kit with Stereo,Motorola,Headphones & Earbuds,Headphones & Earbuds,4,DEVICE,NEEDS_REVIEW,needs_review: 型号或套装语义可确认包含完整耳机/耳机系统，但佩戴结构在现有标题中不够清楚；判为 DEVICE / NEEDS_REVIEW。 原自动标签为 AMBIGUOUS，本次复核后更正。
B086WNLZSH,ACCESSORY,0.995,NOT_APPLICABLE,0,2,0,1,0,taxonomy_accessory=2;title_accessory=1,"AirPods Pro Case, Full-Body Rugged Protective Cover, Resilient Shock Absorption Design, Durable Protective Case with Smooth Skin - Matte Black",amBand,Cases,Cases,15606,ACCESSORY,NOT_APPLICABLE,标题明确为保护壳/收纳配件，不是可独立使用的完整耳机；细分类目 Cases 与此一致；判为 ACCESSORY。
B09KC3JTJD,ACCESSORY,0.98,NOT_APPLICABLE,0,2,0,0,0,taxonomy_accessory=2,"ZenRich Airpods 3rd Generation Case 2021, zenrich Full-Body Hard Shell Protective Rugged Charging Cover Case with Keychain for AirPod 2021, Front LED Visible, Red",ZenRich,Cases,Cases,34,ACCESSORY,NOT_APPLICABLE,标题明确为保护壳/收纳配件，不是可独立使用的完整耳机；细分类目 Cases 与此一致；判为 ACCESSORY。
B07G6YJ2MZ,DEVICE,0.995,EARBUD_INEAR,2,0,1,0,0,taxonomy_device=2;title_device=1,"Redragon Thunder Pro E200 Gaming & Music in-Ear Earbud Headphones,/Headset, Heavy Bass Earphones with in-line Mic, Super Audio with Noise Cancelling",Redragon,Earbud Headphones,Headphones & Earbuds,26,DEVICE,EARBUD_INEAR,标题描述可独立使用的完整耳机/耳塞设备，细分类目为 Earbud Headphones；判为 DEVICE；形态依据：标题含耳塞/入耳/开放式耳戴设备词，且其主体线索早于头戴式描述。
B07KNC7WR1,ACCESSORY,0.98,NOT_APPLICABLE,0,2,0,0,0,taxonomy_accessory=2,CASEBUDi Leather USB Cable and Headphone Cord Wrap | Round Carabiner attaches and Keeps Your Cords Located,CASEBUDi,Cases,Cases,3,ACCESSORY,NOT_APPLICABLE,标题明确为保护壳/收纳配件，不是可独立使用的完整耳机；细分类目 Cases 与此一致；判为 ACCESSORY。
B00VBHOBWY,AMBIGUOUS,0.5,NOT_APPLICABLE,0,0,0,0,0,insufficient_evidence,"QFX H-302MRE/RED Universal Hands Free Earphones with In-Line Microphone, Red",QFX,Headphones & Earbuds,Headphones & Earbuds,3,DEVICE,EARBUD_INEAR,标题主体是完整耳机，后列保护壳/线缆/支架等随附配件（套装不改变主体标签）；判为 DEVICE；形态依据：标题含耳塞/耳机式耳戴设备词，未出现相冲突的头戴形态描述。 原自动标签为 AMBIGUOUS，本次以商品主体语义和类目复核后更正。
B097GZ7Z9L,ACCESSORY,0.995,NOT_APPLICABLE,0,2,2,2,1,taxonomy_accessory=2;title_device=2;title_accessory=2;conflict,"Soft Silicon Case Cover, Full Body Protective Cover Compatible with Sony WF-1000XM4 True Wireless Earbuds Accessories (Blue)",RXNMH,Cases,Cases,43,ACCESSORY,NOT_APPLICABLE,标题明确为保护壳/收纳配件，不是可独立使用的完整耳机；细分类目 Cases 与此一致；判为 ACCESSORY。
B0BD3KSSQB,AMBIGUOUS,0.6,NOT_APPLICABLE,2,0,1,1,1,taxonomy_device=2;title_device=1;title_accessory=1;conflict,SGNICS for Samsung Galaxy A13 5G Wireless Earbuds Headphones with Charging Case & Dual Power Display Over-Ear Waterproof Earphones with Earhook Headset with Mic for Sport Running Workout Black,SGNICS,Earbud Headphones,Headphones & Earbuds,4,DEVICE,EARBUD_INEAR,标题主体是完整耳机，后列保护壳/线缆/支架等随附配件（套装不改变主体标签）；判为 DEVICE；形态依据：标题含耳塞/入耳/开放式耳戴设备词，且其主体线索早于头戴式描述。 原自动标签为 AMBIGUOUS，本次以商品主体语义和类目复核后更正。
B0BRZ7P6T1,DEVICE,0.98,EARBUD_INEAR,2,0,0,0,0,taxonomy_device=2,"Creative Outlier Free Wireless Bone Conduction Headphones with Bluetooth 5.3, IPX5 Sweat and Water Splash Resistance, Multipoint Connectivity, Up to 10 Hours of Battery Life, Built-in Mic",Creative,Earbud Headphones,Headphones & Earbuds,31,DEVICE,EARBUD_INEAR,标题主体是完整耳机，后列保护壳/线缆/支架等随附配件（套装不改变主体标签）；判为 DEVICE；形态依据：标题含耳塞/入耳/开放式耳戴设备词，且其主体线索早于头戴式描述。
B07JJHJVBY,ACCESSORY,0.995,NOT_APPLICABLE,0,2,0,2,0,taxonomy_accessory=2;title_accessory=2,"Earbuds Case Storage ASMOTIM EVA Hard Headphone Case Earbud Holder Portable Travel Earphones Carrying Case for Headset Charger Cable USB Key with Durable Exterior,Soft Cloth Inner [2-Pack]",ASMOTIM,Cases,Cases,569,ACCESSORY,NOT_APPLICABLE,标题明确为保护壳/收纳配件，不是可独立使用的完整耳机；细分类目 Cases 与此一致；判为 ACCESSORY。
B0746H8HZV,AMBIGUOUS,0.6,NOT_APPLICABLE,2,0,0,1,1,taxonomy_device=2;title_accessory=1;conflict,MAOTEWANG 50M 2.544 core 4 Wire Cable for Video intercom/Video Door Phone doorbell Cables/Wired Intercom Cable,ELZU.US,Earbud Headphones,Headphones & Earbuds,12,ACCESSORY,NOT_APPLICABLE,标题明确为线缆/转接配件，不是可独立使用的完整耳机；结合标题的兼容/替换关系判定；判为 ACCESSORY。 原自动标签为 AMBIGUOUS，本次以商品主体语义和类目复核后更正。
B0BGBKQPZ6,ACCESSORY,0.995,NOT_APPLICABLE,0,2,1,1,1,taxonomy_accessory=2;title_device=1;title_accessory=1;conflict,"Lanyard Compatible with AirPods Pro 2, 2022 New Wireless Bluetooth Headphones Anti-Lost Lanyard Earbuds Cover Braided Rope (Gray)",Ckeiyas,Cases,Cases,17,ACCESSORY,NOT_APPLICABLE,标题明确为保护壳/收纳配件，不是可独立使用的完整耳机；细分类目 Cases 与此一致；判为 ACCESSORY。
B0BWXJ6VY6,DEVICE,0.98,EARBUD_INEAR,0,0,2,0,0,title_device=2,"Hi-Res Extra Bass Earbuds Noise Isolating in-Ear Headphones Wired Earbuds with Microphone for iPhone, iPad, MP3, Huawei, Samsung, Lightweight Earphones with Volume Control 3.5mm Jack Headphones",BENEWY,Headphones & Earbuds,Headphones & Earbuds,12609,DEVICE,EARBUD_INEAR,标题主体是完整耳机，后列保护壳/线缆/支架等随附配件（套装不改变主体标签）；判为 DEVICE；形态依据：标题含耳塞/入耳/开放式耳戴设备词，且其主体线索早于头戴式描述。
B009CRH0QE,AMBIGUOUS,0.6,NOT_APPLICABLE,0,0,1,0,0,title_device=1,Samsung HM1900 Bluetooth Headset (Dark Gray) (Discontinued by Manufacturer),SAMSUNG,Headphones & Earbuds,Headphones & Earbuds,518,DEVICE,EARBUD_INEAR,标题描述可独立使用的完整耳机/耳塞设备，并含连接、声学或供电功能信息；判为 DEVICE；形态依据：标题语义为手机用单耳/免提蓝牙耳机或有线耳麦。 原自动标签为 AMBIGUOUS，本次以商品主体语义和类目复核后更正。
B0749NNKMH,DEVICE,0.98,EARBUD_INEAR,2,0,0,0,0,taxonomy_device=2,Sport Inear Noise Cancelling Wired Earbuds - Cooiepa Waterproof in Ear Buds Earphones Remote Hand-free Microphone Bass Stereo Headphones For Running Jogging Apple iPhone Samsung Galaxy SONY LG - Black,COOIEPA,Earbud Headphones,Headphones & Earbuds,72,DEVICE,EARBUD_INEAR,标题描述可独立使用的完整耳机/耳塞设备，细分类目为 Earbud Headphones；判为 DEVICE；形态依据：标题含耳塞/入耳/开放式耳戴设备词，且其主体线索早于头戴式描述。
B08SLXBCG2,AMBIGUOUS,0.6,NOT_APPLICABLE,2,0,0,1,1,taxonomy_device=2;title_accessory=1;conflict,EZICOK Compatible with Apple AirPods Pro Anti-Lost Earrings Fashion Ear Hook AirPods 2 1 Anti-Drop Sports Ear Clip Wireless Earphones Headphones Earbud Headset Accessories - Gold Snake-Shaped,EZICOK,Earbud Headphones,Headphones & Earbuds,31,DEVICE,EARBUD_INEAR,标题描述可独立使用的完整耳机/耳塞设备，细分类目为 Earbud Headphones；判为 DEVICE；形态依据：标题含耳塞/入耳/开放式耳戴设备词，且其主体线索早于头戴式描述。 原自动标签为 AMBIGUOUS，本次以商品主体语义和类目复核后更正。
B07KLPFD61,ACCESSORY,0.995,NOT_APPLICABLE,0,2,0,1,0,taxonomy_accessory=2;title_accessory=1,"Airpods Case, Music tracker Protective Thicken Airpods Cover Soft Silicone Chargeable Headphone Case with Anti-Lost Carabiner for Apple Airpods 1&2 Charging Case (Blue)",Music tracker,Cases,Cases,20861,ACCESSORY,NOT_APPLICABLE,标题明确为保护壳/收纳配件，不是可独立使用的完整耳机；细分类目 Cases 与此一致；判为 ACCESSORY。
B00LOPVVJO,AMBIGUOUS,0.6,NOT_APPLICABLE,2,0,0,1,1,taxonomy_device=2;title_accessory=1;conflict,Headphone Adapter for iPhone X/XS/XS MAX/XR/8/ 8Plus/ 7/7 Plus Headset Adaptor Splitter Earphone Connector Convertor 2 in 1 Dongle Cable Accessories Cables Call Charge Music Wire Control iOS System.,Unique Beddings,On-Ear Headphones,Headphones & Earbuds,20,ACCESSORY,NOT_APPLICABLE,标题明确为线缆/转接配件，不是可独立使用的完整耳机；结合标题的兼容/替换关系判定；判为 ACCESSORY。 原自动标签为 AMBIGUOUS，本次以商品主体语义和类目复核后更正。
B001THYVA8,AMBIGUOUS,0.5,NOT_APPLICABLE,0,0,0,0,0,insufficient_evidence,Brand New OEM Verizon STEREO Hands-free Headset for At&t Lg Vu Cu920 / Cu915 (Att Cu-920/cu-915),Verizon,Headphones & Earbuds,Headphones & Earbuds,3,DEVICE,EARBUD_INEAR,标题描述可独立使用的完整耳机/耳塞设备，并含连接、声学或供电功能信息；判为 DEVICE；形态依据：标题语义为手机用单耳/免提蓝牙耳机或有线耳麦。 原自动标签为 AMBIGUOUS，本次以商品主体语义和类目复核后更正。
B08TZJN6GY,ACCESSORY,0.995,NOT_APPLICABLE,0,2,0,2,0,taxonomy_accessory=2;title_accessory=2,"RUNZOOM Airpods Pro Case, 3D Cute Cartoon Venom Premium Silicone Case for Apple Airpods Pro Shockproof Protective and Skin for Apple Airpods Charging Case (Venom)",GFDG,Cases,Cases,38,ACCESSORY,NOT_APPLICABLE,标题明确为保护壳/收纳配件，不是可独立使用的完整耳机；细分类目 Cases 与此一致；判为 ACCESSORY。
B016K6BJ9S,ACCESSORY,0.98,NOT_APPLICABLE,0,2,0,0,0,taxonomy_accessory=2,Binmer(TM)Multi-purpose Bag Portable Earphone SD Card Macarons Bag Headphone Case Earbuds Carrying Pouch Beauty Necklace Beads Rings Earrings Storage Box (Pink),Binmer(TM),Cases,Cases,16,ACCESSORY,NOT_APPLICABLE,标题明确为保护壳/收纳配件，不是可独立使用的完整耳机；细分类目 Cases 与此一致；判为 ACCESSORY。
B08FSND2BR,DEVICE,0.955,EARBUD_INEAR,2,0,2,1,1,taxonomy_device=2;title_device=2;title_accessory=1;conflict,"Wireless Bluetooth Earbuds with Mic, WSHDZ T7 Touch Control Waterproof Immersive Bass Stereo Long Battery Headphones, Portable Charging Case with LED Display, Headset for Sports, Android, Phone Black",WSHDZ,Earbud Headphones,Headphones & Earbuds,6619,DEVICE,EARBUD_INEAR,标题主体是完整耳机，后列保护壳/线缆/支架等随附配件（套装不改变主体标签）；判为 DEVICE；形态依据：标题含耳塞/入耳/开放式耳戴设备词，且其主体线索早于头戴式描述。
B09PH1N67T,AMBIGUOUS,0.6,NOT_APPLICABLE,2,0,0,1,1,taxonomy_device=2;title_accessory=1;conflict,"HIFIMAN Edition XS Full-Size Over-Ear Open-Back Planar Magnetic Hi-Fi Headphones with Stealth Magnets Design, Adjustable Headband, Detachable Cable for Audiophiles, Home, Studio-Black",HIFIMAN,Over-Ear Headphones,Headphones & Earbuds,247,DEVICE,OVER_EAR,标题主体是完整耳机，后列保护壳/线缆/支架等随附配件（套装不改变主体标签）；判为 DEVICE；形态依据：标题明确为 over-ear/around-ear/full-size，且该形态是最先出现的主体描述。 原自动标签为 AMBIGUOUS，本次以商品主体语义和类目复核后更正。
B0094S379U,AMBIGUOUS,0.5,NOT_APPLICABLE,0,0,0,0,0,insufficient_evidence,Logitech UE 6000 Headphones - White (Discontinued by Manufacturer),Logitech,Headphones & Earbuds,Headphones & Earbuds,334,DEVICE,OVER_EAR,标题或核验到的规格表明为包耳/环耳/专业监听或大型耳罩式耳机；判为 DEVICE / OVER_EAR。 核验来源：https://ir.logitech.com/press-releases/press-release-details/2012/New-Line-From-Logitech-UE-Delivers-Pure-Undiluted-Music-Anytime-Anywhere/default.aspx 原自动标签为 AMBIGUOUS，本次复核后更正。
B004GV7M6O,DEVICE,0.98,EARBUD_INEAR,2,0,0,0,0,taxonomy_device=2,dB Logic EP-100 Earbud Headphones (Blue),dB Logic,Earbud Headphones,Headphones & Earbuds,42,DEVICE,EARBUD_INEAR,标题描述可独立使用的完整耳机/耳塞设备，细分类目为 Earbud Headphones；判为 DEVICE；形态依据：标题含耳塞/入耳/开放式耳戴设备词，且其主体线索早于头戴式描述。
B0084BBYV6,AMBIGUOUS,0.6,NOT_APPLICABLE,2,0,0,1,1,taxonomy_device=2;title_accessory=1;conflict,"Case Star cute witch PU Leather Carrying Bag/Hand bag Style Case with Shoulder Strap, Case Star Cellphone Bag-Pink",REDESS,Earbud Headphones,Headphones & Earbuds,5,ACCESSORY,NOT_APPLICABLE,标题明确为保护壳/收纳配件，不是可独立使用的完整耳机；结合标题的兼容/替换关系判定；判为 ACCESSORY。 原自动标签为 AMBIGUOUS，本次以商品主体语义和类目复核后更正。
B07K46N7BT,ACCESSORY,0.995,NOT_APPLICABLE,0,2,0,1,0,taxonomy_accessory=2;title_accessory=1,"Case for AirPods, Filoto Bling AirPod Silicone Case Cover Skin, AirPods 1st/2nd Generation Protective Glitter Case with Shiny Disco Ball Keychain (Baby Peach)",Filoto,Cases,Cases,12311,ACCESSORY,NOT_APPLICABLE,标题明确为保护壳/收纳配件，不是可独立使用的完整耳机；细分类目 Cases 与此一致；判为 ACCESSORY。
B0812B68BP,ACCESSORY,0.995,NOT_APPLICABLE,0,2,0,1,0,taxonomy_accessory=2;title_accessory=1,Compatible with Airpods 2 & 1 – Shockproof TPU Gel Portable Protection Soft Case Cover Skin with Carabiner Clip Keychain (Wood Parquet Texture Herringbone),SMODDIX,Cases,Cases,5,ACCESSORY,NOT_APPLICABLE,标题明确为保护壳/收纳配件，不是可独立使用的完整耳机；细分类目 Cases 与此一致；判为 ACCESSORY。
B0108N4LYE,AMBIGUOUS,0.5,NOT_APPLICABLE,0,0,0,0,0,insufficient_evidence,Kiss Me In The Garden Moisturizing Dry Skin Shea Butter Balm Scented Refreshing Hand Cream 5.5 Ounce,DINGBANGGGGG,Headphones & Earbuds,Headphones & Earbuds,2,ACCESSORY,NOT_APPLICABLE,标题明确为保护壳/收纳配件，不是可独立使用的完整耳机；结合标题的兼容/替换关系判定；判为 ACCESSORY。 原自动标签为 AMBIGUOUS，本次以商品主体语义和类目复核后更正。
B00Y2ITG2O,DEVICE,0.995,ON_EAR,2,0,1,0,0,taxonomy_device=2;title_device=1,Beats Solo 2 WIRED On-Ear Headphone - Blush Rose - NOT WIRELESS (Renewed),Amazon Renewed,On-Ear Headphones,Headphones & Earbuds,20,DEVICE,ON_EAR,标题描述可独立使用的完整耳机/耳塞设备，细分类目为 On-Ear Headphones；判为 DEVICE；形态依据：标题明确为 on-ear/supra-aural，或该形态是最先出现的主体描述。
B09DYS45CN,ACCESSORY,0.995,NOT_APPLICABLE,0,2,0,2,0,taxonomy_accessory=2;title_accessory=2,"doeboe Case for Airpods 3rd Generation, Protective Rugged Case for Apple AirPod 3 2021, Shockproof Cover with Keychain for Air Pod 3 Gen Charging Case, 1 Pack Replacement Hard Case [Front LED Visible]",doeboe,Cases,Cases,154,ACCESSORY,NOT_APPLICABLE,标题明确为保护壳/收纳配件，不是可独立使用的完整耳机；细分类目 Cases 与此一致；判为 ACCESSORY。
B08BYGPWRY,AMBIGUOUS,0.6,NOT_APPLICABLE,2,0,1,1,1,taxonomy_device=2;title_device=1;title_accessory=1;conflict,"SZSAGO Bluetooth-5.2-Wireless-Earbuds W5S True Wireless Earphones with USB C Metal Intelligence Charging case,IPX7 Waterproof Stereo Headphones in-Ear Built-in Mic Headset for iPhone/Samsung (Silver)",SZSAGO,Earbud Headphones,Headphones & Earbuds,52,DEVICE,EARBUD_INEAR,标题主体是完整耳机，后列保护壳/线缆/支架等随附配件（套装不改变主体标签）；判为 DEVICE；形态依据：标题含耳塞/入耳/开放式耳戴设备词，且其主体线索早于头戴式描述。 原自动标签为 AMBIGUOUS，本次以商品主体语义和类目复核后更正。
B01EWMQVHM,DEVICE,0.98,EARBUD_INEAR,2,0,0,0,0,taxonomy_device=2,"Car Sun Shade for Side Window ,Yoleo Car Sunshade Protector - Protect your kids and pets in the back seat from sun glare and heat. Blocks over 97% of harmful UV Rays (set of 2 )",Jiannnuan,Earbud Headphones,Headphones & Earbuds,3,AMBIGUOUS,NOT_APPLICABLE,"needs_review: 标题“Car Sun Shade for Side Window ,Yoleo Car Sunshade Protector - Protect your kids and pets in the back seat from sun glare and heat. Blocks over 97% of ”未描述完整耳机或明确耳机配件，且与类目“Earbud Headphones”不一致/信息残缺；保留 AMBIGUOUS，不强行归类。 原自动标签为 DEVICE，本次以商品主体语义和类目复核后更正。"
B084LFBQP5,DEVICE,0.995,OVER_EAR,2,0,1,0,0,taxonomy_device=2;title_device=1,"Anker Soundcore Life Q10 Wireless Bluetooth Headphones, Over Ear and Foldable, Hi-Res Certified Sound, 60-Hour Playtime and Fast USB-C Charging, Deep Bass, Aux Input (Blue), Medium(Renewed)",Amazon Renewed,Over-Ear Headphones,Headphones & Earbuds,15,DEVICE,OVER_EAR,标题描述可独立使用的完整耳机/耳塞设备，细分类目为 Over-Ear Headphones；判为 DEVICE；形态依据：标题明确为 over-ear/around-ear/full-size，且该形态是最先出现的主体描述。
B00BHIRCIM,AMBIGUOUS,0.5,NOT_APPLICABLE,2,0,1,2,1,taxonomy_device=2;title_device=1;title_accessory=2;conflict,Blue Carrying Case for Bose IE2 MIE2 MIE2I SIE2 SIE2I IE1 MIE1 In-Ear Headphones Mobile In-Ear Headset Stereo Wired Sport Bag Holder Pouch Hold Box Pocket Size Hard Hold Protection Protect Save + Black Sea International Logo Good Quality Micro Fiber Cleaning Cloth (random color),PL,Earbud Headphones,Headphones & Earbuds,13,ACCESSORY,NOT_APPLICABLE,标题明确为保护壳/收纳配件，不是可独立使用的完整耳机；结合标题的兼容/替换关系判定；判为 ACCESSORY。 原自动标签为 AMBIGUOUS，本次以商品主体语义和类目复核后更正。
B07JZTQZQS,DEVICE,0.98,EARBUD_INEAR,2,0,0,0,0,taxonomy_device=2,"Echobox HiFi in-Ear Earphones Wired Earbuds - High Resolution Stereo Headphone, Solid Titanium Housings, Tangle Free Cable, W/O Mic",Echobox,Earbud Headphones,Headphones & Earbuds,114,DEVICE,EARBUD_INEAR,标题描述可独立使用的完整耳机/耳塞设备，细分类目为 Earbud Headphones；判为 DEVICE；形态依据：标题含耳塞/入耳/开放式耳戴设备词，且其主体线索早于头戴式描述。
B07NGM21R6,DEVICE,0.995,EARBUD_INEAR,2,0,1,0,0,taxonomy_device=2;title_device=1,"Bluetooth Headphones, Waterproof Sports Earphones for Gym Running, Bluetooth 4.2 in-Ear Earphones w/Mic",Uotyon,Earbud Headphones,Headphones & Earbuds,6,DEVICE,EARBUD_INEAR,标题描述可独立使用的完整耳机/耳塞设备，细分类目为 Earbud Headphones；判为 DEVICE；形态依据：标题含耳塞/入耳/开放式耳戴设备词，且其主体线索早于头戴式描述。
B00YCBE3HY,AMBIGUOUS,0.5,NOT_APPLICABLE,0,0,0,0,0,insufficient_evidence,Samsung OEM 3.5mm Tangle Free Stereo Headset with Microphone for Samsung Galaxy S5 - Non-Retail Packaging - White,SAMSUNG,Headphones & Earbuds,Headphones & Earbuds,491,DEVICE,EARBUD_INEAR,标题主体是完整耳机，后列保护壳/线缆/支架等随附配件（套装不改变主体标签）；判为 DEVICE；形态依据：标题语义为手机用单耳/免提蓝牙耳机或有线耳麦。 原自动标签为 AMBIGUOUS，本次以商品主体语义和类目复核后更正。
B0BN6DVC5H,DEVICE,0.955,EARBUD_INEAR,2,0,2,1,1,taxonomy_device=2;title_device=2;title_accessory=1;conflict,"SAMSUNG Galaxy Buds Pro True Wireless Bluetooth Earbuds w/ Noise Cancelling, Charging Case, IPX7 Water Resistant, Long Battery Life, Touch Control, US Version, Phantom Violet",SAMSUNG,Earbud Headphones,Headphones & Earbuds,8707,DEVICE,EARBUD_INEAR,标题描述可独立使用的完整耳机/耳塞设备，细分类目为 Earbud Headphones；判为 DEVICE；形态依据：标题含耳塞/入耳/开放式耳戴设备词，且其主体线索早于头戴式描述。
B079DXVTXB,AMBIGUOUS,0.6,NOT_APPLICABLE,0,0,1,0,0,title_device=1,Kids Headphones Children's Headphones for Kids Toddler Headphones Over Ear Headphones,Jungle by Nenos,Headphones & Earbuds,Headphones & Earbuds,11,DEVICE,OVER_EAR,标题描述可独立使用的完整耳机/耳塞设备，并含连接、声学或供电功能信息；判为 DEVICE；形态依据：标题明确为 over-ear/around-ear/full-size，且该形态是最先出现的主体描述。 原自动标签为 AMBIGUOUS，本次以商品主体语义和类目复核后更正。
B0BNC1QBH6,DEVICE,0.98,ON_EAR,2,0,0,0,0,taxonomy_device=2,"Sony Wireless Headphones WH-CH510: Wireless Bluetooth On-Ear Headset with Mic for phone-call, Blue",Sony,On-Ear Headphones,Headphones & Earbuds,36452,DEVICE,ON_EAR,标题描述可独立使用的完整耳机/耳塞设备，细分类目为 On-Ear Headphones；判为 DEVICE；形态依据：标题明确为 on-ear/supra-aural，或该形态是最先出现的主体描述。
B097BMKBZK,AMBIGUOUS,0.6,NOT_APPLICABLE,2,0,0,1,1,taxonomy_device=2;title_accessory=1;conflict,KZ SK10 Wireless Headset Touch Control Bluetooth 5.2 Headphones with Wireless Charging Case Waterproof TWS Stereo in-Ear Earphones for Gaming Work Sports Laptop(Black),G.K,Earbud Headphones,Headphones & Earbuds,67,DEVICE,EARBUD_INEAR,标题主体是完整耳机，后列保护壳/线缆/支架等随附配件（套装不改变主体标签）；判为 DEVICE；形态依据：标题含耳塞/入耳/开放式耳戴设备词，且其主体线索早于头戴式描述。 原自动标签为 AMBIGUOUS，本次以商品主体语义和类目复核后更正。
B00MV7IPQQ,DEVICE,0.98,EARBUD_INEAR,2,0,0,0,0,taxonomy_device=2,Auvio Mono Earbud Headset with Mic,AUVIO,Earbud Headphones,Headphones & Earbuds,4,DEVICE,EARBUD_INEAR,标题描述可独立使用的完整耳机/耳塞设备，细分类目为 Earbud Headphones；判为 DEVICE；形态依据：标题含耳塞/入耳/开放式耳戴设备词，且其主体线索早于头戴式描述。
B095VN2CPK,DEVICE,0.955,EARBUD_INEAR,2,0,2,1,1,taxonomy_device=2;title_device=2;title_accessory=1;conflict,"Samsung Galaxy Buds+ Plus, True Wireless Earbuds w/Improved Battery and Call Quality (Wireless Charging Case Included w/Velvet Pouch) - White",SAMSUNG,Earbud Headphones,Headphones & Earbuds,42,DEVICE,EARBUD_INEAR,标题描述可独立使用的完整耳机/耳塞设备，细分类目为 Earbud Headphones；判为 DEVICE；形态依据：标题含耳塞/入耳/开放式耳戴设备词，且其主体线索早于头戴式描述。
B07S8MXRY3,AMBIGUOUS,0.5,NOT_APPLICABLE,0,0,0,0,0,insufficient_evidence,LTY Dog Bed Car Seat for Puppy Pet Booster Seat or Travel Safety Car Seat with Storage Pocket (Blue),YOZJONGNGG,Headphones & Earbuds,Headphones & Earbuds,1,AMBIGUOUS,NOT_APPLICABLE,needs_review: 标题“LTY Dog Bed Car Seat for Puppy Pet Booster Seat or Travel Safety Car Seat with Storage Pocket (Blue)”未描述完整耳机或明确耳机配件，且与类目“Headphones & Earbuds”不一致/信息残缺；保留 AMBIGUOUS，不强行归类。
B005GLA1WU,AMBIGUOUS,0.6,NOT_APPLICABLE,0,0,1,0,0,title_device=1,Berlin Gear Bluetooth Headset BG320,BERLIN GEAR,Headphones & Earbuds,Headphones & Earbuds,5,DEVICE,EARBUD_INEAR,标题描述可独立使用的完整耳机/耳塞设备，并含连接、声学或供电功能信息；判为 DEVICE；形态依据：标题语义为手机用单耳/免提蓝牙耳机或有线耳麦。 原自动标签为 AMBIGUOUS，本次以商品主体语义和类目复核后更正。
B01CXW5VR4,AMBIGUOUS,0.6,NOT_APPLICABLE,1,0,0,0,0,taxonomy_device=1,"ASTELL & KERN AKT1P Beyerdynamic Tesla Balanced Semi-Open Back Stereo Headphones w/Bundle Includes, FiiO E12 Mont Blanc Portable Headphone Amplifier & 64GB MicroSDXC High-Speed Memory Card",Astell&Kern,"Headphones, Earbuds & Accessories",,1,DEVICE,OVER_EAR,标题或核验到的规格表明为包耳/环耳/专业监听或大型耳罩式耳机；判为 DEVICE / OVER_EAR。 原自动标签为 AMBIGUOUS，本次复核后更正。
B0BM9KCRHF,DEVICE,0.955,EARBUD_INEAR,2,0,2,1,1,taxonomy_device=2;title_device=2;title_accessory=1;conflict,PocBuds Bluetooth Headphones Wireless Earbuds 50Hrs Playtime with Wireless Charging Case Dual Digital Display Waterproof Immersive Stereo in-Ear Earphones with Mic for Phone TV Computer Android White,PocBuds,Earbud Headphones,Headphones & Earbuds,640,DEVICE,EARBUD_INEAR,标题主体是完整耳机，后列保护壳/线缆/支架等随附配件（套装不改变主体标签）；判为 DEVICE；形态依据：标题含耳塞/入耳/开放式耳戴设备词，且其主体线索早于头戴式描述。
B07Z4T2DPJ,ACCESSORY,0.995,NOT_APPLICABLE,0,2,0,1,0,taxonomy_accessory=2;title_accessory=1,"KAKAO FRIENDS Official- Pom Pom Accessory Keyring, Compatible with AirPods Silicone Case (Apeach)",KAKAO FRIENDS,Cases,Cases,7,ACCESSORY,NOT_APPLICABLE,标题明确为保护壳/收纳配件，不是可独立使用的完整耳机；细分类目 Cases 与此一致；判为 ACCESSORY。
B07WLD86QZ,AMBIGUOUS,0.6,NOT_APPLICABLE,2,0,1,1,1,taxonomy_device=2;title_device=1;title_accessory=1;conflict,"TAOCOCO Wireless Bluetooth Headset, Bluetooth 5.0 Earbuds with Charging Case LED Battery Display TWS Stereo Wireless Headphone 90H Playtime Sweatproof in-Ear Built-in Mic Headset for Work Sport",TAOCOCO,Earbud Headphones,Headphones & Earbuds,41,DEVICE,EARBUD_INEAR,标题主体是完整耳机，后列保护壳/线缆/支架等随附配件（套装不改变主体标签）；判为 DEVICE；形态依据：标题含耳塞/入耳/开放式耳戴设备词，且其主体线索早于头戴式描述。 原自动标签为 AMBIGUOUS，本次以商品主体语义和类目复核后更正。
B002JF6W3I,DEVICE,0.98,EARBUD_INEAR,2,0,0,0,0,taxonomy_device=2,BudFits for iPod and iPhone Earbuds (Clear and Blue Pairs) - not Compatible with New Apple EarPods,Innovelis,Earbud Headphones,Headphones & Earbuds,12,DEVICE,EARBUD_INEAR,标题描述可独立使用的完整耳机/耳塞设备，细分类目为 Earbud Headphones；判为 DEVICE；形态依据：标题含耳塞/入耳/开放式耳戴设备词，且其主体线索早于头戴式描述。
B07RL2NXBY,ACCESSORY,0.995,NOT_APPLICABLE,0,2,1,1,1,taxonomy_accessory=2;title_device=1;title_accessory=1;conflict,"CaseSack Wireless Earbuds case for Samsung Galaxy Buds+ Plus, Galaxy Buds+ Plus 2020, Galaxy Buds, Galaxy Buds 2019, Rubber Black with Bubble Pattern, mesh Accessory Pocket (Black)",CaseSack,Cases,Cases,27,ACCESSORY,NOT_APPLICABLE,标题明确为保护壳/收纳配件，不是可独立使用的完整耳机；细分类目 Cases 与此一致；判为 ACCESSORY。
B0811LKBJ3,ACCESSORY,0.995,NOT_APPLICABLE,0,2,1,1,1,taxonomy_accessory=2;title_device=1;title_accessory=1;conflict,"Echo Buds Case,Hard Carrying Case with Keychain EVA Shockproof Water Resistant Outdoor Travel Full Body Protection Compatible for Amazon Echo Buds Wireless Earbuds (Black)",Mangix,Cases,Cases,9,ACCESSORY,NOT_APPLICABLE,标题明确为保护壳/收纳配件，不是可独立使用的完整耳机；细分类目 Cases 与此一致；判为 ACCESSORY。
B07XRV5QS4,DEVICE,0.985,EARBUD_INEAR,2,0,3,1,1,taxonomy_device=2;title_device=3;title_accessory=1;conflict,"Alead TX8 Bluetooth 5.0 True Wireless Earbuds (TWS) with Wireless Charging case, IP68 Waterproof, HiFi Sound, deep bass, auto Pairing, 5H Playtime, Built-in mic, Bluetooth in-Ear Earbuds for Sports",Alead,Earbud Headphones,Headphones & Earbuds,33,DEVICE,EARBUD_INEAR,标题主体是完整耳机，后列保护壳/线缆/支架等随附配件（套装不改变主体标签）；判为 DEVICE；形态依据：标题含耳塞/入耳/开放式耳戴设备词，且其主体线索早于头戴式描述。
B08MJC8XP9,DEVICE,0.98,EARBUD_INEAR,2,0,0,0,0,taxonomy_device=2,"Waverly Spree Room Darkening Curtains for Bedroom - Fineapple 42"" x 84"" Thermal Insulated Single Panel Rod Pocket Light Blocking Curtains for Living Room, Multi",WAVERLY,Earbud Headphones,Headphones & Earbuds,19,AMBIGUOUS,NOT_APPLICABLE,"needs_review: 标题“Waverly Spree Room Darkening Curtains for Bedroom - Fineapple 42"" x 84"" Thermal Insulated Single Panel Rod Pocket Light Blocking Curtains for Living R”未描述完整耳机或明确耳机配件，且与类目“Earbud Headphones”不一致/信息残缺；保留 AMBIGUOUS，不强行归类。 原自动标签为 DEVICE，本次以商品主体语义和类目复核后更正。"
B002UNLX38,AMBIGUOUS,0.5,NOT_APPLICABLE,0,0,0,0,0,insufficient_evidence,Samsung Headset Adapter,SAMSUNG,Headphones & Earbuds,Headphones & Earbuds,2,ACCESSORY,NOT_APPLICABLE,标题明确为线缆/转接配件，不是可独立使用的完整耳机；结合标题的兼容/替换关系判定；判为 ACCESSORY。 原自动标签为 AMBIGUOUS，本次以商品主体语义和类目复核后更正。
B07BLM9GR9,AMBIGUOUS,0.5,NOT_APPLICABLE,0,0,0,0,0,insufficient_evidence,"Ancient Egyptian Tapestry, Egypt Egyptian Character Wall Hanging Tapestry Backdrop, Home Dorm Living Room Guest Room Decoration HYC02-B-US W: 59"" x H: 51"" #9",Barbato,Headphones & Earbuds,Headphones & Earbuds,7,AMBIGUOUS,NOT_APPLICABLE,"needs_review: 标题“Ancient Egyptian Tapestry, Egypt Egyptian Character Wall Hanging Tapestry Backdrop, Home Dorm Living Room Guest Room Decoration HYC02-B-US W: 59"" x H:”未描述完整耳机或明确耳机配件，且与类目“Headphones & Earbuds”不一致/信息残缺；保留 AMBIGUOUS，不强行归类。"
B00W98RIX8,AMBIGUOUS,0.6,NOT_APPLICABLE,0,0,1,0,0,title_device=1,TDK Life on Record WR680 Wireless Bluetooth Headphones Black,TDK,Headphones & Earbuds,Headphones & Earbuds,19,DEVICE,OVER_EAR,标题或核验到的规格表明为包耳/环耳/专业监听或大型耳罩式耳机；判为 DEVICE / OVER_EAR。 核验来源：https://kakaku.com/item/J0000016698/ 原自动标签为 AMBIGUOUS，本次复核后更正。
B079F684LF,AMBIGUOUS,0.5,NOT_APPLICABLE,0,0,0,0,0,insufficient_evidence,AdirHome Wood Key Cabinet Box (Rattan Accent),AdirHome,Headphones & Earbuds,Headphones & Earbuds,3,AMBIGUOUS,NOT_APPLICABLE,needs_review: 标题“AdirHome Wood Key Cabinet Box (Rattan Accent)”未描述完整耳机或明确耳机配件，且与类目“Headphones & Earbuds”不一致/信息残缺；保留 AMBIGUOUS，不强行归类。
B06XBVR8XY,AMBIGUOUS,0.5,NOT_APPLICABLE,0,0,0,0,0,insufficient_evidence,Stereo Bass Music Headset for G4 G10 Desire HD G11 Incredible S V10 H968 AKA H778 3.5mm Port with Mic Earphones,TEFNUT,Headphones & Earbuds,Headphones & Earbuds,33,DEVICE,EARBUD_INEAR,标题描述可独立使用的完整耳机/耳塞设备，并含连接、声学或供电功能信息；判为 DEVICE；形态依据：标题含耳塞/耳机式耳戴设备词，未出现相冲突的头戴形态描述。 原自动标签为 AMBIGUOUS，本次以商品主体语义和类目复核后更正。
B0833RKK73,DEVICE,0.98,EARBUD_INEAR,2,0,0,0,0,taxonomy_device=2,OQ9 Earbuds Earphones Custom Made for Oculus Quest VR Headset Single Channel Separate Left and Right Calibrated,Stars Tech,Earbud Headphones,Headphones & Earbuds,298,DEVICE,EARBUD_INEAR,标题描述可独立使用的完整耳机/耳塞设备，细分类目为 Earbud Headphones；判为 DEVICE；形态依据：标题含耳塞/入耳/开放式耳戴设备词，且其主体线索早于头戴式描述。
B074C7NLQS,DEVICE,0.995,EARBUD_INEAR,2,0,1,0,0,taxonomy_device=2;title_device=1,"Bestbeisiwo In-Ear Earbuds Heavy Bass Earphones with Noise Isolating Headphone for Smartphone, Pad",,Earbud Headphones,Headphones & Earbuds,8,DEVICE,EARBUD_INEAR,标题描述可独立使用的完整耳机/耳塞设备，细分类目为 Earbud Headphones；判为 DEVICE；形态依据：标题含耳塞/入耳/开放式耳戴设备词，且其主体线索早于头戴式描述。
B09R4KT2SR,ACCESSORY,0.995,NOT_APPLICABLE,0,2,0,1,0,taxonomy_accessory=2;title_accessory=1,"2 Pack Headphone Adapter for iPhone, [Apple MFi Certified] 2 in 1 Lightning to 3.5mm AUX Audio + Charger Splitter Compatible with iPhone 13/12/11/XS/XR/SE/X 8/7/8P/7P, Support PD Charge+Music Control",FCV,Adapters,Adapters,3,ACCESSORY,NOT_APPLICABLE,标题明确为线缆/转接配件，不是可独立使用的完整耳机；细分类目 Adapters 与此一致；判为 ACCESSORY。
B01N4BEKO1,DEVICE,0.995,OVER_EAR,2,0,1,0,0,taxonomy_device=2;title_device=1,Sony MDR-1000X/B Black Hi-Res Bluetooth Wireless Noise Cancelling Headphones (Renewed),Amazon Renewed,Over-Ear Headphones,Headphones & Earbuds,212,DEVICE,OVER_EAR,标题描述可独立使用的完整耳机/耳塞设备，细分类目为 Over-Ear Headphones；判为 DEVICE；形态依据：细分类目为 Over-Ear Headphones。
B07K28HFGL,ACCESSORY,0.98,NOT_APPLICABLE,0,2,0,0,0,taxonomy_accessory=2,KZ Copper Silver Mixed Plated Upgrade Cable Earphone Cable Wire Detachable Audio Cord MMCX for KZ Earphone ZST ZS10 ES3 ES4 AS10 BA10 ZS6 ZS5 ZS4 (Version MMCX: for MMCX Earphone),KZ,Extension Cords,Extension Cords,36,ACCESSORY,NOT_APPLICABLE,标题明确为线缆/转接配件，不是可独立使用的完整耳机；细分类目 Extension Cords 与此一致；判为 ACCESSORY。
B06XTXWP6C,AMBIGUOUS,0.5,NOT_APPLICABLE,0,0,0,0,0,insufficient_evidence,MFi Certified Cable 3FT 3FT 6FT 10FT Nylon Protable Braided USB Fast Charging& Syncing Cord Compatible Charger XS/MAX/XR/8/8 Plus/ 7/7 Plus/6s/89s Plus,Voolibbear,Headphones & Earbuds,Headphones & Earbuds,2,ACCESSORY,NOT_APPLICABLE,标题明确为线缆/转接配件，不是可独立使用的完整耳机；结合标题的兼容/替换关系判定；判为 ACCESSORY。 原自动标签为 AMBIGUOUS，本次以商品主体语义和类目复核后更正。
B087226LSY,ACCESSORY,0.995,NOT_APPLICABLE,0,2,1,1,1,taxonomy_accessory=2;title_device=1;title_accessory=1;conflict,Ear Pads Cups Cushions Replacement Compatible with Avantree Audition/Audition PRO/Procast/HT4189/HT5009 Bluetooth Headphones Headset,YDYBZB,Earpads,Earpads,2,ACCESSORY,NOT_APPLICABLE,标题明确为替换耳垫/耳罩，不是可独立使用的完整耳机；细分类目 Earpads 与此一致；判为 ACCESSORY。
B07R3SCX7J,AMBIGUOUS,0.5,NOT_APPLICABLE,0,0,0,0,0,insufficient_evidence,"Measuring Ruler, Woodworking Measure Tool, 1Pcs Portable 3D Miter Angle Measuring Square Ruler Green",Bounce Generation,Headphones & Earbuds,Headphones & Earbuds,1,AMBIGUOUS,NOT_APPLICABLE,"needs_review: 标题“Measuring Ruler, Woodworking Measure Tool, 1Pcs Portable 3D Miter Angle Measuring Square Ruler Green”未描述完整耳机或明确耳机配件，且与类目“Headphones & Earbuds”不一致/信息残缺；保留 AMBIGUOUS，不强行归类。"
B07DGVQ65J,AMBIGUOUS,0.5,NOT_APPLICABLE,0,0,0,0,0,insufficient_evidence,nd guarantee a Wa,AWEI,Headphones & Earbuds,Headphones & Earbuds,2,AMBIGUOUS,NOT_APPLICABLE,needs_review: 标题“nd guarantee a Wa”未描述完整耳机或明确耳机配件，且与类目“Headphones & Earbuds”不一致/信息残缺；保留 AMBIGUOUS，不强行归类。
B001DDJYJG,AMBIGUOUS,0.5,NOT_APPLICABLE,0,0,0,0,0,insufficient_evidence,BlueAnt InterPhone Bluetooth Helmet Kit (Black),BlueAnt,Headphones & Earbuds,Headphones & Earbuds,66,DEVICE,NEEDS_REVIEW,needs_review: 型号或套装语义可确认包含完整耳机/耳机系统，但佩戴结构在现有标题中不够清楚；判为 DEVICE / NEEDS_REVIEW。 原自动标签为 AMBIGUOUS，本次复核后更正。
B001E5BFOA,AMBIGUOUS,0.5,NOT_APPLICABLE,0,0,0,0,0,insufficient_evidence,Samsung Comeback Cell Phone Handsfree AAEP435SBE AAEP485MBE,SAMSUNG,Headphones & Earbuds,Headphones & Earbuds,193,DEVICE,EARBUD_INEAR,标题/型号表明是入耳耳塞、手机单耳蓝牙耳机、运动耳机或随身耳塞系统；判为 DEVICE / EARBUD_INEAR。 原自动标签为 AMBIGUOUS，本次复核后更正。
B09H4HS3XF,AMBIGUOUS,0.6,NOT_APPLICABLE,2,0,1,1,1,taxonomy_device=2;title_device=1;title_accessory=1;conflict,"Wireless Earbuds Bluetooth,Waterproof IPX8 Earphones HiFi Stereo Sound Quality,Touch Contro Headphones with Wireless Charging Case, Digital LED Intelligence Display Built-in Mic Headset for Sport",EGQINR,Earbud Headphones,Headphones & Earbuds,39,DEVICE,EARBUD_INEAR,标题主体是完整耳机，后列保护壳/线缆/支架等随附配件（套装不改变主体标签）；判为 DEVICE；形态依据：标题含耳塞/入耳/开放式耳戴设备词，且其主体线索早于头戴式描述。 原自动标签为 AMBIGUOUS，本次以商品主体语义和类目复核后更正。
B0C6ZHNQK2,DEVICE,0.985,EARBUD_INEAR,2,0,4,1,1,taxonomy_device=2;title_device=4;title_accessory=1;conflict,Hyyeosd Wireless Earbuds Bluetooth Headphones with Charging Case 60H Playtime Waterproof LED Digital Display in-Ear Earbuds with Microphone for iPhone Android Sports Gym Workout,Hyyeosd,Earbud Headphones,Headphones & Earbuds,318,DEVICE,EARBUD_INEAR,标题主体是完整耳机，后列保护壳/线缆/支架等随附配件（套装不改变主体标签）；判为 DEVICE；形态依据：标题含耳塞/入耳/开放式耳戴设备词，且其主体线索早于头戴式描述。
B09SHVFTWN,ACCESSORY,0.94,NOT_APPLICABLE,0,2,1,0,1,taxonomy_accessory=2;title_device=1;conflict,misodiko Upgraded Ear Pads Cushions Replacement for SHP9500 Over-Ear Headphones (Mesh),misodiko,Earpads,Earpads,18,ACCESSORY,NOT_APPLICABLE,标题明确为替换耳垫/耳罩，不是可独立使用的完整耳机；细分类目 Earpads 与此一致；判为 ACCESSORY。
B00HHNBKX4,AMBIGUOUS,0.6,NOT_APPLICABLE,1,0,0,1,1,taxonomy_device=1;title_accessory=1;conflict,2 Pack - Replacement for Sony MDR-IF240RK Battery - Compatible with Sony BP-HP550 Headphone Battery (700mAh 1.2V NI-MH),Upstart Battery,"Headphones, Earbuds & Accessories",,9,ACCESSORY,NOT_APPLICABLE,标题明确为耳机配件，不是可独立使用的完整耳机；结合标题的兼容/替换关系判定；判为 ACCESSORY。 原自动标签为 AMBIGUOUS，本次以商品主体语义和类目复核后更正。
B091JR3S9Q,AMBIGUOUS,0.6,NOT_APPLICABLE,2,0,1,1,1,taxonomy_device=2;title_device=1;title_accessory=1;conflict,"DOSS Earbuds, Retrobuds Bluetooth Headphones with Touch Control, Bluetooth 5.0, 24H Playtime, IPX5 Sweatproof, LED Displays Charging Case, in-Ear Earphones for Phone - Black",DOSS,Earbud Headphones,Headphones & Earbuds,29,DEVICE,EARBUD_INEAR,标题主体是完整耳机，后列保护壳/线缆/支架等随附配件（套装不改变主体标签）；判为 DEVICE；形态依据：标题含耳塞/入耳/开放式耳戴设备词，且其主体线索早于头戴式描述。 原自动标签为 AMBIGUOUS，本次以商品主体语义和类目复核后更正。
B087JKPRJJ,ACCESSORY,0.995,NOT_APPLICABLE,0,2,0,2,0,taxonomy_accessory=2;title_accessory=2,"Case for Airpods Case, Airpod Case Cover for Apple Airpods 2 & 1, Airpods Hard Case Cover with Keychain Cute Airpod Case Best Gift for Kids Girls Teens Women Boys",ODUMDUM,Cases,Cases,159,ACCESSORY,NOT_APPLICABLE,标题明确为保护壳/收纳配件，不是可独立使用的完整耳机；细分类目 Cases 与此一致；判为 ACCESSORY。
B07H43T2HC,DEVICE,0.98,EARBUD_INEAR,2,0,0,0,0,taxonomy_device=2,Raidmax Delta Prime Gaming Case Black,Raidmax,Earbud Headphones,Headphones & Earbuds,15,AMBIGUOUS,NOT_APPLICABLE,needs_review: 标题“Raidmax Delta Prime Gaming Case Black”未描述完整耳机或明确耳机配件，且与类目“Earbud Headphones”不一致/信息残缺；保留 AMBIGUOUS，不强行归类。 原自动标签为 DEVICE，本次以商品主体语义和类目复核后更正。
B097D8D6L1,ACCESSORY,0.98,NOT_APPLICABLE,0,2,0,0,0,taxonomy_accessory=2,"KINGTOP 3.5mm Y Audio Mic Splitter Cable - Headphone Microphone Adapter - Compatible with Gaming Headsets, PS4, PS5, Xbox One S, Nintendo Switch, Tablet, Mobile Phone, New Version Laptop, and PC Jack",KINGTOP,Adapters,Adapters,16480,ACCESSORY,NOT_APPLICABLE,标题明确为线缆/转接配件，不是可独立使用的完整耳机；细分类目 Adapters 与此一致；判为 ACCESSORY。
B09P9HP38P,ACCESSORY,0.96,NOT_APPLICABLE,0,2,2,1,1,taxonomy_accessory=2;title_device=2;title_accessory=1;conflict,"Bluetooth Headphones,Wireless Earbuds,Touch Control Earphones,IPX5 Waterproof audifonos bluetooth inalambricos with Microphone,TWS-G4 Airpods with LED Power Display Charging Case, Airpods for Sports",HIKATAB,Earpads,Earpads,11,DEVICE,EARBUD_INEAR,标题主体是完整耳机，后列保护壳/线缆/支架等随附配件（套装不改变主体标签）；判为 DEVICE；形态依据：标题含耳塞/入耳/开放式耳戴设备词，且其主体线索早于头戴式描述。 原自动标签为 ACCESSORY，本次以商品主体语义和类目复核后更正。
B0032CYBTE,AMBIGUOUS,0.6,NOT_APPLICABLE,0,0,1,0,0,title_device=1,GTMax Silver 3.5mm Metal Stereo Headset Handsfree Soft Gel Earbud with Microphone for Palm Pixi / Pre / Treo Pro 850 / E2 Tungsten,GTMax,Headphones & Earbuds,Headphones & Earbuds,3,DEVICE,EARBUD_INEAR,标题主体是完整耳机，后列保护壳/线缆/支架等随附配件（套装不改变主体标签）；判为 DEVICE；形态依据：标题含耳塞/入耳/开放式耳戴设备词，且其主体线索早于头戴式描述。 原自动标签为 AMBIGUOUS，本次以商品主体语义和类目复核后更正。
B09KFWXZSH,DEVICE,0.995,EARBUD_INEAR,2,0,2,0,0,taxonomy_device=2;title_device=2,Skullcandy Push XT Ultra True Wireless in-Ear Earbud - True Black (Renewed),Amazon Renewed,Earbud Headphones,Headphones & Earbuds,292,DEVICE,EARBUD_INEAR,标题描述可独立使用的完整耳机/耳塞设备，细分类目为 Earbud Headphones；判为 DEVICE；形态依据：标题含耳塞/入耳/开放式耳戴设备词，且其主体线索早于头戴式描述。
B01JF4IUL2,AMBIGUOUS,0.6,NOT_APPLICABLE,2,0,1,1,1,taxonomy_device=2;title_device=1;title_accessory=1;conflict,DOT: Stereo Wireless Bluetooth Earbuds - Bluetooth 4.1 w/Mic & Noise Reduction Technology. Comes w/ 2-in-1 Power Bank Charging Case. World's Smallest as Seen on Indiegogo! Hands-Free Earphone Headset,DOT-01,Earbud Headphones,Headphones & Earbuds,45,DEVICE,EARBUD_INEAR,标题描述可独立使用的完整耳机/耳塞设备，细分类目为 Earbud Headphones；判为 DEVICE；形态依据：标题含耳塞/入耳/开放式耳戴设备词，且其主体线索早于头戴式描述。 原自动标签为 AMBIGUOUS，本次以商品主体语义和类目复核后更正。
B01ETNEFOA,DEVICE,0.98,EARBUD_INEAR,2,0,0,0,0,taxonomy_device=2,OriDecor Pack of 4 Reusable Recyclable Stainless Steel Drinking Straws with Washing Brush,NUATE,Earbud Headphones,Headphones & Earbuds,8,AMBIGUOUS,NOT_APPLICABLE,needs_review: 标题“OriDecor Pack of 4 Reusable Recyclable Stainless Steel Drinking Straws with Washing Brush”未描述完整耳机或明确耳机配件，且与类目“Earbud Headphones”不一致/信息残缺；保留 AMBIGUOUS，不强行归类。 原自动标签为 DEVICE，本次以商品主体语义和类目复核后更正。
B096WPKZNR,DEVICE,0.995,EARBUD_INEAR,2,0,1,0,0,taxonomy_device=2;title_device=1,"Sony WF-1000XM4 Industry Leading Noise Canceling Truly Wireless Earbud Headphones with Alexa Built-in, Black",Sony,Earbud Headphones,Headphones & Earbuds,20602,DEVICE,EARBUD_INEAR,标题描述可独立使用的完整耳机/耳塞设备，细分类目为 Earbud Headphones；判为 DEVICE；形态依据：标题含耳塞/入耳/开放式耳戴设备词，且其主体线索早于头戴式描述。
B07GS15JQN,AMBIGUOUS,0.6,NOT_APPLICABLE,2,0,0,1,1,taxonomy_device=2;title_accessory=1;conflict,"MMCX Connector Earphone Cable,Better 16 Core Silver Plated Wire Earphones Upgrade Cable,Exchange Audio Cable for UE900 SE215 SE315 SE846 SE535 SE425 TIN Audio T2 Fiio f9 LZ TRI etc.(Brown-MMCX 2.5mm)",H HIFIHEAR,Earbud Headphones,Headphones & Earbuds,22,ACCESSORY,NOT_APPLICABLE,标题明确为线缆/转接配件，不是可独立使用的完整耳机；结合标题的兼容/替换关系判定；判为 ACCESSORY。 原自动标签为 AMBIGUOUS，本次以商品主体语义和类目复核后更正。
B00CYL21Y6,AMBIGUOUS,0.5,NOT_APPLICABLE,0,0,0,0,0,insufficient_evidence,Blue Ant Q3PLCNENUS Q3 Premium BT Headset BK Grey,BlueAnt,Headphones & Earbuds,Headphones & Earbuds,4,DEVICE,EARBUD_INEAR,标题/型号表明是入耳耳塞、手机单耳蓝牙耳机、运动耳机或随身耳塞系统；判为 DEVICE / EARBUD_INEAR。 核验来源：https://fccid.io/VHFBLUEANTQ3/User-Manual/manual-1873780.pdf 原自动标签为 AMBIGUOUS，本次复核后更正。
B07TRPDPF4,AMBIGUOUS,0.6,NOT_APPLICABLE,2,0,0,1,1,taxonomy_device=2;title_accessory=1;conflict,BTunes Wireless Bluetooth 5.0 Adapter for V-Moda Crossfade M100 Headphones (Black),VOXOA,Over-Ear Headphones,Headphones & Earbuds,147,ACCESSORY,NOT_APPLICABLE,标题明确为线缆/转接配件，不是可独立使用的完整耳机；结合标题的兼容/替换关系判定；判为 ACCESSORY。 原自动标签为 AMBIGUOUS，本次以商品主体语义和类目复核后更正。
B08DWN51TQ,DEVICE,0.995,OVER_EAR,2,0,1,0,0,taxonomy_device=2;title_device=1,August EP650 Bluetooth Wireless Over Ear Headphones with aptX LL Low Latency/Multipoint/NFC / 3.5mm Audio in/Headset Microphone - Blue,August,Over-Ear Headphones,Headphones & Earbuds,16595,DEVICE,OVER_EAR,标题主体是完整耳机，后列保护壳/线缆/支架等随附配件（套装不改变主体标签）；判为 DEVICE；形态依据：标题明确为 over-ear/around-ear/full-size，且该形态是最先出现的主体描述。
B00Y1UBOBE,DEVICE,0.98,EARBUD_INEAR,2,0,0,0,0,taxonomy_device=2,for (2014) Alcatel One Touch Fierce 2 7040T Pop Icon A564C ITUFFY 2items: Stylus Pen+Dual Layer Impact Resistance Plastic Cover Soft Rubber Kickstand Hybrid Case (Butterfly Flower Vine),Snaponcase,Earbud Headphones,Headphones & Earbuds,174,AMBIGUOUS,NOT_APPLICABLE,needs_review: 标题“for (2014) Alcatel One Touch Fierce 2 7040T Pop Icon A564C ITUFFY 2items: Stylus Pen+Dual Layer Impact Resistance Plastic Cover Soft Rubber Kickstand ”未描述完整耳机或明确耳机配件，且与类目“Earbud Headphones”不一致/信息残缺；保留 AMBIGUOUS，不强行归类。 原自动标签为 DEVICE，本次以商品主体语义和类目复核后更正。
B079J5PLTX,AMBIGUOUS,0.6,NOT_APPLICABLE,2,0,0,1,1,taxonomy_device=2;title_accessory=1;conflict,adidas 30926 Originals Floral Snap Case/Cover for Apple iPhone 8/7/6S/6 -,adidas,Earbud Headphones,Headphones & Earbuds,4,ACCESSORY,NOT_APPLICABLE,标题明确为保护壳/收纳配件，不是可独立使用的完整耳机；结合标题的兼容/替换关系判定；判为 ACCESSORY。 原自动标签为 AMBIGUOUS，本次以商品主体语义和类目复核后更正。
B0BWRW1VNT,AMBIGUOUS,0.6,NOT_APPLICABLE,2,0,1,1,1,taxonomy_device=2;title_device=1;title_accessory=1;conflict,ACEFAST T8 Wireless Earphones Bluetooth 5.3 Headphones LED Power Display Mini Crystal in-Ear Earbuds with Wireless Charging Case Touch Control Built-in Mic Headphone for Sports Waterproof Earphone,ACEFAST,Earbud Headphones,Headphones & Earbuds,143,DEVICE,EARBUD_INEAR,标题主体是完整耳机，后列保护壳/线缆/支架等随附配件（套装不改变主体标签）；判为 DEVICE；形态依据：标题含耳塞/入耳/开放式耳戴设备词，且其主体线索早于头戴式描述。 原自动标签为 AMBIGUOUS，本次以商品主体语义和类目复核后更正。
B0BGMZCL54,AMBIGUOUS,0.6,NOT_APPLICABLE,2,0,0,1,1,taxonomy_device=2;title_accessory=1;conflict,Qiopertar Digital Display Touch-Control Wireless Bluetooth 5.0 Hi-Fi Earphones TWS Headphones Earbuds Headset IPX4 Waterproof Built-in Mic Noise Suppression Long Endurance with Charging Case,Qiopertar,Earbud Headphones,Headphones & Earbuds,1,DEVICE,EARBUD_INEAR,标题主体是完整耳机，后列保护壳/线缆/支架等随附配件（套装不改变主体标签）；判为 DEVICE；形态依据：标题含耳塞/入耳/开放式耳戴设备词，且其主体线索早于头戴式描述。 原自动标签为 AMBIGUOUS，本次以商品主体语义和类目复核后更正。
B07S9W5F2L,DEVICE,0.995,EARBUD_INEAR,2,0,1,0,0,taxonomy_device=2;title_device=1,"Foldable Bluetooth Headset, Beartwo Lightweight Retractable Bluetooth Headphones for Sports&Exercise, Noise Cancelling Stereo Neckband Wireless Headset (with carry case)",BEARTWO,Earbud Headphones,Headphones & Earbuds,14234,DEVICE,EARBUD_INEAR,标题主体是完整耳机，后列保护壳/线缆/支架等随附配件（套装不改变主体标签）；判为 DEVICE；形态依据：标题含耳塞/入耳/开放式耳戴设备词，且其主体线索早于头戴式描述。
B07BQ8F82P,DEVICE,0.955,EARBUD_INEAR,2,0,2,1,1,taxonomy_device=2;title_device=2;title_accessory=1;conflict,"Rowkin Micro Touch Control True Wireless Earbuds Headphones: 15+ Hours Bluetooth 5 Smallest Mini Earphones & Charging Case. Deep Bass Sound Headset, Mic & Noise Reduction for Android & iPhone (Black)",Rowkin,Earbud Headphones,Headphones & Earbuds,543,DEVICE,EARBUD_INEAR,标题描述可独立使用的完整耳机/耳塞设备，细分类目为 Earbud Headphones；判为 DEVICE；形态依据：标题含耳塞/入耳/开放式耳戴设备词，且其主体线索早于头戴式描述。
B00LMAAS0Y,ACCESSORY,0.995,NOT_APPLICABLE,0,2,0,1,0,taxonomy_accessory=2;title_accessory=1,NewFantasia Replacement Audio Upgrade Cable for Sol Republic Master Tracks HD V8 / V10 / V12 / X3 Headphones,GH-1,Extension Cords,Extension Cords,98,ACCESSORY,NOT_APPLICABLE,标题明确为线缆/转接配件，不是可独立使用的完整耳机；细分类目 Extension Cords 与此一致；判为 ACCESSORY。
B01459BC7G,AMBIGUOUS,0.6,NOT_APPLICABLE,1,0,0,0,0,taxonomy_device=1,"Tooks NextGen SPORTEC Band (Dryfit) - Headphone Headband with Integrated Removable Headphones | New Inline Remote with Microphone, Volume Adjust and Music/Call Control | Color: Black",TOOKS,"Headphones, Earbuds & Accessories",,38,DEVICE,ON_EAR,标题主体是完整耳机，后列保护壳/线缆/支架等随附配件（套装不改变主体标签）；判为 DEVICE；形态依据：标题为睡眠眼罩/头带/帽式扬声器，扬声单元贴耳佩戴。 原自动标签为 AMBIGUOUS，本次以商品主体语义和类目复核后更正。
B001QF5TH2,AMBIGUOUS,0.5,NOT_APPLICABLE,0,0,0,0,0,insufficient_evidence,"Seventh Generation Auto Dish Pacs, Free & Clear-15ct",Seventh Generation,Headphones & Earbuds,Headphones & Earbuds,3,AMBIGUOUS,NOT_APPLICABLE,"needs_review: 标题“Seventh Generation Auto Dish Pacs, Free & Clear-15ct”未描述完整耳机或明确耳机配件，且与类目“Headphones & Earbuds”不一致/信息残缺；保留 AMBIGUOUS，不强行归类。"
B00OQR1ZWU,AMBIGUOUS,0.6,NOT_APPLICABLE,0,0,1,0,0,title_device=1,"Sony Bluetooth Headset, 3.5 mm Jack - Retail Packaging - Black",Sony,Headphones & Earbuds,Headphones & Earbuds,5,DEVICE,EARBUD_INEAR,标题描述可独立使用的完整耳机/耳塞设备，并含连接、声学或供电功能信息；判为 DEVICE；形态依据：标题语义为手机用单耳/免提蓝牙耳机或有线耳麦。 原自动标签为 AMBIGUOUS，本次以商品主体语义和类目复核后更正。
B07CZTCCB6,AMBIGUOUS,0.5,NOT_APPLICABLE,0,0,0,0,0,insufficient_evidence,Sony MDR-ZX110 Overhead Headphones - White,Amazon Renewed,Headphones & Earbuds,Headphones & Earbuds,14469,DEVICE,ON_EAR,标题中的便携/折叠/儿童/头带式线索或核验到的厂商规格表明耳垫压在耳廓上；判为 DEVICE / ON_EAR。 原自动标签为 AMBIGUOUS，本次复核后更正。
B078SXTDZH,AMBIGUOUS,0.6,NOT_APPLICABLE,2,0,0,1,1,taxonomy_device=2;title_accessory=1;conflict,"MEE audio BTC1 Bluetooth wireless adapter cable for MX PRO Series and M6 PRO in-ear monitors with Qualcomm aptX technology, microphone, and remote (Clear)",MEE audio,Earbud Headphones,Headphones & Earbuds,40,DEVICE,EARBUD_INEAR,标题描述可独立使用的完整耳机/耳塞设备，细分类目为 Earbud Headphones；判为 DEVICE；形态依据：标题含耳塞/入耳/开放式耳戴设备词，且其主体线索早于头戴式描述。 原自动标签为 AMBIGUOUS，本次以商品主体语义和类目复核后更正。
B00558EBIO,AMBIGUOUS,0.6,NOT_APPLICABLE,1,0,0,0,0,taxonomy_device=1,Headphones for Runners (RS1UM) RunPhones Summer Blue One Size Fits Most,RunPhones,"Headphones, Earbuds & Accessories",,15,DEVICE,ON_EAR,标题描述可独立使用的完整耳机/耳塞设备，并含连接、声学或供电功能信息；判为 DEVICE；形态依据：标题为睡眠眼罩/头带/帽式扬声器，扬声单元贴耳佩戴。 原自动标签为 AMBIGUOUS，本次以商品主体语义和类目复核后更正。
B01EA3AGNS,AMBIGUOUS,0.6,NOT_APPLICABLE,2,0,0,1,1,taxonomy_device=2;title_accessory=1;conflict,"S7 Case/Galaxy S7 Case,DIOS CASE(TM) Inner Hard Plastic with Outer Soft Rubber 3 in 1 Hybrid Impact Heavy Duty Protective Armor Defender Kickstand Cover for Samsung Galaxy S7/G9300 (Black/Blue)",Nin9Yuan,Earbud Headphones,Headphones & Earbuds,7,ACCESSORY,NOT_APPLICABLE,标题明确为保护壳/收纳配件，不是可独立使用的完整耳机；结合标题的兼容/替换关系判定；判为 ACCESSORY。 原自动标签为 AMBIGUOUS，本次以商品主体语义和类目复核后更正。
B074J94F4V,DEVICE,0.98,EARBUD_INEAR,2,0,0,0,0,taxonomy_device=2,"Aokeo's SP-6 Bluetooth Wireless Headphones, Made For Sports, In-Ear Water Resistant, HD Quality Stereo, Sweat Proof Earbuds for Gym, Running, Workout, Etc. With 6 Hour Or More Battery Life",Aokeo,Earbud Headphones,Headphones & Earbuds,23,DEVICE,EARBUD_INEAR,标题主体是完整耳机，后列保护壳/线缆/支架等随附配件（套装不改变主体标签）；判为 DEVICE；形态依据：标题含耳塞/入耳/开放式耳戴设备词，且其主体线索早于头戴式描述。
B000X92E3E,AMBIGUOUS,0.6,NOT_APPLICABLE,2,0,0,1,1,taxonomy_device=2;title_accessory=1;conflict,"Califone CA-2 Individual Stereo Headphones with Resealable Storage Bag, Adjustable, Beige",Califone,Over-Ear Headphones,Headphones & Earbuds,64,DEVICE,OVER_EAR,标题描述可独立使用的完整耳机/耳塞设备，细分类目为 Over-Ear Headphones；判为 DEVICE；形态依据：细分类目为 Over-Ear Headphones。 原自动标签为 AMBIGUOUS，本次以商品主体语义和类目复核后更正。
B07TSD6DRC,ACCESSORY,0.995,NOT_APPLICABLE,0,2,1,1,1,taxonomy_accessory=2;title_device=1;title_accessory=1;conflict,Replacement Ear Pads Cushions Muffs Repair Parts Compatible with Plantronics GameCom 780 367 377 777 Gaming Headset. (Orange),SINDERY,Earpads,Earpads,5,ACCESSORY,NOT_APPLICABLE,标题明确为替换耳垫/耳罩，不是可独立使用的完整耳机；细分类目 Earpads 与此一致；判为 ACCESSORY。
B07YBLMVXK,AMBIGUOUS,0.6,NOT_APPLICABLE,2,0,0,1,1,taxonomy_device=2;title_accessory=1;conflict,Kanto H1 Universal Headphone Stand with Curved Silicone Padding | Black,Kanto,On-Ear Headphones,Headphones & Earbuds,319,ACCESSORY,NOT_APPLICABLE,标题明确为支架/挂架，不是可独立使用的完整耳机；结合标题的兼容/替换关系判定；判为 ACCESSORY。 原自动标签为 AMBIGUOUS，本次以商品主体语义和类目复核后更正。
B00456RWVK,AMBIGUOUS,0.5,NOT_APPLICABLE,0,0,0,0,0,insufficient_evidence,Premium Black 3.5mm External Mini Microphone for Apple iPhone 3G 3G S 4 / iPod Touch 1st 2nd 3rd 4th Gen/iPod Classic/iPod Nano 4th 5th 6th Gen,Unknown,Headphones & Earbuds,Headphones & Earbuds,68,ACCESSORY,NOT_APPLICABLE,标题明确为耳机配件，不是可独立使用的完整耳机；结合标题的兼容/替换关系判定；判为 ACCESSORY。 原自动标签为 AMBIGUOUS，本次以商品主体语义和类目复核后更正。
B07VXJK361,AMBIGUOUS,0.6,NOT_APPLICABLE,2,0,2,2,1,taxonomy_device=2;title_device=2;title_accessory=2;conflict,"Wireless Earbuds,Bluetooth Earbuds Stereo, Wireless Earphones with Mic Mini Earbuds Bluetooth 5.0 Earphones Sweatproof Sports Earbuds with Charging Case for Running Compatible IOS Android Smartphones",Burxoe,Earbud Headphones,Headphones & Earbuds,6,DEVICE,EARBUD_INEAR,标题主体是完整耳机，后列保护壳/线缆/支架等随附配件（套装不改变主体标签）；判为 DEVICE；形态依据：标题含耳塞/入耳/开放式耳戴设备词，且其主体线索早于头戴式描述。 原自动标签为 AMBIGUOUS，本次以商品主体语义和类目复核后更正。
B07BFNZ13C,ACCESSORY,0.995,NOT_APPLICABLE,0,2,1,2,1,taxonomy_accessory=2;title_device=1;title_accessory=2;conflict,Poyatu S700 Ear Pads for JBL Synchros Slate Powered Over-Ear Headphones S500 S700 E50BT Headphones Replacement Ear Cushion Earpads Pillow Cover (Black),POYATU,Earpads,Earpads,95,ACCESSORY,NOT_APPLICABLE,标题明确为替换耳垫/耳罩，不是可独立使用的完整耳机；细分类目 Earpads 与此一致；判为 ACCESSORY。
B0BPCWL39Y,AMBIGUOUS,0.6,NOT_APPLICABLE,2,0,1,1,1,taxonomy_device=2;title_device=1;title_accessory=1;conflict,"Waterproof Bluetooth 5.0 Wireless Earbuds, Touch Control,30H Cyclic Playtime TWS Headphones with Charging Case and Mic in-Ear Stereo Earphones Headset",Nicelycase,Earbud Headphones,Headphones & Earbuds,7,DEVICE,EARBUD_INEAR,标题主体是完整耳机，后列保护壳/线缆/支架等随附配件（套装不改变主体标签）；判为 DEVICE；形态依据：标题含耳塞/入耳/开放式耳戴设备词，且其主体线索早于头戴式描述。 原自动标签为 AMBIGUOUS，本次以商品主体语义和类目复核后更正。
B005MR6CMG,AMBIGUOUS,0.5,NOT_APPLICABLE,0,0,0,0,0,insufficient_evidence,"Philips O'Neill SHO9567GB/28 THE STRETCH""Scratch"" Headband Headset (Black/Blue)",PHILIPS,Headphones & Earbuds,Headphones & Earbuds,63,DEVICE,OVER_EAR,标题或核验到的规格表明为包耳/环耳/专业监听或大型耳罩式耳机；判为 DEVICE / OVER_EAR。 核验来源：https://media.flixcar.com/f360cdn/Philips-1451380649-sho9567gn_10_pss_.pdf 原自动标签为 AMBIGUOUS，本次复核后更正。
B098LH8WXB,ACCESSORY,0.96,NOT_APPLICABLE,0,2,2,1,1,taxonomy_accessory=2;title_device=2;title_accessory=1;conflict,"Maidea Case for Beats Studio Buds, Waterproof Case Cover Shockproof Protective Skin Silicone Case with Keychain for New Beats Studio Buds – True Wireless Noise Cancelling Earbuds (Black)",Maidea,Cases,Cases,72,ACCESSORY,NOT_APPLICABLE,标题明确为保护壳/收纳配件，不是可独立使用的完整耳机；细分类目 Cases 与此一致；判为 ACCESSORY。
B0BNZ2785V,DEVICE,0.985,EARBUD_INEAR,2,0,5,1,1,taxonomy_device=2;title_device=5;title_accessory=1;conflict,TAGRY Bluetooth Headphones True Wireless Earbuds 60H Playback LED Power Display Earphones with Wireless Charging Case IPX5 Waterproof in-Ear Earbuds with Mic for TV Smart Phone Computer Laptop Sports,TAGRY,Earbud Headphones,Headphones & Earbuds,44742,DEVICE,EARBUD_INEAR,标题主体是完整耳机，后列保护壳/线缆/支架等随附配件（套装不改变主体标签）；判为 DEVICE；形态依据：标题含耳塞/入耳/开放式耳戴设备词，且其主体线索早于头戴式描述。
B000R40QRG,DEVICE,0.98,OVER_EAR,2,0,0,0,0,taxonomy_device=2,Creative Aurvana DJ Headphones (Discontinued by Manufacturer),Creative Labs,Over-Ear Headphones,Headphones & Earbuds,7,DEVICE,OVER_EAR,标题描述可独立使用的完整耳机/耳塞设备，细分类目为 Over-Ear Headphones；判为 DEVICE；形态依据：细分类目为 Over-Ear Headphones。
B005FDOGDE,DEVICE,0.98,EARBUD_INEAR,2,0,0,0,0,taxonomy_device=2,"JVC HAFX30R Headphone, Marshmallow, Red (Discontinued by Manufacturer)",JVC,Earbud Headphones,Headphones & Earbuds,35,DEVICE,EARBUD_INEAR,标题描述可独立使用的完整耳机/耳塞设备，细分类目为 Earbud Headphones；判为 DEVICE；形态依据：细分类目为 Earbud Headphones。
B01KPG42FW,DEVICE,0.985,EARBUD_INEAR,2,0,3,1,1,taxonomy_device=2;title_device=3;title_accessory=1;conflict,Rowkin Bit Charge Stereo: True Wireless Earbuds w/Charging Case. Bluetooth Headphones Smallest Cordless Hands-Free Mini Earphones Headset w/Mic & Noise Reduction for Android & iPhone (Gold),Rowkin,Earbud Headphones,Headphones & Earbuds,143,DEVICE,EARBUD_INEAR,标题描述可独立使用的完整耳机/耳塞设备，细分类目为 Earbud Headphones；判为 DEVICE；形态依据：标题含耳塞/入耳/开放式耳戴设备词，且其主体线索早于头戴式描述。
B0721PJJ79,AMBIGUOUS,0.6,NOT_APPLICABLE,2,0,0,1,1,taxonomy_device=2;title_accessory=1;conflict,"Active/Adaptive Noise Cancelling Isolation Headphones + Protection, Adjustable for Adults or Kids, Bluetooth Wireless or Wired, Foldable with Custom Carrying Case, Over Ear Stereo with Microphone",Pantheon,Over-Ear Headphones,Headphones & Earbuds,68,DEVICE,OVER_EAR,标题主体是完整耳机，后列保护壳/线缆/支架等随附配件（套装不改变主体标签）；判为 DEVICE；形态依据：标题明确为 over-ear/around-ear/full-size，且该形态是最先出现的主体描述。 原自动标签为 AMBIGUOUS，本次以商品主体语义和类目复核后更正。
B01IZ9ZKSE,AMBIGUOUS,0.5,NOT_APPLICABLE,0,0,0,0,0,insufficient_evidence,"Geekria Audio Cable with Mic Compatible with Skullcandy Hesh Evo Hesh ANC Hesh 3 Crusher Evo Crusher Cable, 3.5mm Aux Replacement Stereo Cord with Inline Microphone and Volume Control (4 ft/1.2 m)",GEEKRIA,Headphones & Earbuds,Headphones & Earbuds,1638,ACCESSORY,NOT_APPLICABLE,标题明确为线缆/转接配件，不是可独立使用的完整耳机；结合标题的兼容/替换关系判定；判为 ACCESSORY。 原自动标签为 AMBIGUOUS，本次以商品主体语义和类目复核后更正。
B005SINEWU,AMBIGUOUS,0.5,NOT_APPLICABLE,0,0,0,0,0,insufficient_evidence,Plantronics MDA200 Headset Communications Hub - Handset-/Computer-/Headset-Schalter,Plantronics,Headphones & Earbuds,Headphones & Earbuds,11,DEVICE,OVER_EAR,标题描述可独立使用的完整耳机/耳塞设备，并含连接、声学或供电功能信息；判为 DEVICE；形态依据：标题语义为带耳罩的游戏/办公/监听头戴式耳机。 原自动标签为 AMBIGUOUS，本次以商品主体语义和类目复核后更正。
B08T5LVJ43,ACCESSORY,0.94,NOT_APPLICABLE,0,2,1,0,1,taxonomy_accessory=2;title_device=1;conflict,"Rayker Eartips Replacement for BOSE QuietComfort Noise Cancelling Earbuds BOSE Sport Earbuds, S/M/L Sizes Soft Silicone Eartips, Fit for BOSE QuietComfort Noise Cancelling Earbuds 2020 Max Tips, Black",Rayker,Earpads,Earpads,4,ACCESSORY,NOT_APPLICABLE,标题明确为替换耳垫/耳罩，不是可独立使用的完整耳机；细分类目 Earpads 与此一致；判为 ACCESSORY。
B00QX13ESU,AMBIGUOUS,0.6,NOT_APPLICABLE,2,0,0,1,1,taxonomy_device=2;title_accessory=1;conflict,"Galaxy S5 Case,S5 Case,&Uncle.Y Cute Owl Hybrid TPU Silicone Soft + PC Hard Plastic Bumper Back Protective Skin Case for Samsung Galaxy S5 I9600 Blue",Uncle.Y,Earbud Headphones,Headphones & Earbuds,94,ACCESSORY,NOT_APPLICABLE,标题明确为保护壳/收纳配件，不是可独立使用的完整耳机；结合标题的兼容/替换关系判定；判为 ACCESSORY。 原自动标签为 AMBIGUOUS，本次以商品主体语义和类目复核后更正。
B002GO647Q,AMBIGUOUS,0.6,NOT_APPLICABLE,0,0,1,0,0,title_device=1,Samsung WEP850 WEP 850 Multi Point Noise Canceling Premium Bluetooth Headset in Retail Packaging,SAMSUNG,Headphones & Earbuds,Headphones & Earbuds,5,DEVICE,EARBUD_INEAR,标题描述可独立使用的完整耳机/耳塞设备，并含连接、声学或供电功能信息；判为 DEVICE；形态依据：标题语义为手机用单耳/免提蓝牙耳机或有线耳麦。 原自动标签为 AMBIGUOUS，本次以商品主体语义和类目复核后更正。
B08344B4G1,ACCESSORY,0.995,NOT_APPLICABLE,0,2,0,1,0,taxonomy_accessory=2;title_accessory=1,"Laffav Airpods Case Cover Protective AirPod Accessories Silicone Case Skin with Anti-Lost Carabiner (Front LED Visible) for Women Men Compatible with Apple AirPods 2 and 1, 2 Pack, Black, Purple",Laffav,Cases,Cases,12139,ACCESSORY,NOT_APPLICABLE,标题明确为保护壳/收纳配件，不是可独立使用的完整耳机；细分类目 Cases 与此一致；判为 ACCESSORY。
B083GX9DHM,DEVICE,0.98,EARBUD_INEAR,2,0,0,0,0,taxonomy_device=2,"SIMGOT MT1 in Ear Monitor Headphones with Dynamic Driver, HiFi Wired Earbuds Detachable Cable with Mic, Noise Isolating IEM Earphones Clear Sound and Depth, Gaming Earbuds for Phone Computer Tablet",SIMGOT,Earbud Headphones,Headphones & Earbuds,139,DEVICE,EARBUD_INEAR,标题主体是完整耳机，后列保护壳/线缆/支架等随附配件（套装不改变主体标签）；判为 DEVICE；形态依据：标题含耳塞/入耳/开放式耳戴设备词，且其主体线索早于头戴式描述。
B0BV6SB6WD,AMBIGUOUS,0.6,NOT_APPLICABLE,1,0,0,0,0,taxonomy_device=1,"Siniffo Upgraded Bone Conduction Headphones Wireless Bluetooth 5.3 Open Ear Sports Earphones with Mic, Sweat Resistant Headset for Workout, Running, Gym, Hiking, Driving, Cycling, Climbing",Siniffo,Open-Ear Headphones,Headphones & Earbuds,356,DEVICE,EARBUD_INEAR,标题描述可独立使用的完整耳机/耳塞设备，细分类目为 Open-Ear Headphones；判为 DEVICE；形态依据：标题含耳塞/入耳/开放式耳戴设备词，且其主体线索早于头戴式描述。 原自动标签为 AMBIGUOUS，本次以商品主体语义和类目复核后更正。
B01MEFYOF4,AMBIGUOUS,0.5,NOT_APPLICABLE,0,0,0,0,0,insufficient_evidence,JVC HA-RX330 Deep Bass Adjustable Over Head On Ear Studio Stereo Headphones - Black,JVC,Headphones & Earbuds,Headphones & Earbuds,261,DEVICE,ON_EAR,标题描述可独立使用的完整耳机/耳塞设备，并含连接、声学或供电功能信息；判为 DEVICE；形态依据：标题明确为 on-ear/supra-aural，或该形态是最先出现的主体描述。 原自动标签为 AMBIGUOUS，本次以商品主体语义和类目复核后更正。
B017L29MF8,DEVICE,0.98,EARBUD_INEAR,2,0,0,0,0,taxonomy_device=2,Black Stereo 3.5mm Headset with Microphone for Cricket Alcatel OneTouch Idol 3 - Cricket HTC Desire 626s - Cricket LG Escape 2 - Cricket LG G Stylo,DNRPrime,Earbud Headphones,Headphones & Earbuds,2,DEVICE,EARBUD_INEAR,标题主体是完整耳机，后列保护壳/线缆/支架等随附配件（套装不改变主体标签）；判为 DEVICE；形态依据：细分类目为 Earbud Headphones。
B07YCS8J8F,DEVICE,0.995,EARBUD_INEAR,2,0,4,0,0,taxonomy_device=2;title_device=4,Raycon The Everyday Bluetooth Wireless Earbuds with Microphone- Stereo Sound in-Ear Bluetooth Headset True Wireless Earbuds 32 Hours Playtime (Matte Blue),Raycon,Earbud Headphones,Headphones & Earbuds,21676,DEVICE,EARBUD_INEAR,标题主体是完整耳机，后列保护壳/线缆/支架等随附配件（套装不改变主体标签）；判为 DEVICE；形态依据：标题含耳塞/入耳/开放式耳戴设备词，且其主体线索早于头戴式描述。
B00DP0QVV4,AMBIGUOUS,0.5,NOT_APPLICABLE,0,0,0,0,0,insufficient_evidence,Samsung AAEP305SBE Hands-Free Mono Headset - Original OEM - Non-Retail Packaging - Black (Discontinued by Manufacturer),SAMSUNG,Headphones & Earbuds,Headphones & Earbuds,5,DEVICE,EARBUD_INEAR,标题描述可独立使用的完整耳机/耳塞设备，并含连接、声学或供电功能信息；判为 DEVICE；形态依据：标题语义为手机用单耳/免提蓝牙耳机或有线耳麦。 原自动标签为 AMBIGUOUS，本次以商品主体语义和类目复核后更正。
B06XKQN2RX,ACCESSORY,0.995,NOT_APPLICABLE,0,2,1,3,1,taxonomy_accessory=2;title_device=1;title_accessory=3;conflict,"Geekria Shield Headphones Case for Compatible with Audio-Technica ATH-M50X, ATH-A900 Large-Sized Over-Ear Headphones, Replacement Hard Shell Travel Carrying Bag with Cable Storage (Dark Grey)",GEEKRIA,Cases,Cases,44,ACCESSORY,NOT_APPLICABLE,标题明确为保护壳/收纳配件，不是可独立使用的完整耳机；细分类目 Cases 与此一致；判为 ACCESSORY。
B081CDDL1P,ACCESSORY,0.995,NOT_APPLICABLE,0,2,0,2,0,taxonomy_accessory=2;title_accessory=2,"DGege AirPod Pro Case Mint Green Compatible with Apple AirPods Pro, Soft Silicone AirPods Skin for Women Men Protective Cases Cover for AirPods Pro with Keychain (Front LED Visible)",DGege,Cases,Cases,11642,ACCESSORY,NOT_APPLICABLE,标题明确为保护壳/收纳配件，不是可独立使用的完整耳机；细分类目 Cases 与此一致；判为 ACCESSORY。
B08P6959XC,DEVICE,0.995,OVER_EAR,2,0,2,0,0,taxonomy_device=2;title_device=2,"Monoprice BT-600ANC Bluetooth Over Ear Headphones with Active Noise Cancelling (ANC), Qualcomm aptX HD Audio, AAC, Touch Controls, 40hr Playtime,Black",Monoprice,Over-Ear Headphones,Headphones & Earbuds,114,DEVICE,OVER_EAR,标题描述可独立使用的完整耳机/耳塞设备，细分类目为 Over-Ear Headphones；判为 DEVICE；形态依据：标题明确为 over-ear/around-ear/full-size，且该形态是最先出现的主体描述。
B00F4NYP40,AMBIGUOUS,0.5,NOT_APPLICABLE,0,0,0,0,0,insufficient_evidence,Safety 1st Crystal Clear Audio 49 Mhz Baby Monitor 600 Ft Range 08026 NEW Product Fast Shipping,,Headphones & Earbuds,Headphones & Earbuds,1,AMBIGUOUS,NOT_APPLICABLE,needs_review: 标题“Safety 1st Crystal Clear Audio 49 Mhz Baby Monitor 600 Ft Range 08026 NEW Product Fast Shipping”未描述完整耳机或明确耳机配件，且与类目“Headphones & Earbuds”不一致/信息残缺；保留 AMBIGUOUS，不强行归类。
B01LYMYYTA,ACCESSORY,0.98,NOT_APPLICABLE,0,2,0,0,0,taxonomy_accessory=2,Woodies Bamboo Wood Bead Necklace,Nin9Yuan,Adapters,Adapters,4,ACCESSORY,NOT_APPLICABLE,标题明确为线缆/转接配件，不是可独立使用的完整耳机；细分类目 Adapters 与此一致；判为 ACCESSORY。
B086HMYXJZ,DEVICE,0.98,EARBUD_INEAR,2,0,0,0,0,taxonomy_device=2,"SIMOLIO Dual Wired Headphones for TV/PC with Volume Control, 14.9ft Long Cord TV Headphones, RCA and AUX Audio Output, Anti-drop Earphone with Mic, W/Headphone Splitter for 2 Wired Headsets -SM-901TVD",SIMOLIO,Earbud Headphones,Headphones & Earbuds,3,DEVICE,EARBUD_INEAR,标题主体是完整耳机，后列保护壳/线缆/支架等随附配件（套装不改变主体标签）；判为 DEVICE；形态依据：标题含耳塞/耳机式耳戴设备词，未出现相冲突的头戴形态描述。
B0BBFRYKSB,AMBIGUOUS,0.6,NOT_APPLICABLE,2,0,0,1,1,taxonomy_device=2;title_accessory=1;conflict,"LAUDTEC Sports Headband Sleep Headphones Compatible with Bluetooth Compatible,Wireless Music Sleeping Headphones Earbuds Perfect for Side Sleepers Running Insomnia Meditation Air Travel Yoga (Black)",LT LAUDTEC,Over-Ear Headphones,Headphones & Earbuds,2,DEVICE,EARBUD_INEAR,标题描述可独立使用的完整耳机/耳塞设备，细分类目为 Over-Ear Headphones；判为 DEVICE；形态依据：标题含耳塞/入耳/开放式耳戴设备词，且其主体线索早于头戴式描述。 原自动标签为 AMBIGUOUS，本次以商品主体语义和类目复核后更正。
B08SPYDL6C,ACCESSORY,0.995,NOT_APPLICABLE,0,2,1,1,1,taxonomy_accessory=2;title_device=1;title_accessory=1;conflict,A50 Ear Pads Headband Compatible with Astro A50 a50 Gen 3 Gen 4 Gaming Headset I Replacement Ear Cushions (Not Suitable for Astro A50 Gen 1 Gen 2),TRANSTEK,Earpads,Earpads,243,ACCESSORY,NOT_APPLICABLE,标题明确为替换耳垫/耳罩，不是可独立使用的完整耳机；细分类目 Earpads 与此一致；判为 ACCESSORY。
B018STNGGY,AMBIGUOUS,0.5,NOT_APPLICABLE,0,0,0,0,0,insufficient_evidence,"Aircom A1 Airtube Stereo Headsets with HandsFree Microphone, Micro Earbuds, Noise Isolating Eartips, True Live Sound Listening for Phones, Tablets and MP3 Players",LB1 High Performance,Headphones & Earbuds,Headphones & Earbuds,58,DEVICE,EARBUD_INEAR,标题主体是完整耳机，后列保护壳/线缆/支架等随附配件（套装不改变主体标签）；判为 DEVICE；形态依据：标题含耳塞/入耳/开放式耳戴设备词，且其主体线索早于头戴式描述。 原自动标签为 AMBIGUOUS，本次以商品主体语义和类目复核后更正。
B0009G6FQI,DEVICE,0.98,EARBUD_INEAR,2,0,0,0,0,taxonomy_device=2,Creative EP-630 Earphones,Creative,Earbud Headphones,Headphones & Earbuds,2617,DEVICE,EARBUD_INEAR,标题描述可独立使用的完整耳机/耳塞设备，细分类目为 Earbud Headphones；判为 DEVICE；形态依据：标题含耳塞/耳机式耳戴设备词，未出现相冲突的头戴形态描述。
B07DC2X911,ACCESSORY,0.98,NOT_APPLICABLE,0,2,0,0,0,taxonomy_accessory=2,"elago Ear Hooks Designed for AirPods Pro, AirPods 3 and AirPods 1, 2, Anti-Slip Earbud Accessories, Comfortable Fit, Ergonomic Design, Durable TPU Construction, Perfect for Exercising [Black]",elago,Earpads,Earpads,13316,ACCESSORY,NOT_APPLICABLE,标题明确为替换耳垫/耳罩，不是可独立使用的完整耳机；细分类目 Earpads 与此一致；判为 ACCESSORY。
B000G27E4M,AMBIGUOUS,0.5,NOT_APPLICABLE,0,0,0,0,0,insufficient_evidence,Plantronics MX203S-X1S Stereo Mobile Headset for most MP3 Enabled Mobile Phones,Plantronics,Headphones & Earbuds,Headphones & Earbuds,6,DEVICE,EARBUD_INEAR,标题描述可独立使用的完整耳机/耳塞设备，并含连接、声学或供电功能信息；判为 DEVICE；形态依据：标题语义为手机用单耳/免提蓝牙耳机或有线耳麦。 原自动标签为 AMBIGUOUS，本次以商品主体语义和类目复核后更正。
B01M73A32N,AMBIGUOUS,0.6,NOT_APPLICABLE,1,0,0,0,0,taxonomy_device=1,"GEEKRIA Audio Cable Compatible with Bose Around-Ear AE2, AE2i, AE2w Cable, 2.5mm Braided Nylon Replacement Stereo Cord (4 ft / 1.2 m)",GEEKRIA,"Headphones, Earbuds & Accessories",,46,ACCESSORY,NOT_APPLICABLE,标题明确为线缆/转接配件，不是可独立使用的完整耳机；结合标题的兼容/替换关系判定；判为 ACCESSORY。 原自动标签为 AMBIGUOUS，本次以商品主体语义和类目复核后更正。
B094V5VZ6Z,ACCESSORY,0.995,NOT_APPLICABLE,0,2,0,2,0,taxonomy_accessory=2;title_accessory=2,CUCUDAI RipengPI Replacement Earphone Cable for Sennheiser- HD202 HD477 HD497 Headset Audios Cord for Headphone-1,CUCUDAI,Extension Cords,Extension Cords,1,ACCESSORY,NOT_APPLICABLE,标题明确为线缆/转接配件，不是可独立使用的完整耳机；细分类目 Extension Cords 与此一致；判为 ACCESSORY。
B010L56C00,ACCESSORY,0.995,NOT_APPLICABLE,0,2,0,1,0,taxonomy_accessory=2;title_accessory=1,"2019 JimBest Phone Charger Cable - MFi Certified - Fast Phone Charging Cable (6 Pack,3FT/6FT/10FT) Long Cord Compatible Phone XS/Max/XR/X/8/8 Plus/7/7 Plus/6/6 Plus (Silver)",JimBest1980,Adapters,Adapters,13,ACCESSORY,NOT_APPLICABLE,标题明确为线缆/转接配件，不是可独立使用的完整耳机；细分类目 Adapters 与此一致；判为 ACCESSORY。
B076LRMHJP,DEVICE,0.98,OVER_EAR,2,0,0,0,0,taxonomy_device=2,"Paw Patrol Skye and Everest Kids Headphones, Adjustable Headband, Stereo Sound, 3.5Mm Jack, Wired Headphones for Kids, Tangle-Free, Volume Control, Foldable, Childrens Headphones Over Ear for School H",eKids,Over-Ear Headphones,Headphones & Earbuds,631,DEVICE,OVER_EAR,标题描述可独立使用的完整耳机/耳塞设备，细分类目为 Over-Ear Headphones；判为 DEVICE；形态依据：标题明确为 over-ear/around-ear/full-size，且该形态是最先出现的主体描述。
B08JG98W5V,ACCESSORY,0.995,NOT_APPLICABLE,0,2,0,2,0,taxonomy_accessory=2;title_accessory=2,"V.R.Hope Case Compatible with Samsung Galaxy Buds Live Case /Galaxy Buds Pro Case, Protective Carrying Case Cover Skin Compatible for Galaxy Buds Live Earbuds Case Accessories Women Girls Men",V.R.HOPE,Cases,Cases,16,ACCESSORY,NOT_APPLICABLE,标题明确为保护壳/收纳配件，不是可独立使用的完整耳机；细分类目 Cases 与此一致；判为 ACCESSORY。
B006FS0M9K,AMBIGUOUS,0.5,NOT_APPLICABLE,0,0,0,0,0,insufficient_evidence,Champion CWP-STHS-BLK 3.5mm Mono Black Headset with 2.5mm Adapter - Carrier Packaging - Black,Aries Manufacturing,Headphones & Earbuds,Headphones & Earbuds,2,DEVICE,EARBUD_INEAR,标题主体是完整耳机，后列保护壳/线缆/支架等随附配件（套装不改变主体标签）；判为 DEVICE；形态依据：标题语义为手机用单耳/免提蓝牙耳机或有线耳麦。 原自动标签为 AMBIGUOUS，本次以商品主体语义和类目复核后更正。
B0BRPZZCVS,AMBIGUOUS,0.6,NOT_APPLICABLE,2,0,1,1,1,taxonomy_device=2;title_device=1;title_accessory=1;conflict,"Wireless Earbuds Bluetooth 5.1 Headphones with Wireless Charging Case IPX7 Waterproof Stereo Earphones in-Ear Built-in Mic Headset, Auto Pairing Headphones for iPhone/Samsung/iOS/Android (White)",Aictoe,Earbud Headphones,Headphones & Earbuds,4,DEVICE,EARBUD_INEAR,标题主体是完整耳机，后列保护壳/线缆/支架等随附配件（套装不改变主体标签）；判为 DEVICE；形态依据：标题含耳塞/入耳/开放式耳戴设备词，且其主体线索早于头戴式描述。 原自动标签为 AMBIGUOUS，本次以商品主体语义和类目复核后更正。
B09K7FPSNL,DEVICE,0.98,EARBUD_INEAR,2,0,0,0,0,taxonomy_device=2,"2 Pack iPhone Earbuds/Earphones,3.5mm in-Ear Wired Headphones with Built-in Microphone&Volume Control Noise Isolating Bass Compatible with iPhone 6s plus/6/5s/5c/iPad/Samsung/MP3/MP4/Computer/Android",SUPVOL,Earbud Headphones,Headphones & Earbuds,21,DEVICE,EARBUD_INEAR,标题主体是完整耳机，后列保护壳/线缆/支架等随附配件（套装不改变主体标签）；判为 DEVICE；形态依据：标题含耳塞/入耳/开放式耳戴设备词，且其主体线索早于头戴式描述。
B08NYLDV1V,AMBIGUOUS,0.6,NOT_APPLICABLE,2,0,0,1,1,taxonomy_device=2;title_accessory=1;conflict,"GEEKRIA USB Headphones Short Charger Cable Compatible with Bose Quietcomfort Ultra TWS QC Ultra QCSE QC45 EarbudsII Charger, USB to USB-C Replacement Power Charging Cord (1ft / 30cm 2Pack)",GEEKRIA,Earbud Headphones,Headphones & Earbuds,26,DEVICE,EARBUD_INEAR,标题描述可独立使用的完整耳机/耳塞设备，细分类目为 Earbud Headphones；判为 DEVICE；形态依据：标题含耳塞/入耳/开放式耳戴设备词，且其主体线索早于头戴式描述。 原自动标签为 AMBIGUOUS，本次以商品主体语义和类目复核后更正。
B01LW6SWGG,AMBIGUOUS,0.6,NOT_APPLICABLE,1,0,0,1,1,taxonomy_device=1;title_accessory=1;conflict,Senal 3' Replacement Cable for SMH-1000 Headphones (Straight)(2pack),Unknown,"Headphones, Earbuds & Accessories",,1,ACCESSORY,NOT_APPLICABLE,标题明确为线缆/转接配件，不是可独立使用的完整耳机；结合标题的兼容/替换关系判定；判为 ACCESSORY。 原自动标签为 AMBIGUOUS，本次以商品主体语义和类目复核后更正。
B0B85ZLHMG,ACCESSORY,0.995,NOT_APPLICABLE,0,2,0,1,0,taxonomy_accessory=2;title_accessory=1,Mainrenka Cute Kawaii AirPods 2nd 1st Generation Case Aesthetic for Women and Girls with Pearl Chain Smooth Soft Protective Cover,Mainrenka,Cases,Cases,211,ACCESSORY,NOT_APPLICABLE,标题明确为保护壳/收纳配件，不是可独立使用的完整耳机；细分类目 Cases 与此一致；判为 ACCESSORY。
B000ETG0II,DEVICE,0.98,EARBUD_INEAR,2,0,0,0,0,taxonomy_device=2,JVC HAFX55ZP Inner Ear Headphones (Red) (Discontinued by Manufacturer),JVC,Earbud Headphones,Headphones & Earbuds,4,DEVICE,EARBUD_INEAR,标题描述可独立使用的完整耳机/耳塞设备，细分类目为 Earbud Headphones；判为 DEVICE；形态依据：细分类目为 Earbud Headphones。
B08BFQ28L9,ACCESSORY,0.995,NOT_APPLICABLE,0,2,1,2,1,taxonomy_accessory=2;title_device=1;title_accessory=2;conflict,Replacement Ear Pads Cups Cushion Compatible with Corsair HS50 HS60 HS70 Pro Gaming Headset Headphones Earmuffs (Style 2),YunYiYi,Earpads,Earpads,14,ACCESSORY,NOT_APPLICABLE,标题明确为替换耳垫/耳罩，不是可独立使用的完整耳机；细分类目 Earpads 与此一致；判为 ACCESSORY。
B07Z3NMPJT,ACCESSORY,0.995,NOT_APPLICABLE,0,2,0,1,0,taxonomy_accessory=2;title_accessory=1,"Pierre Case AirPod Cases Cover Leather, AirPods Case Protective Shockproof Covers Compatible with Apple AirPods 1& 2nd Case (Orange)",Pierre Case,Cases,Cases,192,ACCESSORY,NOT_APPLICABLE,标题明确为保护壳/收纳配件，不是可独立使用的完整耳机；细分类目 Cases 与此一致；判为 ACCESSORY。
B07CKR5SG4,ACCESSORY,0.94,NOT_APPLICABLE,2,0,0,2,1,taxonomy_device=2;title_accessory=2;conflict,"SupDigital Case for Samsung Galaxy S8 Wallet Case Leather,Flower with Card Holders Magnetic Closure Design Protective Cover Case for Samsung Galaxy S8 (Black)",Katatomi,Earbud Headphones,Headphones & Earbuds,7,ACCESSORY,NOT_APPLICABLE,标题明确为保护壳/收纳配件，不是可独立使用的完整耳机；结合标题的兼容/替换关系判定；判为 ACCESSORY。
B07MR9294Y,AMBIGUOUS,0.6,NOT_APPLICABLE,2,0,1,1,1,taxonomy_device=2;title_device=1;title_accessory=1;conflict,adada Hard Travel Case for Jabra Elite Sport True Wireless Waterproof Fitness & Running Earbuds,adada,Earbud Headphones,Headphones & Earbuds,1,ACCESSORY,NOT_APPLICABLE,标题明确为保护壳/收纳配件，不是可独立使用的完整耳机；结合标题的兼容/替换关系判定；判为 ACCESSORY。 原自动标签为 AMBIGUOUS，本次以商品主体语义和类目复核后更正。
B09V6SZCP3,DEVICE,0.995,EARBUD_INEAR,2,0,2,0,0,taxonomy_device=2;title_device=2,"HAYLOU Wireless Earbuds, GT1 2022 Bluetooth Earbuds Bluetooth 5.2 HD Stereo Sound, AI Clear Call Noise Cancellation/USB-C/25H /Touch Control for Gym/Office/Home",HAYLOU,Earbud Headphones,Headphones & Earbuds,7,DEVICE,EARBUD_INEAR,标题描述可独立使用的完整耳机/耳塞设备，细分类目为 Earbud Headphones；判为 DEVICE；形态依据：标题含耳塞/入耳/开放式耳戴设备词，且其主体线索早于头戴式描述。
B07W37Q9KS,AMBIGUOUS,0.5,NOT_APPLICABLE,0,0,0,0,0,insufficient_evidence,"Compatible for Wiko Ride Model Phone Case with [Tempered Glass Screen Protector], Premium Metallic Brushed Design Dual Layer Hybrid [Shock Proof] [Drop Tested] Cover Case (Neon Green)",MY FAV CELL,Headphones & Earbuds,Headphones & Earbuds,46,ACCESSORY,NOT_APPLICABLE,标题明确为保护壳/收纳配件，不是可独立使用的完整耳机；结合标题的兼容/替换关系判定；判为 ACCESSORY。 原自动标签为 AMBIGUOUS，本次以商品主体语义和类目复核后更正。
B076ZMWXXQ,AMBIGUOUS,0.6,NOT_APPLICABLE,2,0,0,1,1,taxonomy_device=2;title_accessory=1;conflict,Mayama Compatible with Apple Samsung Wired Headphones in Ear Magnetic Metal Sport Earbuds Sweatproof Headsets with Mic Noise Canceling HiFi Stereo Heavy Bass Earphones for Workout Run Gym (Rose Gold),MAYAMA,Earbud Headphones,Headphones & Earbuds,64,DEVICE,EARBUD_INEAR,标题描述可独立使用的完整耳机/耳塞设备，细分类目为 Earbud Headphones；判为 DEVICE；形态依据：标题含耳塞/入耳/开放式耳戴设备词，且其主体线索早于头戴式描述。 原自动标签为 AMBIGUOUS，本次以商品主体语义和类目复核后更正。
B07RL2TJ57,DEVICE,0.995,EARBUD_INEAR,2,0,2,0,0,taxonomy_device=2;title_device=2,Wireless Bluetooth Headphones-Wireless in-Ear Headphones-Running Headphones for Women Men-Sport Bluetooth Earphones-Best Sport,Tiamat+,Earbud Headphones,Headphones & Earbuds,3,DEVICE,EARBUD_INEAR,标题描述可独立使用的完整耳机/耳塞设备，细分类目为 Earbud Headphones；判为 DEVICE；形态依据：标题含耳塞/入耳/开放式耳戴设备词，且其主体线索早于头戴式描述。
B07M59PR6F,DEVICE,0.98,EARBUD_INEAR,2,0,0,0,0,taxonomy_device=2,HyperGear Low Rider Wired Earphones with Microphone. Comfort-fit Ear Gels to Block Out Noise and Seal in Sound. Hands-Free Calls & Music (Red/Black),HyperGear,Earbud Headphones,Headphones & Earbuds,16,DEVICE,EARBUD_INEAR,标题主体是完整耳机，后列保护壳/线缆/支架等随附配件（套装不改变主体标签）；判为 DEVICE；形态依据：标题含耳塞/耳机式耳戴设备词，未出现相冲突的头戴形态描述。
B08HQQXYWP,DEVICE,0.955,EARBUD_INEAR,2,0,2,1,1,taxonomy_device=2;title_device=2;title_accessory=1;conflict,"Ankbit Wireless Earbuds with Mic, Bluetooth 5.0 Wireless Earbuds with USB-C Charging case, Water Resist TWS Stereo Headphones, Deep Bass for Sports, Black",1Mii,Earbud Headphones,Headphones & Earbuds,105,DEVICE,EARBUD_INEAR,标题主体是完整耳机，后列保护壳/线缆/支架等随附配件（套装不改变主体标签）；判为 DEVICE；形态依据：标题含耳塞/入耳/开放式耳戴设备词，且其主体线索早于头戴式描述。
B006KLD2I0,AMBIGUOUS,0.6,NOT_APPLICABLE,1,0,0,0,0,taxonomy_device=1,"Woo Audio HPS-RS Universal Adjustable Height Aluminum Headphone Stands (Silver, Single)",Woo Audio,"Headphones, Earbuds & Accessories",,19,ACCESSORY,NOT_APPLICABLE,标题明确为耳机配件，不是可独立使用的完整耳机；结合标题的兼容/替换关系判定；判为 ACCESSORY。 原自动标签为 AMBIGUOUS，本次以商品主体语义和类目复核后更正。
B0987DGJL3,DEVICE,0.995,EARBUD_INEAR,2,0,1,0,0,taxonomy_device=2;title_device=1,Official Galaxy S8 InEar Headphones EO-IG955BSEGW Tuned by AKG Remote Mic Earphones- Titanium Grey,SAMSUNG,Earbud Headphones,Headphones & Earbuds,11385,DEVICE,EARBUD_INEAR,标题描述可独立使用的完整耳机/耳塞设备，细分类目为 Earbud Headphones；判为 DEVICE；形态依据：标题含耳塞/入耳/开放式耳戴设备词，且其主体线索早于头戴式描述。
B008I3KSVM,DEVICE,0.98,EARBUD_INEAR,2,0,0,0,0,taxonomy_device=2,ebasy Headphones Earbuds with HD Mic 3.5mm Jack for Earbud Earphone Android PC Tablets MP3 MP4 PS4 Players Ergo-Fit in-Ear Sport Earphones Noise Isolating Stereo Pure Sound (White),ebasy,Earbud Headphones,Headphones & Earbuds,18,DEVICE,EARBUD_INEAR,标题描述可独立使用的完整耳机/耳塞设备，细分类目为 Earbud Headphones；判为 DEVICE；形态依据：标题含耳塞/入耳/开放式耳戴设备词，且其主体线索早于头戴式描述。
B009MP36P0,AMBIGUOUS,0.5,NOT_APPLICABLE,0,0,0,0,0,insufficient_evidence,Large Wooden King Tut Pharaoh Pendant Bead Chain Necklace ALL GOOD WOOD STYLE! black,Hip Hop Jewels,Headphones & Earbuds,Headphones & Earbuds,4,AMBIGUOUS,NOT_APPLICABLE,needs_review: 标题“Large Wooden King Tut Pharaoh Pendant Bead Chain Necklace ALL GOOD WOOD STYLE! black”未描述完整耳机或明确耳机配件，且与类目“Headphones & Earbuds”不一致/信息残缺；保留 AMBIGUOUS，不强行归类。
B07HRMC4NQ,ACCESSORY,0.98,NOT_APPLICABLE,0,2,0,0,0,taxonomy_accessory=2,NEXTDRIVE Spectra Portable USB DAC - The World’s Smallest 32-bit DAC Headphone Amp for Truly Mastering Your Sound On-The-Go (Spectra X USB A),NEXTDRIVE,Amplifiers,Amplifiers,31,ACCESSORY,NOT_APPLICABLE,标题明确为耳放/DAC配件，不是可独立使用的完整耳机；细分类目 Amplifiers 与此一致；判为 ACCESSORY。
B0C7V6PQ5D,DEVICE,0.995,OVER_EAR,2,0,1,0,0,taxonomy_device=2;title_device=1,"Srhythm NC25 Wireless Headphones Bluetooth 5.3,Lightweight Noise Cancelling Headset Over-Ear with Low Latency,Game Mode",Srhythm,Over-Ear Headphones,Headphones & Earbuds,23474,DEVICE,OVER_EAR,标题描述可独立使用的完整耳机/耳塞设备，细分类目为 Over-Ear Headphones；判为 DEVICE；形态依据：标题明确为 over-ear/around-ear/full-size，且该形态是最先出现的主体描述。
B00FP1C1HE,AMBIGUOUS,0.6,NOT_APPLICABLE,2,0,0,1,1,taxonomy_device=2;title_accessory=1;conflict,"Galaxy S3 Case, [Drop Protection] Goospery Fancy Diary Wallet Synthetic Saffiano Leather Case [ID Credit Card Slots & Cash Compartment] with Stand Flip Cover for Samsung Galaxy S III - Black/Brown",SKO,Earbud Headphones,Headphones & Earbuds,8,ACCESSORY,NOT_APPLICABLE,标题明确为保护壳/收纳配件，不是可独立使用的完整耳机；结合标题的兼容/替换关系判定；判为 ACCESSORY。 原自动标签为 AMBIGUOUS，本次以商品主体语义和类目复核后更正。
B0037M8AEQ,AMBIGUOUS,0.5,NOT_APPLICABLE,0,0,0,0,0,insufficient_evidence,Samsung Mono Handsfree Headset for Select Samsung Cell Phones,Modern-Life-Choice,Headphones & Earbuds,Headphones & Earbuds,165,DEVICE,EARBUD_INEAR,标题描述可独立使用的完整耳机/耳塞设备，并含连接、声学或供电功能信息；判为 DEVICE；形态依据：标题语义为手机用单耳/免提蓝牙耳机或有线耳麦。 原自动标签为 AMBIGUOUS，本次以商品主体语义和类目复核后更正。
B0BVQM7FVY,ACCESSORY,0.94,NOT_APPLICABLE,2,0,0,2,1,taxonomy_device=2;title_accessory=2;conflict,Hoseili 2023new editionBluetooth Headphones.Bluetooth 5.2 Wireless Earphones in-Ear，LED Power Display IPX7 Waterproof Band Microphone Touch Control Portable Charging Case for iOS Android PC. YJA2,Hoseili,Earbud Headphones,Headphones & Earbuds,4,DEVICE,EARBUD_INEAR,标题描述可独立使用的完整耳机/耳塞设备，细分类目为 Earbud Headphones；判为 DEVICE；形态依据：标题含耳塞/入耳/开放式耳戴设备词，且其主体线索早于头戴式描述。 原自动标签为 ACCESSORY，本次以商品主体语义和类目复核后更正。
B002VP4DRS,AMBIGUOUS,0.6,NOT_APPLICABLE,0,0,1,0,0,title_device=1,Motorola 89375N Motorola H560 Bluetooth Headset (Black) [Wireless Phone Accessory] - 1 Pack - Case - Carrier Packaging - Neutral,Motorola,Headphones & Earbuds,Headphones & Earbuds,19,DEVICE,EARBUD_INEAR,标题描述可独立使用的完整耳机/耳塞设备，并含连接、声学或供电功能信息；判为 DEVICE；形态依据：标题语义为手机用单耳/免提蓝牙耳机或有线耳麦。 原自动标签为 AMBIGUOUS，本次以商品主体语义和类目复核后更正。
B07517KGJ6,ACCESSORY,0.94,NOT_APPLICABLE,0,2,1,0,1,taxonomy_accessory=2;title_device=1;conflict,Poyatu Replacement Earbuds for Beats X BeatsX Wireless in-Ear Headphones Eartips Eargels Ear Buds Cushions (Blue),POYATU,Earpads,Earpads,14,ACCESSORY,NOT_APPLICABLE,标题明确为替换耳垫/耳罩，不是可独立使用的完整耳机；细分类目 Earpads 与此一致；判为 ACCESSORY。
B001VIX9PS,AMBIGUOUS,0.5,NOT_APPLICABLE,0,0,0,0,0,insufficient_evidence,Samsung SBH500 Stereo Bluetooth Wireless Headset,SAMSUNG,Headphones & Earbuds,Headphones & Earbuds,113,DEVICE,EARBUD_INEAR,标题描述可独立使用的完整耳机/耳塞设备，并含连接、声学或供电功能信息；判为 DEVICE；形态依据：标题语义为手机用单耳/免提蓝牙耳机或有线耳麦。 原自动标签为 AMBIGUOUS，本次以商品主体语义和类目复核后更正。
B0039YP2B6,AMBIGUOUS,0.5,NOT_APPLICABLE,0,0,0,0,0,insufficient_evidence,Scosche Increased Dynamic Range Noise Isolation Earphones with Hands-Free Mic and Volume Control,Scosche,Headphones & Earbuds,Headphones & Earbuds,3,DEVICE,EARBUD_INEAR,标题描述可独立使用的完整耳机/耳塞设备，并含连接、声学或供电功能信息；判为 DEVICE；形态依据：标题含耳塞/耳机式耳戴设备词，未出现相冲突的头戴形态描述。 原自动标签为 AMBIGUOUS，本次以商品主体语义和类目复核后更正。
B07MSC23V1,AMBIGUOUS,0.5,NOT_APPLICABLE,0,0,0,0,0,insufficient_evidence,"Sleep Headphones Eye Mask Perfect for Sleeping, Anti Snoring and The Best Headphones Sleep Design Ideas for Sports, Air Travel, Meditation and Relaxat (Black)",CAHU CH,Headphones & Earbuds,Headphones & Earbuds,49,DEVICE,ON_EAR,标题描述可独立使用的完整耳机/耳塞设备，并含连接、声学或供电功能信息；判为 DEVICE；形态依据：标题为睡眠眼罩/头带/帽式扬声器，扬声单元贴耳佩戴。 原自动标签为 AMBIGUOUS，本次以商品主体语义和类目复核后更正。
B0C1BQCSMR,AMBIGUOUS,0.5,NOT_APPLICABLE,2,0,1,2,1,taxonomy_device=2;title_device=1;title_accessory=2;conflict,"Siumir Earbuds Cleaning Pen Kit Compatible with Airpods Bluetooth Earbuds Cleaning Putty Cleaning Cloth Wipes Cleaning Tools for Charging Case, Headphones Phone, Earbuds, Camera",Siumir,Earbud Headphones,Headphones & Earbuds,305,DEVICE,EARBUD_INEAR,标题主体是完整耳机，后列保护壳/线缆/支架等随附配件（套装不改变主体标签）；判为 DEVICE；形态依据：标题含耳塞/入耳/开放式耳戴设备词，且其主体线索早于头戴式描述。 原自动标签为 AMBIGUOUS，本次以商品主体语义和类目复核后更正。
B0BH7GY54V,ACCESSORY,0.995,NOT_APPLICABLE,0,2,0,1,0,taxonomy_accessory=2;title_accessory=1,"COMPLY Foam Ear Tips for Apple AirPods Pro Generation 1 & 2, Ultimate Comfort| Unshakeable Fit| Small, 3 Pairs",COMPLY,Earpads,Earpads,16568,ACCESSORY,NOT_APPLICABLE,标题明确为替换耳垫/耳罩，不是可独立使用的完整耳机；细分类目 Earpads 与此一致；判为 ACCESSORY。
B07TFK71M5,ACCESSORY,0.995,NOT_APPLICABLE,0,2,0,3,0,taxonomy_accessory=2;title_accessory=3,"Yeegewin Case Cover for Galaxy Buds, PC Protective Cover with Keychain, Anti-Scratch, Shockproof Nonslip Carabiner Charging Case Cover for Samsung Galaxy Buds - Black",Yeegewin,Cases,Cases,47,ACCESSORY,NOT_APPLICABLE,标题明确为保护壳/收纳配件，不是可独立使用的完整耳机；细分类目 Cases 与此一致；判为 ACCESSORY。
B0BFF5787V,ACCESSORY,0.995,NOT_APPLICABLE,0,2,0,1,0,taxonomy_accessory=2;title_accessory=1,"AIIEKZ Compatible with AirPods Pro Case Cover, Soft Silicone Case with Gold Heart Pattern for AirPod Pro Case with Cute Butterfly Keychain for Girls Women (Black)",AIIEKZ,Cases,Cases,83,ACCESSORY,NOT_APPLICABLE,标题明确为保护壳/收纳配件，不是可独立使用的完整耳机；细分类目 Cases 与此一致；判为 ACCESSORY。
B01729FRMW,AMBIGUOUS,0.6,NOT_APPLICABLE,2,0,0,1,1,taxonomy_device=2;title_accessory=1;conflict,Multi Sport Audio Waterproof Headphones with short cords and carrying case,Gasy Bzhe,Earbud Headphones,Headphones & Earbuds,12,DEVICE,EARBUD_INEAR,标题主体是完整耳机，后列保护壳/线缆/支架等随附配件（套装不改变主体标签）；判为 DEVICE；形态依据：细分类目为 Earbud Headphones。 原自动标签为 AMBIGUOUS，本次以商品主体语义和类目复核后更正。
B08MDCT3T9,DEVICE,0.995,EARBUD_INEAR,2,0,1,0,0,taxonomy_device=2;title_device=1,LUDOS Ultra Earbuds Wired in Ear Headphones with Tangle-Free Cord Noise Isolating Earphones Deep Bass Case Ear Buds 3.5 mm Jack Plug - Orange,LUDOS,Earbud Headphones,Headphones & Earbuds,16592,DEVICE,EARBUD_INEAR,标题主体是完整耳机，后列保护壳/线缆/支架等随附配件（套装不改变主体标签）；判为 DEVICE；形态依据：标题含耳塞/入耳/开放式耳戴设备词，且其主体线索早于头戴式描述。
B01IM9AJR4,AMBIGUOUS,0.6,NOT_APPLICABLE,1,0,0,1,1,taxonomy_device=1;title_accessory=1;conflict,Poyatu Upgraded Cable for HD598 HD558 HD518 Headphones Replacement Cable Cord with Microphone Volume Control Remote for Andriod,POYATU,"Headphones, Earbuds & Accessories",,31,ACCESSORY,NOT_APPLICABLE,标题明确为线缆/转接配件，不是可独立使用的完整耳机；结合标题的兼容/替换关系判定；判为 ACCESSORY。 原自动标签为 AMBIGUOUS，本次以商品主体语义和类目复核后更正。
B09HLGPB3D,DEVICE,0.98,EARBUD_INEAR,2,0,0,0,0,taxonomy_device=2,"Sony MDRXB50AP Extra Bass Earbud Headphones/Headset with Mic for Phone Call, Red",Sony,Earbud Headphones,Headphones & Earbuds,21632,DEVICE,EARBUD_INEAR,标题描述可独立使用的完整耳机/耳塞设备，细分类目为 Earbud Headphones；判为 DEVICE；形态依据：标题含耳塞/入耳/开放式耳戴设备词，且其主体线索早于头戴式描述。
B07SQQCHZD,ACCESSORY,0.995,NOT_APPLICABLE,0,2,1,2,1,taxonomy_accessory=2;title_device=1;title_accessory=2;conflict,"MASCARRY Earbuds Silicone Case for Jabra Elite 65t /Elite Active 65t True Wireless Sports Earbuds, Soft and Flexible, Anti-Scratch, Keychain Shockproof Nonslip Carabiner Charging Case(Black)",MASCARRY,Cases,Cases,18,ACCESSORY,NOT_APPLICABLE,标题明确为保护壳/收纳配件，不是可独立使用的完整耳机；细分类目 Cases 与此一致；判为 ACCESSORY。
B0BG6QT53R,AMBIGUOUS,0.6,NOT_APPLICABLE,2,0,1,1,1,taxonomy_device=2;title_device=1;title_accessory=1;conflict,"welodorir Wireless Earbuds,True Bluetooth 5.1 Headphones Built-in Mic Headphones in-Ear Stereo Earphones Noise Cancelling Waterproof Earbuds Touch Control with Wireless Charging Case (Cool Black)",welodorir,Earbud Headphones,Headphones & Earbuds,29,DEVICE,EARBUD_INEAR,标题主体是完整耳机，后列保护壳/线缆/支架等随附配件（套装不改变主体标签）；判为 DEVICE；形态依据：标题含耳塞/入耳/开放式耳戴设备词，且其主体线索早于头戴式描述。 原自动标签为 AMBIGUOUS，本次以商品主体语义和类目复核后更正。
B09L8NP1M5,ACCESSORY,0.98,NOT_APPLICABLE,0,2,0,0,0,taxonomy_accessory=2,Compatible with Beats Fit Pro Protector Case Cover 2021 Soft Pink Silicone Protective Skin - LEFXMOPHY,LEFXMOPHY,Cases,Cases,290,ACCESSORY,NOT_APPLICABLE,标题明确为保护壳/收纳配件，不是可独立使用的完整耳机；细分类目 Cases 与此一致；判为 ACCESSORY。
B017TABB88,DEVICE,0.98,EARBUD_INEAR,2,0,0,0,0,taxonomy_device=2,SmithOutlet 500 Bulk Pack Earbuds Silver,SmithOutlet,Earbud Headphones,Headphones & Earbuds,3,DEVICE,EARBUD_INEAR,标题描述可独立使用的完整耳机/耳塞设备，细分类目为 Earbud Headphones；判为 DEVICE；形态依据：标题含耳塞/入耳/开放式耳戴设备词，且其主体线索早于头戴式描述。
B0B1ZLMT2P,ACCESSORY,0.995,NOT_APPLICABLE,0,2,0,2,0,taxonomy_accessory=2;title_accessory=2,"Rqker Eartip Covers Fit in Case Compatible with Galaxy Buds Live SM-R180, 8 Pairs S/L Sizes Soft Silicone Replacement Ear Tips Covers Earbuds Covers Compatible with Galaxy Buds Live, 8 Pairs 4 Colors",Rqker,Earpads,Earpads,58,ACCESSORY,NOT_APPLICABLE,标题明确为替换耳垫/耳罩，不是可独立使用的完整耳机；细分类目 Earpads 与此一致；判为 ACCESSORY。
B0BPJYGQMP,AMBIGUOUS,0.6,NOT_APPLICABLE,2,0,1,1,1,taxonomy_device=2;title_device=1;title_accessory=1;conflict,"VOLT PLUS TECH Wireless Bluetooth Earbuds for iPhone 14/14Pro/14Pro Max/13/13Pro/13Pro Max/12 Pro/Pro Max /11 Pro/Pro Max/F9 TWS 10,2000mAh Charging case,8D Bass,IPX3 Touch Waterproof/Noise Reduction",VOLT PLUS TECH,Earbud Headphones,Headphones & Earbuds,1,DEVICE,EARBUD_INEAR,标题描述可独立使用的完整耳机/耳塞设备，细分类目为 Earbud Headphones；判为 DEVICE；形态依据：标题含耳塞/入耳/开放式耳戴设备词，且其主体线索早于头戴式描述。 原自动标签为 AMBIGUOUS，本次以商品主体语义和类目复核后更正。
B089LR5S22,DEVICE,0.955,EARBUD_INEAR,2,0,2,1,1,taxonomy_device=2;title_device=2;title_accessory=1;conflict,TicPods ANC Active Noise Cancellation True Wireless Earbuds Bluetooth 5.0 IPX5 Sweat and Water Resistant with Type C Charging for Running and Sports Charging Case Included-Ice,Ticwatch,Earbud Headphones,Headphones & Earbuds,533,DEVICE,EARBUD_INEAR,标题主体是完整耳机，后列保护壳/线缆/支架等随附配件（套装不改变主体标签）；判为 DEVICE；形态依据：标题含耳塞/入耳/开放式耳戴设备词，且其主体线索早于头戴式描述。
B00WU79WMI,AMBIGUOUS,0.5,NOT_APPLICABLE,0,0,0,0,0,insufficient_evidence,Focal Spirit One S Premium Headphones - Closed,Focal,Headphones & Earbuds,Headphones & Earbuds,52,DEVICE,NEEDS_REVIEW,needs_review: 可确认商品包含/属于完整音频耳机，但现有标题及可得资料不足或相互矛盾，无法可靠区分入耳、压耳和包耳；判为 DEVICE / NEEDS_REVIEW。 原自动标签为 AMBIGUOUS，本次复核后更正。
B09XTT923Y,AMBIGUOUS,0.6,NOT_APPLICABLE,1,0,0,0,0,taxonomy_device=1,Hagibis Cleaning Pen for Airpods Pro 1 2 Multi-Function Cleaner Kit Soft Brush for Bluetooth Earphones Case Cleaning Tools for Lego Huawei Samsung MI Earbuds (White),Hagibis,"Headphones, Earbuds & Accessories",,22644,ACCESSORY,NOT_APPLICABLE,标题明确为保护壳/收纳配件，不是可独立使用的完整耳机；结合标题的兼容/替换关系判定；判为 ACCESSORY。 原自动标签为 AMBIGUOUS，本次以商品主体语义和类目复核后更正。
B01N1ORYIW,ACCESSORY,0.995,NOT_APPLICABLE,0,2,1,1,1,taxonomy_accessory=2;title_device=1;title_accessory=1;conflict,"Synsen Replacement XL Memory Earpad Cushions for V-Moda Crossfade Series,Wireless, M-100, LP, LP2 Vocal Over-Ear Headphones",It is,Earpads,Earpads,29,ACCESSORY,NOT_APPLICABLE,标题明确为替换耳垫/耳罩，不是可独立使用的完整耳机；细分类目 Earpads 与此一致；判为 ACCESSORY。
B08Q2D3XR1,DEVICE,0.98,OVER_EAR,2,0,0,0,0,taxonomy_device=2,"Panasonic Headphones, On-Ear Lightweight Earphones with Microphone and XBS for Extra Bass and Clear, Natural Sound, 3.5mm Jack for Phones and Laptops, Work from Home - RP-HT21M (Black & Silver)",Panasonic,Over-Ear Headphones,Headphones & Earbuds,28620,DEVICE,ON_EAR,标题主体是完整耳机，后列保护壳/线缆/支架等随附配件（套装不改变主体标签）；判为 DEVICE；形态依据：标题明确为 on-ear/supra-aural，或该形态是最先出现的主体描述。
B0B9Z4RJ58,DEVICE,0.995,EARBUD_INEAR,2,0,2,0,0,taxonomy_device=2;title_device=2,"SAMSUNG Galaxy Buds 2 Pro + 35W Dual Port Wall Charger Bundle, True Wireless Bluetooth Earbuds w/Noise Cancelling, Hi-Fi Sound, Graphite and USB C Adapter, Super Fast Charging Block, Black",SAMSUNG,Earbud Headphones,Headphones & Earbuds,48,DEVICE,EARBUD_INEAR,标题描述可独立使用的完整耳机/耳塞设备，细分类目为 Earbud Headphones；判为 DEVICE；形态依据：标题含耳塞/入耳/开放式耳戴设备词，且其主体线索早于头戴式描述。
B08SK7KDG4,ACCESSORY,0.995,NOT_APPLICABLE,0,2,1,2,1,taxonomy_accessory=2;title_device=1;title_accessory=2;conflict,"Sixsop Replacement Ear Pads Cushions for Astro A40 A50 GEN1 GEN2 Gaming Headset (Not Compatible with A40TR, A50 GEN3, A50 GEN4)",Sixsop,Earpads,Earpads,16,ACCESSORY,NOT_APPLICABLE,标题明确为替换耳垫/耳罩，不是可独立使用的完整耳机；细分类目 Earpads 与此一致；判为 ACCESSORY。
B085CCL7RH,ACCESSORY,0.98,NOT_APPLICABLE,0,2,0,0,0,taxonomy_accessory=2,"Laffav Airpods Case Soft Silicone Protective Shockproof Wireless Charging Airpod Earbuds Case Cover Skin with Keychain kit Set for Apple AirPods 1 & 2, 2 Pack, Black, Blue Gray",Laffav,Cases,Cases,12142,ACCESSORY,NOT_APPLICABLE,标题明确为保护壳/收纳配件，不是可独立使用的完整耳机；细分类目 Cases 与此一致；判为 ACCESSORY。
B009X89LTQ,DEVICE,0.98,EARBUD_INEAR,2,0,0,0,0,taxonomy_device=2,Mizco EKU-CHA2-RD Ecko Chaos 2 Stereo Earbud Headphones with In-Line Microphone - Red,Mizco,Earbud Headphones,Headphones & Earbuds,20,DEVICE,EARBUD_INEAR,标题主体是完整耳机，后列保护壳/线缆/支架等随附配件（套装不改变主体标签）；判为 DEVICE；形态依据：标题含耳塞/入耳/开放式耳戴设备词，且其主体线索早于头戴式描述。
B07CBYV1R7,AMBIGUOUS,0.6,NOT_APPLICABLE,0,0,4,2,1,title_device=4;title_accessory=2;conflict,"Active Noise Cancelling Headphones with Microphone,Barsone Hi-Fi Stereo Deep Bass Wired Wireless Foldable Over Ear Protein Earpads Bluetooth Headphones with Carrying Case for Gym Airplane(Black)",barsone,Headphones & Earbuds,Headphones & Earbuds,59,DEVICE,OVER_EAR,标题主体是完整耳机，后列保护壳/线缆/支架等随附配件（套装不改变主体标签）；判为 DEVICE；形态依据：标题明确为 over-ear/around-ear/full-size，且该形态是最先出现的主体描述。 原自动标签为 AMBIGUOUS，本次以商品主体语义和类目复核后更正。
B06XB1H427,AMBIGUOUS,0.5,NOT_APPLICABLE,0,0,0,0,0,insufficient_evidence,Set of 6 Replacement Bluetooth Ear Loop Hook Clip Clear/Black (6mm) Comes with Free How to Live Stress Free Ebook,Generic,Headphones & Earbuds,Headphones & Earbuds,27,ACCESSORY,NOT_APPLICABLE,标题明确为支架/挂架，不是可独立使用的完整耳机；结合标题的兼容/替换关系判定；判为 ACCESSORY。 原自动标签为 AMBIGUOUS，本次以商品主体语义和类目复核后更正。
B08Y91CMDK,ACCESSORY,0.98,NOT_APPLICABLE,0,2,0,0,0,taxonomy_accessory=2,"USB-C to 3.5 mm Headphone Jack Adapter[2 Pack Black], Type C to 3.5mm Aux Audio Earphone Dongle Jack Cable Adapter Connector for Samsung Galaxy/Huawei P30 Pro/Mate 10 Pro/iPad Pro/Google Pixel/OnePlus",KVK,Adapters,Adapters,19,ACCESSORY,NOT_APPLICABLE,标题明确为线缆/转接配件，不是可独立使用的完整耳机；细分类目 Adapters 与此一致；判为 ACCESSORY。
B0096CGTEY,AMBIGUOUS,0.5,NOT_APPLICABLE,0,0,0,0,0,insufficient_evidence,"2pcs Earhooks Bluetooth Wireless Headset Ear Hook Loop Hooks Clip Earhook Earloop Earclip Stabilizer Stabilizers , Black Sea International Logo Good Quality Micro Fiber Cleaning Cloth (Random Color)",NICKSTON,Headphones & Earbuds,Headphones & Earbuds,202,DEVICE,EARBUD_INEAR,标题描述可独立使用的完整耳机/耳塞设备，并含连接、声学或供电功能信息；判为 DEVICE；形态依据：标题语义为手机用单耳/免提蓝牙耳机或有线耳麦。 原自动标签为 AMBIGUOUS，本次以商品主体语义和类目复核后更正。
B0BRMCK569,DEVICE,0.995,EARBUD_INEAR,2,0,3,0,0,taxonomy_device=2;title_device=3,True Wireless Earbuds Bluetooth Headphones 25H Playtime Built-in 4 Mics Deep Bass USB-C Fast Charge IPX5 Waterproof for Sport Work,Travelove,Earbud Headphones,Headphones & Earbuds,33,DEVICE,EARBUD_INEAR,标题描述可独立使用的完整耳机/耳塞设备，细分类目为 Earbud Headphones；判为 DEVICE；形态依据：标题含耳塞/入耳/开放式耳戴设备词，且其主体线索早于头戴式描述。
B09GYPRYQS,AMBIGUOUS,0.6,NOT_APPLICABLE,1,0,0,0,0,taxonomy_device=1,"BD&M Wireless Bluetooth Open-Ear Headphones Waterproof Headset Microphone Hanging Earphone Air Conduction Built-in with Mic for Sports Workouts and Running, Black",BD&M,Open-Ear Headphones,Headphones & Earbuds,90,DEVICE,EARBUD_INEAR,标题描述可独立使用的完整耳机/耳塞设备，细分类目为 Open-Ear Headphones；判为 DEVICE；形态依据：标题含耳塞/入耳/开放式耳戴设备词，且其主体线索早于头戴式描述。 原自动标签为 AMBIGUOUS，本次以商品主体语义和类目复核后更正。
B008MOTQT2,AMBIGUOUS,0.6,NOT_APPLICABLE,2,0,1,1,1,taxonomy_device=2;title_device=1;title_accessory=1;conflict,"Compatible with Apple iPhone 3G S iPhone 4S - AT&T, Sprint, Version 16GB 32GB 64GB Earphones Headphones with Mic - Golden Copper",Importer520,Earbud Headphones,Headphones & Earbuds,3,DEVICE,EARBUD_INEAR,标题描述可独立使用的完整耳机/耳塞设备，细分类目为 Earbud Headphones；判为 DEVICE；形态依据：标题含耳塞/耳机式耳戴设备词，未出现相冲突的头戴形态描述。 原自动标签为 AMBIGUOUS，本次以商品主体语义和类目复核后更正。
B0C9CBLTRF,ACCESSORY,0.98,NOT_APPLICABLE,0,2,0,0,0,taxonomy_accessory=2,"[Apple MFi Certified] iPhone Headphone Adapter, 2 Pack 2 in 1 Lightning to 3.5mm Aux Audio and Charge Jack Adapter Splitter Dongle for iPhone 14 13 12 11 Pro Max XS XR X 8 7 6 iPad, Support iOS 16",Masterplug,Adapters,Adapters,22650,ACCESSORY,NOT_APPLICABLE,标题明确为线缆/转接配件，不是可独立使用的完整耳机；细分类目 Adapters 与此一致；判为 ACCESSORY。
B011B0M6SQ,AMBIGUOUS,0.6,NOT_APPLICABLE,1,0,0,0,0,taxonomy_device=1,"Sound Intone Max 2015 New Professional 3.5mm Pc Gaming Stereo Headset Noise Canelling Headphones with Volume Control Microphone for Online Gaming, Pc Computer Game,Desktop Pcs, Laptops (X7-Black)",DARKIRON,"Headphones, Earbuds & Accessories",,6,DEVICE,OVER_EAR,标题主体是完整耳机，后列保护壳/线缆/支架等随附配件（套装不改变主体标签）；判为 DEVICE；形态依据：标题语义为带耳罩的游戏/办公/监听头戴式耳机。 原自动标签为 AMBIGUOUS，本次以商品主体语义和类目复核后更正。
B0BL4X7168,DEVICE,0.995,EARBUD_INEAR,2,0,3,0,0,taxonomy_device=2;title_device=3,"Soundcore by Anker Liberty 2 Pro True Wireless Earbuds, Bluetooth Earbuds, ACAA Dynamic Driver and Armature Driver, in-Ear Studio Performance, 8H Playtime, HearID Personalized EQ, Wireless Charging",Soundcore,Earbud Headphones,Headphones & Earbuds,7924,DEVICE,EARBUD_INEAR,标题描述可独立使用的完整耳机/耳塞设备，细分类目为 Earbud Headphones；判为 DEVICE；形态依据：标题含耳塞/入耳/开放式耳戴设备词，且其主体线索早于头戴式描述。
B0BV2BDGV7,AMBIGUOUS,0.6,NOT_APPLICABLE,2,0,1,1,1,taxonomy_device=2;title_device=1;title_accessory=1;conflict,"EarFun Wireless Earbuds, [2020 CES Award] Free Bluetooth 5.0 Earbuds with Wireless Charging Case, USB-C Quick Charge, IPX7 Waterproof in-Ear Wireless Headphones, Deep Bass, 30H Playtime",EarFun,Earbud Headphones,Headphones & Earbuds,16429,DEVICE,EARBUD_INEAR,标题主体是完整耳机，后列保护壳/线缆/支架等随附配件（套装不改变主体标签）；判为 DEVICE；形态依据：标题含耳塞/入耳/开放式耳戴设备词，且其主体线索早于头戴式描述。 原自动标签为 AMBIGUOUS，本次以商品主体语义和类目复核后更正。
B0713MZC7P,AMBIGUOUS,0.5,NOT_APPLICABLE,0,0,0,0,0,insufficient_evidence,"OUTOS Cat Headphones, Rechargeable Cute Cat Ear Headphones with LED Flashing Glowing Lights Fold-able Over Ear Cos-Play Fancy Headsets for iPhone, PC, Laptop, MP3, MP4 and Android Phone(Pink)",OUTOS,Headphones & Earbuds,Headphones & Earbuds,39,DEVICE,OVER_EAR,标题描述可独立使用的完整耳机/耳塞设备，并含连接、声学或供电功能信息；判为 DEVICE；形态依据：标题明确为 over-ear/around-ear/full-size，且该形态是最先出现的主体描述。 原自动标签为 AMBIGUOUS，本次以商品主体语义和类目复核后更正。
B007P51BSI,DEVICE,0.995,EARBUD_INEAR,2,0,1,0,0,taxonomy_device=2;title_device=1,"Yurbuds Ironman Inspire In-Ear Earbud Sport Headphones with TwistLock Technology Earphones, Sweat Resistant, White",Yurbuds,Earbud Headphones,Headphones & Earbuds,207,DEVICE,EARBUD_INEAR,标题描述可独立使用的完整耳机/耳塞设备，细分类目为 Earbud Headphones；判为 DEVICE；形态依据：标题含耳塞/入耳/开放式耳戴设备词，且其主体线索早于头戴式描述。
B01GFAX0EQ,AMBIGUOUS,0.5,NOT_APPLICABLE,0,0,0,0,0,insufficient_evidence,Stereo Music Headphones Ear Clip For Samsung Galaxy SII I9100 SII MINI TEOS with Mic & Remote Control Microphone Wired Earpods Ear Hooks,Generic,Headphones & Earbuds,Headphones & Earbuds,1,DEVICE,EARBUD_INEAR,标题描述可独立使用的完整耳机/耳塞设备，并含连接、声学或供电功能信息；判为 DEVICE；形态依据：标题含耳塞/入耳/开放式耳戴设备词，且其主体线索早于头戴式描述。 原自动标签为 AMBIGUOUS，本次以商品主体语义和类目复核后更正。
B07XSL8WFG,AMBIGUOUS,0.6,NOT_APPLICABLE,2,0,0,1,1,taxonomy_device=2;title_accessory=1;conflict,"Audio-Technica AT-HPS700 Headphone Stand, Aluminum",Audio-Technica,Over-Ear Headphones,Headphones & Earbuds,68,ACCESSORY,NOT_APPLICABLE,标题明确为支架/挂架，不是可独立使用的完整耳机；结合标题的兼容/替换关系判定；判为 ACCESSORY。 原自动标签为 AMBIGUOUS，本次以商品主体语义和类目复核后更正。
B09SFSCLQ4,ACCESSORY,0.995,NOT_APPLICABLE,0,2,0,1,0,taxonomy_accessory=2;title_accessory=1,"NewFantasia 3m/10ft 4.4mm Balanced Cable 6N OCC Copper Silver Plated Cord Walnut Wood Shell Compatible with Hifiman Sundara, Ananda, Arya, HE400SE, HE4XX, HE-400i Headphone (2 x 3.5mm Version)",NewFantasia,Extension Cords,Extension Cords,6,ACCESSORY,NOT_APPLICABLE,标题明确为线缆/转接配件，不是可独立使用的完整耳机；细分类目 Extension Cords 与此一致；判为 ACCESSORY。
B09H3J5F4C,ACCESSORY,0.995,NOT_APPLICABLE,0,2,0,1,0,taxonomy_accessory=2;title_accessory=1,"Gtinna 3D Cute Cartoon Lucky Cat Airpods Cover Soft Silicone Rechargeable Airpods Cases,AirPods Case Protective Silicone Cover and Skin for Apple Airpods 1st/2nd Charging Case (White)",Gtinna,Cases,Cases,1606,ACCESSORY,NOT_APPLICABLE,标题明确为保护壳/收纳配件，不是可独立使用的完整耳机；细分类目 Cases 与此一致；判为 ACCESSORY。
B095GFVX6T,DEVICE,0.995,EARBUD_INEAR,2,0,1,0,0,taxonomy_device=2;title_device=1,"BEARTWO Bluetooth Headphones, Upgraded Foldable Wireless Neckband Headset with Retractable Earbuds, Noise Cancelling Stereo Earphones with Mic for Workout, Running, Driving (with Carry Case)",BEARTWO,Earbud Headphones,Headphones & Earbuds,16023,DEVICE,EARBUD_INEAR,标题主体是完整耳机，后列保护壳/线缆/支架等随附配件（套装不改变主体标签）；判为 DEVICE；形态依据：标题含耳塞/入耳/开放式耳戴设备词，且其主体线索早于头戴式描述。
B091GDFM2W,DEVICE,0.98,EARBUD_INEAR,2,0,0,0,0,taxonomy_device=2,realme Buds air2 neo Black,realme,Earbud Headphones,Headphones & Earbuds,11486,DEVICE,EARBUD_INEAR,标题/型号表明是入耳耳塞、手机单耳蓝牙耳机、运动耳机或随身耳塞系统；判为 DEVICE / EARBUD_INEAR。
B07MTPTNRY,AMBIGUOUS,0.6,NOT_APPLICABLE,2,0,0,1,1,taxonomy_device=2;title_accessory=1;conflict,"Wearhaus Beam Wireless Bluetooth Sharing Earbuds, HiFi Bass Stereo in-Ear Sweatproof Sports Headset w/Mic, Color Changing LED Light, Lightweight Case for Gym Running Gaming Travel Work (Black+White)",Wearhaus,Earbud Headphones,Headphones & Earbuds,1,DEVICE,EARBUD_INEAR,标题描述可独立使用的完整耳机/耳塞设备，细分类目为 Earbud Headphones；判为 DEVICE；形态依据：标题含耳塞/入耳/开放式耳戴设备词，且其主体线索早于头戴式描述。 原自动标签为 AMBIGUOUS，本次以商品主体语义和类目复核后更正。
B01GZADPMI,ACCESSORY,0.94,NOT_APPLICABLE,2,0,0,2,1,taxonomy_device=2;title_accessory=2;conflict,"Moto Z Force Droid Case, Cimo [Grip] Premium Slim Protective Cover for Motorola Moto Z Force Droid (2016) - Blue",Kacul,Earbud Headphones,Headphones & Earbuds,50,ACCESSORY,NOT_APPLICABLE,标题明确为保护壳/收纳配件，不是可独立使用的完整耳机；结合标题的兼容/替换关系判定；判为 ACCESSORY。
B00Y2TDSTK,ACCESSORY,0.98,NOT_APPLICABLE,0,2,0,0,0,taxonomy_accessory=2,6 PCS Mini Earphone SD Card Macarons Bag Storage Box colorful organizer,Sandistore,Cases,Cases,38,ACCESSORY,NOT_APPLICABLE,标题主体是替换件、线缆/收纳件、蓝牙接收件、头盔扬声器套件或手机外接听筒，并非完整耳机；判为 ACCESSORY。
B0915C35CH,AMBIGUOUS,0.6,NOT_APPLICABLE,2,0,0,1,1,taxonomy_device=2;title_accessory=1;conflict,"KBEAR KS2 in Ear Monitors,H HIFIHEAR 1BA 1DD Stereo in Ear Earphones, HiFi in Ear Ear Earbud Headset Noise Cancelling Hybrid Earphone with Removable Cable for Running Walking (with mic, KS2 Cyan) …",H HIFIHEAR,Earbud Headphones,Headphones & Earbuds,461,DEVICE,EARBUD_INEAR,标题主体是完整耳机，后列保护壳/线缆/支架等随附配件（套装不改变主体标签）；判为 DEVICE；形态依据：标题含耳塞/入耳/开放式耳戴设备词，且其主体线索早于头戴式描述。 原自动标签为 AMBIGUOUS，本次以商品主体语义和类目复核后更正。
B07Y9V13VQ,AMBIGUOUS,0.6,NOT_APPLICABLE,2,0,0,1,1,taxonomy_device=2;title_accessory=1;conflict,"EXMRAT Compatible with Jabra Elite Active 65t Charging Case, Charging Dock Station for Jabra Elite Active 65t & Jabra Elite 65t",EXMRAT,Earbud Headphones,Headphones & Earbuds,31,ACCESSORY,NOT_APPLICABLE,标题明确为保护壳/收纳配件，不是可独立使用的完整耳机；结合标题的兼容/替换关系判定；判为 ACCESSORY。 原自动标签为 AMBIGUOUS，本次以商品主体语义和类目复核后更正。
B01BMUJZUC,AMBIGUOUS,0.5,NOT_APPLICABLE,0,0,0,0,0,insufficient_evidence,"Samsung Gear VR Virtual Reality Headset - SM-R322NZWAXAR - Ear Buds/Bag Bundle Includes Gear VR Headset, Metal Ear Buds and Gadget Bag",SAMSUNG,Headphones & Earbuds,Headphones & Earbuds,4,DEVICE,EARBUD_INEAR,标题描述可独立使用的完整耳机/耳塞设备，并含连接、声学或供电功能信息；判为 DEVICE；形态依据：标题语义为手机用单耳/免提蓝牙耳机或有线耳麦。 原自动标签为 AMBIGUOUS，本次以商品主体语义和类目复核后更正。
B00B5I9282,DEVICE,0.98,OVER_EAR,2,0,0,0,0,taxonomy_device=2,Myth Labs Eclipse Headphones - Personalized Headphones - Passive Noise Canceling,Myth Labs,Over-Ear Headphones,Headphones & Earbuds,6,DEVICE,OVER_EAR,标题描述可独立使用的完整耳机/耳塞设备，细分类目为 Over-Ear Headphones；判为 DEVICE；形态依据：细分类目为 Over-Ear Headphones。
B088NSDX6Q,AMBIGUOUS,0.6,NOT_APPLICABLE,2,0,0,1,1,taxonomy_device=2;title_accessory=1;conflict,KZ APTX HD CSR8675 Bluetooth 5.0 IPV5 Waterproof Noise Reduction Bluetooth Module Upgrade Cable for ZSX/ZSN/ZSNPRO/ZSNProX/ZS10PRO/AS12/AS16(C Pin),G.K,Earbud Headphones,Headphones & Earbuds,41,ACCESSORY,NOT_APPLICABLE,标题明确为线缆/转接配件，不是可独立使用的完整耳机；结合标题的兼容/替换关系判定；判为 ACCESSORY。 原自动标签为 AMBIGUOUS，本次以商品主体语义和类目复核后更正。
B01H2KEMM2,DEVICE,0.98,EARBUD_INEAR,2,0,0,0,0,taxonomy_device=2,"Rimmel The Only One Lipstick, You're All Mine, (Pack of 2)",Samajuf,Earbud Headphones,Headphones & Earbuds,1,AMBIGUOUS,NOT_APPLICABLE,"needs_review: 标题“Rimmel The Only One Lipstick, You're All Mine, (Pack of 2)”未描述完整耳机或明确耳机配件，且与类目“Earbud Headphones”不一致/信息残缺；保留 AMBIGUOUS，不强行归类。 原自动标签为 DEVICE，本次以商品主体语义和类目复核后更正。"
B00CU4LG3O,AMBIGUOUS,0.5,NOT_APPLICABLE,0,0,0,0,0,insufficient_evidence,Subjekt TNT Headphones + Mic - Hot Pink,Subjekt,Headphones & Earbuds,Headphones & Earbuds,22,DEVICE,ON_EAR,标题中的便携/折叠/儿童/头带式线索或核验到的厂商规格表明耳垫压在耳廓上；判为 DEVICE / ON_EAR。 原自动标签为 AMBIGUOUS，本次复核后更正。
B0821XLRHT,DEVICE,0.98,EARBUD_INEAR,2,0,0,0,0,taxonomy_device=2,"Sujeetec Microphone Headset Discreet Headworn Earset Over Ear Mic for Shure Wireless System Bodypack Transmitter, Ideal for Lectures, Live Performance, Theater, Podcasts",Sujeetec,Earbud Headphones,Headphones & Earbuds,3,DEVICE,OVER_EAR,标题描述可独立使用的完整耳机/耳塞设备，细分类目为 Earbud Headphones；判为 DEVICE；形态依据：标题明确为 over-ear/around-ear/full-size，且该形态是最先出现的主体描述。
B01M71I961,ACCESSORY,0.98,NOT_APPLICABLE,0,2,0,0,0,taxonomy_accessory=2,Joymee Set of 6 Winter Snowflake Woven PVC Placemat for Dining Table Heat Insulation Stain-resistant Kitchen Placemats Simple Style Christmas Gift,IKHISHIJoymee,Adapters,Adapters,6,ACCESSORY,NOT_APPLICABLE,标题明确为线缆/转接配件，不是可独立使用的完整耳机；细分类目 Adapters 与此一致；判为 ACCESSORY。
B00N7B10DA,ACCESSORY,0.995,NOT_APPLICABLE,0,2,0,2,0,taxonomy_accessory=2;title_accessory=2,ESEN Replacement Earpad Ear Pad Cushion for Marshall Major On-Ear Pro Stereo Headphones(White),Generic,Earpads,Earpads,3,ACCESSORY,NOT_APPLICABLE,标题明确为替换耳垫/耳罩，不是可独立使用的完整耳机；细分类目 Earpads 与此一致；判为 ACCESSORY。
B06XJRZMDN,AMBIGUOUS,0.6,NOT_APPLICABLE,2,0,1,1,1,taxonomy_device=2;title_device=1;title_accessory=1;conflict,Audio-Technica Solid Bass Wireless Over-Ear Headphones w/Built-in Mic & Control (ATH-WS99BT) with Universal Wood Headphone Stand & Slappa HardBody PRO Full Sized Headphone Case Black,Audio-Technica,On-Ear Headphones,Headphones & Earbuds,2,DEVICE,OVER_EAR,标题主体是完整耳机，后列保护壳/线缆/支架等随附配件（套装不改变主体标签）；判为 DEVICE；形态依据：标题明确为 over-ear/around-ear/full-size，且该形态是最先出现的主体描述。 原自动标签为 AMBIGUOUS，本次以商品主体语义和类目复核后更正。
B072V1M85N,ACCESSORY,0.995,NOT_APPLICABLE,0,2,0,1,0,taxonomy_accessory=2;title_accessory=1,"elago Silicone Case with Keychain Compatible with Apple AirPods Case 1 & 2, Front LED Visible, Supports Wireless Charging, Protective Silicone [Dark Grey]",elago,Cases,Cases,12481,ACCESSORY,NOT_APPLICABLE,标题明确为保护壳/收纳配件，不是可独立使用的完整耳机；细分类目 Cases 与此一致；判为 ACCESSORY。
B0B84WGV37,AMBIGUOUS,0.6,NOT_APPLICABLE,2,0,1,1,1,taxonomy_device=2;title_device=1;title_accessory=1;conflict,"zivsivc Wireless Earbuds Bluetooth 5.1 Button Control Headphones with Built-in Mic,3500 mAh LCD Wireless Charging Case,IPX7 Waterproof Earphones,CVC8.0 Noise Cancelling Wireless (Q82-41)",zivsivc,Earbud Headphones,Headphones & Earbuds,832,DEVICE,EARBUD_INEAR,标题主体是完整耳机，后列保护壳/线缆/支架等随附配件（套装不改变主体标签）；判为 DEVICE；形态依据：标题含耳塞/入耳/开放式耳戴设备词，且其主体线索早于头戴式描述。 原自动标签为 AMBIGUOUS，本次以商品主体语义和类目复核后更正。
B08XPWDSWW,AMBIGUOUS,0.6,NOT_APPLICABLE,2,0,1,1,1,taxonomy_device=2;title_device=1;title_accessory=1;conflict,TOZO T10 Bluetooth 5.3 Wireless Earbuds with Wireless Charging Case IPX8 Waterproof Stereo Headphones in Ear Built in Mic Headset Premium Sound with Deep Bass for Sport White (2022 Upgraded),TOZO,Earbud Headphones,Headphones & Earbuds,349254,DEVICE,EARBUD_INEAR,标题主体是完整耳机，后列保护壳/线缆/支架等随附配件（套装不改变主体标签）；判为 DEVICE；形态依据：标题含耳塞/入耳/开放式耳戴设备词，且其主体线索早于头戴式描述。 原自动标签为 AMBIGUOUS，本次以商品主体语义和类目复核后更正。
B00YKV6UTA,AMBIGUOUS,0.6,NOT_APPLICABLE,1,0,0,0,0,taxonomy_device=1,Cable with remote and mic for iphone ipod ipad to Sony MDR-Z1000 MDR-7520 Mdr-X10 X920 Xb900 MDR-1RNC MDR-1RBT ZX700 MDR-ZX750dc MDR-NC50 mdr-nc600d HDR-MV1 nc500d MDR-1R MDR-10R MDR-1A headphones,NewFantasia,"Headphones, Earbuds & Accessories",,7,ACCESSORY,NOT_APPLICABLE,标题明确为线缆/转接配件，不是可独立使用的完整耳机；结合标题的兼容/替换关系判定；判为 ACCESSORY。 原自动标签为 AMBIGUOUS，本次以商品主体语义和类目复核后更正。
B00WUA4ANG,AMBIGUOUS,0.6,NOT_APPLICABLE,0,0,1,0,0,title_device=1,iFrogz Flex Sport Over the Ear Earbuds with Microphone - Black/Pink,iFrogz,Headphones & Earbuds,Headphones & Earbuds,4,DEVICE,EARBUD_INEAR,标题主体是完整耳机，后列保护壳/线缆/支架等随附配件（套装不改变主体标签）；判为 DEVICE；形态依据：标题含耳塞/入耳/开放式耳戴设备词，且其主体线索早于头戴式描述。 原自动标签为 AMBIGUOUS，本次以商品主体语义和类目复核后更正。
B072L3P3JD,AMBIGUOUS,0.6,NOT_APPLICABLE,2,0,0,1,1,taxonomy_device=2;title_accessory=1;conflict,"Xawy iPhone 7 Case, iPhone 8 case, [Premium Flexible] Shock Absorption TPU Bumper Cushion + Scratch Resistant Mobile Phone Case for iPhone 7/iPhone582",Xawy,Earbud Headphones,Headphones & Earbuds,1,ACCESSORY,NOT_APPLICABLE,标题明确为保护壳/收纳配件，不是可独立使用的完整耳机；结合标题的兼容/替换关系判定；判为 ACCESSORY。 原自动标签为 AMBIGUOUS，本次以商品主体语义和类目复核后更正。
B0075D1NEW,AMBIGUOUS,0.6,NOT_APPLICABLE,1,0,0,0,0,taxonomy_device=1,"GadgetBrat Compatible Upgrade Earhook for Jawbone ERA ""Unbreakable"" (3 Pcs) Shadow Box / Midnight ""Comfortable / Heavy Duty"". Exclusive Design. Labeled Package",GadgetBRAT,"Headphones, Earbuds & Accessories",,76,ACCESSORY,NOT_APPLICABLE,标题明确为耳机配件，不是可独立使用的完整耳机；结合标题的兼容/替换关系判定；判为 ACCESSORY。 原自动标签为 AMBIGUOUS，本次以商品主体语义和类目复核后更正。
B00GP6YPOA,AMBIGUOUS,0.6,NOT_APPLICABLE,1,0,0,0,0,taxonomy_device=1,Love and Peace Red - Decal Style Vinyl Skin fits Sony MDR ZX100 Headphones (Headphones NOT Included),WraptorSkinz,"Headphones, Earbuds & Accessories",,1,ACCESSORY,NOT_APPLICABLE,标题明确为保护壳/收纳配件，不是可独立使用的完整耳机；结合标题的兼容/替换关系判定；判为 ACCESSORY。 原自动标签为 AMBIGUOUS，本次以商品主体语义和类目复核后更正。
B09ZY91W9K,DEVICE,0.98,EARBUD_INEAR,2,0,0,0,0,taxonomy_device=2,"iPhone Earphones Wired, Built-in Mic,Support Volume Control Calling Siri Compatible with iPhone 13/12/11 Pro Max/Xs Max/XR/7/8 Plus More",Eashion,Earbud Headphones,Headphones & Earbuds,4,DEVICE,EARBUD_INEAR,标题描述可独立使用的完整耳机/耳塞设备，细分类目为 Earbud Headphones；判为 DEVICE；形态依据：标题含耳塞/耳机式耳戴设备词，未出现相冲突的头戴形态描述。
B008VVY9DO,ACCESSORY,0.98,NOT_APPLICABLE,0,2,0,0,0,taxonomy_accessory=2,Imitation Silver Leaf EN: 200 sheets (Loose Leaf Only),Sobrilli,Adapters,Adapters,6,ACCESSORY,NOT_APPLICABLE,标题明确为线缆/转接配件，不是可独立使用的完整耳机；细分类目 Adapters 与此一致；判为 ACCESSORY。
B01KA2FZLG,AMBIGUOUS,0.5,NOT_APPLICABLE,0,0,0,0,0,insufficient_evidence,FEIDOL Audio Cable 5,FEIDOL,Headphones & Earbuds,Headphones & Earbuds,2,ACCESSORY,NOT_APPLICABLE,标题明确为线缆/转接配件，不是可独立使用的完整耳机；结合标题的兼容/替换关系判定；判为 ACCESSORY。 原自动标签为 AMBIGUOUS，本次以商品主体语义和类目复核后更正。
B07FTDNTLM,DEVICE,0.98,EARBUD_INEAR,2,0,0,0,0,taxonomy_device=2,"Solonic Wired Earbuds HiFi Stereo Earphones with Mic & Volume Control, Tangle-Free, Noise Isolation for Devices with 3.159mm Jack [Upgraded Drive Units]",Solonic,Earbud Headphones,Headphones & Earbuds,1,DEVICE,EARBUD_INEAR,标题描述可独立使用的完整耳机/耳塞设备，细分类目为 Earbud Headphones；判为 DEVICE；形态依据：标题含耳塞/入耳/开放式耳戴设备词，且其主体线索早于头戴式描述。
B07BDSMHJZ,DEVICE,0.98,OVER_EAR,2,0,0,0,0,taxonomy_device=2,"Egghead EGG-IAG-1007-1019-SO-PK Stereo School Headphones with Boom Microphone and Dual 3.5 mm Plugs and Bonus Adapter, Silver",Egghead,Over-Ear Headphones,Headphones & Earbuds,7,DEVICE,OVER_EAR,标题主体是完整耳机，后列保护壳/线缆/支架等随附配件（套装不改变主体标签）；判为 DEVICE；形态依据：细分类目为 Over-Ear Headphones。
B008P8EWI0,AMBIGUOUS,0.5,NOT_APPLICABLE,0,0,0,0,0,insufficient_evidence,JVC HAS140W Flat Foldable Headphones,JVC,Headphones & Earbuds,Headphones & Earbuds,67,DEVICE,ON_EAR,标题中的便携/折叠/儿童/头带式线索或核验到的厂商规格表明耳垫压在耳廓上；判为 DEVICE / ON_EAR。 核验来源：https://www.bestbuy.com/site/jvc-on-ear-headphones-white/6292557.p?skuId=6292557 原自动标签为 AMBIGUOUS，本次复核后更正。
B00CH5A3VM,ACCESSORY,0.98,NOT_APPLICABLE,0,2,0,0,0,taxonomy_accessory=2,"(4 Pack) ebasy 3.5mm Headphone Compatible Phone 5,6,7,8-red&Black i048",Zymise,Adapters,Adapters,7,ACCESSORY,NOT_APPLICABLE,标题主体是替换件、线缆/收纳件、蓝牙接收件、头盔扬声器套件或手机外接听筒，并非完整耳机；判为 ACCESSORY。
B094ZNRZMD,DEVICE,0.98,OVER_EAR,2,0,0,0,0,taxonomy_device=2,"Perytong Sleep Headphones, Bluetooth Sports Headband Headphones with Ultra-Thin HD Stereo Speakers Perfect for Sleeping,Workout,Jogging,Yoga,Insomnia, Air Travel, Meditation",Perytong,Over-Ear Headphones,Headphones & Earbuds,44164,DEVICE,OVER_EAR,标题描述可独立使用的完整耳机/耳塞设备，细分类目为 Over-Ear Headphones；判为 DEVICE；形态依据：细分类目为 Over-Ear Headphones。
B01EH7YSS6,AMBIGUOUS,0.6,NOT_APPLICABLE,2,0,0,1,1,taxonomy_device=2;title_accessory=1;conflict,"iPhone 6s Plus Case, ALPHABETT [Hybrid Bumper Cove] Scratch Resistant Drop Protective Super Thin Case for Apple iPhone 6 Plus & 6s Plus (Black/Grey)",ONXIGLI,Earbud Headphones,Headphones & Earbuds,6,ACCESSORY,NOT_APPLICABLE,标题明确为保护壳/收纳配件，不是可独立使用的完整耳机；结合标题的兼容/替换关系判定；判为 ACCESSORY。 原自动标签为 AMBIGUOUS，本次以商品主体语义和类目复核后更正。
B005TTIPMW,AMBIGUOUS,0.5,NOT_APPLICABLE,0,0,0,0,0,insufficient_evidence,Super Mini Bluetooth USB Dongle (Black) for Viewsonic tablet,CellularFactory,Headphones & Earbuds,Headphones & Earbuds,1,ACCESSORY,NOT_APPLICABLE,标题主体是替换件、线缆/收纳件、蓝牙接收件、头盔扬声器套件或手机外接听筒，并非完整耳机；判为 ACCESSORY。 原自动标签为 AMBIGUOUS，本次复核后更正。
B0C42VXNHH,AMBIGUOUS,0.6,NOT_APPLICABLE,2,0,1,1,1,taxonomy_device=2;title_device=1;title_accessory=1;conflict,ANINUALE Wireless Earbuds Bluetooth Ear Buds with Mic Wireless Charging Case 58Hrs Playtime LED Display Headphones Over Ear Earhooks IPX7 Waterproof Sport Earphones Wireless Bluetooth 5.3 Earbuds,ANINUALE,Earbud Headphones,Headphones & Earbuds,7,DEVICE,EARBUD_INEAR,标题主体是完整耳机，后列保护壳/线缆/支架等随附配件（套装不改变主体标签）；判为 DEVICE；形态依据：标题含耳塞/入耳/开放式耳戴设备词，且其主体线索早于头戴式描述。 原自动标签为 AMBIGUOUS，本次以商品主体语义和类目复核后更正。
B08V4H741T,DEVICE,0.995,EARBUD_INEAR,2,0,2,0,0,taxonomy_device=2;title_device=2,"Origem HS-3pro Bluetooth Headphones, Wireless Sport Earphones with HDR Audio, Strong Bass, Noise Cancelling,Bluetooth 5.0 with mic, IPX5 Waterproof, Wireless Earbuds for Sports, Workout, Gym (Black)",Origem,Earbud Headphones,Headphones & Earbuds,116,DEVICE,EARBUD_INEAR,标题描述可独立使用的完整耳机/耳塞设备，细分类目为 Earbud Headphones；判为 DEVICE；形态依据：标题含耳塞/入耳/开放式耳戴设备词，且其主体线索早于头戴式描述。
B07D2CQCPS,ACCESSORY,0.98,NOT_APPLICABLE,0,2,0,0,0,taxonomy_accessory=2,"USB C to 3.5mm Audio Adapter, Drift USB Type C Male to 3.5mm Female Extension Headphone Audio Stereo Cord Adapter Compatible with Google Pixel 2/2XL, HTC U11, Moto Z and More Type C Device (Black)",Drift,Adapters,Adapters,24,ACCESSORY,NOT_APPLICABLE,标题明确为线缆/转接配件，不是可独立使用的完整耳机；细分类目 Adapters 与此一致；判为 ACCESSORY。
B0BMGMWPD4,DEVICE,0.985,EARBUD_INEAR,2,0,3,1,1,taxonomy_device=2;title_device=3;title_accessory=1;conflict,"Hntmao True Wireless Earbuds, IPX6 Waterproof Bluetooth Earbuds, 30H Cyclic Playtime Headphones with Charging Case and mic for iPhone Android, in-Ear Stereo Earphones Headset for Sport Black",Hntmao,Earbud Headphones,Headphones & Earbuds,1568,DEVICE,EARBUD_INEAR,标题主体是完整耳机，后列保护壳/线缆/支架等随附配件（套装不改变主体标签）；判为 DEVICE；形态依据：标题含耳塞/入耳/开放式耳戴设备词，且其主体线索早于头戴式描述。
B07S9GVDHB,AMBIGUOUS,0.6,NOT_APPLICABLE,2,0,0,1,1,taxonomy_device=2;title_accessory=1;conflict,U Wireless Headphones Bluetooth With Carrying Case Built In Microphone 12Hr Playback Time Noise Cancellation Enhanced Bass,Fashionit,Over-Ear Headphones,Headphones & Earbuds,2,DEVICE,OVER_EAR,标题主体是完整耳机，后列保护壳/线缆/支架等随附配件（套装不改变主体标签）；判为 DEVICE；形态依据：细分类目为 Over-Ear Headphones。 原自动标签为 AMBIGUOUS，本次以商品主体语义和类目复核后更正。
B07VMPXJ9L,ACCESSORY,0.995,NOT_APPLICABLE,0,2,0,1,0,taxonomy_accessory=2;title_accessory=1,Airpods Case - Airspo 7 in 1 Airpods Accessories Set Compatible with Airpods 1 & 2 Protective Silicone Cover Floral Print Cute Case (Flamingo),AIRSPO,Cases,Cases,8961,ACCESSORY,NOT_APPLICABLE,标题明确为保护壳/收纳配件，不是可独立使用的完整耳机；细分类目 Cases 与此一致；判为 ACCESSORY。
B07XTZ7T54,DEVICE,0.995,EARBUD_INEAR,2,0,1,0,0,taxonomy_device=2;title_device=1,"JVC Truly Wireless Earbuds Headphones, Bluetooth 5.0, Water Resistance(Ipx5), Long Battery Life (4+10 Hours), Secure and Comfort Fit with Memory Foam Earpieces - HAA10TB (Black)",JVC,Earbud Headphones,Headphones & Earbuds,1623,DEVICE,EARBUD_INEAR,标题描述可独立使用的完整耳机/耳塞设备，细分类目为 Earbud Headphones；判为 DEVICE；形态依据：标题含耳塞/入耳/开放式耳戴设备词，且其主体线索早于头戴式描述。
B0855M9MXW,DEVICE,0.98,EARBUD_INEAR,2,0,0,0,0,taxonomy_device=2,Anker A3201ZF1 Soundcore Life NC Headphones,Anker,Earbud Headphones,Headphones & Earbuds,8,DEVICE,EARBUD_INEAR,标题描述可独立使用的完整耳机/耳塞设备，细分类目为 Earbud Headphones；判为 DEVICE；形态依据：细分类目为 Earbud Headphones。
B08Q3PCT5J,ACCESSORY,0.98,NOT_APPLICABLE,0,2,0,0,0,taxonomy_accessory=2,"Lightning to 3.5mm Headphone Jack Adapter, iPhone Apple MFi Certified 2 in 1 Charger and Aux Sudio Splitter for iPhone 12/11/X/XR/XS/8/8Plus/7/7Plus",yootech,Adapters,Adapters,694,ACCESSORY,NOT_APPLICABLE,标题明确为线缆/转接配件，不是可独立使用的完整耳机；细分类目 Adapters 与此一致；判为 ACCESSORY。
B00JQFN4OY,ACCESSORY,0.995,NOT_APPLICABLE,0,2,0,1,0,taxonomy_accessory=2;title_accessory=1,Dongle Headphone Jack Adapter for Phone 128 Adapter Charger Adapter AUX Audio,LUCO,Adapters,Adapters,1,ACCESSORY,NOT_APPLICABLE,标题明确为线缆/转接配件，不是可独立使用的完整耳机；细分类目 Adapters 与此一致；判为 ACCESSORY。
B016IVB756,AMBIGUOUS,0.5,NOT_APPLICABLE,0,0,0,0,0,insufficient_evidence,LuettBiden S1 Tempered Glass Screen Protector 321,Barbato,Headphones & Earbuds,Headphones & Earbuds,1,ACCESSORY,NOT_APPLICABLE,标题明确为耳机配件，不是可独立使用的完整耳机；结合标题的兼容/替换关系判定；判为 ACCESSORY。 原自动标签为 AMBIGUOUS，本次以商品主体语义和类目复核后更正。
B0076Z3F9A,AMBIGUOUS,0.6,NOT_APPLICABLE,0,0,1,0,0,title_device=1,Samsung HM1700 Bluetooth Headset (Blue),SAMSUNG,Headphones & Earbuds,Headphones & Earbuds,270,DEVICE,EARBUD_INEAR,标题描述可独立使用的完整耳机/耳塞设备，并含连接、声学或供电功能信息；判为 DEVICE；形态依据：标题语义为手机用单耳/免提蓝牙耳机或有线耳麦。 原自动标签为 AMBIGUOUS，本次以商品主体语义和类目复核后更正。
B0B38WLYJ7,DEVICE,0.995,EARBUD_INEAR,2,0,2,0,0,taxonomy_device=2;title_device=2,CASCHO Wireless Earbuds Bluetooth Headphones 60Hrs Playtime HD Stereo Audio Digital LED Display Over-Ear Earphones with Earhook Waterproof Headset with Mic for Sport Running Workout,CASCHO,Earbud Headphones,Headphones & Earbuds,12476,DEVICE,EARBUD_INEAR,标题主体是完整耳机，后列保护壳/线缆/支架等随附配件（套装不改变主体标签）；判为 DEVICE；形态依据：标题含耳塞/入耳/开放式耳戴设备词，且其主体线索早于头戴式描述。
B000OZQM8A,DEVICE,0.98,EARBUD_INEAR,2,0,0,0,0,taxonomy_device=2,Harman Kardon 710 Noise Isolating Earphones (Black),Harman Kardon,Earbud Headphones,Headphones & Earbuds,4,DEVICE,EARBUD_INEAR,标题描述可独立使用的完整耳机/耳塞设备，细分类目为 Earbud Headphones；判为 DEVICE；形态依据：标题含耳塞/耳机式耳戴设备词，未出现相冲突的头戴形态描述。
B09YLJ9B6P,ACCESSORY,0.96,NOT_APPLICABLE,0,2,2,1,1,taxonomy_accessory=2;title_device=2;title_accessory=1;conflict,"Luckvan Earbuds Tips for Jabra Elite 85t Ear Tips Replacement for Jabra 85t True Wireless Earbuds, Black",Luckvan,Earpads,Earpads,25,ACCESSORY,NOT_APPLICABLE,标题明确为替换耳垫/耳罩，不是可独立使用的完整耳机；细分类目 Earpads 与此一致；判为 ACCESSORY。
B07TCKB383,ACCESSORY,0.995,NOT_APPLICABLE,0,2,0,1,0,taxonomy_accessory=2;title_accessory=1,"CTYBB for Airpod Case,Silicone Airpods Case Cover with Fur Ball Keychain Compatible with Apple Airpods 2/1 (Front LED Visible) Line Green",CTYBB,Cases,Cases,24990,ACCESSORY,NOT_APPLICABLE,标题明确为保护壳/收纳配件，不是可独立使用的完整耳机；细分类目 Cases 与此一致；判为 ACCESSORY。
B01BA3AVWW,AMBIGUOUS,0.5,NOT_APPLICABLE,0,0,0,0,0,insufficient_evidence,Fenzer Black Headphones w/Mic Earphones Earbuds Headset for Apple iPhone 3 3G 4 4S 5 5C 5S 6 Plus,Fenzer,Headphones & Earbuds,Headphones & Earbuds,12,DEVICE,EARBUD_INEAR,标题描述可独立使用的完整耳机/耳塞设备，并含连接、声学或供电功能信息；判为 DEVICE；形态依据：标题含耳塞/入耳/开放式耳戴设备词，且其主体线索早于头戴式描述。 原自动标签为 AMBIGUOUS，本次以商品主体语义和类目复核后更正。
B00KUEQIUW,AMBIGUOUS,0.5,NOT_APPLICABLE,0,0,0,0,0,insufficient_evidence,Purple HandsFree EarPhone HeadPhones HeadSet With Mic. For Nokia Lumia 521 / 520,BCC & NM,Headphones & Earbuds,Headphones & Earbuds,4,DEVICE,EARBUD_INEAR,标题描述可独立使用的完整耳机/耳塞设备，并含连接、声学或供电功能信息；判为 DEVICE；形态依据：标题含耳塞/耳机式耳戴设备词，未出现相冲突的头戴形态描述。 原自动标签为 AMBIGUOUS，本次以商品主体语义和类目复核后更正。
B0145R1WZK,ACCESSORY,0.98,NOT_APPLICABLE,0,2,0,0,0,taxonomy_accessory=2,Car Charger Car Adapter Cable 3.5mm Jack Adaptor UDGEGS813,JinGmi,Adapters,Adapters,9,ACCESSORY,NOT_APPLICABLE,标题明确为线缆/转接配件，不是可独立使用的完整耳机；细分类目 Adapters 与此一致；判为 ACCESSORY。
B083SRWSMN,DEVICE,0.995,EARBUD_INEAR,2,0,1,0,0,taxonomy_device=2;title_device=1,"TREBLAB N8 – Magnetic Neckband Bluetooth Earphones | 7H Playtime, Lightweight, IPX5 | Noise Canceling Wireless Headphones w/Mic | Magnetic Bluetooth Earbuds for Running, Workout, Sports, Gym (Black)",TREBLAB,Earbud Headphones,Headphones & Earbuds,78,DEVICE,EARBUD_INEAR,标题描述可独立使用的完整耳机/耳塞设备，细分类目为 Earbud Headphones；判为 DEVICE；形态依据：标题含耳塞/入耳/开放式耳戴设备词，且其主体线索早于头戴式描述。
B09MYTQQY1,ACCESSORY,0.995,NOT_APPLICABLE,0,2,1,2,1,taxonomy_accessory=2;title_device=1;title_accessory=2;conflict,NINANMY Moon Phases Airpods Case Compatible with AirPods 1 & 2 Charging Case Full Protective TPU Skin Airpods Accessories Cover Cute Bluetooth Headset Case with Anti-Lost Keychain for Women Men,NINANMY,Cases,Cases,5,ACCESSORY,NOT_APPLICABLE,标题明确为保护壳/收纳配件，不是可独立使用的完整耳机；细分类目 Cases 与此一致；判为 ACCESSORY。
B08LFWDF2L,DEVICE,0.955,EARBUD_INEAR,2,0,2,1,1,taxonomy_device=2;title_device=2;title_accessory=1;conflict,"JVC HAA50TB Truly Wireless Earbuds Noise Cancelling Earbuds with Memory Foam Earpieces, 32H Battery Life with Charging Case, Touch & Talk, Bluetooth 5.0, Touch Sensor Control, Waterproof IPX4, Black",JVC,Earbud Headphones,Headphones & Earbuds,316,DEVICE,EARBUD_INEAR,标题主体是完整耳机，后列保护壳/线缆/支架等随附配件（套装不改变主体标签）；判为 DEVICE；形态依据：标题含耳塞/入耳/开放式耳戴设备词，且其主体线索早于头戴式描述。
B016JCBDCQ,AMBIGUOUS,0.5,NOT_APPLICABLE,0,0,0,0,0,insufficient_evidence,SOL REPUBLIC Interchangeable Headband for Tracks Headphones (Yellow),SOL REPUBLIC,Headphones & Earbuds,Headphones & Earbuds,19,ACCESSORY,NOT_APPLICABLE,标题主体是替换件、线缆/收纳件、蓝牙接收件、头盔扬声器套件或手机外接听筒，并非完整耳机；判为 ACCESSORY。 原自动标签为 AMBIGUOUS，本次复核后更正。
B077T4737M,DEVICE,0.995,ON_EAR,2,0,1,0,0,taxonomy_device=2;title_device=1,JBL T460BT Extra Bass Wireless On-Ear Headphones with 11 Hours Playtime & Mic - Black,JBL,On-Ear Headphones,Headphones & Earbuds,15368,DEVICE,ON_EAR,标题描述可独立使用的完整耳机/耳塞设备，细分类目为 On-Ear Headphones；判为 DEVICE；形态依据：标题明确为 on-ear/supra-aural，或该形态是最先出现的主体描述。
B0999LWFPD,ACCESSORY,0.995,NOT_APPLICABLE,0,2,0,3,0,taxonomy_accessory=2;title_accessory=3,"Yatchen for AirPod 2/1 Case,Cute 3D Cartoon Boba Milk Tea Cow Cover Kawaii Soft Silicone Protective Cover with Keychain Shockproof Charging Case for AirPods 2nd Generation for Girls Women",Yatchen,Cases,Cases,200,ACCESSORY,NOT_APPLICABLE,标题明确为保护壳/收纳配件，不是可独立使用的完整耳机；细分类目 Cases 与此一致；判为 ACCESSORY。
B07W2VS2PP,ACCESSORY,0.995,NOT_APPLICABLE,0,2,0,1,0,taxonomy_accessory=2;title_accessory=1,"[6 Pairs] Earphone Tips for Sennheiser IE800 Westone FEYCH Premium Replacement Memory Foam Earbud Tips Noise Isolation Foam Tips Suit for 3.5-4.0mm in-Ear Earphones with Storage Box(Large, Black)",F FEYCH,Earpads,Earpads,176,ACCESSORY,NOT_APPLICABLE,标题明确为替换耳垫/耳罩，不是可独立使用的完整耳机；细分类目 Earpads 与此一致；判为 ACCESSORY。
B0033ZJ898,AMBIGUOUS,0.6,NOT_APPLICABLE,1,0,0,1,1,taxonomy_device=1;title_accessory=1;conflict,"Retractable 3.5mm Aux Auxiliary Cord for iPod, Mp3 Players, Cell Phones, PDA's or any device with a standard 3.5 mm headphone jack ~ White ~",eTECH,"Headphones, Earbuds & Accessories",,18,ACCESSORY,NOT_APPLICABLE,标题明确为线缆/转接配件，不是可独立使用的完整耳机；结合标题的兼容/替换关系判定；判为 ACCESSORY。 原自动标签为 AMBIGUOUS，本次以商品主体语义和类目复核后更正。
B00THJAETC,AMBIGUOUS,0.6,NOT_APPLICABLE,2,0,0,1,1,taxonomy_device=2;title_accessory=1;conflict,University of Colorado iPhone 6 Plus Cargo Case - University of Colorado Buffaloes Cargo Case For Your iPhone 6 Plus,CHUNKUI,Earbud Headphones,Headphones & Earbuds,1,ACCESSORY,NOT_APPLICABLE,标题明确为保护壳/收纳配件，不是可独立使用的完整耳机；结合标题的兼容/替换关系判定；判为 ACCESSORY。 原自动标签为 AMBIGUOUS，本次以商品主体语义和类目复核后更正。
B0C5BFJKJL,DEVICE,0.995,OVER_EAR,2,0,1,0,0,taxonomy_device=2;title_device=1,Skullcandy Riff Wired On-Ear Headphones - Black,Skullcandy,Over-Ear Headphones,Headphones & Earbuds,14921,DEVICE,ON_EAR,标题描述可独立使用的完整耳机/耳塞设备，细分类目为 Over-Ear Headphones；判为 DEVICE；形态依据：标题明确为 on-ear/supra-aural，或该形态是最先出现的主体描述。
B07TFTG47X,ACCESSORY,0.995,NOT_APPLICABLE,0,2,0,1,0,taxonomy_accessory=2;title_accessory=1,"CTYBB for Airpod Case,Silicone Airpods Case Cover with Fur Ball Keychain Compatible with Apple Airpods 2/1 (Front LED Visible) Rose",CTYBB,Cases,Cases,24991,ACCESSORY,NOT_APPLICABLE,标题明确为保护壳/收纳配件，不是可独立使用的完整耳机；细分类目 Cases 与此一致；判为 ACCESSORY。
B01BLT1SU4,AMBIGUOUS,0.6,NOT_APPLICABLE,2,0,0,1,1,taxonomy_device=2;title_accessory=1;conflict,"LG K7 Case, LG Tribute 5 Case, CoverON [DuraShield Series] Drop Proof Phone Cover Grip + Bumper + Stand Hybrid Case For LG K7 / Tribute 5 - Black & Black",Tiamat+,Earbud Headphones,Headphones & Earbuds,9,ACCESSORY,NOT_APPLICABLE,标题明确为保护壳/收纳配件，不是可独立使用的完整耳机；结合标题的兼容/替换关系判定；判为 ACCESSORY。 原自动标签为 AMBIGUOUS，本次以商品主体语义和类目复核后更正。
B01M8KDEHN,AMBIGUOUS,0.6,NOT_APPLICABLE,2,0,0,1,1,taxonomy_device=2;title_accessory=1;conflict,"Huawei Honor 5X Case, Slim Hard Back Phone Cover For Huawei Honor 5X GR5 GR 5 KIW KIW-AL10 KIW-UL00 KIW-L24 Shockproof Robot Armor Hybrid Rugged TPU Shell Coque with Stand Function (Gold)",XEUMING,Earbud Headphones,Headphones & Earbuds,2,ACCESSORY,NOT_APPLICABLE,标题明确为保护壳/收纳配件，不是可独立使用的完整耳机；结合标题的兼容/替换关系判定；判为 ACCESSORY。 原自动标签为 AMBIGUOUS，本次以商品主体语义和类目复核后更正。
B07YSNK364,AMBIGUOUS,0.6,NOT_APPLICABLE,2,0,0,1,1,taxonomy_device=2;title_accessory=1;conflict,"Forky Case for Airpods 1st/2nd, 3D Cute Cartoon Character Silicone Airpod Cover, Fun Cool Keychain Design Skin, Toy Story 4 Forky Bag Pendant Decor Keychain Airpods Case (Forky) (No Face Man)",Mhvewi,Earbud Headphones,Headphones & Earbuds,646,ACCESSORY,NOT_APPLICABLE,标题明确为保护壳/收纳配件，不是可独立使用的完整耳机；结合标题的兼容/替换关系判定；判为 ACCESSORY。 原自动标签为 AMBIGUOUS，本次以商品主体语义和类目复核后更正。
B08927TCR5,ACCESSORY,0.98,NOT_APPLICABLE,0,2,0,0,0,taxonomy_accessory=2,"Hongloon Headphone Splitter, 3.5mm Audio Stereo Y Splitter Cable, 3.5mm Male to 2 Ports Female Dual Headphone Jack Adapter Headset Splitter for iPhone, iPad, Tablet, Laptop, PS4 & More",Hongloon,Adapters,Adapters,22,ACCESSORY,NOT_APPLICABLE,标题明确为线缆/转接配件，不是可独立使用的完整耳机；细分类目 Adapters 与此一致；判为 ACCESSORY。
B07WWXDFJ8,AMBIGUOUS,0.6,NOT_APPLICABLE,2,0,1,1,1,taxonomy_device=2;title_device=1;title_accessory=1;conflict,LUU Earphones/Earbuds/Headphones 2Pack Black Compatible with iPhone/Galaxy S10/S10+/S10e S9/S9+ S8/S8+ Note8 / Android in-Ear Headphones Remote + Mic Hands- Free Earphones,LUU,Earbud Headphones,Headphones & Earbuds,95,DEVICE,EARBUD_INEAR,标题描述可独立使用的完整耳机/耳塞设备，细分类目为 Earbud Headphones；判为 DEVICE；形态依据：标题含耳塞/入耳/开放式耳戴设备词，且其主体线索早于头戴式描述。 原自动标签为 AMBIGUOUS，本次以商品主体语义和类目复核后更正。
B0BG4GQ85K,ACCESSORY,0.995,NOT_APPLICABLE,0,2,1,1,1,taxonomy_accessory=2;title_device=1;title_accessory=1;conflict,"JPLFYRE Lanyard for AirPods Pro 2nd Generation, Wireless Bluetooth Earbuds Protective Case Soft Silicone Anti-Lost Compatible with (Grey) White",JPLFYRE,Cases,Cases,85,ACCESSORY,NOT_APPLICABLE,标题明确为保护壳/收纳配件，不是可独立使用的完整耳机；细分类目 Cases 与此一致；判为 ACCESSORY。
B08HLWLP97,ACCESSORY,0.98,NOT_APPLICABLE,0,2,0,0,0,taxonomy_accessory=2,"Linsoul XDUOO Link2 Bal Max CS43131*2 DSD256 USB DAC&Balanced Portable Headphone Amplifier with USB Type-C Input, 3.5/4.4mm Dual Output for Music, Movies, Switch Games (Green)",Linsoul,Amplifiers,Amplifiers,140,ACCESSORY,NOT_APPLICABLE,标题明确为耳放/DAC配件，不是可独立使用的完整耳机；细分类目 Amplifiers 与此一致；判为 ACCESSORY。
B0BNJTYLTQ,ACCESSORY,0.995,NOT_APPLICABLE,0,2,0,1,0,taxonomy_accessory=2;title_accessory=1,Proof Labs 3 Pairs for AirPods Pro Ear Hooks Covers [Added Storage Pouch] Accessories Compatible with Apple AirPods Pro Generation 1 (White),Proof Labs,Earpads,Earpads,19919,ACCESSORY,NOT_APPLICABLE,标题明确为替换耳垫/耳罩，不是可独立使用的完整耳机；细分类目 Earpads 与此一致；判为 ACCESSORY。
B004SNS1SS,AMBIGUOUS,0.6,NOT_APPLICABLE,0,0,1,0,0,title_device=1,Jawbone PRIME Bluetooth Headset (Black),Jawbone,Headphones & Earbuds,Headphones & Earbuds,55,DEVICE,EARBUD_INEAR,标题描述可独立使用的完整耳机/耳塞设备，并含连接、声学或供电功能信息；判为 DEVICE；形态依据：标题语义为手机用单耳/免提蓝牙耳机或有线耳麦。 原自动标签为 AMBIGUOUS，本次以商品主体语义和类目复核后更正。
B076VW3PQJ,AMBIGUOUS,0.6,NOT_APPLICABLE,2,0,1,1,1,taxonomy_device=2;title_device=1;title_accessory=1;conflict,Plantronics Voyager Edge Wireless Bluetooth Headset with Charging Case - Black (Renewed),Amazon Renewed,Earbud Headphones,Headphones & Earbuds,96,DEVICE,EARBUD_INEAR,标题主体是完整耳机，后列保护壳/线缆/支架等随附配件（套装不改变主体标签）；判为 DEVICE；形态依据：细分类目为 Earbud Headphones。 原自动标签为 AMBIGUOUS，本次以商品主体语义和类目复核后更正。
B01N54IDEL,ACCESSORY,0.98,NOT_APPLICABLE,0,2,0,0,0,taxonomy_accessory=2,Geekria Headphones Monitor Mount Hanger/Monitor Clamp Headphone Holder/Headset Stick-on Hook (White),GEEKRIA,Cases,Cases,40,ACCESSORY,NOT_APPLICABLE,标题明确为保护壳/收纳配件，不是可独立使用的完整耳机；细分类目 Cases 与此一致；判为 ACCESSORY。
B07Q59SBZ7,AMBIGUOUS,0.6,NOT_APPLICABLE,2,0,0,1,1,taxonomy_device=2;title_accessory=1;conflict,"Audio-Technica ATH-M50x Professional Studio Monitor Headphones (Black) with Carrying Case, 6Ave Cleaning Kit",Audio-Technica,Over-Ear Headphones,Headphones & Earbuds,5,DEVICE,OVER_EAR,标题主体是完整耳机，后列保护壳/线缆/支架等随附配件（套装不改变主体标签）；判为 DEVICE；形态依据：细分类目为 Over-Ear Headphones。 原自动标签为 AMBIGUOUS，本次以商品主体语义和类目复核后更正。
B087ZLYVX8,ACCESSORY,0.995,NOT_APPLICABLE,0,2,0,1,0,taxonomy_accessory=2;title_accessory=1,New Funny Cute Fashion Silicone Soft Headset Case for Airpod 1/2 Pro Case Wireless Bluetooth Earphone Case (Style Pro),AmyCase,Cases,Cases,5,ACCESSORY,NOT_APPLICABLE,标题明确为保护壳/收纳配件，不是可独立使用的完整耳机；细分类目 Cases 与此一致；判为 ACCESSORY。
B09G6C9JCD,ACCESSORY,0.995,NOT_APPLICABLE,0,2,1,2,1,taxonomy_accessory=2;title_device=1;title_accessory=2;conflict,2 Pairs Ear Pads - Replacement Ear Cushion Compatible with Sennheiser HD 4.50BT HD 4.40BT HD 4.30BT HD458 Bluetooth Headphone,defean,Earpads,Earpads,1,ACCESSORY,NOT_APPLICABLE,标题明确为替换耳垫/耳罩，不是可独立使用的完整耳机；细分类目 Earpads 与此一致；判为 ACCESSORY。
B00TFSJUKO,AMBIGUOUS,0.5,NOT_APPLICABLE,0,0,0,0,0,insufficient_evidence,iQualTech Sports Earphones for iPhone - with Microphone for Handsfree Calling and Remote Track Control Silver/White,iQualTech,Headphones & Earbuds,Headphones & Earbuds,45,DEVICE,EARBUD_INEAR,标题主体是完整耳机，后列保护壳/线缆/支架等随附配件（套装不改变主体标签）；判为 DEVICE；形态依据：标题含耳塞/耳机式耳戴设备词，未出现相冲突的头戴形态描述。 原自动标签为 AMBIGUOUS，本次以商品主体语义和类目复核后更正。
B09J2ND79C,DEVICE,0.985,EARBUD_INEAR,2,0,3,1,1,taxonomy_device=2;title_device=3;title_accessory=1;conflict,"Nautica T400 True Wireless Earbuds, Bluetooth v5.1 TWS in-Ear Earphones with Built-in Mic, Wireless Bluetooth Earbuds with Charging case Touch Control, Ergonomic Design Sweat-Proof USB-C (Navy)",Nautica,Earbud Headphones,Headphones & Earbuds,26,DEVICE,EARBUD_INEAR,标题主体是完整耳机，后列保护壳/线缆/支架等随附配件（套装不改变主体标签）；判为 DEVICE；形态依据：标题含耳塞/入耳/开放式耳戴设备词，且其主体线索早于头戴式描述。
B005T4J2LA,AMBIGUOUS,0.5,NOT_APPLICABLE,0,0,0,0,0,insufficient_evidence,iHip AquaVibe Underwater Earbuds Durable and Lightweight Down to 25 Meters,iHip,Headphones & Earbuds,Headphones & Earbuds,36,DEVICE,EARBUD_INEAR,标题描述可独立使用的完整耳机/耳塞设备，并含连接、声学或供电功能信息；判为 DEVICE；形态依据：标题含耳塞/入耳/开放式耳戴设备词，且其主体线索早于头戴式描述。 原自动标签为 AMBIGUOUS，本次以商品主体语义和类目复核后更正。
B0C6QCKDB3,AMBIGUOUS,0.6,NOT_APPLICABLE,2,0,0,1,1,taxonomy_device=2;title_accessory=1;conflict,"KZ ZAR in-Ear Monitor IEM Headphones,1DD+7BA Hybrid Technology Driver Wired Earbuds Headphone with Silver-Plated Cable for Audiophile Musician (KZ ZAR-Black, with Mic)…",Kinboofi,Earbud Headphones,Headphones & Earbuds,49,DEVICE,EARBUD_INEAR,标题主体是完整耳机，后列保护壳/线缆/支架等随附配件（套装不改变主体标签）；判为 DEVICE；形态依据：标题含耳塞/入耳/开放式耳戴设备词，且其主体线索早于头戴式描述。 原自动标签为 AMBIGUOUS，本次以商品主体语义和类目复核后更正。
B07QVH2LV8,AMBIGUOUS,0.5,NOT_APPLICABLE,0,0,0,0,0,insufficient_evidence,"10X Antique Copper Handheld Magnifying Glass with Wooden Handle and Real Glass,Best Reading Magnifier for Elderly,Macular Degeneration",Bounce Generation,Headphones & Earbuds,Headphones & Earbuds,4,AMBIGUOUS,NOT_APPLICABLE,"needs_review: 标题“10X Antique Copper Handheld Magnifying Glass with Wooden Handle and Real Glass,Best Reading Magnifier for Elderly,Macular Degeneration”未描述完整耳机或明确耳机配件，且与类目“Headphones & Earbuds”不一致/信息残缺；保留 AMBIGUOUS，不强行归类。"
B09Y1V2DC2,DEVICE,0.98,EARBUD_INEAR,2,0,0,0,0,taxonomy_device=2,"Kinboofi HZSOUND Waist Drum in-Ear Monitor, φ6mm DD HiFi Earphone, Stainless Stell Stereod·Mirror Finish Earbuds Wired Headphones with Unique Balance Hole Desigh for Musician Church(No Mic, Silver)",Kinboofi,Earbud Headphones,Headphones & Earbuds,2,DEVICE,EARBUD_INEAR,标题描述可独立使用的完整耳机/耳塞设备，细分类目为 Earbud Headphones；判为 DEVICE；形态依据：标题含耳塞/入耳/开放式耳戴设备词，且其主体线索早于头戴式描述。
B07WTTZMRM,DEVICE,0.955,EARBUD_INEAR,2,0,2,1,1,taxonomy_device=2;title_device=2;title_accessory=1;conflict,"True Wireless Earbuds TWS Stereo Wireless Headphones Bluetooth 5.0 in-Ear Headset with Strong Connection, Noise Cancelling Mini Earphones Charging Case IPX5 Waterproof 58H Playtime Sports Earpiece",RUIZU,Earbud Headphones,Headphones & Earbuds,468,DEVICE,EARBUD_INEAR,标题主体是完整耳机，后列保护壳/线缆/支架等随附配件（套装不改变主体标签）；判为 DEVICE；形态依据：标题含耳塞/入耳/开放式耳戴设备词，且其主体线索早于头戴式描述。
B0045TNIW4,AMBIGUOUS,0.6,NOT_APPLICABLE,0,0,1,0,0,title_device=1,Maverick Nica Sunrise v2 Bluetooth Headset - Metallic Red,Maverick,Headphones & Earbuds,Headphones & Earbuds,15,DEVICE,EARBUD_INEAR,标题描述可独立使用的完整耳机/耳塞设备，并含连接、声学或供电功能信息；判为 DEVICE；形态依据：标题语义为手机用单耳/免提蓝牙耳机或有线耳麦。 原自动标签为 AMBIGUOUS，本次以商品主体语义和类目复核后更正。
B08X73BBPT,ACCESSORY,0.94,NOT_APPLICABLE,2,0,0,2,1,taxonomy_device=2;title_accessory=2;conflict,"Lady house Kindpack Earbuds Headphones, IPX5 Waterproof Headset Hi-Fi Stereo in-Ear Earphones with 350Mah Charging Case for Travel, Dark Gray",Lady house Kindpack,Earbud Headphones,Headphones & Earbuds,20,DEVICE,EARBUD_INEAR,标题主体是完整耳机，后列保护壳/线缆/支架等随附配件（套装不改变主体标签）；判为 DEVICE；形态依据：标题含耳塞/入耳/开放式耳戴设备词，且其主体线索早于头戴式描述。 原自动标签为 ACCESSORY，本次以商品主体语义和类目复核后更正。
B0017T4L1C,AMBIGUOUS,0.6,NOT_APPLICABLE,0,0,1,0,0,title_device=1,SM100B Bluetooth Headset Black Dual Mic with Auto Noise Reduction,Sound ID,Headphones & Earbuds,Headphones & Earbuds,4,DEVICE,EARBUD_INEAR,标题描述可独立使用的完整耳机/耳塞设备，并含连接、声学或供电功能信息；判为 DEVICE；形态依据：标题语义为手机用单耳/免提蓝牙耳机或有线耳麦。 原自动标签为 AMBIGUOUS，本次以商品主体语义和类目复核后更正。
B0BGHQYY6V,DEVICE,0.995,EARBUD_INEAR,2,0,2,0,0,taxonomy_device=2;title_device=2,TITACUTE Wireless Earbuds Bluetooth Headphone for iPhone 13 Pro Max 14 11 Samsung S22 Ultra S23 S21 S20 Galaxy A53 A54 A14 Google Pixel 6 7 6a 7a Android in-Ear Headset Noise Canceling USB C Earphone,TITACUTE,Earbud Headphones,Headphones & Earbuds,140,DEVICE,EARBUD_INEAR,标题描述可独立使用的完整耳机/耳塞设备，细分类目为 Earbud Headphones；判为 DEVICE；形态依据：标题含耳塞/入耳/开放式耳戴设备词，且其主体线索早于头戴式描述。
B0079FQQ0W,DEVICE,0.98,EARBUD_INEAR,2,0,0,0,0,taxonomy_device=2,Sport Earphones for Running IPX7 Waterproof Headphones 9 Hours Playtime,LENNYONE,Earbud Headphones,Headphones & Earbuds,1,DEVICE,EARBUD_INEAR,标题描述可独立使用的完整耳机/耳塞设备，细分类目为 Earbud Headphones；判为 DEVICE；形态依据：标题含耳塞/耳机式耳戴设备词，未出现相冲突的头戴形态描述。
B00IKFB3XA,AMBIGUOUS,0.5,NOT_APPLICABLE,0,0,0,0,0,insufficient_evidence,Sony Remote and Handset Brh10,Sony,Headphones & Earbuds,Headphones & Earbuds,52,ACCESSORY,NOT_APPLICABLE,标题主体是替换件、线缆/收纳件、蓝牙接收件、头盔扬声器套件或手机外接听筒，并非完整耳机；判为 ACCESSORY。 原自动标签为 AMBIGUOUS，本次复核后更正。
B0928R4WXG,DEVICE,0.995,EARBUD_INEAR,2,0,2,0,0,taxonomy_device=2;title_device=2,"TOZO NC2 Hybrid Active Noise Cancelling Wireless Earbuds, in-Ear Detection Headphones, IPX6 Waterproof Bluetooth 5.2 Stereo Earphones, Immersive Sound Premium Deep Bass Headset, Black",TOZO,Earbud Headphones,Headphones & Earbuds,29217,DEVICE,EARBUD_INEAR,标题描述可独立使用的完整耳机/耳塞设备，细分类目为 Earbud Headphones；判为 DEVICE；形态依据：标题含耳塞/入耳/开放式耳戴设备词，且其主体线索早于头戴式描述。
B07MSBCPWM,AMBIGUOUS,0.6,NOT_APPLICABLE,2,0,1,1,1,taxonomy_device=2;title_device=1;title_accessory=1;conflict,"SOL REPUBLIC Shadow Fusion Bluetooth Earbuds, Grey 10-Hour Playtime Comfortable Knit Tech Fiber Collar Magnetic Connection Earbuds Flexible Compact Storage Convenient Carrying Case, Gray",SOL REPUBLIC,Earbud Headphones,Headphones & Earbuds,394,DEVICE,EARBUD_INEAR,标题描述可独立使用的完整耳机/耳塞设备，细分类目为 Earbud Headphones；判为 DEVICE；形态依据：标题含耳塞/入耳/开放式耳戴设备词，且其主体线索早于头戴式描述。 原自动标签为 AMBIGUOUS，本次以商品主体语义和类目复核后更正。
B0B7GKJKZB,AMBIGUOUS,0.6,NOT_APPLICABLE,2,0,2,2,1,taxonomy_device=2;title_device=2;title_accessory=2;conflict,"Cvozo Bluetooth Headphones, Bluetooth 5.0 Wireless Earphones in-Ear Stereo Sound Microphone Mini Wireless Earbuds with Headphones and Portable Charging Case for iOS Android PC planb3",Hoseili,Earbud Headphones,Headphones & Earbuds,21,DEVICE,EARBUD_INEAR,标题描述可独立使用的完整耳机/耳塞设备，细分类目为 Earbud Headphones；判为 DEVICE；形态依据：标题含耳塞/入耳/开放式耳戴设备词，且其主体线索早于头戴式描述。 原自动标签为 AMBIGUOUS，本次以商品主体语义和类目复核后更正。
B07791N123,AMBIGUOUS,0.5,NOT_APPLICABLE,0,0,0,0,0,insufficient_evidence,Vintage Canvas Laptop Messenger Bag Men Business Shoulder bag Briefcase (Grey),AO ALI VICTORY,Headphones & Earbuds,Headphones & Earbuds,1,AMBIGUOUS,NOT_APPLICABLE,needs_review: 标题“Vintage Canvas Laptop Messenger Bag Men Business Shoulder bag Briefcase (Grey)”未描述完整耳机或明确耳机配件，且与类目“Headphones & Earbuds”不一致/信息残缺；保留 AMBIGUOUS，不强行归类。
B07GNW9DJ6,AMBIGUOUS,0.6,NOT_APPLICABLE,2,0,0,1,1,taxonomy_device=2;title_accessory=1;conflict,"Sennheiser HD 300 Pro Headphones, Black with Headphone Holder & Stereo 1/4"" Male Phone TRS Headphone Extension Cable 10'",Sennheiser,Over-Ear Headphones,Headphones & Earbuds,21,DEVICE,OVER_EAR,标题主体是完整耳机，后列保护壳/线缆/支架等随附配件（套装不改变主体标签）；判为 DEVICE；形态依据：细分类目为 Over-Ear Headphones。 原自动标签为 AMBIGUOUS，本次以商品主体语义和类目复核后更正。
B0925LWBFH,ACCESSORY,0.995,NOT_APPLICABLE,0,2,0,2,0,taxonomy_accessory=2;title_accessory=2,"[5 Pack] Benazcap Portable Case for AirTag Key Wallet Finder, Compatible with AirTag Loop Holder, Mini Locator Tracker Cover Skin for Backpacks Car Key AirPods Device, Soft AirTags Case, Multicolor",Benazcap,Cases,Cases,156,ACCESSORY,NOT_APPLICABLE,标题明确为保护壳/收纳配件，不是可独立使用的完整耳机；细分类目 Cases 与此一致；判为 ACCESSORY。
B00A9YU7ZK,AMBIGUOUS,0.5,NOT_APPLICABLE,0,0,0,0,0,insufficient_evidence,"Earphones with Remote Control and Mic For Apple iPhone, iPad, iPod",Sincerely Ltd,Headphones & Earbuds,Headphones & Earbuds,1,DEVICE,EARBUD_INEAR,标题描述可独立使用的完整耳机/耳塞设备，并含连接、声学或供电功能信息；判为 DEVICE；形态依据：标题含耳塞/耳机式耳戴设备词，未出现相冲突的头戴形态描述。 原自动标签为 AMBIGUOUS，本次以商品主体语义和类目复核后更正。
B01G8JO5F2,DEVICE,0.995,EARBUD_INEAR,2,0,1,0,0,taxonomy_device=2;title_device=1,"Senso Bluetooth Headphones, Best Wireless Sports Earbuds w/Mic IPX7 Waterproof HD Stereo Sweatproof Earphones for Gym Running Workout Noise Cancelling Earphones Earbuds Noise Cancelling Headsets",Senso,Earbud Headphones,Headphones & Earbuds,42824,DEVICE,EARBUD_INEAR,标题描述可独立使用的完整耳机/耳塞设备，细分类目为 Earbud Headphones；判为 DEVICE；形态依据：标题含耳塞/入耳/开放式耳戴设备词，且其主体线索早于头戴式描述。
B08CR6QTXF,ACCESSORY,0.995,NOT_APPLICABLE,0,2,0,1,0,taxonomy_accessory=2;title_accessory=1,"CTYBB for Airpod Case,Silicone Airpods Case Cover with Fur Ball Keychain Compatible with Apple Airpods 2/1 (Front LED Visible) Orange",CTYBB,Cases,Cases,25365,ACCESSORY,NOT_APPLICABLE,标题明确为保护壳/收纳配件，不是可独立使用的完整耳机；细分类目 Cases 与此一致；判为 ACCESSORY。
B004R9PSL6,AMBIGUOUS,0.5,NOT_APPLICABLE,0,0,0,0,0,insufficient_evidence,Samsung HM6450 Stereo Bluetooth Wireless Headset,SAMSUNG,Headphones & Earbuds,Headphones & Earbuds,251,DEVICE,EARBUD_INEAR,标题描述可独立使用的完整耳机/耳塞设备，并含连接、声学或供电功能信息；判为 DEVICE；形态依据：标题语义为手机用单耳/免提蓝牙耳机或有线耳麦。 原自动标签为 AMBIGUOUS，本次以商品主体语义和类目复核后更正。
B08CGJ721T,DEVICE,0.995,EARBUD_INEAR,2,0,2,0,0,taxonomy_device=2;title_device=2,"JBL Tune 125TWS True Wireless In-Ear Headphones - Pure Bass Sound, 32H Battery, Bluetooth, Fast Pair, Comfortable, Wireless Calls, Music, Native Voice Assistant (White)",JBL,Earbud Headphones,Headphones & Earbuds,33434,DEVICE,EARBUD_INEAR,标题描述可独立使用的完整耳机/耳塞设备，细分类目为 Earbud Headphones；判为 DEVICE；形态依据：标题含耳塞/入耳/开放式耳戴设备词，且其主体线索早于头戴式描述。
B014JUW4P0,AMBIGUOUS,0.6,NOT_APPLICABLE,2,0,0,1,1,taxonomy_device=2;title_accessory=1;conflict,"Coureo Multi-Pocket Art Portfolio Case 24” x 36” x 0” | Heavy-Duty Carrying Bag for Students, Artists, and Professionals | Black",TIAMAT,Earbud Headphones,Headphones & Earbuds,3,ACCESSORY,NOT_APPLICABLE,标题明确为保护壳/收纳配件，不是可独立使用的完整耳机；结合标题的兼容/替换关系判定；判为 ACCESSORY。 原自动标签为 AMBIGUOUS，本次以商品主体语义和类目复核后更正。
B0784322T6,AMBIGUOUS,0.6,NOT_APPLICABLE,2,0,2,2,1,taxonomy_device=2;title_device=2;title_accessory=2;conflict,"Bluetooth Earbuds,True Wireless Stereo Headphones Kelodo w/Microphone Earphones for Call Noise Cancelling Mini in Ear Magnetic Headset with Long Battery Charging Case for Running Sports White",kelodo,Earbud Headphones,Headphones & Earbuds,33,DEVICE,EARBUD_INEAR,标题描述可独立使用的完整耳机/耳塞设备，细分类目为 Earbud Headphones；判为 DEVICE；形态依据：标题含耳塞/入耳/开放式耳戴设备词，且其主体线索早于头戴式描述。 原自动标签为 AMBIGUOUS，本次以商品主体语义和类目复核后更正。
B0036ZXATO,AMBIGUOUS,0.6,NOT_APPLICABLE,1,0,0,0,0,taxonomy_device=1,"TOOKS SPORTEC Skully Performance Skull Cap with Built-in Removable Headphones - Color: Black, Comfortable 100% Prostretch (Dryfit) Keeps You Cool",TOOKS,"Headphones, Earbuds & Accessories",,7,DEVICE,ON_EAR,标题描述可独立使用的完整耳机/耳塞设备，并含连接、声学或供电功能信息；判为 DEVICE；形态依据：标题为睡眠眼罩/头带/帽式扬声器，扬声单元贴耳佩戴。 原自动标签为 AMBIGUOUS，本次以商品主体语义和类目复核后更正。
B01LSAZEVK,ACCESSORY,0.98,NOT_APPLICABLE,0,2,0,0,0,taxonomy_accessory=2,ADSRO 2X 60mm LR Ear Pads Earpad Cover Pad Replacement Headphones 6CM PAD,ADSRO,Earpads,Earpads,7,ACCESSORY,NOT_APPLICABLE,标题明确为替换耳垫/耳罩，不是可独立使用的完整耳机；细分类目 Earpads 与此一致；判为 ACCESSORY。
B0BYNSJFF3,DEVICE,0.955,EARBUD_INEAR,2,0,2,1,1,taxonomy_device=2;title_device=2;title_accessory=1;conflict,"MAS CARNEY 【2 Pack Black+White】 WH5 Semi in-Ear Headphones with Microphone, Compatible with MP3/MP4, iPad, iPod, Huawei, Samsung Galaxy, Computers, Laptops and All 3.5mm Headphone Devices",MAS CARNEY,Earbud Headphones,Headphones & Earbuds,439,DEVICE,EARBUD_INEAR,标题主体是完整耳机，后列保护壳/线缆/支架等随附配件（套装不改变主体标签）；判为 DEVICE；形态依据：标题含耳塞/入耳/开放式耳戴设备词，且其主体线索早于头戴式描述。
B08QFXB2Y9,DEVICE,0.955,EARBUD_INEAR,2,0,2,1,1,taxonomy_device=2;title_device=2;title_accessory=1;conflict,"ASTRUM ET320 Earbuds – True Wireless Earbuds with Type-C Charging Case, Bluetooth V5.1 Earbuds with a Comfortable, Secure Fit, Long Battery Life, Great Sound, Auto Pair & Touch Control - White",ASTRUM,Earbud Headphones,Headphones & Earbuds,18,DEVICE,EARBUD_INEAR,标题主体是完整耳机，后列保护壳/线缆/支架等随附配件（套装不改变主体标签）；判为 DEVICE；形态依据：标题含耳塞/入耳/开放式耳戴设备词，且其主体线索早于头戴式描述。
B08BY7PYM3,ACCESSORY,0.995,NOT_APPLICABLE,0,2,0,1,0,taxonomy_accessory=2;title_accessory=1,"AirPods Pro Case, Full-Body Rugged Protective Cover, Resilient Shock Absorption Design, Durable Smooth Skin Case with Keychain for AirPod Pro 2019 - Midnight Blue",amBand,Cases,Cases,15657,ACCESSORY,NOT_APPLICABLE,标题明确为保护壳/收纳配件，不是可独立使用的完整耳机；细分类目 Cases 与此一致；判为 ACCESSORY。
B09WTY86N6,DEVICE,0.995,ON_EAR,2,0,1,0,0,taxonomy_device=2;title_device=1,"iClever HS01 Food Grade Kids Headphones with Microphone, 85/94dB Volume Limiter, Cat Ear Headphones for Kids Boys Girls, Wired Childrens Headphones for School/Travel/Tablet/E-Learning/iPad, Green",iClever,On-Ear Headphones,Headphones & Earbuds,15463,DEVICE,ON_EAR,标题主体是完整耳机，后列保护壳/线缆/支架等随附配件（套装不改变主体标签）；判为 DEVICE；形态依据：细分类目为 On-Ear Headphones。
B00IP2QT5A,AMBIGUOUS,0.5,NOT_APPLICABLE,0,0,0,0,0,insufficient_evidence,Lizbeth Cordonnet Cotton Thread Size 20: Dusty Rose Light,LIZBETH,Headphones & Earbuds,Headphones & Earbuds,3,AMBIGUOUS,NOT_APPLICABLE,needs_review: 标题“Lizbeth Cordonnet Cotton Thread Size 20: Dusty Rose Light”未描述完整耳机或明确耳机配件，且与类目“Headphones & Earbuds”不一致/信息残缺；保留 AMBIGUOUS，不强行归类。
B00YCC47DI,AMBIGUOUS,0.5,NOT_APPLICABLE,0,0,0,0,0,insufficient_evidence,Samsung EO-HS3303WE Samsung Galaxy S4 Headset 3.5mm Stereo with Volume Key - Non-Retail Packaging - White,SAMSUNG,Headphones & Earbuds,Headphones & Earbuds,84,DEVICE,EARBUD_INEAR,标题描述可独立使用的完整耳机/耳塞设备，并含连接、声学或供电功能信息；判为 DEVICE；形态依据：标题语义为手机用单耳/免提蓝牙耳机或有线耳麦。 原自动标签为 AMBIGUOUS，本次以商品主体语义和类目复核后更正。
B07MM8MDT6,ACCESSORY,0.995,NOT_APPLICABLE,0,2,0,1,0,taxonomy_accessory=2;title_accessory=1,igsticker Skins Compatible with Airpods Sticker Decal Stylish Covers for Protection & Customization 010407 Chemistry Pattern White Black,igsticker,Cases,Cases,25,ACCESSORY,NOT_APPLICABLE,标题明确为保护壳/收纳配件，不是可独立使用的完整耳机；细分类目 Cases 与此一致；判为 ACCESSORY。
B071V8DFB4,ACCESSORY,0.995,NOT_APPLICABLE,0,2,1,1,1,taxonomy_accessory=2;title_device=1;title_accessory=1;conflict,Studio1.0 Replacement Top Headband Foam Cushion Pad Repair Parts Compatible with Beats Studio 1.0 Studio (1st Gen) Wired Wireless Over Ear Headphone Black,Koffmon,Earpads,Earpads,13,ACCESSORY,NOT_APPLICABLE,标题主体是替换件、线缆/收纳件、蓝牙接收件、头盔扬声器套件或手机外接听筒，并非完整耳机；判为 ACCESSORY。
B0B55XFVSD,DEVICE,0.995,EARBUD_INEAR,2,0,2,0,0,taxonomy_device=2;title_device=2,"UGREEN HiTune Wireless Earbuds Bluetooth 5.0, Aptx HiFi Stereo Wireless Headphones with Built-in Mic, CVC 8.0 Clear Call Bluetooth Earbuds, Wireless Earphones with Deep Bass, 27H Playtime Rosegold",UGREEN,Earbud Headphones,Headphones & Earbuds,16296,DEVICE,EARBUD_INEAR,标题描述可独立使用的完整耳机/耳塞设备，细分类目为 Earbud Headphones；判为 DEVICE；形态依据：标题含耳塞/入耳/开放式耳戴设备词，且其主体线索早于头戴式描述。
B0832BWCYM,AMBIGUOUS,0.6,NOT_APPLICABLE,2,0,1,1,1,taxonomy_device=2;title_device=1;title_accessory=1;conflict,True Wireless Wireless Waterproof Earbuds Super bass Earphone Earbuds HD Stereo Sound Bluetooth Wireless Earphone with Charging Case(White),Unknown,Earbud Headphones,Headphones & Earbuds,4,DEVICE,EARBUD_INEAR,标题主体是完整耳机，后列保护壳/线缆/支架等随附配件（套装不改变主体标签）；判为 DEVICE；形态依据：标题含耳塞/入耳/开放式耳戴设备词，且其主体线索早于头戴式描述。 原自动标签为 AMBIGUOUS，本次以商品主体语义和类目复核后更正。
B09K67QXKT,DEVICE,0.985,EARBUD_INEAR,2,0,3,1,1,taxonomy_device=2;title_device=3;title_accessory=1;conflict,"Bluetooth Earbuds Wireless Active Noise Canceling Headphones in-Ear Earphones with 4 Mics for Sports, Enhanced Deep Bass, 30Hrs Playtime, IPX8 Waterproof, Touch Control, USB-C Quick Charging Case",Gsoemon,Earbud Headphones,Headphones & Earbuds,61,DEVICE,EARBUD_INEAR,标题主体是完整耳机，后列保护壳/线缆/支架等随附配件（套装不改变主体标签）；判为 DEVICE；形态依据：标题含耳塞/入耳/开放式耳戴设备词，且其主体线索早于头戴式描述。
B0BB7MJL2D,ACCESSORY,0.995,NOT_APPLICABLE,0,2,1,1,1,taxonomy_accessory=2;title_device=1;title_accessory=1;conflict,"Lopnord for AirPods Pro Ear Tip [2 Pairs], Memory Foam Replacement Premium/Silicone Ear Tips for Apple Airpods Pro 2 Wireless Earbuds, Comfort Ear Tips for Airpods Pro (Size M, 2 Pairs,Black+White)",Lopnord,Earpads,Earpads,110,ACCESSORY,NOT_APPLICABLE,标题明确为替换耳垫/耳罩，不是可独立使用的完整耳机；细分类目 Earpads 与此一致；判为 ACCESSORY。
B00YB31A56,AMBIGUOUS,0.6,NOT_APPLICABLE,0,0,1,0,0,title_device=1,PRO Mental Beats Expert DJ Noise Cancelling Headphones w/ Microphone - 00545,CJ Global,Headphones & Earbuds,Headphones & Earbuds,11,DEVICE,OVER_EAR,标题描述可独立使用的完整耳机/耳塞设备，并含连接、声学或供电功能信息；判为 DEVICE；形态依据：标题语义为带耳罩的游戏/办公/监听头戴式耳机。 原自动标签为 AMBIGUOUS，本次以商品主体语义和类目复核后更正。
B0186HAA58,AMBIGUOUS,0.5,NOT_APPLICABLE,0,0,0,0,0,insufficient_evidence,Circle Orange Powdercoat Radiator Cover Grille fits: 2014-2016 Polaris RZR 1000 - Ferreus Industries - GRL-147-08-Orange-b,Ferreus Industries,Headphones & Earbuds,Headphones & Earbuds,1,ACCESSORY,NOT_APPLICABLE,标题明确为保护壳/收纳配件，不是可独立使用的完整耳机；结合标题的兼容/替换关系判定；判为 ACCESSORY。 原自动标签为 AMBIGUOUS，本次以商品主体语义和类目复核后更正。
B0085OETSM,DEVICE,0.98,EARBUD_INEAR,2,0,0,0,0,taxonomy_device=2,Sentry Budz Noise Reduction Ear Buds Color Varies - Sentry HO105,"SENTRY INDUSTRIES, I",Earbud Headphones,Headphones & Earbuds,4,DEVICE,EARBUD_INEAR,标题/型号表明是入耳耳塞、手机单耳蓝牙耳机、运动耳机或随身耳塞系统；判为 DEVICE / EARBUD_INEAR。
B07CTBGM6M,AMBIGUOUS,0.6,NOT_APPLICABLE,2,0,0,1,1,taxonomy_device=2;title_accessory=1;conflict,"SHINESTAR Universal Adjustable Heat Shield Plate Tent & Burner Tube, Stainless Steel Flame Tamer Burner Cover for Gas Grill Extend from 11.75"" up to 21"" L, Burners Extend from 12"" up to 17.5""(3 Set)",SHINESTAR,Earbud Headphones,Headphones & Earbuds,7,ACCESSORY,NOT_APPLICABLE,标题明确为保护壳/收纳配件，不是可独立使用的完整耳机；结合标题的兼容/替换关系判定；判为 ACCESSORY。 原自动标签为 AMBIGUOUS，本次以商品主体语义和类目复核后更正。
B0BJBXCNWD,DEVICE,0.985,EARBUD_INEAR,2,0,3,1,1,taxonomy_device=2;title_device=3;title_accessory=1;conflict,Airor Bluetooth Wireless Noise Cancelling Earbuds for iPhone | in-Ear Headphones with Portable Silicone Charging case | Hi-Fi Stereo Microphone Wireless Earbuds for Waterproof for Sport(Pink),Airor,Earbud Headphones,Headphones & Earbuds,15,DEVICE,EARBUD_INEAR,标题主体是完整耳机，后列保护壳/线缆/支架等随附配件（套装不改变主体标签）；判为 DEVICE；形态依据：标题含耳塞/入耳/开放式耳戴设备词，且其主体线索早于头戴式描述。
B07CRLP7CQ,AMBIGUOUS,0.5,NOT_APPLICABLE,0,0,0,0,0,insufficient_evidence,"DIPOOX Pet Grooming Scissors Set (5-Piece Kit) Professional Balance & Ergonomic Control | Versatile Straight and Curved Blades, 7” Length | Cat and Dog Hair Trimming",Maratttto,Headphones & Earbuds,Headphones & Earbuds,1,AMBIGUOUS,NOT_APPLICABLE,"needs_review: 标题“DIPOOX Pet Grooming Scissors Set (5-Piece Kit) Professional Balance & Ergonomic Control | Versatile Straight and Curved Blades, 7” Length | Cat and Do”未描述完整耳机或明确耳机配件，且与类目“Headphones & Earbuds”不一致/信息残缺；保留 AMBIGUOUS，不强行归类。"
B0058C6LA8,DEVICE,0.98,OVER_EAR,2,0,0,0,0,taxonomy_device=2,iHip DJRASTAHP DJ Style Rasta Headphones - Red/Yellow/Green/Black (Discontinued by Manufacturer),iHip,Over-Ear Headphones,Headphones & Earbuds,60,DEVICE,OVER_EAR,标题描述可独立使用的完整耳机/耳塞设备，细分类目为 Over-Ear Headphones；判为 DEVICE；形态依据：细分类目为 Over-Ear Headphones。
B016D9TRQE,ACCESSORY,0.98,NOT_APPLICABLE,0,2,0,0,0,taxonomy_accessory=2,Mingao 16 Inches High Simulation Boy Doll's Clothes Fleece Hooded Suit Rose,?Jafuam,Adapters,Adapters,3,ACCESSORY,NOT_APPLICABLE,标题明确为线缆/转接配件，不是可独立使用的完整耳机；细分类目 Adapters 与此一致；判为 ACCESSORY。
B0B6C9QK1P,AMBIGUOUS,0.6,NOT_APPLICABLE,2,0,1,1,1,taxonomy_device=2;title_device=1;title_accessory=1;conflict,DAFO Wireless Earbuds Bluetooth 5.0 Headphones with Charging Case Noise Cancelling 3D Stereo Headsets Built in Mic in Ear Ear Buds IPX5 Waterproof Air Buds for iPhone/Android,DAFO,Earbud Headphones,Headphones & Earbuds,13,DEVICE,EARBUD_INEAR,标题主体是完整耳机，后列保护壳/线缆/支架等随附配件（套装不改变主体标签）；判为 DEVICE；形态依据：标题含耳塞/入耳/开放式耳戴设备词，且其主体线索早于头戴式描述。 原自动标签为 AMBIGUOUS，本次以商品主体语义和类目复核后更正。
B00WUOEKN2,DEVICE,0.995,OVER_EAR,2,0,1,0,0,taxonomy_device=2;title_device=1,Sennheiser HD-201 Lightweight Over Ear Headphones (Discontinued by Manufacturer),Sennheiser Consumer Audio,Over-Ear Headphones,Headphones & Earbuds,15039,DEVICE,OVER_EAR,标题描述可独立使用的完整耳机/耳塞设备，细分类目为 Over-Ear Headphones；判为 DEVICE；形态依据：标题明确为 over-ear/around-ear/full-size，且该形态是最先出现的主体描述。
B0BCVWXKQV,ACCESSORY,0.995,NOT_APPLICABLE,0,2,0,1,0,taxonomy_accessory=2;title_accessory=1,TaiZiChangQin Upgrade Ear Pads Ear Cushions Replacement Compatible with Boltune BT-BH010 Headphone (Fabric Earpads),TaiZiChangQin,Earpads,Earpads,9,ACCESSORY,NOT_APPLICABLE,标题明确为替换耳垫/耳罩，不是可独立使用的完整耳机；细分类目 Earpads 与此一致；判为 ACCESSORY。
B09QXBV33D,ACCESSORY,0.98,NOT_APPLICABLE,0,2,0,0,0,taxonomy_accessory=2,"Baseball Print Airpods Case Compatiable with Airpods pro - Airpods pro Cover with Key Chain, Full Protective Durable Shockproof Personalize Wireless Headphone Case",GIUMOWL,Cases,Cases,48,ACCESSORY,NOT_APPLICABLE,标题明确为保护壳/收纳配件，不是可独立使用的完整耳机；细分类目 Cases 与此一致；判为 ACCESSORY。
B072KZCNPC,AMBIGUOUS,0.5,NOT_APPLICABLE,0,0,0,0,0,insufficient_evidence,MFi Certified Cable 3FT 3FT 6FT 10FT Nylon Protable Braided USB Fast Charging& Syncing Cord Compatible Charger XS/MAX/XR/8/8 Plus/ 7/7 Plus/6s/105s Plus,Voolibbear,Headphones & Earbuds,Headphones & Earbuds,1,ACCESSORY,NOT_APPLICABLE,标题明确为线缆/转接配件，不是可独立使用的完整耳机；结合标题的兼容/替换关系判定；判为 ACCESSORY。 原自动标签为 AMBIGUOUS，本次以商品主体语义和类目复核后更正。
B002J79MYM,AMBIGUOUS,0.5,NOT_APPLICABLE,0,0,0,0,0,insufficient_evidence,Stereo Audio Converter (Straight Connector) for T-Mobile G1,Generic,Headphones & Earbuds,Headphones & Earbuds,2,ACCESSORY,NOT_APPLICABLE,标题明确为线缆/转接配件，不是可独立使用的完整耳机；结合标题的兼容/替换关系判定；判为 ACCESSORY。 原自动标签为 AMBIGUOUS，本次以商品主体语义和类目复核后更正。
B0C2W6QZX2,DEVICE,0.98,EARBUD_INEAR,2,0,0,0,0,taxonomy_device=2,JBL T210 Signature Sound Pure Bass Headphones in Ear Earphones with Microphone Black,JBL,Earbud Headphones,Headphones & Earbuds,11500,DEVICE,EARBUD_INEAR,标题主体是完整耳机，后列保护壳/线缆/支架等随附配件（套装不改变主体标签）；判为 DEVICE；形态依据：标题含耳塞/入耳/开放式耳戴设备词，且其主体线索早于头戴式描述。
B0091TBFW8,DEVICE,0.98,ON_EAR,2,0,0,0,0,taxonomy_device=2,Beyerdynamic DTX 501P Mobile Headphone White,beyerdynamic,On-Ear Headphones,Headphones & Earbuds,39,DEVICE,ON_EAR,标题描述可独立使用的完整耳机/耳塞设备，细分类目为 On-Ear Headphones；判为 DEVICE；形态依据：细分类目为 On-Ear Headphones。
B00AQOM9Z4,AMBIGUOUS,0.6,NOT_APPLICABLE,2,0,1,1,1,taxonomy_device=2;title_device=1;title_accessory=1;conflict,1pc Left 1pc Right Side Large Size StayHear Ear Tips for Bose IE2 MIE2 MIE2I SIE2 SIE2I IE1 MIE1 In-Ear Headphones Mobile In-Ear Headset Stereo Wired Sport Eargel Earbud Eartip Ear Gel Bud Tip Gels Buds Tips Eargels Earbuds Eartips + Black Sea International Logo Good Quality Micro Fiber Cleaning Cloth (random color),JOVERS,Earbud Headphones,Headphones & Earbuds,3,ACCESSORY,NOT_APPLICABLE,标题明确为替换耳塞套，不是可独立使用的完整耳机；结合标题的兼容/替换关系判定；判为 ACCESSORY。 原自动标签为 AMBIGUOUS，本次以商品主体语义和类目复核后更正。
B00GSLQI24,AMBIGUOUS,0.6,NOT_APPLICABLE,2,0,0,1,1,taxonomy_device=2;title_accessory=1;conflict,Soul Electronics Headphones S-Cable for Samsung Devices,Soul Electronics,Earbud Headphones,Headphones & Earbuds,6,DEVICE,EARBUD_INEAR,标题描述可独立使用的完整耳机/耳塞设备，细分类目为 Earbud Headphones；判为 DEVICE；形态依据：细分类目为 Earbud Headphones。 原自动标签为 AMBIGUOUS，本次以商品主体语义和类目复核后更正。
B09CPMM949,ACCESSORY,0.98,NOT_APPLICABLE,0,2,0,0,0,taxonomy_accessory=2,"UGREEN USB C to 3.5mm Audio Adapter Type C to Headphone Aux Jack Dongle 24bit/96kHz HiFi DAC Braided Cable Cord Compatible with iPad Pro Air Mini, Galaxy S23 Ultra S22 S21 S20, Pixel 7 Pro, Red",UGREEN,Adapters,Adapters,11576,ACCESSORY,NOT_APPLICABLE,标题明确为线缆/转接配件，不是可独立使用的完整耳机；细分类目 Adapters 与此一致；判为 ACCESSORY。
B000FFS9V2,DEVICE,0.98,EARBUD_INEAR,2,0,0,0,0,taxonomy_device=2,V-MODA Remix In-Ear Noise-Isolating Metal Headphone (Hot Pink) (Discontinued by Manufacturer),V-MODA,Earbud Headphones,Headphones & Earbuds,22,DEVICE,EARBUD_INEAR,标题描述可独立使用的完整耳机/耳塞设备，细分类目为 Earbud Headphones；判为 DEVICE；形态依据：标题含耳塞/入耳/开放式耳戴设备词，且其主体线索早于头戴式描述。
B00NIBK9NG,AMBIGUOUS,0.5,NOT_APPLICABLE,0,0,0,0,0,insufficient_evidence,intone Sound Ip950 Stereo Folding Stretchable Headphones Adjustable Headband Headset Kids Earphones or Adults Lightweight Headsets with in-line Mic for Iphone/ipad/tablet/andriod/mp3/mp4/laptop,intone,Headphones & Earbuds,Headphones & Earbuds,36,DEVICE,EARBUD_INEAR,标题描述可独立使用的完整耳机/耳塞设备，并含连接、声学或供电功能信息；判为 DEVICE；形态依据：标题含耳塞/耳机式耳戴设备词，未出现相冲突的头戴形态描述。 原自动标签为 AMBIGUOUS，本次以商品主体语义和类目复核后更正。
B0851C5KLV,DEVICE,0.995,EARBUD_INEAR,2,0,2,0,0,taxonomy_device=2;title_device=2,"UGREEN HiTune Wireless Earbuds Bluetooth 5.0, Wireless Headphones with Built-in Mic, CVC 8.0 Clear Call Bluetooth Earbuds, Aptx HiFi Stereo Wireless Earphones with Deep Bass, 2 EQ Modes, 27H Playtime",UGREEN,Earbud Headphones,Headphones & Earbuds,16325,DEVICE,EARBUD_INEAR,标题描述可独立使用的完整耳机/耳塞设备，细分类目为 Earbud Headphones；判为 DEVICE；形态依据：标题含耳塞/入耳/开放式耳戴设备词，且其主体线索早于头戴式描述。
B07FKNC4KJ,DEVICE,0.995,OVER_EAR,2,0,2,0,0,taxonomy_device=2;title_device=2,"Mogic HS06 Bluetooth Over Ear Headphones with Mic, Foldable Design, Long Battery Life",SimpTronic Tech,Over-Ear Headphones,Headphones & Earbuds,2,DEVICE,OVER_EAR,标题主体是完整耳机，后列保护壳/线缆/支架等随附配件（套装不改变主体标签）；判为 DEVICE；形态依据：标题明确为 over-ear/around-ear/full-size，且该形态是最先出现的主体描述。
B07MC7657Y,ACCESSORY,0.995,NOT_APPLICABLE,0,2,0,1,0,taxonomy_accessory=2;title_accessory=1,"Airpods Case, Music tracker Protective Thicken Airpods Cover Soft Silicone Chargeable Headphone Case with Anti-Lost Carabiner for Apple Airpods 1&2 Charging Case (Gray)",Music tracker,Cases,Cases,20857,ACCESSORY,NOT_APPLICABLE,标题明确为保护壳/收纳配件，不是可独立使用的完整耳机；细分类目 Cases 与此一致；判为 ACCESSORY。
B07TCN3GTD,ACCESSORY,0.995,NOT_APPLICABLE,0,2,0,1,0,taxonomy_accessory=2;title_accessory=1,"CTYBB for Airpod Case,Silicone Airpods Case Cover with Fur Ball Keychain Compatible with Apple Airpods 2/1 (Front LED Visible) Olive Green",CTYBB,Cases,Cases,25105,ACCESSORY,NOT_APPLICABLE,标题明确为保护壳/收纳配件，不是可独立使用的完整耳机；细分类目 Cases 与此一致；判为 ACCESSORY。
B003I8V6GS,AMBIGUOUS,0.5,NOT_APPLICABLE,0,0,0,0,0,insufficient_evidence,"Cellet HTC Mono Headset for HTC XV6175 OZONE, myTouch 3G, Dash 3G, Touch Pro2 (GSM) & G1 - Black",Cellet,Headphones & Earbuds,Headphones & Earbuds,1,DEVICE,EARBUD_INEAR,标题描述可独立使用的完整耳机/耳塞设备，并含连接、声学或供电功能信息；判为 DEVICE；形态依据：标题语义为手机用单耳/免提蓝牙耳机或有线耳麦。 原自动标签为 AMBIGUOUS，本次以商品主体语义和类目复核后更正。
B07SZS3BNK,ACCESSORY,0.995,NOT_APPLICABLE,0,2,0,1,0,taxonomy_accessory=2;title_accessory=1,"NewFantasia Replacement Audio Upgrade Cable Compatible with Audio-Technica ATH-M50xBT, ATH-AR3BTBK, ATH-SR50BT, ATH-ANC7B, ATH-ANC9, ATH-S700BT, ATH-SR5BTBK Headphones 1.5meters/4.9ft",NewFantasia,Extension Cords,Extension Cords,274,ACCESSORY,NOT_APPLICABLE,标题明确为线缆/转接配件，不是可独立使用的完整耳机；细分类目 Extension Cords 与此一致；判为 ACCESSORY。
B07ZWL3SF1,ACCESSORY,0.995,NOT_APPLICABLE,0,2,0,4,0,taxonomy_accessory=2;title_accessory=4,"Alvhntr Protective Cover for AirPods Pro Case, [Visible Front LED] Bounce Carrying Case with Keychain for AirPods Pro Charging Case, Shock-Absorbing Soft Slim Silicone Case Skin 2019 (White)",Alvhntr,Cases,Cases,1,ACCESSORY,NOT_APPLICABLE,标题明确为保护壳/收纳配件，不是可独立使用的完整耳机；细分类目 Cases 与此一致；判为 ACCESSORY。
B0C2TGNB6R,AMBIGUOUS,0.6,NOT_APPLICABLE,2,0,1,1,1,taxonomy_device=2;title_device=1;title_accessory=1;conflict,"KZ ZSX in-Ears Monitors 5BA+1DD 6 Driver Hybrid in-Ear Headphones HiFi Earphones with Zinc Alloy Faceplate, 0.75mm 2 Pin Detachable Cable for Audiophile Musician (Without Mic,Black)",H HIFIHEAR,Earbud Headphones,Headphones & Earbuds,6,DEVICE,EARBUD_INEAR,标题主体是完整耳机，后列保护壳/线缆/支架等随附配件（套装不改变主体标签）；判为 DEVICE；形态依据：标题含耳塞/入耳/开放式耳戴设备词，且其主体线索早于头戴式描述。 原自动标签为 AMBIGUOUS，本次以商品主体语义和类目复核后更正。
B00Q2HFW3U,AMBIGUOUS,0.6,NOT_APPLICABLE,1,0,0,1,1,taxonomy_device=1;title_accessory=1;conflict,SamWay 3PACK 3.5mm 800 AUX Cable Cord for Dr Dre Headphones Monster Solo Beats Studio 1.2m,Asobilor,"Headphones, Earbuds & Accessories",,127,ACCESSORY,NOT_APPLICABLE,标题明确为线缆/转接配件，不是可独立使用的完整耳机；结合标题的兼容/替换关系判定；判为 ACCESSORY。 原自动标签为 AMBIGUOUS，本次以商品主体语义和类目复核后更正。
B00O7U586U,AMBIGUOUS,0.6,NOT_APPLICABLE,1,0,0,1,1,taxonomy_device=1;title_accessory=1;conflict,12pcs (CL-BL)- S/M/L Replacement Set Earbuds Eartips Compatible with Jaybird Bluebuds X in Ear Earphones/Headphones,NICKSTON,"Headphones, Earbuds & Accessories",,12,ACCESSORY,NOT_APPLICABLE,标题明确为替换耳塞套，不是可独立使用的完整耳机；结合标题的兼容/替换关系判定；判为 ACCESSORY。 原自动标签为 AMBIGUOUS，本次以商品主体语义和类目复核后更正。
B0B2L8GG83,AMBIGUOUS,0.6,NOT_APPLICABLE,2,0,2,2,1,taxonomy_device=2;title_device=2;title_accessory=2;conflict,"Naxa Electronics NG-1500 Gaming True Wireless Bluetooth Earbuds with Charging Case for Up to 2 Hours Play Time, Touchable Controls, Includes USB Type C Charge Cable, Black",Naxa Electronics,Earbud Headphones,Headphones & Earbuds,3,DEVICE,EARBUD_INEAR,标题主体是完整耳机，后列保护壳/线缆/支架等随附配件（套装不改变主体标签）；判为 DEVICE；形态依据：标题含耳塞/入耳/开放式耳戴设备词，且其主体线索早于头戴式描述。 原自动标签为 AMBIGUOUS，本次以商品主体语义和类目复核后更正。
B07YXQ78MK,AMBIGUOUS,0.6,NOT_APPLICABLE,2,0,1,1,1,taxonomy_device=2;title_device=1;title_accessory=1;conflict,"Wireless Earbuds Bluetooth 5.0 Headset with Wireless Charging Case, LFS Mini Sweatproof Sport Denoise in-Ear Headsets Built-in Mic 15+ Hours Playtime, One-Step Pairing with Button-Control Operation",LFS,Earbud Headphones,Headphones & Earbuds,8,DEVICE,EARBUD_INEAR,标题主体是完整耳机，后列保护壳/线缆/支架等随附配件（套装不改变主体标签）；判为 DEVICE；形态依据：标题含耳塞/入耳/开放式耳戴设备词，且其主体线索早于头戴式描述。 原自动标签为 AMBIGUOUS，本次以商品主体语义和类目复核后更正。
B00ZLTBXSS,DEVICE,0.98,EARBUD_INEAR,2,0,0,0,0,taxonomy_device=2,Samsung Eo-Eg920Bw White Headset/Handsfree/Headphone/Earphone with Volume Control for Galaxy Phones (Non Retail Packaging - Bulk Packaging),SAMSUNG,Earbud Headphones,Headphones & Earbuds,15696,DEVICE,EARBUD_INEAR,标题描述可独立使用的完整耳机/耳塞设备，细分类目为 Earbud Headphones；判为 DEVICE；形态依据：标题含耳塞/耳机式耳戴设备词，未出现相冲突的头戴形态描述。
B002ACP29A,AMBIGUOUS,0.5,NOT_APPLICABLE,0,0,0,0,0,insufficient_evidence,Jensen Deluxe Bluetooth Hands Free Kit with A2DP Music Transfer,Jensen,Headphones & Earbuds,Headphones & Earbuds,10,DEVICE,NEEDS_REVIEW,needs_review: 型号或套装语义可确认包含完整耳机/耳机系统，但佩戴结构在现有标题中不够清楚；判为 DEVICE / NEEDS_REVIEW。 原自动标签为 AMBIGUOUS，本次复核后更正。
B0C2TXG41Y,AMBIGUOUS,0.5,NOT_APPLICABLE,2,0,1,2,1,taxonomy_device=2;title_device=1;title_accessory=2;conflict,"PALOVUE Wireless Earbuds in-Ear Earphones with Bluetooth 5.3 Built-in Mic Headphones Deep Bass Stereo with Lightweight Compact Charging Case for Sport/Work Compatible with iPhone Android, White…",PALOVUE,Earbud Headphones,Headphones & Earbuds,15,DEVICE,EARBUD_INEAR,标题主体是完整耳机，后列保护壳/线缆/支架等随附配件（套装不改变主体标签）；判为 DEVICE；形态依据：标题含耳塞/入耳/开放式耳戴设备词，且其主体线索早于头戴式描述。 原自动标签为 AMBIGUOUS，本次以商品主体语义和类目复核后更正。
B01MSZO0TJ,DEVICE,0.98,EARBUD_INEAR,2,0,0,0,0,taxonomy_device=2,Panasonic Canal type earphone High resolution sound source compatible RP-HDE3M-K （Black)(Japan Domestic genuine products),Panasonic,Earbud Headphones,Headphones & Earbuds,15,DEVICE,EARBUD_INEAR,标题描述可独立使用的完整耳机/耳塞设备，细分类目为 Earbud Headphones；判为 DEVICE；形态依据：标题含耳塞/耳机式耳戴设备词，未出现相冲突的头戴形态描述。
B07331RJXV,ACCESSORY,0.995,NOT_APPLICABLE,0,2,0,3,0,taxonomy_accessory=2;title_accessory=3,"Wireless Headphones Charging Case for Bluetooth Earphones Htronics Round Shaped , Lightweight Universal Carrying Bag Power External Battery Charger for Fit PowerBeats Bose JBL (Black）",Htronics,Cases,Cases,9,ACCESSORY,NOT_APPLICABLE,标题明确为保护壳/收纳配件，不是可独立使用的完整耳机；细分类目 Cases 与此一致；判为 ACCESSORY。
B00XP5JETU,AMBIGUOUS,0.6,NOT_APPLICABLE,2,0,0,1,1,taxonomy_device=2;title_accessory=1;conflict,uxcell Stainless Steel 304 KF25 Flange to 10mm Hose Barb Adapter for Vacuum,ACSUN,Earbud Headphones,Headphones & Earbuds,10,ACCESSORY,NOT_APPLICABLE,标题明确为线缆/转接配件，不是可独立使用的完整耳机；结合标题的兼容/替换关系判定；判为 ACCESSORY。 原自动标签为 AMBIGUOUS，本次以商品主体语义和类目复核后更正。
B09H23TPRY,ACCESSORY,0.995,NOT_APPLICABLE,0,2,0,1,0,taxonomy_accessory=2;title_accessory=1,"Syncwire Headphone Splitter, Nylon-Braided 3.5mm Extension Cable Audio Stereo Y Splitter (Hi-Fi Sound), 3.5mm Male to 2 Ports 3.5mm Female Headset Splitter for Apple, Samsung & More - Silver",Syncwire,Adapters,Adapters,28619,ACCESSORY,NOT_APPLICABLE,标题明确为线缆/转接配件，不是可独立使用的完整耳机；细分类目 Adapters 与此一致；判为 ACCESSORY。
B00CETJINU,AMBIGUOUS,0.5,NOT_APPLICABLE,0,0,0,0,0,insufficient_evidence,Kikkerland US041 Robot Key Earbuds,Kikkerland,Headphones & Earbuds,Headphones & Earbuds,7,DEVICE,EARBUD_INEAR,标题描述可独立使用的完整耳机/耳塞设备，并含连接、声学或供电功能信息；判为 DEVICE；形态依据：标题含耳塞/入耳/开放式耳戴设备词，且其主体线索早于头戴式描述。 原自动标签为 AMBIGUOUS，本次以商品主体语义和类目复核后更正。
B07FKKQYZR,ACCESSORY,0.995,NOT_APPLICABLE,0,2,1,1,1,taxonomy_accessory=2;title_device=1;title_accessory=1;conflict,QC35 Replacement Pads Parts QC35 ii Earpads Ear Cushion Accessories Compatible with QuietComfort 35 II QuietComfort 35 (Series I) Wireless Gaming Headset.(Black),SINDERY,Earpads,Earpads,155,ACCESSORY,NOT_APPLICABLE,标题明确为替换耳垫/耳罩，不是可独立使用的完整耳机；细分类目 Earpads 与此一致；判为 ACCESSORY。
B00DETGQIE,AMBIGUOUS,0.6,NOT_APPLICABLE,2,0,0,1,1,taxonomy_device=2;title_accessory=1;conflict,12 S/M/L Black Replacement Eartips Compatible with Monster Beats Dr.Dre Tour Powerbeats urBeats 2 Heartbeats 2 DiddyBeats Turbine Pro Gratitude DNA Diesel VEKTR iSport Victory Immersion Inspiration,NICKSTON,Earbud Headphones,Headphones & Earbuds,7,ACCESSORY,NOT_APPLICABLE,标题明确为替换耳塞套，不是可独立使用的完整耳机；结合标题的兼容/替换关系判定；判为 ACCESSORY。 原自动标签为 AMBIGUOUS，本次以商品主体语义和类目复核后更正。
B0BR7Q3X4J,ACCESSORY,0.94,NOT_APPLICABLE,2,0,0,2,1,taxonomy_device=2;title_accessory=2;conflict,VIDONN Open Ear Headphones Wireless Bluetooth 5.2 OpenBuds T2 Sport Open Earbuds Non Bone Conduction with Earhook and Charging Case for Sports Running Headphones Exercise Around Ea (Black),VIDONN,Earbud Headphones,Headphones & Earbuds,11,DEVICE,EARBUD_INEAR,标题主体是完整耳机，后列保护壳/线缆/支架等随附配件（套装不改变主体标签）；判为 DEVICE；形态依据：标题含耳塞/入耳/开放式耳戴设备词，且其主体线索早于头戴式描述。 原自动标签为 ACCESSORY，本次以商品主体语义和类目复核后更正。
B00BY5GY2S,AMBIGUOUS,0.5,NOT_APPLICABLE,0,0,0,0,0,insufficient_evidence,"Jabra TAG Wireless Bluetooth Stereo Headset, Black (Discontinued by Manufacturer)",Jabra,Headphones & Earbuds,Headphones & Earbuds,125,DEVICE,EARBUD_INEAR,标题描述可独立使用的完整耳机/耳塞设备，并含连接、声学或供电功能信息；判为 DEVICE；形态依据：标题语义为手机用单耳/免提蓝牙耳机或有线耳麦。 原自动标签为 AMBIGUOUS，本次以商品主体语义和类目复核后更正。
B009XHW5O0,DEVICE,0.995,OVER_EAR,2,0,2,0,0,taxonomy_device=2;title_device=2,Able Planet NC180PKM MUSICIANS CHOICE NEON Around the Ear Active Noise Canceling Headphones with Award-Winning LINX AUDIO,BBHCDB,Over-Ear Headphones,Headphones & Earbuds,1,DEVICE,OVER_EAR,标题描述可独立使用的完整耳机/耳塞设备，细分类目为 Over-Ear Headphones；判为 DEVICE；形态依据：细分类目为 Over-Ear Headphones。
B071WC62WV,DEVICE,0.995,EARBUD_INEAR,2,0,1,0,0,taxonomy_device=2;title_device=1,"New Fashion Women Girl Rhinestone Jewelry Design Pearl Necklace Earphones,Super Bass HIFI Wired Earbuds Headphones with Mic Stereo Sound Music Earpiece for IOS and Android Smartphone (multicolor)",Ailsa Anne,Earbud Headphones,Headphones & Earbuds,50,DEVICE,EARBUD_INEAR,标题描述可独立使用的完整耳机/耳塞设备，细分类目为 Earbud Headphones；判为 DEVICE；形态依据：标题含耳塞/入耳/开放式耳戴设备词，且其主体线索早于头戴式描述。
B01N350QU0,AMBIGUOUS,0.5,NOT_APPLICABLE,0,0,0,0,0,insufficient_evidence,aes Peace (Standard) Flag 3x5ft Poly,Barbato,Headphones & Earbuds,Headphones & Earbuds,1,AMBIGUOUS,NOT_APPLICABLE,needs_review: 标题“aes Peace (Standard) Flag 3x5ft Poly”未描述完整耳机或明确耳机配件，且与类目“Headphones & Earbuds”不一致/信息残缺；保留 AMBIGUOUS，不强行归类。
B089CKQFTR,AMBIGUOUS,0.6,NOT_APPLICABLE,2,0,1,1,1,taxonomy_device=2;title_device=1;title_accessory=1;conflict,"Wireless Earbuds, Bluetooth 5.0 Headphones in-Ear, IPX7 Waterproof Sport Running Earphones with Charging Case, Bass Stereo/40H Playing Time,Built-in Mic Single/Twin Mode for iPhone/Android",aiwons,Earbud Headphones,Headphones & Earbuds,61,DEVICE,EARBUD_INEAR,标题主体是完整耳机，后列保护壳/线缆/支架等随附配件（套装不改变主体标签）；判为 DEVICE；形态依据：标题含耳塞/入耳/开放式耳戴设备词，且其主体线索早于头戴式描述。 原自动标签为 AMBIGUOUS，本次以商品主体语义和类目复核后更正。
B07L652RX9,ACCESSORY,0.995,NOT_APPLICABLE,0,2,0,2,0,taxonomy_accessory=2;title_accessory=2,"Earbud Case, Coffea Earphone Storage Bag Silicone Airpods Accessories Storage Case Portable Cord Organizer Universal Carrying Punch Case for Cables Flash Drive and More (Black)",COFFEA,Cases,Cases,267,ACCESSORY,NOT_APPLICABLE,标题明确为保护壳/收纳配件，不是可独立使用的完整耳机；细分类目 Cases 与此一致；判为 ACCESSORY。
B07JZT6YMB,ACCESSORY,0.995,NOT_APPLICABLE,0,2,0,1,0,taxonomy_accessory=2;title_accessory=1,EarBuddyz 2.0 Ear Hooks and Covers Accessories Compatible with Apple AirPods 1 & 2 or EarPods Headphones/Earphones/ Earbuds (3 Pairs) (Pretty in Pink),Keybudz,Earpads,Earpads,16830,ACCESSORY,NOT_APPLICABLE,标题明确为替换耳垫/耳罩，不是可独立使用的完整耳机；细分类目 Earpads 与此一致；判为 ACCESSORY。
B00C5K7T34,AMBIGUOUS,0.5,NOT_APPLICABLE,0,0,0,0,0,insufficient_evidence,"Graphics and More POW MIA Military Veteran Home Button Stickers Fits Apple iPhone 4/4S/5/5C/5S, iPad, iPod Touch - Non-Retail Packaging - Clear",GRAPHICS & MORE,Headphones & Earbuds,Headphones & Earbuds,1,AMBIGUOUS,NOT_APPLICABLE,"needs_review: 标题“Graphics and More POW MIA Military Veteran Home Button Stickers Fits Apple iPhone 4/4S/5/5C/5S, iPad, iPod Touch - Non-Retail Packaging - Clear”未描述完整耳机或明确耳机配件，且与类目“Headphones & Earbuds”不一致/信息残缺；保留 AMBIGUOUS，不强行归类。"
B08F7773WT,DEVICE,0.98,OVER_EAR,2,0,0,0,0,taxonomy_device=2,"gorsun Wireless Bluetooth 5.0 Headphones, Stereo On-Ear Headset Foldable Lightweight with Soft Memory-Protein Earmuffs for Phones,Built-in Microphone, Wired Mode/Wireless Mode (Black Silver)",gorsun,Over-Ear Headphones,Headphones & Earbuds,5,DEVICE,ON_EAR,标题主体是完整耳机，后列保护壳/线缆/支架等随附配件（套装不改变主体标签）；判为 DEVICE；形态依据：标题明确为 on-ear/supra-aural，或该形态是最先出现的主体描述。
B01MS28QJ1,DEVICE,0.98,EARBUD_INEAR,2,0,0,0,0,taxonomy_device=2,MEE Audio M6 PRO Noise-Isolating Limited Edition Blue in-Ear Monitors w/Detachable Cables,MEE audio,Earbud Headphones,Headphones & Earbuds,115,DEVICE,EARBUD_INEAR,标题/型号表明是入耳耳塞、手机单耳蓝牙耳机、运动耳机或随身耳塞系统；判为 DEVICE / EARBUD_INEAR。
B016YTNVGK,DEVICE,0.995,EARBUD_INEAR,2,0,1,0,0,taxonomy_device=2;title_device=1,Motorola in Ear Headphones Earbuds in 3.5mm Jack Universal Headset - Original Retail Packing,Motorola,Earbud Headphones,Headphones & Earbuds,8,DEVICE,EARBUD_INEAR,标题描述可独立使用的完整耳机/耳塞设备，细分类目为 Earbud Headphones；判为 DEVICE；形态依据：标题含耳塞/入耳/开放式耳戴设备词，且其主体线索早于头戴式描述。
B0BX5288JQ,DEVICE,0.955,EARBUD_INEAR,2,0,2,1,1,taxonomy_device=2;title_device=2;title_accessory=1;conflict,"Monster DNA Fit Wireless Bluetooth Earbuds - Noise Cancelling Earbuds with Wireless Charging Case & Built-in Microphone, Water Resistant Bluetooth Headphones & Ear Buds",Monster,Earbud Headphones,Headphones & Earbuds,124,DEVICE,EARBUD_INEAR,标题主体是完整耳机，后列保护壳/线缆/支架等随附配件（套装不改变主体标签）；判为 DEVICE；形态依据：标题含耳塞/入耳/开放式耳戴设备词，且其主体线索早于头戴式描述。
B07BXWZ184,AMBIGUOUS,0.5,NOT_APPLICABLE,0,0,0,0,0,insufficient_evidence,"Retro POP Handset for iPhone, iPad, iPod, and Android Phones - Soft Touch (Blue)",SANOXY,Headphones & Earbuds,Headphones & Earbuds,206,ACCESSORY,NOT_APPLICABLE,标题主体是替换件、线缆/收纳件、蓝牙接收件、头盔扬声器套件或手机外接听筒，并非完整耳机；判为 ACCESSORY。 原自动标签为 AMBIGUOUS，本次复核后更正。
B097MRW46F,DEVICE,0.995,EARBUD_INEAR,2,0,1,0,0,taxonomy_device=2;title_device=1,"Soundcore by Anker Life P3 Noise Cancelling Earbuds, Ultra Long 50H Playtime, Fast Charging, Big Bass, Multi-Mode Noise Cancelling, AI-Enhanced Calls, Wireless Charging, App Control, Bluetooth 5.2",Soundcore,Earbud Headphones,Headphones & Earbuds,23931,DEVICE,EARBUD_INEAR,标题描述可独立使用的完整耳机/耳塞设备，细分类目为 Earbud Headphones；判为 DEVICE；形态依据：标题含耳塞/入耳/开放式耳戴设备词，且其主体线索早于头戴式描述。
B09MMPVM36,ACCESSORY,0.995,NOT_APPLICABLE,0,2,0,1,0,taxonomy_accessory=2;title_accessory=1,"MOBOSI Compatible with AirPods Pro Case, Secure Lock Clip Full Body Shockproof Hard Shell Protective, Carbon Fiber Case Cover with Keychain for AirPod Pro (2019), Black",MOBOSI,Cases,Cases,11782,ACCESSORY,NOT_APPLICABLE,标题明确为保护壳/收纳配件，不是可独立使用的完整耳机；细分类目 Cases 与此一致；判为 ACCESSORY。
B01H41G3CG,DEVICE,0.995,EARBUD_INEAR,2,0,1,0,0,taxonomy_device=2;title_device=1,"Jabra Halo Smart Wireless Bluetooth Headset, Black/Silver",Jabra,Earbud Headphones,Headphones & Earbuds,93,DEVICE,EARBUD_INEAR,标题描述可独立使用的完整耳机/耳塞设备，细分类目为 Earbud Headphones；判为 DEVICE；形态依据：细分类目为 Earbud Headphones。
B07LC189X3,AMBIGUOUS,0.6,NOT_APPLICABLE,2,0,0,1,1,taxonomy_device=2;title_accessory=1;conflict,"beyerdynamic DT 770-PRO Studio Headphones 80 Ohms Closed Dynamic (474746) with Full Size Headphone Case, Headphone Stand & Microfiber Cleaning Cloth",beyerdynamic,Over-Ear Headphones,Headphones & Earbuds,48,DEVICE,OVER_EAR,标题主体是完整耳机，后列保护壳/线缆/支架等随附配件（套装不改变主体标签）；判为 DEVICE；形态依据：标题明确为 over-ear/around-ear/full-size，且该形态是最先出现的主体描述。 原自动标签为 AMBIGUOUS，本次以商品主体语义和类目复核后更正。
B0015CO3XW,AMBIGUOUS,0.5,NOT_APPLICABLE,0,0,0,0,0,insufficient_evidence,MAX190402 - Maxell Lightweight Compact Folding Headphones,Maxell,Headphones & Earbuds,Headphones & Earbuds,1,DEVICE,ON_EAR,标题中的便携/折叠/儿童/头带式线索或核验到的厂商规格表明耳垫压在耳廓上；判为 DEVICE / ON_EAR。 原自动标签为 AMBIGUOUS，本次复核后更正。
B000XHDA8Y,AMBIGUOUS,0.6,NOT_APPLICABLE,0,0,1,0,0,title_device=1,Plantronics UPCALISTO Bluetooth Headset (Discontinued by Manufacturer),Plantronics,Headphones & Earbuds,Headphones & Earbuds,156,DEVICE,EARBUD_INEAR,标题描述可独立使用的完整耳机/耳塞设备，并含连接、声学或供电功能信息；判为 DEVICE；形态依据：标题语义为手机用单耳/免提蓝牙耳机或有线耳麦。 原自动标签为 AMBIGUOUS，本次以商品主体语义和类目复核后更正。
B085QH8S3H,ACCESSORY,0.98,NOT_APPLICABLE,0,2,0,0,0,taxonomy_accessory=2,"[Apple MFi Certified] Headphone Adapter & Splitter for iPhone, 2 in 1 Lightning to 3.5mm Earphone Audio & Charger Compatible for iPhone 11/11 Pro/X/XR/XS/8, iPad, Support Calling + Sync +Music Control",Veetone,Adapters,Adapters,1057,ACCESSORY,NOT_APPLICABLE,标题明确为线缆/转接配件，不是可独立使用的完整耳机；细分类目 Adapters 与此一致；判为 ACCESSORY。
B09LR28DMJ,ACCESSORY,0.995,NOT_APPLICABLE,0,2,0,2,0,taxonomy_accessory=2;title_accessory=2,"Inesore AirPods 3rd Generation Case Cover 2021 New, [Secure Lock] Hard Shell Full-Body TPU Armor Military Protective Case for AirPods 3 Case Cover Accessories with Keychain Carabiner for Men, Black",Inesore,Cases,Cases,14,ACCESSORY,NOT_APPLICABLE,标题明确为保护壳/收纳配件，不是可独立使用的完整耳机；细分类目 Cases 与此一致；判为 ACCESSORY。
B00A78LMXE,DEVICE,0.98,EARBUD_INEAR,2,0,0,0,0,taxonomy_device=2,"JVC HAFX1X Headphone Xtreme-Xplosivs, Black, Red",JVC,Earbud Headphones,Headphones & Earbuds,11915,DEVICE,EARBUD_INEAR,标题描述可独立使用的完整耳机/耳塞设备，细分类目为 Earbud Headphones；判为 DEVICE；形态依据：细分类目为 Earbud Headphones。
B01590EAL0,AMBIGUOUS,0.6,NOT_APPLICABLE,1,0,0,0,0,taxonomy_device=1,"TOOKS NextGen POLARCAP Fleece Headphone Beanie with Built-in Removable Headphones | New Inline Remote with Microphone, Volume Adjust and Music/Call Control | Color: Black",TOOKS,"Headphones, Earbuds & Accessories",,2,DEVICE,ON_EAR,标题主体是完整耳机，后列保护壳/线缆/支架等随附配件（套装不改变主体标签）；判为 DEVICE；形态依据：标题为睡眠眼罩/头带/帽式扬声器，扬声单元贴耳佩戴。 原自动标签为 AMBIGUOUS，本次以商品主体语义和类目复核后更正。
B098P7ZRPJ,DEVICE,0.955,EARBUD_INEAR,2,0,2,1,1,taxonomy_device=2;title_device=2;title_accessory=1;conflict,"A SLICE RED Wireless Earbuds with Charging Case Built-in Microphone Stereo Sound in-Ear Bluetooth Headphones Premium Deep Bass Headset, Black",A SLICE RED,Earbud Headphones,Headphones & Earbuds,65,DEVICE,EARBUD_INEAR,标题主体是完整耳机，后列保护壳/线缆/支架等随附配件（套装不改变主体标签）；判为 DEVICE；形态依据：标题含耳塞/入耳/开放式耳戴设备词，且其主体线索早于头戴式描述。
B08R8VZK9R,ACCESSORY,0.995,NOT_APPLICABLE,0,2,0,1,0,taxonomy_accessory=2;title_accessory=1,"AirPods Case,Doboli Silicone Airpod Case Cover Compatible with Airpods 2 &1 (Front LED Visible) Pink",Doboli,Cases,Cases,68349,ACCESSORY,NOT_APPLICABLE,标题明确为保护壳/收纳配件，不是可独立使用的完整耳机；细分类目 Cases 与此一致；判为 ACCESSORY。
B005MWVOJ2,AMBIGUOUS,0.6,NOT_APPLICABLE,1,0,0,0,0,taxonomy_device=1,Chubleez Noodle Buddy Dog,Rosewood Pet,"Headphones, Earbuds & Accessories",,57,AMBIGUOUS,NOT_APPLICABLE,"needs_review: 标题“Chubleez Noodle Buddy Dog”未描述完整耳机或明确耳机配件，且与类目“Headphones, Earbuds & Accessories”不一致/信息残缺；保留 AMBIGUOUS，不强行归类。"
B004SQ3AL8,DEVICE,0.955,EARBUD_INEAR,2,0,2,1,1,taxonomy_device=2;title_device=2;title_accessory=1;conflict,"Wireless Earbuds, iFuntec Bluetooth Headphones Stereo Wireless Earphones with Mic Mini in-Ear Earphones Earpiece Anti-Sweat Sports Earburds with Charging Case Portable for Android Smartphones, Black",Kyocera,Earbud Headphones,Headphones & Earbuds,2,DEVICE,EARBUD_INEAR,标题主体是完整耳机，后列保护壳/线缆/支架等随附配件（套装不改变主体标签）；判为 DEVICE；形态依据：标题含耳塞/入耳/开放式耳戴设备词，且其主体线索早于头戴式描述。
B073X3H66B,DEVICE,0.98,EARBUD_INEAR,2,0,0,0,0,taxonomy_device=2,"SAMSUNG Earphones Corded Tuned by AKG (Galaxy S8 and S8+ Inbox replacement), Grey",SAMSUNG,Earbud Headphones,Headphones & Earbuds,11623,DEVICE,EARBUD_INEAR,标题描述可独立使用的完整耳机/耳塞设备，细分类目为 Earbud Headphones；判为 DEVICE；形态依据：标题含耳塞/耳机式耳戴设备词，未出现相冲突的头戴形态描述。
B09KVFZXVP,AMBIGUOUS,0.5,NOT_APPLICABLE,0,2,2,0,1,taxonomy_accessory=2;title_device=2;conflict,"Case Cover Replacement for TOZO NC2 Hybrid Active Noise Cancelling Wireless Earbuds, Black Silicone Protective Skin Sleeve - LEFXMOPHY",LEFXMOPHY,Cases,Cases,388,ACCESSORY,NOT_APPLICABLE,标题明确为保护壳/收纳配件，不是可独立使用的完整耳机；细分类目 Cases 与此一致；判为 ACCESSORY。 原自动标签为 AMBIGUOUS，本次以商品主体语义和类目复核后更正。
B07QJ6CZ4C,AMBIGUOUS,0.5,NOT_APPLICABLE,0,0,0,0,0,insufficient_evidence,"Bow Tie Dog Collar - Cute Plaid Sturdy Soft Cotton&Leather Dog Collars for Small Medium Large Dogs Breed Puppies Adjustable 18 Colors and 3 Sizes (Gray Plaid, M 13""-18"")",MOZJONXLLY,Headphones & Earbuds,Headphones & Earbuds,1,AMBIGUOUS,NOT_APPLICABLE,needs_review: 标题“Bow Tie Dog Collar - Cute Plaid Sturdy Soft Cotton&Leather Dog Collars for Small Medium Large Dogs Breed Puppies Adjustable 18 Colors and 3 Sizes (Gra”未描述完整耳机或明确耳机配件，且与类目“Headphones & Earbuds”不一致/信息残缺；保留 AMBIGUOUS，不强行归类。
B0C8BHW3D3,AMBIGUOUS,0.6,NOT_APPLICABLE,1,0,0,0,0,taxonomy_device=1,"Guudsoud Bone Conduction Earphones Wireless, sweatproof and Waterproof Earphones Suitable for Running, Cycling",Guudsoud,Open-Ear Headphones,Headphones & Earbuds,13,DEVICE,EARBUD_INEAR,标题描述可独立使用的完整耳机/耳塞设备，细分类目为 Open-Ear Headphones；判为 DEVICE；形态依据：标题含耳塞/入耳/开放式耳戴设备词，且其主体线索早于头戴式描述。 原自动标签为 AMBIGUOUS，本次以商品主体语义和类目复核后更正。
B09P5MDGHK,ACCESSORY,0.995,NOT_APPLICABLE,0,2,0,1,0,taxonomy_accessory=2;title_accessory=1,"Geekria Comfort Headphones Headband Pressure Relief Pads, Mesh Fabric Headband Cushion Pad for Tight On-Ear/Over-Ear Headsets, Headband Nuggets Damage Free Easy DIY Installation (4 Pack)",GEEKRIA,Earpads,Earpads,5,ACCESSORY,NOT_APPLICABLE,标题主体是替换件、线缆/收纳件、蓝牙接收件、头盔扬声器套件或手机外接听筒，并非完整耳机；判为 ACCESSORY。
B01MTEGYY1,DEVICE,0.98,EARBUD_INEAR,2,0,0,0,0,taxonomy_device=2,Earphones Colorful Durable Earbuds with Volume Control Wrapped Handmade Cute for iphone Apple Youth Design Red Blue by OrangePenguin (with Microphone),OrangePenguin,Earbud Headphones,Headphones & Earbuds,3,DEVICE,EARBUD_INEAR,标题主体是完整耳机，后列保护壳/线缆/支架等随附配件（套装不改变主体标签）；判为 DEVICE；形态依据：标题含耳塞/入耳/开放式耳戴设备词，且其主体线索早于头戴式描述。
B01M8PX8O0,ACCESSORY,0.995,NOT_APPLICABLE,0,2,1,1,1,taxonomy_accessory=2;title_device=1;title_accessory=1;conflict,"Carrying Headset Headphones Hard Bag Box Cover Case Compatible with Beats Solo3 Beats EP Bose 35 Beats Studio3 Wireless On-Ear Headphone -Extra Space for Phone ,Power Band & Cables (Golden)",Esimen,Cases,Cases,42,ACCESSORY,NOT_APPLICABLE,标题明确为保护壳/收纳配件，不是可独立使用的完整耳机；细分类目 Cases 与此一致；判为 ACCESSORY。
B0029VFB6Q,AMBIGUOUS,0.6,NOT_APPLICABLE,0,0,1,0,0,title_device=1,Aliph Jawbone 2 II Black Bluetooth Headset with NoiseAssassin,Jawbone,Headphones & Earbuds,Headphones & Earbuds,6,DEVICE,EARBUD_INEAR,标题描述可独立使用的完整耳机/耳塞设备，并含连接、声学或供电功能信息；判为 DEVICE；形态依据：标题语义为手机用单耳/免提蓝牙耳机或有线耳麦。 原自动标签为 AMBIGUOUS，本次以商品主体语义和类目复核后更正。
B07718V6S8,ACCESSORY,0.995,NOT_APPLICABLE,0,2,0,2,0,taxonomy_accessory=2;title_accessory=2,AhaStyle AirPods Case Cover Plus Hand Strap Silicone Protective Case Cover Accessories Compatible with Apple AirPods 2 & 1 for Man Wonen Girls(Black),AHASTYLE,Cases,Cases,46024,ACCESSORY,NOT_APPLICABLE,标题明确为保护壳/收纳配件，不是可独立使用的完整耳机；细分类目 Cases 与此一致；判为 ACCESSORY。
B004I557KQ,AMBIGUOUS,0.6,NOT_APPLICABLE,1,0,0,1,1,taxonomy_device=1;title_accessory=1;conflict,AUX AUXILIARY AUDIO CABLE CORD for MP3 iPhone 4 4G IOS4 [Electronics],Tiesto,"Headphones, Earbuds & Accessories",,5,ACCESSORY,NOT_APPLICABLE,标题明确为线缆/转接配件，不是可独立使用的完整耳机；结合标题的兼容/替换关系判定；判为 ACCESSORY。 原自动标签为 AMBIGUOUS，本次以商品主体语义和类目复核后更正。
B008Q3ZRAG,AMBIGUOUS,0.5,NOT_APPLICABLE,0,0,0,0,0,insufficient_evidence,Aluratek AIS02F Universal Bluetooth Sport Clip - Retail Packaging - Black,Aluratek,Headphones & Earbuds,Headphones & Earbuds,15,ACCESSORY,NOT_APPLICABLE,标题主体是替换件、线缆/收纳件、蓝牙接收件、头盔扬声器套件或手机外接听筒，并非完整耳机；判为 ACCESSORY。 原自动标签为 AMBIGUOUS，本次复核后更正。
B0010R6MFY,AMBIGUOUS,0.5,NOT_APPLICABLE,0,0,0,0,0,insufficient_evidence,"Jason Jojoba Oil, 100% Organic-1, oz.",Jason,Headphones & Earbuds,Headphones & Earbuds,1,AMBIGUOUS,NOT_APPLICABLE,"needs_review: 标题“Jason Jojoba Oil, 100% Organic-1, oz.”未描述完整耳机或明确耳机配件，且与类目“Headphones & Earbuds”不一致/信息残缺；保留 AMBIGUOUS，不强行归类。"
B07Z5PW12R,DEVICE,0.98,OVER_EAR,2,0,0,0,0,taxonomy_device=2,FiiO FA7 Quad Balanced Armature Driver Over The Ear Earphones Hi-Res High Fidelity with Detachable Cable Design for Smartphones/PC Tablet(Smoke),FiiO,Over-Ear Headphones,Headphones & Earbuds,15,DEVICE,EARBUD_INEAR,标题/型号表明是入耳耳塞、手机单耳蓝牙耳机、运动耳机或随身耳塞系统；判为 DEVICE / EARBUD_INEAR。 核验来源：https://www.fiio.com/fa7
B085T66DGL,ACCESSORY,0.98,NOT_APPLICABLE,0,2,0,0,0,taxonomy_accessory=2,"Mulafnxal for Airpods 1&2 Case, Cute 3D Funny Cartoon Soft Silicone Protective Airpod Cover, Fun Food Biscuit Design Shockproof Skin, Fashion Cases for Girls Kids Teens Boys Air pods (Green Cookies)",Mulafnxal,Cases,Cases,182,ACCESSORY,NOT_APPLICABLE,标题主体是替换件、线缆/收纳件、蓝牙接收件、头盔扬声器套件或手机外接听筒，并非完整耳机；判为 ACCESSORY。
B0058K2F9Q,DEVICE,0.98,EARBUD_INEAR,2,0,0,0,0,taxonomy_device=2,NP Napoleon Perdis Set Manchester Eyelashes,NUATE,Earbud Headphones,Headphones & Earbuds,1,AMBIGUOUS,NOT_APPLICABLE,needs_review: 标题“NP Napoleon Perdis Set Manchester Eyelashes”未描述完整耳机或明确耳机配件，且与类目“Earbud Headphones”不一致/信息残缺；保留 AMBIGUOUS，不强行归类。 原自动标签为 DEVICE，本次以商品主体语义和类目复核后更正。
B007003IO8,AMBIGUOUS,0.5,NOT_APPLICABLE,0,0,0,0,0,insufficient_evidence,Aftershokz AS300 Wraparound Sport Headphones with Bone Conduction Technology - Dark Gray (Discontinued by Manufacturer),Aftershokz,Headphones & Earbuds,Headphones & Earbuds,187,DEVICE,EARBUD_INEAR,标题描述可独立使用的完整耳机/耳塞设备，并含连接、声学或供电功能信息；判为 DEVICE；形态依据：标题含耳塞/入耳/开放式耳戴设备词，且其主体线索早于头戴式描述。 原自动标签为 AMBIGUOUS，本次以商品主体语义和类目复核后更正。
B00WXEH70M,AMBIGUOUS,0.6,NOT_APPLICABLE,1,0,0,0,0,taxonomy_device=1,"VOJO RABBIT, Apple Earpods Cover Sport Skin with Silicone Earbuds Sleeves [Grey & Clear](2 Pairs) Sweat & Water Proof Ear Phones Hook Grips Earphones Earbuds for Apple iPhone 6 6s plus 5s 5 se 5c Cool",VOJO,"Headphones, Earbuds & Accessories",,23,DEVICE,EARBUD_INEAR,标题描述可独立使用的完整耳机/耳塞设备，并含连接、声学或供电功能信息；判为 DEVICE；形态依据：标题含耳塞/入耳/开放式耳戴设备词，且其主体线索早于头戴式描述。 原自动标签为 AMBIGUOUS，本次以商品主体语义和类目复核后更正。
B07N645XHW,AMBIGUOUS,0.6,NOT_APPLICABLE,2,0,0,1,1,taxonomy_device=2;title_accessory=1;conflict,RevoNext in Ear Monitor Colourful RX8S IEM Earphones Dynamic Triple Driver with a Silicone Storage Case Sport Earphones Running Earbuds,RevoNext,Earbud Headphones,Headphones & Earbuds,43,DEVICE,EARBUD_INEAR,标题主体是完整耳机，后列保护壳/线缆/支架等随附配件（套装不改变主体标签）；判为 DEVICE；形态依据：标题含耳塞/入耳/开放式耳戴设备词，且其主体线索早于头戴式描述。 原自动标签为 AMBIGUOUS，本次以商品主体语义和类目复核后更正。
B00D9ILY5K,AMBIGUOUS,0.6,NOT_APPLICABLE,2,0,0,1,1,taxonomy_device=2;title_accessory=1;conflict,BlueAnt SP-093801-651 Large Eartips for Q3/Q2/Q1/Endure/T1 Bluetooth Headsets - Pack of 4 - Retail Packaging - Large,BlueAnt,Earbud Headphones,Headphones & Earbuds,39,ACCESSORY,NOT_APPLICABLE,标题明确为替换耳塞套，不是可独立使用的完整耳机；结合标题的兼容/替换关系判定；判为 ACCESSORY。 原自动标签为 AMBIGUOUS，本次以商品主体语义和类目复核后更正。
B09CYTF3KZ,ACCESSORY,0.995,NOT_APPLICABLE,0,2,0,2,0,taxonomy_accessory=2;title_accessory=2,Halloween Horror Movies Airpods Case 1&2 Cover with Keychain Protective Cover for Men Women Teens Adults-3,GWAIWSG,Cases,Cases,2,ACCESSORY,NOT_APPLICABLE,标题明确为保护壳/收纳配件，不是可独立使用的完整耳机；细分类目 Cases 与此一致；判为 ACCESSORY。
B07YYWM2LN,DEVICE,0.995,EARBUD_INEAR,2,0,2,0,0,taxonomy_device=2;title_device=2,Skullcandy Indy True Wireless In-Ear Earbuds - Black,Skullcandy,Earbud Headphones,Headphones & Earbuds,30576,DEVICE,EARBUD_INEAR,标题描述可独立使用的完整耳机/耳塞设备，细分类目为 Earbud Headphones；判为 DEVICE；形态依据：标题含耳塞/入耳/开放式耳戴设备词，且其主体线索早于头戴式描述。
B0BLJN53ZK,ACCESSORY,0.995,NOT_APPLICABLE,0,2,1,1,1,taxonomy_accessory=2;title_device=1;title_accessory=1;conflict,"WOFRO Anti-Lost Strap for Google Pixel Buds Pro Earbuds (2022), Sports Soft Silicone Lanyard Accessories Compatible with Google Pixel Buds Pro - Noise Canceling Earbuds Neck Rope Cord (Orange)",WOFRO,Cases,Cases,1,ACCESSORY,NOT_APPLICABLE,标题主体是替换件、线缆/收纳件、蓝牙接收件、头盔扬声器套件或手机外接听筒，并非完整耳机；判为 ACCESSORY。
B0B4JBYCH8,AMBIGUOUS,0.6,NOT_APPLICABLE,2,0,1,1,1,taxonomy_device=2;title_device=1;title_accessory=1;conflict,"Wireless Earbuds, Bluetooth Wireless Earphones- Noise Cancelling Premium Deep Bass Earpods with Waterproof Charging Case Built-in Mic for Sports Home 30 Hrs Playtime",Generic,Earbud Headphones,Headphones & Earbuds,6,DEVICE,EARBUD_INEAR,标题主体是完整耳机，后列保护壳/线缆/支架等随附配件（套装不改变主体标签）；判为 DEVICE；形态依据：标题含耳塞/入耳/开放式耳戴设备词，且其主体线索早于头戴式描述。 原自动标签为 AMBIGUOUS，本次以商品主体语义和类目复核后更正。
B09P33H79J,ACCESSORY,0.995,NOT_APPLICABLE,0,2,1,1,1,taxonomy_accessory=2;title_device=1;title_accessory=1;conflict,TaiZiChangQin Life Q30 / Q35 BT Earpads Cushion Replacement Compatible with Anker Soundcore Life Q30 / Q35 Bluetooth Headphone (Protein Leather Ear Pads + Headband Covers),TaiZiChangQin,Earpads,Earpads,33,ACCESSORY,NOT_APPLICABLE,标题明确为替换耳垫/耳罩，不是可独立使用的完整耳机；细分类目 Earpads 与此一致；判为 ACCESSORY。
B00DEF4X9M,AMBIGUOUS,0.5,NOT_APPLICABLE,0,0,0,0,0,insufficient_evidence,T-Mobile 32665 Original Tangle Free 3.5mm Premium Stereo Headset - Non-Retail Packaging - Black,T-Mobile,Headphones & Earbuds,Headphones & Earbuds,4,DEVICE,EARBUD_INEAR,标题描述可独立使用的完整耳机/耳塞设备，并含连接、声学或供电功能信息；判为 DEVICE；形态依据：标题语义为手机用单耳/免提蓝牙耳机或有线耳麦。 原自动标签为 AMBIGUOUS，本次以商品主体语义和类目复核后更正。
B002RYSDVA,AMBIGUOUS,0.6,NOT_APPLICABLE,2,0,0,1,1,taxonomy_device=2;title_accessory=1;conflict,"JOVERS Earbuds,3.5mm Microphone Earphones Stereo Headphones Noise Isolating Headset Fit Compatible with Earbud Xs/XR/XS Max/Earphones",JOVERS,Earbud Headphones,Headphones & Earbuds,2,DEVICE,EARBUD_INEAR,标题描述可独立使用的完整耳机/耳塞设备，细分类目为 Earbud Headphones；判为 DEVICE；形态依据：标题含耳塞/入耳/开放式耳戴设备词，且其主体线索早于头戴式描述。 原自动标签为 AMBIGUOUS，本次以商品主体语义和类目复核后更正。
B0033PRON0,AMBIGUOUS,0.6,NOT_APPLICABLE,2,0,0,1,1,taxonomy_device=2;title_accessory=1;conflict,Pioneer SE-CE10-XK Portable Audio Earbud Headphones with Carrying Case (Black),PIONEER,Earbud Headphones,Headphones & Earbuds,3,DEVICE,EARBUD_INEAR,标题主体是完整耳机，后列保护壳/线缆/支架等随附配件（套装不改变主体标签）；判为 DEVICE；形态依据：标题含耳塞/入耳/开放式耳戴设备词，且其主体线索早于头戴式描述。 原自动标签为 AMBIGUOUS，本次以商品主体语义和类目复核后更正。
B08CVMXPGY,DEVICE,0.955,EARBUD_INEAR,2,0,2,1,1,taxonomy_device=2;title_device=2;title_accessory=1;conflict,"OnePlus Buds - True Wireless Earbuds with Charging Case, White - Fast Charging, Long Battery Life and Deep Bass",OnePlus,Earbud Headphones,Headphones & Earbuds,10232,DEVICE,EARBUD_INEAR,标题主体是完整耳机，后列保护壳/线缆/支架等随附配件（套装不改变主体标签）；判为 DEVICE；形态依据：标题含耳塞/入耳/开放式耳戴设备词，且其主体线索早于头戴式描述。
B0BGP46WQQ,DEVICE,0.995,EARBUD_INEAR,2,0,2,0,0,taxonomy_device=2;title_device=2,"Wireless Earbud, Sport Bluetooth 5.3 Earbud with Earhook Wireless Earphones in-Ear with Immersive Sound, Bluetooth Headphones IP7 Waterproof, Dual LED Display, 48H Playtime, Noise Cancelling, Rose Red",Dascert,Earbud Headphones,Headphones & Earbuds,16450,DEVICE,EARBUD_INEAR,标题主体是完整耳机，后列保护壳/线缆/支架等随附配件（套装不改变主体标签）；判为 DEVICE；形态依据：标题含耳塞/入耳/开放式耳戴设备词，且其主体线索早于头戴式描述。
B00UXT6TTO,AMBIGUOUS,0.5,NOT_APPLICABLE,0,0,0,0,0,insufficient_evidence,SmithOutlet 100 Pack Over The Head Low Cost Headphones in Bulk,SmithOutlet,Headphones & Earbuds,Headphones & Earbuds,33,DEVICE,ON_EAR,标题中的便携/折叠/儿童/头带式线索或核验到的厂商规格表明耳垫压在耳廓上；判为 DEVICE / ON_EAR。 原自动标签为 AMBIGUOUS，本次复核后更正。
B013LKL25W,DEVICE,0.98,EARBUD_INEAR,2,0,0,0,0,taxonomy_device=2,LG Electronics Tone Active Premium Wireless Stereo Headset - Retail Packaging - Blue,LG,Earbud Headphones,Headphones & Earbuds,624,DEVICE,EARBUD_INEAR,标题描述可独立使用的完整耳机/耳塞设备，细分类目为 Earbud Headphones；判为 DEVICE；形态依据：细分类目为 Earbud Headphones。
B08K9YT25X,DEVICE,0.955,EARBUD_INEAR,2,0,2,1,1,taxonomy_device=2;title_device=2;title_accessory=1;conflict,"OnePlus Buds Z - True Wireless in-Ear Earbuds with Charging Case, White – Fast Charging, Deep Bass, Comfortable and Lightweight, IP55,Glossy White",OnePlus,Earbud Headphones,Headphones & Earbuds,3577,DEVICE,EARBUD_INEAR,标题主体是完整耳机，后列保护壳/线缆/支架等随附配件（套装不改变主体标签）；判为 DEVICE；形态依据：标题含耳塞/入耳/开放式耳戴设备词，且其主体线索早于头戴式描述。
B009TGN1KW,AMBIGUOUS,0.6,NOT_APPLICABLE,0,0,1,0,0,title_device=1,LG Electronics Tone+ HBS-730 Bluetooth Headset - Retail Packaging - Black,LG,Headphones & Earbuds,Headphones & Earbuds,58,DEVICE,EARBUD_INEAR,标题描述可独立使用的完整耳机/耳塞设备，并含连接、声学或供电功能信息；判为 DEVICE；形态依据：标题语义为手机用单耳/免提蓝牙耳机或有线耳麦。 原自动标签为 AMBIGUOUS，本次以商品主体语义和类目复核后更正。
B0156JEQ22,AMBIGUOUS,0.5,NOT_APPLICABLE,0,0,0,0,0,insufficient_evidence,Acatim Headphone with Remote & Mic,Acatim,Headphones & Earbuds,Headphones & Earbuds,8,DEVICE,NEEDS_REVIEW,needs_review: 型号或套装语义可确认包含完整耳机/耳机系统，但佩戴结构在现有标题中不够清楚；判为 DEVICE / NEEDS_REVIEW。 原自动标签为 AMBIGUOUS，本次复核后更正。
B07G759W23,AMBIGUOUS,0.6,NOT_APPLICABLE,2,0,1,1,1,taxonomy_device=2;title_device=1;title_accessory=1;conflict,"Mix Hero Wireless Earbuds, Bluetooth 5.2 Headphones with 1800mAh Charging Case",Mix Hero,Earbud Headphones,Headphones & Earbuds,244,DEVICE,EARBUD_INEAR,标题主体是完整耳机，后列保护壳/线缆/支架等随附配件（套装不改变主体标签）；判为 DEVICE；形态依据：标题含耳塞/入耳/开放式耳戴设备词，且其主体线索早于头戴式描述。 原自动标签为 AMBIGUOUS，本次以商品主体语义和类目复核后更正。
B09X159LJW,DEVICE,0.995,EARBUD_INEAR,2,0,3,0,0,taxonomy_device=2;title_device=3,"TOZO NC9 Pro 2022 Version Hybrid Active Noise Cancelling Wireless Earbuds IPX6 Waterproof Bluetooth in Ear Headphones Bluetooth 5.2 Stereo Earphones, Immersive Sound Premium Deep Bass Headset",TOZO,Earbud Headphones,Headphones & Earbuds,143,DEVICE,EARBUD_INEAR,标题描述可独立使用的完整耳机/耳塞设备，细分类目为 Earbud Headphones；判为 DEVICE；形态依据：标题含耳塞/入耳/开放式耳戴设备词，且其主体线索早于头戴式描述。
B07CV5P311,DEVICE,0.985,EARBUD_INEAR,2,0,3,1,1,taxonomy_device=2;title_device=3;title_accessory=1;conflict,"Raycon E70 Pro Best True Wireless Earbuds with Built-in Mic and Charging Case, Bluetooth Headphones for iPhone, Samsung, iPad, Android (Black)",Raycon,Earbud Headphones,Headphones & Earbuds,15,DEVICE,EARBUD_INEAR,标题主体是完整耳机，后列保护壳/线缆/支架等随附配件（套装不改变主体标签）；判为 DEVICE；形态依据：标题含耳塞/入耳/开放式耳戴设备词，且其主体线索早于头戴式描述。
B01GSJQ5IW,AMBIGUOUS,0.6,NOT_APPLICABLE,1,0,0,1,1,taxonomy_device=1;title_accessory=1;conflict,"12pcs (BMF-BNMH-Sc)- S/M/L Premium Memory Foam and Noise Isolation Replacement Earbuds Eartips Compatible with Powerbeats 3, Powerbeats 2 Wireless, Powerbeats 2 and 1 in-Ear Earphones/Headphones",NICKSTON,"Headphones, Earbuds & Accessories",,9,ACCESSORY,NOT_APPLICABLE,标题明确为替换耳塞套，不是可独立使用的完整耳机；结合标题的兼容/替换关系判定；判为 ACCESSORY。 原自动标签为 AMBIGUOUS，本次以商品主体语义和类目复核后更正。
B01JO7ASRY,DEVICE,0.98,OVER_EAR,2,0,0,0,0,taxonomy_device=2,"iClever Kids Headphones for Christmas, Wired On-Ear Headsets with Removable Deer Horn, 85dB Volume Limited, Food Grade Silicone, 3.5mm Audio Jack, Children headphones for Tablets/Phones/Laptop",iClever,Over-Ear Headphones,Headphones & Earbuds,43,DEVICE,ON_EAR,标题描述可独立使用的完整耳机/耳塞设备，细分类目为 Over-Ear Headphones；判为 DEVICE；形态依据：标题明确为 on-ear/supra-aural，或该形态是最先出现的主体描述。
B09KT2Q34R,DEVICE,0.995,EARBUD_INEAR,2,0,2,0,0,taxonomy_device=2;title_device=2,JBL Tune 230NC TWS True Wireless In-Ear Noise Cancelling Headphones - Black,JBL,Earbud Headphones,Headphones & Earbuds,11164,DEVICE,EARBUD_INEAR,标题描述可独立使用的完整耳机/耳塞设备，细分类目为 Earbud Headphones；判为 DEVICE；形态依据：标题含耳塞/入耳/开放式耳戴设备词，且其主体线索早于头戴式描述。
B073XZJJZ5,AMBIGUOUS,0.6,NOT_APPLICABLE,2,0,1,1,1,taxonomy_device=2;title_device=1;title_accessory=1;conflict,Earphones/Earbuds/Headphones 2Pack Black Compatible with iPhone/Galaxy S10/S10+/S10e S9/S9+ S8/S8+ Note8 / Note10/Note10+ Android in-Ear Headphones Remote + Mic Hands-Free Earphones,Collections Etc,Earbud Headphones,Headphones & Earbuds,4,DEVICE,EARBUD_INEAR,标题描述可独立使用的完整耳机/耳塞设备，细分类目为 Earbud Headphones；判为 DEVICE；形态依据：标题含耳塞/入耳/开放式耳戴设备词，且其主体线索早于头戴式描述。 原自动标签为 AMBIGUOUS，本次以商品主体语义和类目复核后更正。
B093C6DW8H,ACCESSORY,0.995,NOT_APPLICABLE,0,2,0,2,0,taxonomy_accessory=2;title_accessory=2,Airpod Case AIRSPO Airpods Case Cover for Apple AirPods 2&1 Cute Airpod Case for Girls Silicone Protective Skin Airpods Accessories with Keychain (Black/Cow),AIRSPO,Cases,Cases,12028,ACCESSORY,NOT_APPLICABLE,标题明确为保护壳/收纳配件，不是可独立使用的完整耳机；细分类目 Cases 与此一致；判为 ACCESSORY。
B09SZ5FQQJ,DEVICE,0.995,OVER_EAR,2,0,2,0,0,taxonomy_device=2;title_device=2,"SAMONPOW Kids Headphones, Bluetooth Headphones for Kids Wireless Headphone with Microphone Multiple Color LED Light Ideal Gift Wireless Headset for School Travel Christmas New Year",SAMONPOW,Over-Ear Headphones,Headphones & Earbuds,28,DEVICE,OVER_EAR,标题主体是完整耳机，后列保护壳/线缆/支架等随附配件（套装不改变主体标签）；判为 DEVICE；形态依据：细分类目为 Over-Ear Headphones。
B08CR4Q3WH,ACCESSORY,0.995,NOT_APPLICABLE,0,2,0,1,0,taxonomy_accessory=2;title_accessory=1,"CTYBB for Airpod Case,Silicone Airpods Case Cover with Fur Ball Keychain Compatible with Apple Airpods 2/1 (Front LED Visible) Deep Purple",CTYBB,Cases,Cases,24993,ACCESSORY,NOT_APPLICABLE,标题明确为保护壳/收纳配件，不是可独立使用的完整耳机；细分类目 Cases 与此一致；判为 ACCESSORY。
B08R8WYN14,ACCESSORY,0.995,NOT_APPLICABLE,0,2,0,1,0,taxonomy_accessory=2;title_accessory=1,"AirPods Case,Doboli Silicone Airpod Case Cover Compatible with Airpods 2 &1 (Front LED Visible) Turquoise",Doboli,Cases,Cases,68418,ACCESSORY,NOT_APPLICABLE,标题明确为保护壳/收纳配件，不是可独立使用的完整耳机；细分类目 Cases 与此一致；判为 ACCESSORY。
B00MP0NE1A,ACCESSORY,0.98,NOT_APPLICABLE,0,2,0,0,0,taxonomy_accessory=2,12 Medium Clear Replacement Earbuds Compatible with Motorola S9 S9hd S10 S10hd Bluetooth Stereo Headset (,NICKSTONgadgetbrat,Earpads,Earpads,1,ACCESSORY,NOT_APPLICABLE,标题主体是替换件、线缆/收纳件、蓝牙接收件、头盔扬声器套件或手机外接听筒，并非完整耳机；判为 ACCESSORY。
B08GSQ7B9Z,DEVICE,0.995,EARBUD_INEAR,2,0,2,0,0,taxonomy_device=2;title_device=2,"Xiaomi Mi True Wireless Earbuds Basic 2, 12 hours of Battery, Switch Between Single and Double-ear, Compatible with iPhone, Samsung and Android, High Performance Touch Control, Bluetooth 5.0",Xiaomi,Earbud Headphones,Headphones & Earbuds,14641,DEVICE,EARBUD_INEAR,标题描述可独立使用的完整耳机/耳塞设备，细分类目为 Earbud Headphones；判为 DEVICE；形态依据：标题含耳塞/入耳/开放式耳戴设备词，且其主体线索早于头戴式描述。
B07X2GPDWG,ACCESSORY,0.995,NOT_APPLICABLE,0,2,1,1,1,taxonomy_accessory=2;title_device=1;title_accessory=1;conflict,"Silicone Case for Sony WF-1000XM3 Wireless Earbud, Conjoined Protective Skin Cover with Keychain for Truly Wireless Noise Canceling Earphone, Anti-Lost & Shockproof (Red)",MENEEA,Cases,Cases,4,ACCESSORY,NOT_APPLICABLE,标题明确为保护壳/收纳配件，不是可独立使用的完整耳机；细分类目 Cases 与此一致；判为 ACCESSORY。
B00DXP8XJO,AMBIGUOUS,0.6,NOT_APPLICABLE,1,0,0,0,0,taxonomy_device=1,"10 Large (L) Soft Replacement Mushroom Domes Eartips Earbuds Compatible with Etymotic ER 4 MicroPro, hf5, hf3, hf2, mc5, mc3, mc2, etyBLU2 and ETY Kids in-Ear Earphones",NICKSTON,"Headphones, Earbuds & Accessories",,2,ACCESSORY,NOT_APPLICABLE,标题明确为替换耳塞套，不是可独立使用的完整耳机；结合标题的兼容/替换关系判定；判为 ACCESSORY。 原自动标签为 AMBIGUOUS，本次以商品主体语义和类目复核后更正。
B0B24HS7TT,AMBIGUOUS,0.6,NOT_APPLICABLE,2,0,1,1,1,taxonomy_device=2;title_device=1;title_accessory=1;conflict,"BFMODFAF Wireless Bluetooth Earbuds Microphone Active Noise Cancellation Stereo Portable with Charging case Headset IPX7 Waterproof Earphones,Sport Music Game Call ，for iPhone Android (Black)",BFMODFAF,Earbud Headphones,Headphones & Earbuds,99,DEVICE,EARBUD_INEAR,标题描述可独立使用的完整耳机/耳塞设备，细分类目为 Earbud Headphones；判为 DEVICE；形态依据：标题含耳塞/入耳/开放式耳戴设备词，且其主体线索早于头戴式描述。 原自动标签为 AMBIGUOUS，本次以商品主体语义和类目复核后更正。
B0837C3CMW,ACCESSORY,0.995,NOT_APPLICABLE,0,2,0,3,0,taxonomy_accessory=2;title_accessory=3,"Case for Airpods Pro / 3, Silicone AirPods Pro Case Cover, Cute Airpods 3 Charging Case, Airpods Pro Protective Cover with Carabiner [Front LED Visible], Best Gift for Girls Teens Boys, Black Right",Maxjoy1,Cases,Cases,45,ACCESSORY,NOT_APPLICABLE,标题明确为保护壳/收纳配件，不是可独立使用的完整耳机；细分类目 Cases 与此一致；判为 ACCESSORY。
B08N69D984,AMBIGUOUS,0.6,NOT_APPLICABLE,2,0,1,1,1,taxonomy_device=2;title_device=1;title_accessory=1;conflict,Anti-Slip Earhook Cover- Soft & Comfortable Silicone Earbuds Cover Compatible with Almost All Wired/ Wireless Earbuds (3 Pairs in a Pack) (White),Gigi's,Earbud Headphones,Headphones & Earbuds,8,ACCESSORY,NOT_APPLICABLE,标题明确为保护壳/收纳配件，不是可独立使用的完整耳机；结合标题的兼容/替换关系判定；判为 ACCESSORY。 原自动标签为 AMBIGUOUS，本次以商品主体语义和类目复核后更正。
B09S6Y5BRG,DEVICE,0.995,EARBUD_INEAR,2,0,1,0,0,taxonomy_device=2;title_device=1,"Otium Bluetooth Earbuds Wireless Headphones Bluetooth Headphones, Sports Earbuds, IPX7 Waterproof Stereo Earphones for Gym Running 15 Hours Playtime Sound Isolation Headsets",Otium,Earbud Headphones,Headphones & Earbuds,16471,DEVICE,EARBUD_INEAR,标题描述可独立使用的完整耳机/耳塞设备，细分类目为 Earbud Headphones；判为 DEVICE；形态依据：标题含耳塞/入耳/开放式耳戴设备词，且其主体线索早于头戴式描述。
B000MT0HQQ,AMBIGUOUS,0.5,NOT_APPLICABLE,0,0,0,0,0,insufficient_evidence,BebeSounds TV Listener,BébéSounds,Headphones & Earbuds,Headphones & Earbuds,12,DEVICE,NEEDS_REVIEW,needs_review: 型号或套装语义可确认包含完整耳机/耳机系统，但佩戴结构在现有标题中不够清楚；判为 DEVICE / NEEDS_REVIEW。 原自动标签为 AMBIGUOUS，本次复核后更正。
B003AY35O6,DEVICE,0.995,EARBUD_INEAR,2,0,2,0,0,taxonomy_device=2;title_device=2,"Wireless Earbuds, 486D Stereo Sound Wireless Headphones Wireless Sport Earbud with Breathing Mini in-Ear Sports Earphones Noise Cancelling Headsets, Bluetooth Earbuds",ROSKY,Earbud Headphones,Headphones & Earbuds,1,DEVICE,EARBUD_INEAR,标题描述可独立使用的完整耳机/耳塞设备，细分类目为 Earbud Headphones；判为 DEVICE；形态依据：标题含耳塞/入耳/开放式耳戴设备词，且其主体线索早于头戴式描述。
B004QPS59I,AMBIGUOUS,0.5,NOT_APPLICABLE,0,0,0,0,0,insufficient_evidence,"Pro Executive Solid Black High Quality Stereo Handsfree Headset Mic Earphone for Apple iPhone 3G 3GS, 4, Cricket M6000 Zio, Dell Streak, HTC Inspire 4G, ADR6275 Desire, ADR6300 Incredible, Aria, EVO 4G, Shift, HD2, Hero, myTouch 3G 3.5mm jack, Fender, myTouch 3G Slide, LG GS390 Prime, VS740 Ally, VS750 Fathom, Motorola A955 Droid 2, MB502 Charm, MB810 Droid X, WX404 Grasp, BlackBerry 9300 Curve 3G, 9800 Torch, Samsung D700 Epic 4G, i500 Fascinate, NXS Nexus S",Valor,Headphones & Earbuds,Headphones & Earbuds,6,DEVICE,EARBUD_INEAR,标题描述可独立使用的完整耳机/耳塞设备，并含连接、声学或供电功能信息；判为 DEVICE；形态依据：标题含耳塞/耳机式耳戴设备词，未出现相冲突的头戴形态描述。 原自动标签为 AMBIGUOUS，本次以商品主体语义和类目复核后更正。
B00O4GAHFY,DEVICE,0.995,EARBUD_INEAR,2,0,1,0,0,taxonomy_device=2;title_device=1,Set OEM 14 EarGels and 1 FitClip for Jabra Sport Wireless+ Jabra Sport Sport+ Bluetooth Headset Ear Buds Ear Gels Stabilizers Eargels Earbuds Eartips Earstabilizers Replacement,Jabra,Earbud Headphones,Headphones & Earbuds,39,ACCESSORY,NOT_APPLICABLE,标题明确为替换耳塞套，不是可独立使用的完整耳机；结合标题的兼容/替换关系判定；判为 ACCESSORY。 原自动标签为 DEVICE，本次以商品主体语义和类目复核后更正。
B07TGTHC8D,ACCESSORY,0.995,NOT_APPLICABLE,0,2,0,1,0,taxonomy_accessory=2;title_accessory=1,"CTYBB for Airpod Case,Silicone Airpods Case Cover with Fur Ball Keychain Compatible with Apple Airpods 2/1 (Front LED Visible) Dark Grey",CTYBB,Cases,Cases,24857,ACCESSORY,NOT_APPLICABLE,标题明确为保护壳/收纳配件，不是可独立使用的完整耳机；细分类目 Cases 与此一致；判为 ACCESSORY。
B07GNYYDSP,DEVICE,0.98,OVER_EAR,2,0,0,0,0,taxonomy_device=2,HIFIMAN HE6se Full-Size Over Ear Planar Magnetic Audiophile Adjustable Headphone with Comfortable Earpads Open-Back Design Easy Cable Swapping,HIFIMAN,Over-Ear Headphones,Headphones & Earbuds,4,DEVICE,OVER_EAR,标题主体是完整耳机，后列保护壳/线缆/支架等随附配件（套装不改变主体标签）；判为 DEVICE；形态依据：标题明确为 over-ear/around-ear/full-size，且该形态是最先出现的主体描述。
B0BFJXSM5T,AMBIGUOUS,0.5,NOT_APPLICABLE,2,0,1,2,1,taxonomy_device=2;title_device=1;title_accessory=2;conflict,Hoseili?2022new edition Bluetooth 5.0 Earphones in-Ear Stereo Sound Microphone Mini Wireless Earbuds with Headphones and Portable Charging Case for iOS Android PC. XGB16,Hoseili,Earbud Headphones,Headphones & Earbuds,22,DEVICE,EARBUD_INEAR,标题描述可独立使用的完整耳机/耳塞设备，细分类目为 Earbud Headphones；判为 DEVICE；形态依据：标题含耳塞/入耳/开放式耳戴设备词，且其主体线索早于头戴式描述。 原自动标签为 AMBIGUOUS，本次以商品主体语义和类目复核后更正。
B00JL8WZAK,ACCESSORY,0.98,NOT_APPLICABLE,0,2,0,0,0,taxonomy_accessory=2,Case Star 3 in 1 Red Earphone Handsfree Hard EVA Case Plus Round Earphone Organizer and Silver Carabiner With Case Star Cost-free Cell Phone Bag,Case Star,Cases,Cases,6,ACCESSORY,NOT_APPLICABLE,标题明确为保护壳/收纳配件，不是可独立使用的完整耳机；细分类目 Cases 与此一致；判为 ACCESSORY。
B07LGY8V4B,AMBIGUOUS,0.6,NOT_APPLICABLE,2,0,1,1,1,taxonomy_device=2;title_device=1;title_accessory=1;conflict,Hermitshell Travel Case for WYZE Noise-Cancelling Headphones Wireless Over The Ear Bluetooth Headphones,Hermitshell,Over-Ear Headphones,Headphones & Earbuds,193,ACCESSORY,NOT_APPLICABLE,标题明确为保护壳/收纳配件，不是可独立使用的完整耳机；结合标题的兼容/替换关系判定；判为 ACCESSORY。 原自动标签为 AMBIGUOUS，本次以商品主体语义和类目复核后更正。
B00OBRC1WI,AMBIGUOUS,0.6,NOT_APPLICABLE,2,0,1,1,1,taxonomy_device=2;title_device=1;title_accessory=1;conflict,"Bluetooth Headphones with NFC Technology and Touch Control Pad for Volume/Pause/Track Forward - Backward. for iPhone, iPad, PC, Mac and Android (Red) by RIF6 TM",RIF6,Earbud Headphones,Headphones & Earbuds,22,DEVICE,EARBUD_INEAR,标题描述可独立使用的完整耳机/耳塞设备，细分类目为 Earbud Headphones；判为 DEVICE；形态依据：细分类目为 Earbud Headphones。 原自动标签为 AMBIGUOUS，本次以商品主体语义和类目复核后更正。
B013QMNNAW,DEVICE,0.98,EARBUD_INEAR,2,0,0,0,0,taxonomy_device=2,DZT1968 3.5mm Stereo in Ear Clip Ear Earphone Headphone Headset with Mic (Gray),DZT1968,Earbud Headphones,Headphones & Earbuds,1,DEVICE,EARBUD_INEAR,标题描述可独立使用的完整耳机/耳塞设备，细分类目为 Earbud Headphones；判为 DEVICE；形态依据：标题含耳塞/入耳/开放式耳戴设备词，且其主体线索早于头戴式描述。
B09PV14XYK,ACCESSORY,0.995,NOT_APPLICABLE,0,2,0,2,0,taxonomy_accessory=2;title_accessory=2,"LTGEM EVA Hard Case for Beats Fit Pro/Beats Fit Pro x, Detachable Hand Strap and Built-in Mesh Pocket- Travel Protective Carrying Storage Bag",LTGEM,Cases,Cases,12,ACCESSORY,NOT_APPLICABLE,标题明确为保护壳/收纳配件，不是可独立使用的完整耳机；细分类目 Cases 与此一致；判为 ACCESSORY。
B079L6CH9C,DEVICE,0.98,EARBUD_INEAR,2,0,0,0,0,taxonomy_device=2,NoiseHush NX80 Earphones Premium Bass Stereo Headphones In-Ear with Tangle Free Cable Inline Microphone Earbuds - White/Red,NoiseHush,Earbud Headphones,Headphones & Earbuds,1418,DEVICE,EARBUD_INEAR,标题主体是完整耳机，后列保护壳/线缆/支架等随附配件（套装不改变主体标签）；判为 DEVICE；形态依据：标题含耳塞/入耳/开放式耳戴设备词，且其主体线索早于头戴式描述。
B0B7MLPW3K,AMBIGUOUS,0.6,NOT_APPLICABLE,2,0,0,1,1,taxonomy_device=2;title_accessory=1;conflict,"Bluetooth Wireless Headphones Earbuds with Wireless Charging Case,with Earhooks Headset Built-in Mic for Sport,Clear Calls,Work, Music (Black)",Hglyxoae,Earbud Headphones,Headphones & Earbuds,1,DEVICE,EARBUD_INEAR,标题主体是完整耳机，后列保护壳/线缆/支架等随附配件（套装不改变主体标签）；判为 DEVICE；形态依据：标题含耳塞/入耳/开放式耳戴设备词，且其主体线索早于头戴式描述。 原自动标签为 AMBIGUOUS，本次以商品主体语义和类目复核后更正。
B002TG3OWE,DEVICE,0.98,EARBUD_INEAR,2,0,0,0,0,taxonomy_device=2,Midland TH3 Tactical Series Earhook Headset,Midland,Earbud Headphones,Headphones & Earbuds,3,DEVICE,EARBUD_INEAR,标题描述可独立使用的完整耳机/耳塞设备，细分类目为 Earbud Headphones；判为 DEVICE；形态依据：细分类目为 Earbud Headphones。
B00KAM80PA,AMBIGUOUS,0.6,NOT_APPLICABLE,1,0,0,0,0,taxonomy_device=1,Replacement cable with Remote Mic connect iphone to SHURE SE535 SE425 SE315 215,NewFantasia,"Headphones, Earbuds & Accessories",,58,ACCESSORY,NOT_APPLICABLE,标题明确为线缆/转接配件，不是可独立使用的完整耳机；结合标题的兼容/替换关系判定；判为 ACCESSORY。 原自动标签为 AMBIGUOUS，本次以商品主体语义和类目复核后更正。
B0BZ3WYJL1,AMBIGUOUS,0.6,NOT_APPLICABLE,2,0,2,2,1,taxonomy_device=2;title_device=2;title_accessory=2;conflict,Wireless Earbuds Bluetooth Headphones 120H Playtime IPX7 Waterproof in-Ear Earphones Power Display Ear Buds with Mic and 2600mAh Charging Case for Sports Workout Laptop TV Computer Phone Gaming Black,TAGRY,Earbud Headphones,Headphones & Earbuds,2169,DEVICE,EARBUD_INEAR,标题主体是完整耳机，后列保护壳/线缆/支架等随附配件（套装不改变主体标签）；判为 DEVICE；形态依据：标题含耳塞/入耳/开放式耳戴设备词，且其主体线索早于头戴式描述。 原自动标签为 AMBIGUOUS，本次以商品主体语义和类目复核后更正。
B07YF9V9D5,ACCESSORY,0.995,NOT_APPLICABLE,0,2,0,1,0,taxonomy_accessory=2;title_accessory=1,"Yonocosta Cute Airpods Case, Airpods 2 Case, Fashion Funny 3D Cartoon Animals White Lucky Cat Kitty Shaped Full Protection Shockproof Soft Silicone Charging Case Cover with Keychain for Airpods 1&2",YONOCOSTA,Cases,Cases,118,ACCESSORY,NOT_APPLICABLE,标题明确为保护壳/收纳配件，不是可独立使用的完整耳机；细分类目 Cases 与此一致；判为 ACCESSORY。
B07G23V23Y,DEVICE,0.995,OVER_EAR,2,0,1,0,0,taxonomy_device=2;title_device=1,Picun P26 Bluetooth Headphones Over Ear 80H Playtime Hi-Fi Stereo Wireless Headphones Deep Bass Foldable Wired/Wireless/TF for Cell Phone/PC Bluetooth 5.0 Wireless Headset with Mic (Black Red),Picun,Over-Ear Headphones,Headphones & Earbuds,11977,DEVICE,OVER_EAR,标题描述可独立使用的完整耳机/耳塞设备，细分类目为 Over-Ear Headphones；判为 DEVICE；形态依据：标题明确为 over-ear/around-ear/full-size，且该形态是最先出现的主体描述。
B003UDG0TO,ACCESSORY,0.98,NOT_APPLICABLE,0,2,0,0,0,taxonomy_accessory=2,2 Earhooks for Jabra BT125 BT135 BT8010 BT5010 Bluetooth,Unlimited Cellular,Earpads,Earpads,97,ACCESSORY,NOT_APPLICABLE,标题明确为替换耳垫/耳罩，不是可独立使用的完整耳机；细分类目 Earpads 与此一致；判为 ACCESSORY。
B01GH5XI5U,AMBIGUOUS,0.6,NOT_APPLICABLE,2,0,0,1,1,taxonomy_device=2;title_accessory=1;conflict,Lovinstar Size 5 Earphone Earbuds Cover for Yurbuds 2Pair Black,Lovinstar,Earbud Headphones,Headphones & Earbuds,1,DEVICE,EARBUD_INEAR,标题描述可独立使用的完整耳机/耳塞设备，细分类目为 Earbud Headphones；判为 DEVICE；形态依据：标题含耳塞/入耳/开放式耳戴设备词，且其主体线索早于头戴式描述。 原自动标签为 AMBIGUOUS，本次以商品主体语义和类目复核后更正。
B0B1LSDYBM,ACCESSORY,0.995,NOT_APPLICABLE,0,2,0,1,0,taxonomy_accessory=2;title_accessory=1,"ICARERSPACE Ear Hooks Compatible with Apple AirPods 1, 2, 3, Pro and Pro 2, Anti-Slip Sports Ear Hooks for AirPods 1, 2, 3, Pro and Pro 2 - Transparent",ICARERSPACE,Earpads,Earpads,15807,ACCESSORY,NOT_APPLICABLE,标题明确为替换耳垫/耳罩，不是可独立使用的完整耳机；细分类目 Earpads 与此一致；判为 ACCESSORY。
B01LZUNBZY,AMBIGUOUS,0.6,NOT_APPLICABLE,1,0,0,0,0,taxonomy_device=1,20 Pack Fireboomoon Cord Organizer Headset Headphone Earphone Wrap Winder/ Cord Manager/ Cable Winder/Cable Saver Protector/Earphones Saver,COACHING ADVANTAGES INC,"Headphones, Earbuds & Accessories",,2,DEVICE,EARBUD_INEAR,标题描述可独立使用的完整耳机/耳塞设备，并含连接、声学或供电功能信息；判为 DEVICE；形态依据：标题含耳塞/耳机式耳戴设备词，未出现相冲突的头戴形态描述。 原自动标签为 AMBIGUOUS，本次以商品主体语义和类目复核后更正。
B07PG13KNX,ACCESSORY,0.995,NOT_APPLICABLE,0,2,0,1,0,taxonomy_accessory=2;title_accessory=1,"LASMEX Bose QuietComfort Replacement Cord with Mic and Remote, QC35 QC25 SoundLink SoundTrue Aux Cable 2.5mm to 3.5mm Male to Male Wire Compatible with Audio-Technica, JBL, AKG Headphones and iPhone",LASMEX,Extension Cords,Extension Cords,9,ACCESSORY,NOT_APPLICABLE,标题明确为线缆/转接配件，不是可独立使用的完整耳机；细分类目 Extension Cords 与此一致；判为 ACCESSORY。
B0CGX38ZS7,DEVICE,0.955,EARBUD_INEAR,2,0,2,1,1,taxonomy_device=2;title_device=2;title_accessory=1;conflict,Wireless Earbuds Bluetooth Headphones IPX7 Waterproof Bluetooth Earbuds 30H Playtime Headset with Charging Case Wireless Bluetooth Earphones with Mic for iPhone/Samsung/Android (White),Peakfun,Earbud Headphones,Headphones & Earbuds,17,DEVICE,EARBUD_INEAR,标题主体是完整耳机，后列保护壳/线缆/支架等随附配件（套装不改变主体标签）；判为 DEVICE；形态依据：标题含耳塞/入耳/开放式耳戴设备词，且其主体线索早于头戴式描述。
B07JN5T13C,AMBIGUOUS,0.5,NOT_APPLICABLE,0,0,0,0,0,insufficient_evidence,"Sunflower Blue Ceramic Dresser Drawer, Door, Cabinet Knob Pull - Pack of 12",Kawayy,Headphones & Earbuds,Headphones & Earbuds,3,AMBIGUOUS,NOT_APPLICABLE,"needs_review: 标题“Sunflower Blue Ceramic Dresser Drawer, Door, Cabinet Knob Pull - Pack of 12”未描述完整耳机或明确耳机配件，且与类目“Headphones & Earbuds”不一致/信息残缺；保留 AMBIGUOUS，不强行归类。"
B07WTXFKP5,DEVICE,0.955,EARBUD_INEAR,2,0,2,1,1,taxonomy_device=2;title_device=2;title_accessory=1;conflict,"Altec Lansing MZX634 True Evo Air Wireless Earbuds with Wireless Charging Case | Durable Bluetooth Earbuds, Portable Charging Case, Long Battery Life, IPX-6 Protection from Sweat and Rain (Black)",Altec Lansing,Earbud Headphones,Headphones & Earbuds,35,DEVICE,EARBUD_INEAR,标题主体是完整耳机，后列保护壳/线缆/支架等随附配件（套装不改变主体标签）；判为 DEVICE；形态依据：标题含耳塞/入耳/开放式耳戴设备词，且其主体线索早于头戴式描述。
B08DKGPW9Y,ACCESSORY,0.995,NOT_APPLICABLE,0,2,1,2,1,taxonomy_accessory=2;title_device=1;title_accessory=2;conflict,CAGOS Compatible with Galaxy Buds+ Plus Case (2020) Cute Protective Hard Skin Case Cover for Samsung Galaxy Buds Plus Wireless Earbuds Case with Carabiner for Girl Women (NOT for Buds 2019) - Gravel,CAGOS,Cases,Cases,313,ACCESSORY,NOT_APPLICABLE,标题明确为保护壳/收纳配件，不是可独立使用的完整耳机；细分类目 Cases 与此一致；判为 ACCESSORY。
B096XQTRHN,DEVICE,0.995,EARBUD_INEAR,2,0,1,0,0,taxonomy_device=2;title_device=1,"Wireless Earbuds Bluetooth 5.0 Headphones,ME-100 Rotatable Single Ear Hook Earphone with Microphone Premium Deep Bass Headset for Phone Black Blue One Size",LUYANhapy9,Earbud Headphones,Headphones & Earbuds,1,DEVICE,EARBUD_INEAR,标题描述可独立使用的完整耳机/耳塞设备，细分类目为 Earbud Headphones；判为 DEVICE；形态依据：标题含耳塞/入耳/开放式耳戴设备词，且其主体线索早于头戴式描述。
B0BKFXK1CB,ACCESSORY,0.995,NOT_APPLICABLE,0,2,0,2,0,taxonomy_accessory=2;title_accessory=2,The Si.mps.ons AirPods Pro Case Cute Anime Airpod Pro Charging Case Only Full Protective Shockproof Anti-Lost PC Hard Portable AirPods Pro case with Keychain for AirPods Pro Charging Case for Men,Generic,Cases,Cases,3,ACCESSORY,NOT_APPLICABLE,标题明确为保护壳/收纳配件，不是可独立使用的完整耳机；细分类目 Cases 与此一致；判为 ACCESSORY。
B00IHS8DY2,AMBIGUOUS,0.5,NOT_APPLICABLE,0,0,0,0,0,insufficient_evidence,BLUE HandsFree EarPhone HeadPhones HeadSet With Mic For HTC Windows Phone 8X,BCC & NM,Headphones & Earbuds,Headphones & Earbuds,1,DEVICE,EARBUD_INEAR,标题描述可独立使用的完整耳机/耳塞设备，并含连接、声学或供电功能信息；判为 DEVICE；形态依据：标题含耳塞/耳机式耳戴设备词，未出现相冲突的头戴形态描述。 原自动标签为 AMBIGUOUS，本次以商品主体语义和类目复核后更正。
B01FY8DHTI,AMBIGUOUS,0.5,NOT_APPLICABLE,0,0,0,0,0,insufficient_evidence,"Naim Grille for Mu-so Qb Wireless Compact Music System, Blue",Naim,Headphones & Earbuds,Headphones & Earbuds,1,ACCESSORY,NOT_APPLICABLE,标题主体是替换件、线缆/收纳件、蓝牙接收件、头盔扬声器套件或手机外接听筒，并非完整耳机；判为 ACCESSORY。 原自动标签为 AMBIGUOUS，本次复核后更正。
B0833DNGLX,ACCESSORY,0.96,NOT_APPLICABLE,2,0,1,3,1,taxonomy_device=2;title_device=1;title_accessory=3;conflict,"TWS Headphones Wireless Compatible with Amazon Fire HD 10 (2019) Tablet, Earbuds Earphones True Wireless Stereo Headset Hands-Free Mic Charging Case for Fire HD 10 (2019 Model ONLY)",LBZJ,Earbud Headphones,Headphones & Earbuds,29,DEVICE,EARBUD_INEAR,标题主体是完整耳机，后列保护壳/线缆/支架等随附配件（套装不改变主体标签）；判为 DEVICE；形态依据：标题含耳塞/入耳/开放式耳戴设备词，且其主体线索早于头戴式描述。 原自动标签为 ACCESSORY，本次以商品主体语义和类目复核后更正。
B081NDCRV2,AMBIGUOUS,0.6,NOT_APPLICABLE,2,0,1,1,1,taxonomy_device=2;title_device=1;title_accessory=1;conflict,"Urbanista Paris True Wireless Earphones 20H Playtime Wireless Charging Case and Bluetooth 5.0, Noise Cancelling Earphones with Touch Controls + Built-in Mic, Compatible with Android and iOS – Black",Urbanista,Earbud Headphones,Headphones & Earbuds,1125,DEVICE,EARBUD_INEAR,标题描述可独立使用的完整耳机/耳塞设备，细分类目为 Earbud Headphones；判为 DEVICE；形态依据：标题含耳塞/耳机式耳戴设备词，未出现相冲突的头戴形态描述。 原自动标签为 AMBIGUOUS，本次以商品主体语义和类目复核后更正。
B09P1773NX,DEVICE,0.995,EARBUD_INEAR,2,0,2,0,0,taxonomy_device=2;title_device=2,"Cotogni Wireless Earbuds, P3 Earphones Wireless, Hi-Fi Stereo Sound Touch Control Bluetooth Headphones with Volume Control, 40 Hs Play Time, IPX6 Waterproof (Red)",Cotogni,Earbud Headphones,Headphones & Earbuds,258,DEVICE,EARBUD_INEAR,标题描述可独立使用的完整耳机/耳塞设备，细分类目为 Earbud Headphones；判为 DEVICE；形态依据：标题含耳塞/入耳/开放式耳戴设备词，且其主体线索早于头戴式描述。
B08BZKBVQX,AMBIGUOUS,0.6,NOT_APPLICABLE,2,0,0,1,1,taxonomy_device=2;title_accessory=1;conflict,"Eashion Charge and Sync Cable Charger, Nylon Braided Charger Cable for Charging and Syncing",Eashion,Earbud Headphones,Headphones & Earbuds,269,ACCESSORY,NOT_APPLICABLE,标题明确为线缆/转接配件，不是可独立使用的完整耳机；结合标题的兼容/替换关系判定；判为 ACCESSORY。 原自动标签为 AMBIGUOUS，本次以商品主体语义和类目复核后更正。
B01IBXTJG8,DEVICE,0.995,EARBUD_INEAR,2,0,2,0,0,taxonomy_device=2;title_device=2,Beats by Dr dre Powerbeats2 Wireless In-Ear Bluetooth Headphone with Mic - Shock Yellow (Renewed),Amazon Renewed,Earbud Headphones,Headphones & Earbuds,376,DEVICE,EARBUD_INEAR,标题描述可独立使用的完整耳机/耳塞设备，细分类目为 Earbud Headphones；判为 DEVICE；形态依据：标题含耳塞/入耳/开放式耳戴设备词，且其主体线索早于头戴式描述。
B00GBQ501Q,DEVICE,0.98,EARBUD_INEAR,2,0,0,0,0,taxonomy_device=2,JVC Xtreme Xplosives HA-FX3X Earphone,JVC,Earbud Headphones,Headphones & Earbuds,189,DEVICE,EARBUD_INEAR,标题描述可独立使用的完整耳机/耳塞设备，细分类目为 Earbud Headphones；判为 DEVICE；形态依据：标题含耳塞/耳机式耳戴设备词，未出现相冲突的头戴形态描述。
B00M1MUJZQ,AMBIGUOUS,0.6,NOT_APPLICABLE,0,0,1,0,0,title_device=1,"GVKAR(TM) 3.5mm Noise-Isolation Stereo Earbuds with Microphone For Samsung Galaxy S5 Active / ATIV SE / Galaxy Note 3 / Galaxy Mega / Galaxy S5 S V / Galaxy Note 2 N7100 Android Smartphone Tablet and For All Apple Ipads, Ipods, Iphones, Androids, Mp3 Players, And All Audio Devices Using A 3.5 mm Other Cellphone Smartphone (black)",GVKAR(TM),Headphones & Earbuds,Headphones & Earbuds,6,DEVICE,EARBUD_INEAR,标题主体是完整耳机，后列保护壳/线缆/支架等随附配件（套装不改变主体标签）；判为 DEVICE；形态依据：标题含耳塞/入耳/开放式耳戴设备词，且其主体线索早于头戴式描述。 原自动标签为 AMBIGUOUS，本次以商品主体语义和类目复核后更正。
B08KCQBSYJ,DEVICE,0.985,EARBUD_INEAR,2,0,3,1,1,taxonomy_device=2;title_device=3;title_accessory=1;conflict,"TCL S200 True Wireless Earbuds with 4 Microphones, Bluetooth Headphones, Echo Noise Cancellation, Clear Sound, Type C Charging Case, Touch Control, Waterproof Earphones for Work, Home Office, Black",TCL,Earbud Headphones,Headphones & Earbuds,41,DEVICE,EARBUD_INEAR,标题主体是完整耳机，后列保护壳/线缆/支架等随附配件（套装不改变主体标签）；判为 DEVICE；形态依据：标题含耳塞/入耳/开放式耳戴设备词，且其主体线索早于头戴式描述。
B0BFHJPYLD,AMBIGUOUS,0.5,NOT_APPLICABLE,2,0,1,2,1,taxonomy_device=2;title_device=1;title_accessory=2;conflict,Hoseili?2022new edition Bluetooth 5.0 Wireless Earphones in-Ear Stereo Sound Microphone Mini Wireless Earbuds with Headphones and Portable Charging Case for iOS Android PC. XGB8,Hoseili,Earbud Headphones,Headphones & Earbuds,16,DEVICE,EARBUD_INEAR,标题描述可独立使用的完整耳机/耳塞设备，细分类目为 Earbud Headphones；判为 DEVICE；形态依据：标题含耳塞/入耳/开放式耳戴设备词，且其主体线索早于头戴式描述。 原自动标签为 AMBIGUOUS，本次以商品主体语义和类目复核后更正。
B07S764D9V,DEVICE,0.995,EARBUD_INEAR,2,0,2,0,0,taxonomy_device=2;title_device=2,"Panasonic ErgoFit Wired Earbuds, In-Ear Headphones with Microphone and Call Controller, Ergonomic Custom-Fit Earpieces (S/M/L), 3.5mm Jack for Phones and Laptops - RP-TCM125-A (Blue)",Panasonic,Earbud Headphones,Headphones & Earbuds,136251,DEVICE,EARBUD_INEAR,标题主体是完整耳机，后列保护壳/线缆/支架等随附配件（套装不改变主体标签）；判为 DEVICE；形态依据：标题含耳塞/入耳/开放式耳戴设备词，且其主体线索早于头戴式描述。
B07T3X36F5,ACCESSORY,0.995,NOT_APPLICABLE,0,2,0,1,0,taxonomy_accessory=2;title_accessory=1,"Aotao Silicone Case for Galaxy Buds 2019, Soft and Flexible, Scratch/Shock Resistant Silicone Cover with Carabiner for Galaxy Buds (Red)",Aotao,Cases,Cases,810,ACCESSORY,NOT_APPLICABLE,标题明确为保护壳/收纳配件，不是可独立使用的完整耳机；细分类目 Cases 与此一致；判为 ACCESSORY。
B01FVVS63U,AMBIGUOUS,0.5,NOT_APPLICABLE,0,0,0,0,0,insufficient_evidence,"Generic Sport Headphones Bluetooth 4.0 Headsets with Magnet Design and Sweatproof for iPhone 6/6S Plus, Samsung Galaxy S7 and More (Gray)",Generic,Headphones & Earbuds,Headphones & Earbuds,3,DEVICE,EARBUD_INEAR,标题描述可独立使用的完整耳机/耳塞设备，并含连接、声学或供电功能信息；判为 DEVICE；形态依据：标题语义为手机用单耳/免提蓝牙耳机或有线耳麦。 原自动标签为 AMBIGUOUS，本次以商品主体语义和类目复核后更正。
B07FVY8549,AMBIGUOUS,0.6,NOT_APPLICABLE,2,0,0,1,1,taxonomy_device=2;title_accessory=1;conflict,"Accessonico Earbuds Compatible with Samsung Galaxy S9, Compatible with Galaxy S8 Active Earphones, Headphones Microphone Phone Call in-Ear Stereo Sound Music Noise Cancelling Wired Control",Accessonico,Earbud Headphones,Headphones & Earbuds,14,DEVICE,EARBUD_INEAR,标题主体是完整耳机，后列保护壳/线缆/支架等随附配件（套装不改变主体标签）；判为 DEVICE；形态依据：标题含耳塞/入耳/开放式耳戴设备词，且其主体线索早于头戴式描述。 原自动标签为 AMBIGUOUS，本次以商品主体语义和类目复核后更正。
B07TF5XCH3,DEVICE,0.98,EARBUD_INEAR,2,0,0,0,0,taxonomy_device=2,"Linsoul Peacock Audio P1 Dynamic HiFi in-Ear Earphones, Custom Hand Made Earbuds for Audiophile DJ Musician with Detachable 2Pin 0.78mm Cable (11-Rainbow)",Linsoul,Earbud Headphones,Headphones & Earbuds,12,DEVICE,EARBUD_INEAR,标题主体是完整耳机，后列保护壳/线缆/支架等随附配件（套装不改变主体标签）；判为 DEVICE；形态依据：标题含耳塞/入耳/开放式耳戴设备词，且其主体线索早于头戴式描述。
B002PU9ORS,DEVICE,0.98,ON_EAR,2,0,0,0,0,taxonomy_device=2,AKG K480NC Active Noise Reducing Mini Headphones (Black) (Discontinued by Manufacturer),AKG,On-Ear Headphones,Headphones & Earbuds,10,DEVICE,ON_EAR,标题描述可独立使用的完整耳机/耳塞设备，细分类目为 On-Ear Headphones；判为 DEVICE；形态依据：细分类目为 On-Ear Headphones。
B0BHWYQ47Y,DEVICE,0.995,EARBUD_INEAR,2,0,2,0,0,taxonomy_device=2;title_device=2,"kurdene Bluetooth Wireless Earbuds, S8 Deep Bass Sound 38H Playtime IPX8 Waterproof Earphones Call Clear with Microphone in-Ear Bluetooth Headphones Comfortable for iPhone, Android",kurdene,Earbud Headphones,Headphones & Earbuds,63672,DEVICE,EARBUD_INEAR,标题主体是完整耳机，后列保护壳/线缆/支架等随附配件（套装不改变主体标签）；判为 DEVICE；形态依据：标题含耳塞/入耳/开放式耳戴设备词，且其主体线索早于头戴式描述。
B00XMP7BU2,DEVICE,0.995,EARBUD_INEAR,2,0,2,0,0,taxonomy_device=2;title_device=2,"JAZZA ANC-J1 Foldable Stereo Active Noise Cancelling Headphones,40mw Rated Power 90mw Max,Strong Bass, Folding and Lightweight Travel Headset(Black)",JAZZA,Earbud Headphones,Headphones & Earbuds,4,DEVICE,EARBUD_INEAR,标题描述可独立使用的完整耳机/耳塞设备，细分类目为 Earbud Headphones；判为 DEVICE；形态依据：细分类目为 Earbud Headphones。
B077FFLMRG,AMBIGUOUS,0.5,NOT_APPLICABLE,0,0,0,0,0,insufficient_evidence,Hermitshell Hard EVA Travel Case Fits Nakeey Noise Cancelling Stereo Wireless Headset,Hermitshell,Headphones & Earbuds,Headphones & Earbuds,8,ACCESSORY,NOT_APPLICABLE,标题明确为保护壳/收纳配件，不是可独立使用的完整耳机；结合标题的兼容/替换关系判定；判为 ACCESSORY。 原自动标签为 AMBIGUOUS，本次以商品主体语义和类目复核后更正。
B0112Y6Y3O,AMBIGUOUS,0.5,NOT_APPLICABLE,0,0,0,0,0,insufficient_evidence,Jelly Belly Bean Boozled 3.5oz Dispenser Game (3 PACK),Maratttto,Headphones & Earbuds,Headphones & Earbuds,1,AMBIGUOUS,NOT_APPLICABLE,needs_review: 标题“Jelly Belly Bean Boozled 3.5oz Dispenser Game (3 PACK)”未描述完整耳机或明确耳机配件，且与类目“Headphones & Earbuds”不一致/信息残缺；保留 AMBIGUOUS，不强行归类。
B00QVUQQN8,AMBIGUOUS,0.5,NOT_APPLICABLE,0,0,0,0,0,insufficient_evidence,Green LED Flashing Earbuds w/ In-Line Microphone,Fat Catalog,Headphones & Earbuds,Headphones & Earbuds,7,DEVICE,EARBUD_INEAR,标题描述可独立使用的完整耳机/耳塞设备，并含连接、声学或供电功能信息；判为 DEVICE；形态依据：标题含耳塞/入耳/开放式耳戴设备词，且其主体线索早于头戴式描述。 原自动标签为 AMBIGUOUS，本次以商品主体语义和类目复核后更正。
B09QX6XP2K,DEVICE,0.995,EARBUD_INEAR,2,0,2,0,0,taxonomy_device=2;title_device=2,"Xiaomi Wireless Earbuds Redmi Buds 3 Lite, Wireless Earphones Bluetooth 5.2 Latency Stereo Game Headphones with Mic, Sweatproof Sport in-Ear Earphones with Charging Battery Case (White)",Xiaomi,Earbud Headphones,Headphones & Earbuds,13062,DEVICE,EARBUD_INEAR,标题主体是完整耳机，后列保护壳/线缆/支架等随附配件（套装不改变主体标签）；判为 DEVICE；形态依据：标题含耳塞/入耳/开放式耳戴设备词，且其主体线索早于头戴式描述。
B07F32W8WL,AMBIGUOUS,0.6,NOT_APPLICABLE,1,0,0,1,1,taxonomy_device=1;title_accessory=1;conflict,"ZALU Compatible for AirPods Case, 0.8mm Ultra-Thin Version, Premium Protective Silicone Cover Skin for AirPods Charging Case 2 & 1 [Front LED Visible] [Wireless Rechargeable] (Black)",ZALU,"Headphones, Earbuds & Accessories",,51,ACCESSORY,NOT_APPLICABLE,标题明确为保护壳/收纳配件，不是可独立使用的完整耳机；结合标题的兼容/替换关系判定；判为 ACCESSORY。 原自动标签为 AMBIGUOUS，本次以商品主体语义和类目复核后更正。
B07MW4YJLW,DEVICE,0.995,EARBUD_INEAR,2,0,1,0,0,taxonomy_device=2;title_device=1,"Type-C Headphone Port in-Ear Headphones, Gedun Stereo Running Noise Reduction, with Remote Control and Microphone Remote Control, for Glory 9 Huawei P20 Pro Millet 6 Mi6 Letv 2 pro 2 max2 (White)",Gedun,Earbud Headphones,Headphones & Earbuds,4,DEVICE,EARBUD_INEAR,标题主体是完整耳机，后列保护壳/线缆/支架等随附配件（套装不改变主体标签）；判为 DEVICE；形态依据：标题含耳塞/入耳/开放式耳戴设备词，且其主体线索早于头戴式描述。
B008FZBLI2,AMBIGUOUS,0.5,NOT_APPLICABLE,0,0,0,0,0,insufficient_evidence,Fusion Pink/Dark Gunmetal Headset for iPhone/Droid/Smartphones with mic,SnuggBuds,Headphones & Earbuds,Headphones & Earbuds,2,DEVICE,EARBUD_INEAR,标题/型号表明是入耳耳塞、手机单耳蓝牙耳机、运动耳机或随身耳塞系统；判为 DEVICE / EARBUD_INEAR。 原自动标签为 AMBIGUOUS，本次复核后更正。
B07T85W8P7,DEVICE,0.995,EARBUD_INEAR,2,0,1,0,0,taxonomy_device=2;title_device=1,"Sony WF-1000XM3 Industry Leading Noise Canceling Truly Wireless Earbuds Headset/Headphones with Alexa Voice Control And Mic For Phone Call, Silver",Sony,Earbud Headphones,Headphones & Earbuds,22855,DEVICE,EARBUD_INEAR,标题描述可独立使用的完整耳机/耳塞设备，细分类目为 Earbud Headphones；判为 DEVICE；形态依据：标题含耳塞/入耳/开放式耳戴设备词，且其主体线索早于头戴式描述。
B09NPLVMMG,DEVICE,0.955,EARBUD_INEAR,2,0,2,1,1,taxonomy_device=2;title_device=2;title_accessory=1;conflict,Bluetooth 5.0 Wireless Earbuds Super Portable True Wireless Stereo Headphones in Ear Deep Bass Built in Mic IPX6 Waterproof with Charging Case (Only 50g) 40H Playtime for Workout Running (White),L LINPA WORLD,Earbud Headphones,Headphones & Earbuds,10,DEVICE,EARBUD_INEAR,标题主体是完整耳机，后列保护壳/线缆/支架等随附配件（套装不改变主体标签）；判为 DEVICE；形态依据：标题含耳塞/入耳/开放式耳戴设备词，且其主体线索早于头戴式描述。
B07KM4WYRB,AMBIGUOUS,0.6,NOT_APPLICABLE,2,0,0,1,1,taxonomy_device=2;title_accessory=1;conflict,GeeRic Protective Cover Compatible with Earphone,GeeRic,Earbud Headphones,Headphones & Earbuds,111,ACCESSORY,NOT_APPLICABLE,标题明确为保护壳/收纳配件，不是可独立使用的完整耳机；结合标题的兼容/替换关系判定；判为 ACCESSORY。 原自动标签为 AMBIGUOUS，本次以商品主体语义和类目复核后更正。
B00ETI275K,DEVICE,0.995,ON_EAR,2,0,1,0,0,taxonomy_device=2;title_device=1,Beats Solo HD Wired On-Ear Headphone - Matte Black (Discontinued by Manufacturer),Apple,On-Ear Headphones,Headphones & Earbuds,1804,DEVICE,ON_EAR,标题描述可独立使用的完整耳机/耳塞设备，细分类目为 On-Ear Headphones；判为 DEVICE；形态依据：标题明确为 on-ear/supra-aural，或该形态是最先出现的主体描述。
B00689BUOM,AMBIGUOUS,0.5,NOT_APPLICABLE,0,0,0,0,0,insufficient_evidence,"Jlab Go 4 GB Waterproof, Sweatproof, Sports MP3 Player Headphones (White/Gray)",JLab,Headphones & Earbuds,Headphones & Earbuds,504,DEVICE,EARBUD_INEAR,标题/型号表明是入耳耳塞、手机单耳蓝牙耳机、运动耳机或随身耳塞系统；判为 DEVICE / EARBUD_INEAR。 原自动标签为 AMBIGUOUS，本次复核后更正。
B01EG6WOD4,AMBIGUOUS,0.5,NOT_APPLICABLE,0,0,0,0,0,insufficient_evidence,ViiAN Yo-Kai Watch Series 1 Wazzat Medal,Yokai,Headphones & Earbuds,Headphones & Earbuds,12,AMBIGUOUS,NOT_APPLICABLE,needs_review: 标题“ViiAN Yo-Kai Watch Series 1 Wazzat Medal”未描述完整耳机或明确耳机配件，且与类目“Headphones & Earbuds”不一致/信息残缺；保留 AMBIGUOUS，不强行归类。
B008CC3ZM8,DEVICE,0.98,EARBUD_INEAR,2,0,0,0,0,taxonomy_device=2,Budkeeper Earphone Case and Earbuds Case with Carabineer,Alpine Innovations,Earbud Headphones,Headphones & Earbuds,58,ACCESSORY,NOT_APPLICABLE,标题明确为保护壳/收纳配件，不是可独立使用的完整耳机；结合标题的兼容/替换关系判定；判为 ACCESSORY。 原自动标签为 DEVICE，本次以商品主体语义和类目复核后更正。
B08T89SQBY,AMBIGUOUS,0.6,NOT_APPLICABLE,2,0,0,1,1,taxonomy_device=2;title_accessory=1;conflict,"Cose Jack Compatible with Samsung Galaxy A02S Case,Crystal Clear Case with 4 Corners Shockproof Protection Soft Scratch-Resistant TPU Cover for Galaxy A02S Phone. (PinkTeal)",Cose Jack,Earbud Headphones,Headphones & Earbuds,35,ACCESSORY,NOT_APPLICABLE,标题明确为保护壳/收纳配件，不是可独立使用的完整耳机；结合标题的兼容/替换关系判定；判为 ACCESSORY。 原自动标签为 AMBIGUOUS，本次以商品主体语义和类目复核后更正。
B07MVVJPGJ,AMBIGUOUS,0.6,NOT_APPLICABLE,2,0,2,2,1,taxonomy_device=2;title_device=2;title_accessory=2;conflict,"Sabbat E12 3D Clear Sound True Wireless Earbuds Blutooth 5.0 TWS Stereo Earphones A week's Endurance with Built-in Mic and Charging Case for iPhone, Samsung, iPad, Android(Dark Brown)",ICESOMNUS,Earbud Headphones,Headphones & Earbuds,12,DEVICE,EARBUD_INEAR,标题主体是完整耳机，后列保护壳/线缆/支架等随附配件（套装不改变主体标签）；判为 DEVICE；形态依据：标题含耳塞/入耳/开放式耳戴设备词，且其主体线索早于头戴式描述。 原自动标签为 AMBIGUOUS，本次以商品主体语义和类目复核后更正。
B010MG57R2,AMBIGUOUS,0.6,NOT_APPLICABLE,0,0,1,0,0,title_device=1,Trinity Hyperion - Micro Dynamic in-Ear Headphone,TRINITY AUDIO ENGINEERING,Headphones & Earbuds,Headphones & Earbuds,9,DEVICE,EARBUD_INEAR,标题/型号表明是入耳耳塞、手机单耳蓝牙耳机、运动耳机或随身耳塞系统；判为 DEVICE / EARBUD_INEAR。 原自动标签为 AMBIGUOUS，本次复核后更正。
B0C7BGF4QZ,ACCESSORY,0.995,NOT_APPLICABLE,0,2,0,1,0,taxonomy_accessory=2;title_accessory=1,"Wireless Charging Case Only Compatible for Air Pods Pro 1st & 2nd Generation, Charger Replacement Case with Bluetooth Pairing Sync Button",Jinstyles,Cases,Cases,98,ACCESSORY,NOT_APPLICABLE,标题明确为保护壳/收纳配件，不是可独立使用的完整耳机；细分类目 Cases 与此一致；判为 ACCESSORY。
B018MZWBSI,DEVICE,0.98,ON_EAR,2,0,0,0,0,taxonomy_device=2,Brookstone Compact Wireless Headphones,Brookstone,On-Ear Headphones,Headphones & Earbuds,9,DEVICE,ON_EAR,标题描述可独立使用的完整耳机/耳塞设备，细分类目为 On-Ear Headphones；判为 DEVICE；形态依据：细分类目为 On-Ear Headphones。
B085T299YM,DEVICE,0.955,EARBUD_INEAR,2,0,2,1,1,taxonomy_device=2;title_device=2;title_accessory=1;conflict,"dyplay Sports True Wireless Earbuds, IPX7 Waterproof in Ear TWS Stereo Sound Bluetooth 5.0 Headphones with Charging Case and Mic 40H Playtime Sports Earphones for Running Gym Workout Fitness Exercise",dyplay,Earbud Headphones,Headphones & Earbuds,483,DEVICE,EARBUD_INEAR,标题主体是完整耳机，后列保护壳/线缆/支架等随附配件（套装不改变主体标签）；判为 DEVICE；形态依据：标题含耳塞/入耳/开放式耳戴设备词，且其主体线索早于头戴式描述。
B07WFY1T9R,ACCESSORY,0.98,NOT_APPLICABLE,0,2,0,0,0,taxonomy_accessory=2,"Apple AirPods Case Cover with Keychain, Enhenstre Airpod Case Cute Color and Quality Silicone 2 Pack (AirPods Case 2 Pack, Mint Green + Black)",ENHENSTRE,Cases,Cases,58,ACCESSORY,NOT_APPLICABLE,标题明确为保护壳/收纳配件，不是可独立使用的完整耳机；细分类目 Cases 与此一致；判为 ACCESSORY。
B00DQ5NU4O,AMBIGUOUS,0.6,NOT_APPLICABLE,0,0,1,0,0,title_device=1,"Plantronics M165 Marque 2 Ultralight Wireless Bluetooth Headset - Compatible with iPhone, Android, and Other Leading Smartphones - White",Plantronics,Headphones & Earbuds,Headphones & Earbuds,1023,DEVICE,EARBUD_INEAR,标题描述可独立使用的完整耳机/耳塞设备，并含连接、声学或供电功能信息；判为 DEVICE；形态依据：标题语义为手机用单耳/免提蓝牙耳机或有线耳麦。 原自动标签为 AMBIGUOUS，本次以商品主体语义和类目复核后更正。
B0738NCHMF,AMBIGUOUS,0.6,NOT_APPLICABLE,2,0,0,1,1,taxonomy_device=2;title_accessory=1;conflict,"ZZoo Ear Gels Earplugs Cover for Samsung Galaxy S6/S6 Edge Stereo Headset Earphones, ZZoo Silicone Cover Ear Gels Anti Slip for Samsung S6 S7 Edge Headphones 4 Pairs",ZZoo,Earbud Headphones,Headphones & Earbuds,22,ACCESSORY,NOT_APPLICABLE,标题明确为替换耳塞套，不是可独立使用的完整耳机；结合标题的兼容/替换关系判定；判为 ACCESSORY。 原自动标签为 AMBIGUOUS，本次以商品主体语义和类目复核后更正。
B01G9WA67Y,AMBIGUOUS,0.6,NOT_APPLICABLE,2,0,0,1,1,taxonomy_device=2;title_accessory=1;conflict,"Alcatel One Touch Fierce XL Case, Balaji Folio Flip Leather Case Cover For Alcatel One Touch Fierce XL, Black",CHUNKUI,Earbud Headphones,Headphones & Earbuds,1,ACCESSORY,NOT_APPLICABLE,标题明确为保护壳/收纳配件，不是可独立使用的完整耳机；结合标题的兼容/替换关系判定；判为 ACCESSORY。 原自动标签为 AMBIGUOUS，本次以商品主体语义和类目复核后更正。
B076Q79NDT,ACCESSORY,0.995,NOT_APPLICABLE,0,2,0,1,0,taxonomy_accessory=2;title_accessory=1,Benks Compatible with Splitter Charger Cord for Apple Lightning Ports for iPhone XR XS Max X 10 8 7 Plus,BenksWorld.,Adapters,Adapters,43,ACCESSORY,NOT_APPLICABLE,标题明确为线缆/转接配件，不是可独立使用的完整耳机；细分类目 Adapters 与此一致；判为 ACCESSORY。
B07GV2WKFZ,ACCESSORY,0.995,NOT_APPLICABLE,0,2,0,2,0,taxonomy_accessory=2;title_accessory=2,"WC Wicked Cushions Replacement Ear Pads for Beats Studio 2 & 3 (B0501, B0500) Wired & Wireless | Does NOT Fit Beats Solo | Softer PU Leather, Enhanced Foam & Stronger Adhesive | Titanium",WC,Earpads,Earpads,15311,ACCESSORY,NOT_APPLICABLE,标题明确为替换耳垫/耳罩，不是可独立使用的完整耳机；细分类目 Earpads 与此一致；判为 ACCESSORY。
B07HJF8WK1,AMBIGUOUS,0.6,NOT_APPLICABLE,2,0,0,1,1,taxonomy_device=2;title_accessory=1;conflict,Compatible with Stylo 4 Plus - Premium Sound Earbuds Hands-Free Earphones w Mic Metal Headphones Headset in-Ear Wired [3.5mm] [White] for LG Stylo 4 Plus,NISMobile,Earbud Headphones,Headphones & Earbuds,10,DEVICE,EARBUD_INEAR,标题描述可独立使用的完整耳机/耳塞设备，细分类目为 Earbud Headphones；判为 DEVICE；形态依据：标题含耳塞/入耳/开放式耳戴设备词，且其主体线索早于头戴式描述。 原自动标签为 AMBIGUOUS，本次以商品主体语义和类目复核后更正。
B07ZFSBZLG,ACCESSORY,0.995,NOT_APPLICABLE,0,2,0,1,0,taxonomy_accessory=2;title_accessory=1,"CTYBB for Airpod Case,Silicone Airpods Case Cover with Fur Ball Keychain Compatible with Apple Airpods 2/1 (Front LED Visible) Alaskan Blue",CTYBB,Cases,Cases,25376,ACCESSORY,NOT_APPLICABLE,标题明确为保护壳/收纳配件，不是可独立使用的完整耳机；细分类目 Cases 与此一致；判为 ACCESSORY。
B000M23HVU,AMBIGUOUS,0.5,NOT_APPLICABLE,0,0,0,0,0,insufficient_evidence,Nextel Cosmos VN250 ENV3 VX9200 VX-9200 RUMOR LX260 UX260 Accolade VX5600 I1 ENV2 VX-9100 W755 VOYAGER VX10K VX10000 Barrage V860 VX8300 VX-8300 Motorola OEm Cell Phone Hands-Free Headset (Silver) HS120 / CHYN4516A,CellularFactory,Headphones & Earbuds,Headphones & Earbuds,18,DEVICE,EARBUD_INEAR,标题描述可独立使用的完整耳机/耳塞设备，并含连接、声学或供电功能信息；判为 DEVICE；形态依据：标题语义为手机用单耳/免提蓝牙耳机或有线耳麦。 原自动标签为 AMBIGUOUS，本次以商品主体语义和类目复核后更正。
B073ZDYTX7,AMBIGUOUS,0.6,NOT_APPLICABLE,0,0,0,1,0,title_accessory=1,"Rainbow Unicorn Samsung G360 Case,Awin 3D Cute Kids Girls Cartoon Rainbow Unicorn Horse Animal Soft Silicone Rubber Case for Samsung Galaxy Core Prime G360 /J1 J100 2015 Release (Rainbow Unicorn)",Awin case,Headphones & Earbuds,Headphones & Earbuds,16,ACCESSORY,NOT_APPLICABLE,标题明确为保护壳/收纳配件，不是可独立使用的完整耳机；结合标题的兼容/替换关系判定；判为 ACCESSORY。 原自动标签为 AMBIGUOUS，本次以商品主体语义和类目复核后更正。
B06WW9C2QT,AMBIGUOUS,0.6,NOT_APPLICABLE,1,0,0,0,0,taxonomy_device=1,"Stouch Strap Compatible Airpods, Magnetic Strap Compatible Airpods iPhone 7 / iPhone 7 Plus AirPods Sports Strap Wire Cable Connector Compatible for Apple Airpods, Like a Necklace with Your AirPods.",Stouchi,"Headphones, Earbuds & Accessories",,58,ACCESSORY,NOT_APPLICABLE,标题明确为线缆/转接配件，不是可独立使用的完整耳机；结合标题的兼容/替换关系判定；判为 ACCESSORY。 原自动标签为 AMBIGUOUS，本次以商品主体语义和类目复核后更正。
B00Y167WXC,AMBIGUOUS,0.5,NOT_APPLICABLE,0,0,0,0,0,insufficient_evidence,Florida Gators Pretty in Pink Tshirt (Medium),,Headphones & Earbuds,Headphones & Earbuds,6,AMBIGUOUS,NOT_APPLICABLE,needs_review: 标题“Florida Gators Pretty in Pink Tshirt (Medium)”未描述完整耳机或明确耳机配件，且与类目“Headphones & Earbuds”不一致/信息残缺；保留 AMBIGUOUS，不强行归类。
B082SLT38T,ACCESSORY,0.995,NOT_APPLICABLE,0,2,0,1,0,taxonomy_accessory=2;title_accessory=1,"CTYBB for Airpod Case,Silicone Airpods Case Cover with Fur Ball Keychain Compatible with Apple Airpods 2/1 (Front LED Visible) Black",CTYBB,Cases,Cases,24859,ACCESSORY,NOT_APPLICABLE,标题明确为保护壳/收纳配件，不是可独立使用的完整耳机；细分类目 Cases 与此一致；判为 ACCESSORY。
B0C235B94P,DEVICE,0.98,EARBUD_INEAR,2,0,0,0,0,taxonomy_device=2,Apple AirPods Pro (Renewed),Amazon Renewed,Earbud Headphones,Headphones & Earbuds,17372,DEVICE,EARBUD_INEAR,标题描述可独立使用的完整耳机/耳塞设备，细分类目为 Earbud Headphones；判为 DEVICE；形态依据：标题含耳塞/入耳/开放式耳戴设备词，且其主体线索早于头戴式描述。
B00LIAQ9QK,DEVICE,0.98,EARBUD_INEAR,2,0,0,0,0,taxonomy_device=2,Tok Tok Designs 25 Quantity Pack - goBulk Stereo Earbud (Neodymium Speaker),Tok Tok Designs,Earbud Headphones,Headphones & Earbuds,24,DEVICE,EARBUD_INEAR,标题描述可独立使用的完整耳机/耳塞设备，细分类目为 Earbud Headphones；判为 DEVICE；形态依据：标题含耳塞/入耳/开放式耳戴设备词，且其主体线索早于头戴式描述。
B07T6GWDGR,ACCESSORY,0.995,NOT_APPLICABLE,0,2,0,1,0,taxonomy_accessory=2;title_accessory=1,"Hamile Cover Compatible with AirPods Case, Soft Silicone Protective Covers Skin (Front LED Visible) Designed for Airpod 2/ AirPod 1 Cases with Keychain Accessories, Women Girls Men Boys,Milk Yellow",Hamile,Cases,Cases,36522,ACCESSORY,NOT_APPLICABLE,标题明确为保护壳/收纳配件，不是可独立使用的完整耳机；细分类目 Cases 与此一致；判为 ACCESSORY。
B083DLHYPN,ACCESSORY,0.995,NOT_APPLICABLE,0,2,0,1,0,taxonomy_accessory=2;title_accessory=1,"AirPods Pro Case, KMMIN Airpods Pro Case Protective Cover 2020 Upgraded Silicone Case Fits AirPods Pro with Accessories Dust-Proof Scratch-Proof, Wireless Charging Available-Black (Purple)",Atemto,Cases,Cases,7,ACCESSORY,NOT_APPLICABLE,标题明确为保护壳/收纳配件，不是可独立使用的完整耳机；细分类目 Cases 与此一致；判为 ACCESSORY。
B004Y3XOIY,AMBIGUOUS,0.5,NOT_APPLICABLE,0,0,0,0,0,insufficient_evidence,Scosche HP153MD Increased Dynamic Range Earphone with Volume and Mic (Discontinued by Manufacturer),Scosche,Headphones & Earbuds,Headphones & Earbuds,15,DEVICE,EARBUD_INEAR,标题描述可独立使用的完整耳机/耳塞设备，并含连接、声学或供电功能信息；判为 DEVICE；形态依据：标题含耳塞/耳机式耳戴设备词，未出现相冲突的头戴形态描述。 原自动标签为 AMBIGUOUS，本次以商品主体语义和类目复核后更正。
B081DRN2B6,ACCESSORY,0.995,NOT_APPLICABLE,0,2,0,2,0,taxonomy_accessory=2;title_accessory=2,"Lerobo Compatible with AirPods Pro Case Cover, Full Protective Shockproof Washable Silicone Skin Cover Case for Airpods pro Supports Wireless Charging with Carabiner Front LED Visible,Navy Blue",Lerobo,Cases,Cases,15065,ACCESSORY,NOT_APPLICABLE,标题明确为保护壳/收纳配件，不是可独立使用的完整耳机；细分类目 Cases 与此一致；判为 ACCESSORY。
B09YV9YG5J,DEVICE,0.955,EARBUD_INEAR,2,0,2,1,1,taxonomy_device=2;title_device=2;title_accessory=1;conflict,OKEEFE Bluetooth Headphones 48Hrs Playback Wireless Earbuds with Wireless Charging Case and Earhooks Over Ear Waterproof Earphones with Mic for Sports Running Workout iOS Android TV Phone Purple,OKEEFE,Earbud Headphones,Headphones & Earbuds,11104,DEVICE,EARBUD_INEAR,标题主体是完整耳机，后列保护壳/线缆/支架等随附配件（套装不改变主体标签）；判为 DEVICE；形态依据：标题含耳塞/入耳/开放式耳戴设备词，且其主体线索早于头戴式描述。
B09GVGGZTT,ACCESSORY,0.995,NOT_APPLICABLE,0,2,0,3,0,taxonomy_accessory=2;title_accessory=3,"PROKTH Case for Nothing Ear(1) Earbuds, Silicone Earphones Case, Lightweight Protective Cover for Nothing Ear(1) Earbuds",PROKTH,Cases,Cases,19,ACCESSORY,NOT_APPLICABLE,标题明确为保护壳/收纳配件，不是可独立使用的完整耳机；细分类目 Cases 与此一致；判为 ACCESSORY。
B07RQRX7RW,DEVICE,0.995,EARBUD_INEAR,2,0,2,0,0,taxonomy_device=2;title_device=2,"HAYLOU True Wireless Earbuds, GT1 Bluetooth 5.0 Sports HD Stereo Touch Control Ear Buds with IPX5 Waterproof/Fast Connection/Mini Case(Only 30g)/Total 12H Playtime (Black)",HAYLOU,Earbud Headphones,Headphones & Earbuds,12255,DEVICE,EARBUD_INEAR,标题主体是完整耳机，后列保护壳/线缆/支架等随附配件（套装不改变主体标签）；判为 DEVICE；形态依据：标题含耳塞/入耳/开放式耳戴设备词，且其主体线索早于头戴式描述。
B00D75AB6I,DEVICE,0.995,EARBUD_INEAR,2,0,1,0,0,taxonomy_device=2;title_device=1,Sennheiser Cx 180 Street Ii in-Ear Headphone Black,Sennheiser,Earbud Headphones,Headphones & Earbuds,62456,DEVICE,EARBUD_INEAR,标题描述可独立使用的完整耳机/耳塞设备，细分类目为 Earbud Headphones；判为 DEVICE；形态依据：标题含耳塞/入耳/开放式耳戴设备词，且其主体线索早于头戴式描述。
B00JEPYRL0,AMBIGUOUS,0.6,NOT_APPLICABLE,1,0,0,1,1,taxonomy_device=1;title_accessory=1;conflict,Replacement Audio Cable Cord for BOSE AE2 AE2i AE2w Headphones With IT IS Logo Headphone Cable Cord Clip,It is,"Headphones, Earbuds & Accessories",,585,ACCESSORY,NOT_APPLICABLE,标题明确为线缆/转接配件，不是可独立使用的完整耳机；结合标题的兼容/替换关系判定；判为 ACCESSORY。 原自动标签为 AMBIGUOUS，本次以商品主体语义和类目复核后更正。
B08TRV6KXT,AMBIGUOUS,0.6,NOT_APPLICABLE,2,0,0,1,1,taxonomy_device=2;title_accessory=1;conflict,"Gabba Goods Bluetooth Stereo Earbuds Truebds Elite, with Travel Charging case, Built-in mic and up to 8 Hours of plying time",Gabba Goods,Earbud Headphones,Headphones & Earbuds,15,DEVICE,EARBUD_INEAR,标题主体是完整耳机，后列保护壳/线缆/支架等随附配件（套装不改变主体标签）；判为 DEVICE；形态依据：标题含耳塞/入耳/开放式耳戴设备词，且其主体线索早于头戴式描述。 原自动标签为 AMBIGUOUS，本次以商品主体语义和类目复核后更正。
B083Y256TY,AMBIGUOUS,0.6,NOT_APPLICABLE,2,0,1,1,1,taxonomy_device=2;title_device=1;title_accessory=1;conflict,Arylic True Wireless Bluetooth 5.0 Low Latency HiFi Stereo Game Earbuds with Large Battery Capaticy Charging Case and Mic M500,Arylic,Earbud Headphones,Headphones & Earbuds,5,DEVICE,EARBUD_INEAR,标题主体是完整耳机，后列保护壳/线缆/支架等随附配件（套装不改变主体标签）；判为 DEVICE；形态依据：标题含耳塞/入耳/开放式耳戴设备词，且其主体线索早于头戴式描述。 原自动标签为 AMBIGUOUS，本次以商品主体语义和类目复核后更正。
B0050UNO44,AMBIGUOUS,0.5,NOT_APPLICABLE,0,0,0,0,0,insufficient_evidence,Bionic Ear - 100 Meters Sound Distance + Quality Headphone,Niceeshop,Headphones & Earbuds,Headphones & Earbuds,1,DEVICE,NEEDS_REVIEW,needs_review: 可确认商品包含/属于完整音频耳机，但现有标题及可得资料不足或相互矛盾，无法可靠区分入耳、压耳和包耳；判为 DEVICE / NEEDS_REVIEW。 原自动标签为 AMBIGUOUS，本次复核后更正。
B0CCLR6GCC,DEVICE,0.985,EARBUD_INEAR,2,0,4,1,1,taxonomy_device=2;title_device=4;title_accessory=1;conflict,Jicjocy Wireless Earbuds Active Noise Cancelling Bluetooth Earbuds Stereo Clear Calls Wireless Ear Buds in-Ear Headphones with Charging Case LED Display Waterproof Earphones for Sports Work (White),Jicjocy,Earbud Headphones,Headphones & Earbuds,156,DEVICE,EARBUD_INEAR,标题主体是完整耳机，后列保护壳/线缆/支架等随附配件（套装不改变主体标签）；判为 DEVICE；形态依据：标题含耳塞/入耳/开放式耳戴设备词，且其主体线索早于头戴式描述。
B0C68MFDN2,DEVICE,0.98,EARBUD_INEAR,2,0,0,0,0,taxonomy_device=2,CTEX 2 Packs Earbuds for Headphones Wired Earphones,CTEX,Earbud Headphones,Headphones & Earbuds,52,DEVICE,EARBUD_INEAR,标题描述可独立使用的完整耳机/耳塞设备，细分类目为 Earbud Headphones；判为 DEVICE；形态依据：标题含耳塞/入耳/开放式耳戴设备词，且其主体线索早于头戴式描述。
B014DYJ67Q,DEVICE,0.98,EARBUD_INEAR,2,0,0,0,0,taxonomy_device=2,"SAMSUNG (2 Pack) OEM Wired 3.5mm White Headset with Microphone, Volume Control, and Call Answer End Button [EO-EG920BW] for SAMSUNG Galaxy S6 Edge+ / S5, Galaxy Note 5/4 / Edge (Bulk Packaging)",SAMSUNG,Earbud Headphones,Headphones & Earbuds,11299,DEVICE,EARBUD_INEAR,标题主体是完整耳机，后列保护壳/线缆/支架等随附配件（套装不改变主体标签）；判为 DEVICE；形态依据：细分类目为 Earbud Headphones。
B0BZSP3Y1G,AMBIGUOUS,0.6,NOT_APPLICABLE,2,0,1,1,1,taxonomy_device=2;title_device=1;title_accessory=1;conflict,"Jirtec Sports Pro Wireless Earbuds Bluetooth 5.3 Headphones | 120hrs Playtime with Charging Case LED Battery Display | Waterproof Stereo Over-Ear Earphones | Ear Hooks for Running, Sport, Gym Workout",Jirtec,Earbud Headphones,Headphones & Earbuds,48,DEVICE,EARBUD_INEAR,标题主体是完整耳机，后列保护壳/线缆/支架等随附配件（套装不改变主体标签）；判为 DEVICE；形态依据：标题含耳塞/入耳/开放式耳戴设备词，且其主体线索早于头戴式描述。 原自动标签为 AMBIGUOUS，本次以商品主体语义和类目复核后更正。
B0749PSTN1,ACCESSORY,0.94,NOT_APPLICABLE,0,2,1,0,1,taxonomy_accessory=2;title_device=1;conflict,Memory Foam Protein Leather Ear Pads Earbuds Cushion Replacement for Beats SOLO 2 / 3 Wireless On Ear Headphones ONLY (Black),Maibai,Earpads,Earpads,4,ACCESSORY,NOT_APPLICABLE,标题明确为替换耳垫/耳罩，不是可独立使用的完整耳机；细分类目 Earpads 与此一致；判为 ACCESSORY。
B01MY4R4NX,AMBIGUOUS,0.6,NOT_APPLICABLE,2,0,0,1,1,taxonomy_device=2;title_accessory=1;conflict,"TOMANTEK TK-EM203 Earphones Headphones, High Definition, in-ear, Tangle Free, Noise Isolating with Microphone & 3.5mm Cable for iPhone, iPod, iPad, MP3 Players, Samsung Galaxy etc, Silver",TOMANTEK,Earbud Headphones,Headphones & Earbuds,4,DEVICE,EARBUD_INEAR,标题主体是完整耳机，后列保护壳/线缆/支架等随附配件（套装不改变主体标签）；判为 DEVICE；形态依据：标题含耳塞/入耳/开放式耳戴设备词，且其主体线索早于头戴式描述。 原自动标签为 AMBIGUOUS，本次以商品主体语义和类目复核后更正。
B002RWJGXQ,AMBIGUOUS,0.5,NOT_APPLICABLE,0,0,0,0,0,insufficient_evidence,"Pineapple's Rumble X Vibrating earphone, Ultimate Gaming, Movie watching - White",PineappleClothing,Headphones & Earbuds,Headphones & Earbuds,4,DEVICE,EARBUD_INEAR,标题/型号表明是入耳耳塞、手机单耳蓝牙耳机、运动耳机或随身耳塞系统；判为 DEVICE / EARBUD_INEAR。 原自动标签为 AMBIGUOUS，本次复核后更正。
B09CL8ZWDK,DEVICE,0.985,EARBUD_INEAR,2,0,3,1,1,taxonomy_device=2;title_device=3;title_accessory=1;conflict,"Hntmao True Wireless Earbuds, IPX7 Waterproof Bluetooth Earbuds, 30H Cyclic Playtime Headphones with Charging Case and mic for iPhone Android, in-Ear Stereo Earphones Headset for Sport Grey",Hntmao,Earbud Headphones,Headphones & Earbuds,26,DEVICE,EARBUD_INEAR,标题主体是完整耳机，后列保护壳/线缆/支架等随附配件（套装不改变主体标签）；判为 DEVICE；形态依据：标题含耳塞/入耳/开放式耳戴设备词，且其主体线索早于头戴式描述。
B085NL5Y39,ACCESSORY,0.995,NOT_APPLICABLE,0,2,1,2,1,taxonomy_accessory=2;title_device=1;title_accessory=2;conflict,WERJIA Hard EVA Travel Case for Sony Wi-Xb400/Wi-C200/ WI-C310 Wireless in-Ear Headphones. Earphone Carrying Case MP3 Player Case Headphone Small Storage Pouch,WERJIA,Cases,Cases,36,ACCESSORY,NOT_APPLICABLE,标题明确为保护壳/收纳配件，不是可独立使用的完整耳机；细分类目 Cases 与此一致；判为 ACCESSORY。
B0785GFTW8,DEVICE,0.98,OVER_EAR,2,0,0,0,0,taxonomy_device=2,"Turcom Over Ear Wired Gaming Headphones, DJ-Style Monitor Headphone, Stereo Studio Sound 50 mm drivers and 100 dB, Lightweight Adjustable Professional Headset with Microphone Auxiliary Cable (TS-823)",Turcom,Over-Ear Headphones,Headphones & Earbuds,44,DEVICE,OVER_EAR,标题主体是完整耳机，后列保护壳/线缆/支架等随附配件（套装不改变主体标签）；判为 DEVICE；形态依据：标题明确为 over-ear/around-ear/full-size，且该形态是最先出现的主体描述。
B0151741AQ,ACCESSORY,0.98,NOT_APPLICABLE,0,2,0,0,0,taxonomy_accessory=2,Cosmos Set of 5 Premium Gray Travel Carry Drawstring Headphones Pouch Bag (Gray Color),Cosmos,Cases,Cases,88,ACCESSORY,NOT_APPLICABLE,标题主体是替换件、线缆/收纳件、蓝牙接收件、头盔扬声器套件或手机外接听筒，并非完整耳机；判为 ACCESSORY。
B073PV5YHL,ACCESSORY,0.98,NOT_APPLICABLE,0,2,0,0,0,taxonomy_accessory=2,"Digital Voice Recorder,Activated Sound Audio Recorder Dictaphone",lifecolor,Earpads,Earpads,1,ACCESSORY,NOT_APPLICABLE,标题明确为替换耳垫/耳罩，不是可独立使用的完整耳机；细分类目 Earpads 与此一致；判为 ACCESSORY。
B006C230V6,AMBIGUOUS,0.6,NOT_APPLICABLE,1,0,0,0,0,taxonomy_device=1,Your Cable Store 6 Foot 2.5mm Stereo IR Remote/Camera Cable Male/Male,Your Cable Store,"Headphones, Earbuds & Accessories",,1,ACCESSORY,NOT_APPLICABLE,标题主体是替换件、线缆/收纳件、蓝牙接收件、头盔扬声器套件或手机外接听筒，并非完整耳机；判为 ACCESSORY。 原自动标签为 AMBIGUOUS，本次复核后更正。
B082Y6TQLX,ACCESSORY,0.98,NOT_APPLICABLE,0,2,0,0,0,taxonomy_accessory=2,Youkamoo 4.4mm to 4 pin XLR Female Balanced Headphone Audio Headphone 8 Core Silver Plated Adapter Cable 15CM [ 4.4mm Balanced 5 Pole Male ] Male to Female,Youkamoo,Adapters,Adapters,38,ACCESSORY,NOT_APPLICABLE,标题明确为线缆/转接配件，不是可独立使用的完整耳机；细分类目 Adapters 与此一致；判为 ACCESSORY。
B08RTN8KZC,DEVICE,0.98,EARBUD_INEAR,2,0,0,0,0,taxonomy_device=2,"1MORE Triple Driver In-Ear Earphones Hi-Res Headphones with High Resolution, Bass Driven Sound, MEMS Mic, In-Line Remote, High Fidelity for Smartphones/PC/Tablet - Silver",1MORE,Earbud Headphones,Headphones & Earbuds,11913,DEVICE,EARBUD_INEAR,标题描述可独立使用的完整耳机/耳塞设备，细分类目为 Earbud Headphones；判为 DEVICE；形态依据：标题含耳塞/入耳/开放式耳戴设备词，且其主体线索早于头戴式描述。
B071DS8W3P,AMBIGUOUS,0.5,NOT_APPLICABLE,0,0,0,0,0,insufficient_evidence,Graduation Party Favor Decorative Stickers/Labels for Hershey's Kisses (Red & White),Kawayy,Headphones & Earbuds,Headphones & Earbuds,5,AMBIGUOUS,NOT_APPLICABLE,needs_review: 标题“Graduation Party Favor Decorative Stickers/Labels for Hershey's Kisses (Red & White)”未描述完整耳机或明确耳机配件，且与类目“Headphones & Earbuds”不一致/信息残缺；保留 AMBIGUOUS，不强行归类。
B01GYBY5RM,ACCESSORY,0.94,NOT_APPLICABLE,0,2,1,0,1,taxonomy_accessory=2;title_device=1;conflict,audio-technica in-Ear Headphone case AT-HPP300 SV,Audio-Technica,Cases,Cases,1,ACCESSORY,NOT_APPLICABLE,标题明确为保护壳/收纳配件，不是可独立使用的完整耳机；细分类目 Cases 与此一致；判为 ACCESSORY。
B08H52NP67,AMBIGUOUS,0.6,NOT_APPLICABLE,2,0,1,1,1,taxonomy_device=2;title_device=1;title_accessory=1;conflict,"Wireless Earbuds Bluetooth 5.0 Headphones with Digital Intelligence LED Display Charging Case, 35Hrs Playtime Stereo Sound, IPX5 Waterproof, Headsets with Built-in Microphone for Sports, Work, Home",LEZII,Earbud Headphones,Headphones & Earbuds,74,DEVICE,EARBUD_INEAR,标题主体是完整耳机，后列保护壳/线缆/支架等随附配件（套装不改变主体标签）；判为 DEVICE；形态依据：标题含耳塞/入耳/开放式耳戴设备词，且其主体线索早于头戴式描述。 原自动标签为 AMBIGUOUS，本次以商品主体语义和类目复核后更正。
B00405GNPC,AMBIGUOUS,0.6,NOT_APPLICABLE,0,0,1,0,0,title_device=1,GTMax Black 3.5mm Metal Stereo Headset Handsfree Soft Gel Earbud with Microphone for AT&T BlackBerry Torch 9800,Generic,Headphones & Earbuds,Headphones & Earbuds,3,DEVICE,EARBUD_INEAR,标题主体是完整耳机，后列保护壳/线缆/支架等随附配件（套装不改变主体标签）；判为 DEVICE；形态依据：标题含耳塞/入耳/开放式耳戴设备词，且其主体线索早于头戴式描述。 原自动标签为 AMBIGUOUS，本次以商品主体语义和类目复核后更正。
B09FX3WFGF,DEVICE,0.995,ON_EAR,2,0,1,0,0,taxonomy_device=2;title_device=1,JBL Tune 660NC: Wireless On-Ear Headphones with Active Noise Cancellation - Black (Renewed),Amazon Renewed,On-Ear Headphones,Headphones & Earbuds,127,DEVICE,ON_EAR,标题描述可独立使用的完整耳机/耳塞设备，细分类目为 On-Ear Headphones；判为 DEVICE；形态依据：标题明确为 on-ear/supra-aural，或该形态是最先出现的主体描述。
B09TK6GV64,ACCESSORY,0.995,NOT_APPLICABLE,0,2,1,2,1,taxonomy_accessory=2;title_device=1;title_accessory=2;conflict,Pro Headphones Ear Cushions Replacement Earpads Compatible with Monster Beats by Dr Dre Pro Detox Over-Ear Headphones (Red),Saipomor,Earpads,Earpads,39,ACCESSORY,NOT_APPLICABLE,标题明确为替换耳垫/耳罩，不是可独立使用的完整耳机；细分类目 Earpads 与此一致；判为 ACCESSORY。
B003O7YB4M,AMBIGUOUS,0.5,NOT_APPLICABLE,0,0,0,0,0,insufficient_evidence,Universal Bluetooth Handsfree Headset for Motorola H700,sunvalleytek,Headphones & Earbuds,Headphones & Earbuds,4,DEVICE,EARBUD_INEAR,标题描述可独立使用的完整耳机/耳塞设备，并含连接、声学或供电功能信息；判为 DEVICE；形态依据：标题语义为手机用单耳/免提蓝牙耳机或有线耳麦。 原自动标签为 AMBIGUOUS，本次以商品主体语义和类目复核后更正。
B091TXJDPR,AMBIGUOUS,0.6,NOT_APPLICABLE,2,0,1,1,1,taxonomy_device=2;title_device=1;title_accessory=1;conflict,LeLerat Wireless Earbuds Bluetooth 5.0 Headphones Noise canceling Earphone Wireless with Charging Case 3D Stereo Earpods Auto Pairing Built-in Mic 24H Play Time Bluetooth Earplugs for iPhone/Android,LeLerat,Earbud Headphones,Headphones & Earbuds,33,DEVICE,EARBUD_INEAR,标题主体是完整耳机，后列保护壳/线缆/支架等随附配件（套装不改变主体标签）；判为 DEVICE；形态依据：标题含耳塞/入耳/开放式耳戴设备词，且其主体线索早于头戴式描述。 原自动标签为 AMBIGUOUS，本次以商品主体语义和类目复核后更正。
B00C6ACRPI,DEVICE,0.98,OVER_EAR,2,0,0,0,0,taxonomy_device=2,Bowers & Wilkins P3 Headphones - Blue/Grey,Bowers & Wilkins,Over-Ear Headphones,Headphones & Earbuds,39,DEVICE,OVER_EAR,标题描述可独立使用的完整耳机/耳塞设备，细分类目为 Over-Ear Headphones；判为 DEVICE；形态依据：细分类目为 Over-Ear Headphones。
B006LM6S16,AMBIGUOUS,0.6,NOT_APPLICABLE,0,0,1,1,1,title_device=1;title_accessory=1;conflict,"CASEBUDi White - Limited Edition - Small case for Your Earbuds, iPod Shuffle, iPhone Charger, Coins, or Small Bluetooth Headset",CASEBUDi,Headphones & Earbuds,Headphones & Earbuds,18,ACCESSORY,NOT_APPLICABLE,标题明确为保护壳/收纳配件，不是可独立使用的完整耳机；结合标题的兼容/替换关系判定；判为 ACCESSORY。 原自动标签为 AMBIGUOUS，本次以商品主体语义和类目复核后更正。
B01M5EUN6U,AMBIGUOUS,0.5,NOT_APPLICABLE,0,0,0,0,0,insufficient_evidence,"TOOKS Wireless SPORTEC BAND (FLEECE) Headphone Headband With Built-In Removable Headphones | Integrated Mic, Volume and Music/Call Control | Listen To Music and Handle Phone Calls Remotely",TOOKS,Headphones & Earbuds,Headphones & Earbuds,5,DEVICE,ON_EAR,标题描述可独立使用的完整耳机/耳塞设备，并含连接、声学或供电功能信息；判为 DEVICE；形态依据：标题为睡眠眼罩/头带/帽式扬声器，扬声单元贴耳佩戴。 原自动标签为 AMBIGUOUS，本次以商品主体语义和类目复核后更正。
B0B9JWWGQY,ACCESSORY,0.995,NOT_APPLICABLE,0,2,0,2,0,taxonomy_accessory=2;title_accessory=2,"YeLoveHaw Designed for AirPods 3 Case for Women Girls Men, Glitter Pearly-Lustre Pattern, Soft Cute Full Body Protective Cover with Pearl Shell Keychain for Airpods 3rd Generation 2021 (Colorful)",YeLoveHaw,Cases,Cases,29,ACCESSORY,NOT_APPLICABLE,标题明确为保护壳/收纳配件，不是可独立使用的完整耳机；细分类目 Cases 与此一致；判为 ACCESSORY。
B00QX13D36,AMBIGUOUS,0.6,NOT_APPLICABLE,2,0,0,1,1,taxonomy_device=2;title_accessory=1;conflict,"Galaxy S5 Case,S5 Case,&Uncle.Y Cute Owl Hybrid TPU Silicone Soft + PC Hard Plastic Bumper Back Protective Skin Case for Samsung Galaxy S5 I9600 Purple",Uncle.Y,Earbud Headphones,Headphones & Earbuds,95,ACCESSORY,NOT_APPLICABLE,标题明确为保护壳/收纳配件，不是可独立使用的完整耳机；结合标题的兼容/替换关系判定；判为 ACCESSORY。 原自动标签为 AMBIGUOUS，本次以商品主体语义和类目复核后更正。
B0833RK2XW,DEVICE,0.98,EARBUD_INEAR,2,0,0,0,0,taxonomy_device=2,Professional Metal Headphone in Ear Wired Earphone Heavy Bass Sound Quality Music Sport Headset Headsets with Built-in Microphone 3.5mm in-Ear Wired Earphone,Klacr,Earbud Headphones,Headphones & Earbuds,27,DEVICE,EARBUD_INEAR,标题主体是完整耳机，后列保护壳/线缆/支架等随附配件（套装不改变主体标签）；判为 DEVICE；形态依据：标题含耳塞/入耳/开放式耳戴设备词，且其主体线索早于头戴式描述。
B0BG2BF2WL,ACCESSORY,0.995,NOT_APPLICABLE,0,2,0,1,0,taxonomy_accessory=2;title_accessory=1,"OLEBAND Airpods Pro 2nd Generation Case 2022,Silicone Protective Cover with Cute Bracelet Keychain Accessories for Apple iPods Pro 2,for Women Girls,Green",OLEBAND,Cases,Cases,1,ACCESSORY,NOT_APPLICABLE,标题明确为保护壳/收纳配件，不是可独立使用的完整耳机；细分类目 Cases 与此一致；判为 ACCESSORY。
B0817JL1S1,ACCESSORY,0.995,NOT_APPLICABLE,0,2,0,2,0,taxonomy_accessory=2;title_accessory=2,"Ztotop Case for AirPods Pro 2019, Designed with Full Tough Silicone+Shock-Resistant Protective Cover, Front LED Visible, Durable Armor Case with Smooth Skin - Black",ZtotopCase,Cases,Cases,5601,ACCESSORY,NOT_APPLICABLE,标题明确为保护壳/收纳配件，不是可独立使用的完整耳机；细分类目 Cases 与此一致；判为 ACCESSORY。
B07D7799JY,AMBIGUOUS,0.6,NOT_APPLICABLE,2,0,0,1,1,taxonomy_device=2;title_accessory=1;conflict,2-Pack Premium Earphones/Earbuds/Headphones with Stereo Mic&Remote Control for Galaxy S7/S7 Edge and More Android Smartphones Compatible with 3.5 mm Headphone White,Generic,Earbud Headphones,Headphones & Earbuds,97,DEVICE,EARBUD_INEAR,标题描述可独立使用的完整耳机/耳塞设备，细分类目为 Earbud Headphones；判为 DEVICE；形态依据：标题含耳塞/入耳/开放式耳戴设备词，且其主体线索早于头戴式描述。 原自动标签为 AMBIGUOUS，本次以商品主体语义和类目复核后更正。
B09HSF6NXG,AMBIGUOUS,0.6,NOT_APPLICABLE,2,0,0,1,1,taxonomy_device=2;title_accessory=1;conflict,"Microsoft Xbox Series X 1TB SSD Video Game Console + 1 Wireless Gaming Controller, Black - 16GB GDDR6 RAM, 8X Cores Zen 2 CPU, RDNA 2 GPU, 4K UHD Blu-Ray, 8K HDR, 802.11AC WiFi - USB Extension Cable",Microsoft,Over-Ear Headphones,Headphones & Earbuds,4,ACCESSORY,NOT_APPLICABLE,标题明确为线缆/转接配件，不是可独立使用的完整耳机；结合标题的兼容/替换关系判定；判为 ACCESSORY。 原自动标签为 AMBIGUOUS，本次以商品主体语义和类目复核后更正。
B00Q7AR69U,AMBIGUOUS,0.5,NOT_APPLICABLE,0,0,0,0,0,insufficient_evidence,"Jabra PC and Smartphone Headphones with Active Environmental Noise Canceling, Mic - Evolve 80 - PC Compatible Softphones and Apps - Cisco Jabber, Webex, Skype, Dragon, Audio Streaming",Global Teck Worldwide,Headphones & Earbuds,Headphones & Earbuds,21,DEVICE,OVER_EAR,标题描述可独立使用的完整耳机/耳塞设备，并含连接、声学或供电功能信息；判为 DEVICE；形态依据：标题语义为带耳罩的游戏/办公/监听头戴式耳机。 原自动标签为 AMBIGUOUS，本次以商品主体语义和类目复核后更正。
B07SKLLYTW,AMBIGUOUS,0.6,NOT_APPLICABLE,2,0,0,1,1,taxonomy_device=2;title_accessory=1;conflict,Apple AirPods 2 with Charging Case - White (Renewed),Amazon Renewed,Earbud Headphones,Headphones & Earbuds,13642,DEVICE,EARBUD_INEAR,标题主体是完整耳机，后列保护壳/线缆/支架等随附配件（套装不改变主体标签）；判为 DEVICE；形态依据：标题含耳塞/入耳/开放式耳戴设备词，且其主体线索早于头戴式描述。 原自动标签为 AMBIGUOUS，本次以商品主体语义和类目复核后更正。
B01EP895Z8,AMBIGUOUS,0.5,NOT_APPLICABLE,2,0,1,2,1,taxonomy_device=2;title_device=1;title_accessory=2;conflict,Replacement Earpad Cushions for Sennheiser Momentum Over-Ear Headphone with ITIS Cable Clip (Brown),It is,Over-Ear Headphones,Headphones & Earbuds,2,ACCESSORY,NOT_APPLICABLE,标题明确为替换耳垫/耳罩，不是可独立使用的完整耳机；结合标题的兼容/替换关系判定；判为 ACCESSORY。 原自动标签为 AMBIGUOUS，本次以商品主体语义和类目复核后更正。
B07H3L7XBN,DEVICE,0.995,EARBUD_INEAR,2,0,1,0,0,taxonomy_device=2;title_device=1,"Arisen Phantom Metallic Bluetooth 4.1 Headphones, 11Hrs Playtime Magnetic Workout Wireless Earbuds HD Sound w/Bass, Sweatproof Running Sport Earphones with Mic for iPhone Samsung Android (Ore Grey)",ARISEN,Earbud Headphones,Headphones & Earbuds,19,DEVICE,EARBUD_INEAR,标题描述可独立使用的完整耳机/耳塞设备，细分类目为 Earbud Headphones；判为 DEVICE；形态依据：标题含耳塞/入耳/开放式耳戴设备词，且其主体线索早于头戴式描述。
B098MX1QKG,DEVICE,0.985,EARBUD_INEAR,2,0,4,1,1,taxonomy_device=2;title_device=4;title_accessory=1;conflict,"Jabra Elite Active 75t True Wireless Bluetooth Earbuds, Titanium Black – Wireless Earbuds for Running and Sport, Charging Case Included, Active Noise Cancelling Sport Earbuds (Renewed)",Amazon Renewed,Earbud Headphones,Headphones & Earbuds,53,DEVICE,EARBUD_INEAR,标题描述可独立使用的完整耳机/耳塞设备，细分类目为 Earbud Headphones；判为 DEVICE；形态依据：标题含耳塞/入耳/开放式耳戴设备词，且其主体线索早于头戴式描述。
B01MU1CBIY,DEVICE,0.98,OVER_EAR,2,0,0,0,0,taxonomy_device=2,eKids Marvel Guardians of The Galaxy Vol 2 Marvel Movie iHome Over The Ear Headphones with Built in Microphone,eKids,Over-Ear Headphones,Headphones & Earbuds,7,DEVICE,OVER_EAR,标题主体是完整耳机，后列保护壳/线缆/支架等随附配件（套装不改变主体标签）；判为 DEVICE；形态依据：标题明确为 over-ear/around-ear/full-size，且该形态是最先出现的主体描述。
B07G9CPZ3Z,AMBIGUOUS,0.5,NOT_APPLICABLE,0,0,0,0,0,insufficient_evidence,"Midi Ribbon Gingham Check Ribbon - 5/8"" X 25 Yards/Pack - Yellow",Midi Ribbon,Headphones & Earbuds,Headphones & Earbuds,1,AMBIGUOUS,NOT_APPLICABLE,"needs_review: 标题“Midi Ribbon Gingham Check Ribbon - 5/8"" X 25 Yards/Pack - Yellow”未描述完整耳机或明确耳机配件，且与类目“Headphones & Earbuds”不一致/信息残缺；保留 AMBIGUOUS，不强行归类。"
B082DNS4FD,ACCESSORY,0.98,NOT_APPLICABLE,0,2,0,0,0,taxonomy_accessory=2,Cable Matters Premium Braided USB C Audio Adapter Sound Card with 3.5mm Headphone Mic Combo Jack and 60W Charging for Laptop and Smartphone,Cable Matters,Adapters,Adapters,69,ACCESSORY,NOT_APPLICABLE,标题明确为线缆/转接配件，不是可独立使用的完整耳机；细分类目 Adapters 与此一致；判为 ACCESSORY。
B0179H8SDC,AMBIGUOUS,0.6,NOT_APPLICABLE,0,0,1,1,1,title_device=1;title_accessory=1;conflict,"Juboury Solace Battery Active Noise Canceling Over-Ear Headsets for iOS, Samsung Andorid Phones,Tablets,Portable Music Players,Laptop, PC, in-Flight Entertainment Devices with Carrying Case",Juboury,Headphones & Earbuds,Headphones & Earbuds,163,DEVICE,OVER_EAR,标题描述可独立使用的完整耳机/耳塞设备，并含连接、声学或供电功能信息；判为 DEVICE；形态依据：标题明确为 over-ear/around-ear/full-size，且该形态是最先出现的主体描述。 原自动标签为 AMBIGUOUS，本次以商品主体语义和类目复核后更正。
B09W24BTZY,DEVICE,0.995,EARBUD_INEAR,2,0,2,0,0,taxonomy_device=2;title_device=2,"Wireless Earbuds,Thohia Bluetooth Earphones Wireless Charging/Type-C, Hi-Fi Stereo&Silicone Ear-Cap,White Wireless Earphones Bluetooth, Bluetooth Earbuds for iPhone Android,Touch Control, 3 Modes",Thohia,Earbud Headphones,Headphones & Earbuds,68,DEVICE,EARBUD_INEAR,标题描述可独立使用的完整耳机/耳塞设备，细分类目为 Earbud Headphones；判为 DEVICE；形态依据：标题含耳塞/入耳/开放式耳戴设备词，且其主体线索早于头戴式描述。
B07Q2VFNFM,ACCESSORY,0.98,NOT_APPLICABLE,0,2,0,0,0,taxonomy_accessory=2,"Type C to 3.5mm Headphone Jack Adapter, ACCGUYS USB C to Aux Audio Dongle Cable Audio Jack Adapter Compatible with Samsung Galaxy S20 S20 Ultra S20+ S21 Note 20 10 S10, Pixel 2 3 4 XL",ACCGUYS,Adapters,Adapters,71,ACCESSORY,NOT_APPLICABLE,标题明确为线缆/转接配件，不是可独立使用的完整耳机；细分类目 Adapters 与此一致；判为 ACCESSORY。
B07VXDV8CY,ACCESSORY,0.98,NOT_APPLICABLE,0,2,0,0,0,taxonomy_accessory=2,Coffea Protective Silicone Case with Keychain for Apple AirPods 1 & 2 (Front LED Not Visible) Alaskan Blue,COFFEA,Cases,Cases,15101,ACCESSORY,NOT_APPLICABLE,标题明确为保护壳/收纳配件，不是可独立使用的完整耳机；细分类目 Cases 与此一致；判为 ACCESSORY。
B08B69PG8T,ACCESSORY,0.995,NOT_APPLICABLE,0,2,1,2,1,taxonomy_accessory=2;title_device=1;title_accessory=2;conflict,"Silicone Case Cover for Anker Air 2 Wireless Earbuds Case , GEEMEE Protective Silicone Case Cover Hard Carrying Travel Case for Anker Air2 Wireless Bluetooth Earphone Charger Case Accessories （Black）",GEEMEE,Cases,Cases,6,ACCESSORY,NOT_APPLICABLE,标题明确为保护壳/收纳配件，不是可独立使用的完整耳机；细分类目 Cases 与此一致；判为 ACCESSORY。
B08RCKF5TT,ACCESSORY,0.995,NOT_APPLICABLE,0,2,0,1,0,taxonomy_accessory=2;title_accessory=1,"elago AW5 Compatible with AirPods Case 1 & 2, Classic Game Player Design Case with Keychain, Durable Silicone Construction (Sand Pink) [US Patent Registered]",elago,Cases,Cases,16852,ACCESSORY,NOT_APPLICABLE,标题明确为保护壳/收纳配件，不是可独立使用的完整耳机；细分类目 Cases 与此一致；判为 ACCESSORY。
B07VHXK77N,AMBIGUOUS,0.6,NOT_APPLICABLE,2,0,1,1,1,taxonomy_device=2;title_device=1;title_accessory=1;conflict,"iFrogz Audio - Airtime TWS - Wireless Earbud and Charging Case - Black, 304003083",iFrogz,Earbud Headphones,Headphones & Earbuds,50,DEVICE,EARBUD_INEAR,标题描述可独立使用的完整耳机/耳塞设备，细分类目为 Earbud Headphones；判为 DEVICE；形态依据：标题含耳塞/入耳/开放式耳戴设备词，且其主体线索早于头戴式描述。 原自动标签为 AMBIGUOUS，本次以商品主体语义和类目复核后更正。
B089M9DCCR,AMBIGUOUS,0.5,NOT_APPLICABLE,0,0,0,0,0,insufficient_evidence,Compatible with iPhone 11 Case with Built-in 360° Rotatable Ring Holder Kickstand Supports Magnetic Car Mount Slim Shockproof for iPhone 11(6.1 Inch)-Rose glod,NICICASE,Headphones & Earbuds,Headphones & Earbuds,12,ACCESSORY,NOT_APPLICABLE,标题明确为保护壳/收纳配件，不是可独立使用的完整耳机；结合标题的兼容/替换关系判定；判为 ACCESSORY。 原自动标签为 AMBIGUOUS，本次以商品主体语义和类目复核后更正。
B0BQRB32GF,DEVICE,0.98,EARBUD_INEAR,2,0,0,0,0,taxonomy_device=2,"2 Pack Wired Earcups, Stereo Earphone with Microphone, Automatic Noise Reduction, Bass Surround, Suitable for All 3.5mm Interface Devices",Generic,Earbud Headphones,Headphones & Earbuds,8,DEVICE,EARBUD_INEAR,标题主体是完整耳机，后列保护壳/线缆/支架等随附配件（套装不改变主体标签）；判为 DEVICE；形态依据：标题含耳塞/耳机式耳戴设备词，未出现相冲突的头戴形态描述。
B07R8PR5YZ,AMBIGUOUS,0.6,NOT_APPLICABLE,2,0,1,1,1,taxonomy_device=2;title_device=1;title_accessory=1;conflict,"Picun Bluetooth Headphones Wireless Headphones Over Ear Hybrid HiFi Stereo Headset w/HD Mic, 4 Driver Units EQ Bass 40 Hours Playtime Soft Protein Earpads for Cellphone Gym Workout Home Office -Black",Picun,Earbud Headphones,Headphones & Earbuds,568,DEVICE,OVER_EAR,标题描述可独立使用的完整耳机/耳塞设备，细分类目为 Earbud Headphones；判为 DEVICE；形态依据：标题明确为 over-ear/around-ear/full-size，且该形态是最先出现的主体描述。 原自动标签为 AMBIGUOUS，本次以商品主体语义和类目复核后更正。
B093CWPWFC,ACCESSORY,0.995,NOT_APPLICABLE,0,2,0,3,0,taxonomy_accessory=2;title_accessory=3,"Twelve South AirSnap Twill | Protective Case/Cover with Loss Prevention Clip for AirPods & Wireless Charging Case for AirPods, Smoke Grey",Twelve South,Cases,Cases,110,ACCESSORY,NOT_APPLICABLE,标题明确为保护壳/收纳配件，不是可独立使用的完整耳机；细分类目 Cases 与此一致；判为 ACCESSORY。
B0B5ZJ8XR8,AMBIGUOUS,0.6,NOT_APPLICABLE,2,0,1,1,1,taxonomy_device=2;title_device=1;title_accessory=1;conflict,"Wireless Earbud Bluetooth 5.0 Headphones with Charging Case, IPX8 Waterproof, 3D Stereo Air Buds in-Ear Ear Buds Built-in Mic, Open Lid Auto Pairing for Android/Samsung/Apple iPhone - Black",IDAKODU,Earbud Headphones,Headphones & Earbuds,63,DEVICE,EARBUD_INEAR,标题主体是完整耳机，后列保护壳/线缆/支架等随附配件（套装不改变主体标签）；判为 DEVICE；形态依据：标题含耳塞/入耳/开放式耳戴设备词，且其主体线索早于头戴式描述。 原自动标签为 AMBIGUOUS，本次以商品主体语义和类目复核后更正。
B07RYNFR2B,ACCESSORY,0.995,NOT_APPLICABLE,0,2,0,2,0,taxonomy_accessory=2;title_accessory=2,"AirPods Case, Full Protective Silicone AirPods Accessories Cover Compatible with Apple AirPods 1&2 Wireless and Wired Charging Case(Front LED Visible),Matcha",SATLITOG,Cases,Cases,24347,ACCESSORY,NOT_APPLICABLE,标题明确为保护壳/收纳配件，不是可独立使用的完整耳机；细分类目 Cases 与此一致；判为 ACCESSORY。
B00DU4MR1I,ACCESSORY,0.98,NOT_APPLICABLE,0,2,0,0,0,taxonomy_accessory=2,Corelle Coordinates Twilight Grove Rectangular Tray,Corelle,Adapters,Adapters,9,ACCESSORY,NOT_APPLICABLE,标题明确为线缆/转接配件，不是可独立使用的完整耳机；细分类目 Adapters 与此一致；判为 ACCESSORY。
B0BZCPSL51,DEVICE,0.98,EARBUD_INEAR,2,0,0,0,0,taxonomy_device=2,"Bone Conduction Headphones, Open Ear Sports Wireless Earphones Bluetooth 5.0 with Built-in Mic for Running, Cycling, Hiking, Driving",Hot6sl,Earbud Headphones,Headphones & Earbuds,5,DEVICE,EARBUD_INEAR,标题描述可独立使用的完整耳机/耳塞设备，细分类目为 Earbud Headphones；判为 DEVICE；形态依据：标题含耳塞/入耳/开放式耳戴设备词，且其主体线索早于头戴式描述。
B095X5ZW48,DEVICE,0.995,EARBUD_INEAR,2,0,4,0,0,taxonomy_device=2;title_device=4,"NYZ Wireless Earbuds, [2022 Upgraded] True Wireless Bluetooth Headphones in-Ear Earphones HiFi Stereo Cordless Earbuds with Microphone for iPhone,Android,Windows (Space C1)",NYZ,Earbud Headphones,Headphones & Earbuds,12022,DEVICE,EARBUD_INEAR,标题主体是完整耳机，后列保护壳/线缆/支架等随附配件（套装不改变主体标签）；判为 DEVICE；形态依据：标题含耳塞/入耳/开放式耳戴设备词，且其主体线索早于头戴式描述。
B07FPG94RP,AMBIGUOUS,0.6,NOT_APPLICABLE,2,0,1,1,1,taxonomy_device=2;title_device=1;title_accessory=1;conflict,PASONOMI Bluetooth Earbuds Wireless Headphones Bluetooth Headset Wireless Earphones IPX7 Waterproof Bluetooth 5.0 Stereo Hi-Fi Sound with 2200mA Charging Case [2019 Version] (Black),PASONOMI,Earbud Headphones,Headphones & Earbuds,8696,DEVICE,EARBUD_INEAR,标题主体是完整耳机，后列保护壳/线缆/支架等随附配件（套装不改变主体标签）；判为 DEVICE；形态依据：标题含耳塞/入耳/开放式耳戴设备词，且其主体线索早于头戴式描述。 原自动标签为 AMBIGUOUS，本次以商品主体语义和类目复核后更正。
B0046CHCB8,AMBIGUOUS,0.6,NOT_APPLICABLE,0,0,1,0,0,title_device=1,Cobra 2:1 Mono and Stereo Bluetooth Headset with Streaming Music Capability - Bluetooth Headset - Retail Packaging - Black,Cobra,Headphones & Earbuds,Headphones & Earbuds,6,DEVICE,EARBUD_INEAR,标题描述可独立使用的完整耳机/耳塞设备，并含连接、声学或供电功能信息；判为 DEVICE；形态依据：标题语义为手机用单耳/免提蓝牙耳机或有线耳麦。 原自动标签为 AMBIGUOUS，本次以商品主体语义和类目复核后更正。
B08CRD8PH3,ACCESSORY,0.995,NOT_APPLICABLE,0,2,0,1,0,taxonomy_accessory=2;title_accessory=1,"CTYBB for Airpod Case,Silicone Airpods Case Cover with Fur Ball Keychain Compatible with Apple Airpods 2/1 (Front LED Visible) Rainbow",CTYBB,Cases,Cases,25374,ACCESSORY,NOT_APPLICABLE,标题明确为保护壳/收纳配件，不是可独立使用的完整耳机；细分类目 Cases 与此一致；判为 ACCESSORY。
B0BMPKQQN1,DEVICE,0.955,EARBUD_INEAR,2,0,2,1,1,taxonomy_device=2;title_device=2;title_accessory=1;conflict,"FOF Bluetooth 5.3 True Wireless Earbuds, ENC Noise Cancelling in-Ear Earphones with 4 Microphones, 50H Endurance TWS Headset with LED Power Display Charging Case(500mAh), IPX6 Waterproof, Dual Mode",FOF,Earbud Headphones,Headphones & Earbuds,8,DEVICE,EARBUD_INEAR,标题主体是完整耳机，后列保护壳/线缆/支架等随附配件（套装不改变主体标签）；判为 DEVICE；形态依据：标题含耳塞/入耳/开放式耳戴设备词，且其主体线索早于头戴式描述。
B08CRCJHRM,ACCESSORY,0.995,NOT_APPLICABLE,0,2,0,1,0,taxonomy_accessory=2;title_accessory=1,"CTYBB for Airpod Case,Silicone Airpods Case Cover with Fur Ball Keychain Compatible with Apple Airpods 2/1 (Front LED Visible) Blue",CTYBB,Cases,Cases,24859,ACCESSORY,NOT_APPLICABLE,标题明确为保护壳/收纳配件，不是可独立使用的完整耳机；细分类目 Cases 与此一致；判为 ACCESSORY。
B010JQJ3VQ,AMBIGUOUS,0.5,NOT_APPLICABLE,0,0,0,0,0,insufficient_evidence,MFi Certified Cable 3FT 3FT 6FT 10FT Nylon Protable Braided USB Fast Charging& Syncing Cord Compatible Charger XS/MAX/XR/8/8 Plus/ 7/7 Plus/6s/67s Plus,Voolibbear,Headphones & Earbuds,Headphones & Earbuds,1,ACCESSORY,NOT_APPLICABLE,标题明确为线缆/转接配件，不是可独立使用的完整耳机；结合标题的兼容/替换关系判定；判为 ACCESSORY。 原自动标签为 AMBIGUOUS，本次以商品主体语义和类目复核后更正。
B00M53UTWY,AMBIGUOUS,0.5,NOT_APPLICABLE,0,0,0,0,0,insufficient_evidence,Cobra PhoneLynx Bluetooth Cell to Home Phone Connection System (BT 215),Cobra,Headphones & Earbuds,Headphones & Earbuds,649,AMBIGUOUS,NOT_APPLICABLE,needs_review: 标题“Cobra PhoneLynx Bluetooth Cell to Home Phone Connection System (BT 215)”未描述完整耳机或明确耳机配件，且与类目“Headphones & Earbuds”不一致/信息残缺；保留 AMBIGUOUS，不强行归类。
B08MWWNGYG,DEVICE,0.955,EARBUD_INEAR,2,0,2,1,1,taxonomy_device=2;title_device=2;title_accessory=1;conflict,"SAMSUNG Galaxy Buds Pro, Bluetooth Earbuds, True Wireless, Noise Cancelling, Charging Case, Quality Sound, Water Resistant, Phantom Silver (US Version)",SAMSUNG,Earbud Headphones,Headphones & Earbuds,4629,DEVICE,EARBUD_INEAR,标题描述可独立使用的完整耳机/耳塞设备，细分类目为 Earbud Headphones；判为 DEVICE；形态依据：标题含耳塞/入耳/开放式耳戴设备词，且其主体线索早于头戴式描述。
B000S0THPG,AMBIGUOUS,0.6,NOT_APPLICABLE,0,0,1,0,0,title_device=1,LG Electronics HBM-730 Bluetooth Headset,LG,Headphones & Earbuds,Headphones & Earbuds,3,DEVICE,EARBUD_INEAR,标题描述可独立使用的完整耳机/耳塞设备，并含连接、声学或供电功能信息；判为 DEVICE；形态依据：标题语义为手机用单耳/免提蓝牙耳机或有线耳麦。 原自动标签为 AMBIGUOUS，本次以商品主体语义和类目复核后更正。
B0BSLYLP42,DEVICE,0.985,EARBUD_INEAR,2,0,4,1,1,taxonomy_device=2;title_device=4;title_accessory=1;conflict,Wireless Earbuds Bluetooth Headphones 60H Playtime Ear Buds with LED Power Display Charging Case Earphones in-Ear Earbud with Microphone for Android Cell Phone Gaming Computer Laptop Sport Black,ZINGBIRD,Earbud Headphones,Headphones & Earbuds,3623,DEVICE,EARBUD_INEAR,标题主体是完整耳机，后列保护壳/线缆/支架等随附配件（套装不改变主体标签）；判为 DEVICE；形态依据：标题含耳塞/入耳/开放式耳戴设备词，且其主体线索早于头戴式描述。
B074H3F7PX,ACCESSORY,0.995,NOT_APPLICABLE,0,2,0,2,0,taxonomy_accessory=2;title_accessory=2,"Headphones Case 6 Pack, Multifunction Protective Hard Travel Carrying Case, Portable Storage Bag for Wireless Wired Headset Earphone Earbuds",SHAREWIN,Cases,Cases,1,ACCESSORY,NOT_APPLICABLE,标题明确为保护壳/收纳配件，不是可独立使用的完整耳机；细分类目 Cases 与此一致；判为 ACCESSORY。
B07C97R2NY,AMBIGUOUS,0.5,NOT_APPLICABLE,0,2,2,0,1,taxonomy_accessory=2;title_device=2;conflict,"6amLifestyle Universal Gaming Headset Headphone Hook Stand Hanger Holder Mount, Under Desk On Over Ear Headphones Desk Clamp for All Headphones, White",6amLifestyle,Cases,Cases,394,ACCESSORY,NOT_APPLICABLE,标题明确为保护壳/收纳配件，不是可独立使用的完整耳机；细分类目 Cases 与此一致；判为 ACCESSORY。 原自动标签为 AMBIGUOUS，本次以商品主体语义和类目复核后更正。
B0BKL752ZG,AMBIGUOUS,0.6,NOT_APPLICABLE,2,0,0,1,1,taxonomy_device=2;title_accessory=1;conflict,"Wireless Bluetooth 5.3 Ear-Mounted Sport Headphone, Charging Case Digital LED Intelligence Display, 9D Stereo HiFi Stereo,with Mic Waterproof Low Latency Headphone, for iOS Android",Generic,Earbud Headphones,Headphones & Earbuds,2,DEVICE,EARBUD_INEAR,标题描述可独立使用的完整耳机/耳塞设备，细分类目为 Earbud Headphones；判为 DEVICE；形态依据：细分类目为 Earbud Headphones。 原自动标签为 AMBIGUOUS，本次以商品主体语义和类目复核后更正。
B001U6PUCG,DEVICE,0.98,EARBUD_INEAR,2,0,0,0,0,taxonomy_device=2,Earbud Style High Fidelity Stereo headphones for iPod/Zune/Sansa/iPhone,CrazyOnDigital,Earbud Headphones,Headphones & Earbuds,5,DEVICE,EARBUD_INEAR,标题描述可独立使用的完整耳机/耳塞设备，细分类目为 Earbud Headphones；判为 DEVICE；形态依据：标题含耳塞/入耳/开放式耳戴设备词，且其主体线索早于头戴式描述。
B00X3GZDB4,AMBIGUOUS,0.6,NOT_APPLICABLE,1,0,0,0,0,taxonomy_device=1,"iLive Wireless Headphones - Wireless - Bluetooth, Black (IAHB16B)",iLive,"Headphones, Earbuds & Accessories",,7,DEVICE,ON_EAR,标题中的便携/折叠/儿童/头带式线索或核验到的厂商规格表明耳垫压在耳廓上；判为 DEVICE / ON_EAR。 原自动标签为 AMBIGUOUS，本次复核后更正。
B0B12M3MQK,AMBIGUOUS,0.6,NOT_APPLICABLE,2,0,0,1,1,taxonomy_device=2;title_accessory=1;conflict,"HeadponeMate Replacement Headband Cover for Parrot Zik, Zik 1.0, Zik 2.0 & Zik 3,0 Headphones",HeadphoneMate,Over-Ear Headphones,Headphones & Earbuds,1,ACCESSORY,NOT_APPLICABLE,标题明确为保护壳/收纳配件，不是可独立使用的完整耳机；结合标题的兼容/替换关系判定；判为 ACCESSORY。 原自动标签为 AMBIGUOUS，本次以商品主体语义和类目复核后更正。
B00Q5VBPDY,AMBIGUOUS,0.6,NOT_APPLICABLE,1,0,0,0,0,taxonomy_device=1,"AUSDOM Lightweight Wired Over-Ear HD Stereo Headset Sports Music Headphone Mic with a Microphone Headset Soft Leather Ear Cups, Stereo Gaming Headphone Headset with In-line Mic compatible for iPhone iPad Samsung PC (Green)",AUSDOM,"Headphones, Earbuds & Accessories",,177,DEVICE,OVER_EAR,标题主体是完整耳机，后列保护壳/线缆/支架等随附配件（套装不改变主体标签）；判为 DEVICE；形态依据：标题明确为 over-ear/around-ear/full-size，且该形态是最先出现的主体描述。 原自动标签为 AMBIGUOUS，本次以商品主体语义和类目复核后更正。
B07CL2VLVF,DEVICE,0.955,EARBUD_INEAR,2,0,2,1,1,taxonomy_device=2;title_device=2;title_accessory=1;conflict,"Crazybaby Air Nano True Wireless in-Ear Headphones Lightweight Mini Colorful TWS Bluetooth 5.0 Earbuds Sport Earphones Snug Fit, LED, Noise Isolation, Charging Case, Phone Control, Mic - Black",crazybaby,Earbud Headphones,Headphones & Earbuds,7,DEVICE,EARBUD_INEAR,标题描述可独立使用的完整耳机/耳塞设备，细分类目为 Earbud Headphones；判为 DEVICE；形态依据：标题含耳塞/入耳/开放式耳戴设备词，且其主体线索早于头戴式描述。
B01N015LGV,DEVICE,0.995,EARBUD_INEAR,2,0,1,0,0,taxonomy_device=2;title_device=1,"BearsFire Wireless Music Hat Beanie with Bluetooth Headphone Earphone Speaker Mic Hands-Free, Men Women Winter Warm Thick Skull Cap Outdoor Sport Running Knit Hat for Iphone Android Cell Phones",BearsFire,Earbud Headphones,Headphones & Earbuds,49,DEVICE,EARBUD_INEAR,标题描述可独立使用的完整耳机/耳塞设备，细分类目为 Earbud Headphones；判为 DEVICE；形态依据：标题含耳塞/耳机式耳戴设备词，未出现相冲突的头戴形态描述。
B0071369M2,DEVICE,0.98,EARBUD_INEAR,2,0,0,0,0,taxonomy_device=2,Skullcandy S2IKDY-133 Ink'd 2.0 Mic'd with Mic1,Skullcandy,Earbud Headphones,Headphones & Earbuds,11999,DEVICE,EARBUD_INEAR,标题/型号表明是入耳耳塞、手机单耳蓝牙耳机、运动耳机或随身耳塞系统；判为 DEVICE / EARBUD_INEAR。
B01A07ANMM,ACCESSORY,0.98,NOT_APPLICABLE,0,2,0,0,0,taxonomy_accessory=2,Qbcntu Dual Jack 2 in 1,Qbcntu,Adapters,Adapters,12,ACCESSORY,NOT_APPLICABLE,标题明确为线缆/转接配件，不是可独立使用的完整耳机；细分类目 Adapters 与此一致；判为 ACCESSORY。
B00HX98BA2,AMBIGUOUS,0.5,NOT_APPLICABLE,0,0,0,0,0,insufficient_evidence,"Skque 3.5mm USB Dancing Water Show LED Light Music Fountain Speaker For PC Laptop Cellphone MP3 MP4,WHITE",Skque,Headphones & Earbuds,Headphones & Earbuds,1,AMBIGUOUS,NOT_APPLICABLE,"needs_review: 标题“Skque 3.5mm USB Dancing Water Show LED Light Music Fountain Speaker For PC Laptop Cellphone MP3 MP4,WHITE”未描述完整耳机或明确耳机配件，且与类目“Headphones & Earbuds”不一致/信息残缺；保留 AMBIGUOUS，不强行归类。"
B084FZZLM1,AMBIGUOUS,0.6,NOT_APPLICABLE,2,0,0,1,1,taxonomy_device=2;title_accessory=1;conflict,Linsoul ThieAudio Voyager3 Triple Balanced Armatures 3BA in-Ear Earphones with Detachable Cable for Audiophile Musician,Linsoul,Earbud Headphones,Headphones & Earbuds,8,DEVICE,EARBUD_INEAR,标题主体是完整耳机，后列保护壳/线缆/支架等随附配件（套装不改变主体标签）；判为 DEVICE；形态依据：标题含耳塞/入耳/开放式耳戴设备词，且其主体线索早于头戴式描述。 原自动标签为 AMBIGUOUS，本次以商品主体语义和类目复核后更正。
B089KGTNRS,ACCESSORY,0.995,NOT_APPLICABLE,0,2,0,1,0,taxonomy_accessory=2;title_accessory=1,"i-Blason Duchess Series Designed for Airpods Pro Case, Full-Body Stylish Protective Case Cover Compatiable with Apple AirPods Pro (2019) (Gold)",i-Blason,Cases,Cases,212,ACCESSORY,NOT_APPLICABLE,标题明确为保护壳/收纳配件，不是可独立使用的完整耳机；细分类目 Cases 与此一致；判为 ACCESSORY。
B0B62FJF1J,DEVICE,0.995,EARBUD_INEAR,2,0,2,0,0,taxonomy_device=2;title_device=2,"Bose SoundSport, Wireless Earbuds, (Sweatproof Bluetooth Headphones for Running and Sports), Black",Bose,Earbud Headphones,Headphones & Earbuds,39355,DEVICE,EARBUD_INEAR,标题描述可独立使用的完整耳机/耳塞设备，细分类目为 Earbud Headphones；判为 DEVICE；形态依据：标题含耳塞/入耳/开放式耳戴设备词，且其主体线索早于头戴式描述。
B091TBH7QD,ACCESSORY,0.995,NOT_APPLICABLE,0,2,0,2,0,taxonomy_accessory=2;title_accessory=2,"Compatible with AirPods 3 Generation Case, Clip Full Body Shockproof Hard Shell Protective, Shock-Absorbing Protective Case, Carbon Fiber Case Cover with Keychain for AirPod 3 (2021), Gray",BENKS,Cases,Cases,9,ACCESSORY,NOT_APPLICABLE,标题明确为保护壳/收纳配件，不是可独立使用的完整耳机；细分类目 Cases 与此一致；判为 ACCESSORY。
B09JBJD3GX,DEVICE,0.955,EARBUD_INEAR,2,0,2,1,1,taxonomy_device=2;title_device=2;title_accessory=1;conflict,"Bytech iHome True Wireless Earbuds Charging Case Music Phone Conference Calls, 15 Hours Playtime",Bytech,Earbud Headphones,Headphones & Earbuds,26,DEVICE,EARBUD_INEAR,标题/型号表明是入耳耳塞、手机单耳蓝牙耳机、运动耳机或随身耳塞系统；判为 DEVICE / EARBUD_INEAR。
B0BZ6XH3LC,AMBIGUOUS,0.6,NOT_APPLICABLE,2,0,1,1,1,taxonomy_device=2;title_device=1;title_accessory=1;conflict,"ZIUTY Wireless Earbuds, Bluetooth 5.3 Headphones 50H Playtime with LED Digital Display Charging Case, IPX5 Waterproof Earphones with Mic for Android iOS Cell Phone Computer Laptop Sports (White)",ZIUTY,Earbud Headphones,Headphones & Earbuds,11237,DEVICE,EARBUD_INEAR,标题主体是完整耳机，后列保护壳/线缆/支架等随附配件（套装不改变主体标签）；判为 DEVICE；形态依据：标题含耳塞/入耳/开放式耳戴设备词，且其主体线索早于头戴式描述。 原自动标签为 AMBIGUOUS，本次以商品主体语义和类目复核后更正。
B089RFCRBK,ACCESSORY,0.995,NOT_APPLICABLE,0,2,1,1,1,taxonomy_accessory=2;title_device=1;title_accessory=1;conflict,"BackBeat Pro 2 Earpads, JARMOR Replacement Protein Leather & Memory Foam Ear Cushion Pad Cover for Plantronics BackBeat Pro 2 Wireless Noise Cancelling Headphones - Black",Jarmor,Earpads,Earpads,13,ACCESSORY,NOT_APPLICABLE,标题明确为替换耳垫/耳罩，不是可独立使用的完整耳机；细分类目 Earpads 与此一致；判为 ACCESSORY。
B07VRPHLCG,DEVICE,0.995,EARBUD_INEAR,2,0,1,0,0,taxonomy_device=2;title_device=1,"Dudios True Wireless Headphone, Bluetooth 5.0 Earbuds HiFi Stereo Sound Mini in-Ear Headset (One-Button Control, 15 hrs Playtime, Auto Pairing)-Upgraded Version",DUDIOS,Earbud Headphones,Headphones & Earbuds,2878,DEVICE,EARBUD_INEAR,标题描述可独立使用的完整耳机/耳塞设备，细分类目为 Earbud Headphones；判为 DEVICE；形态依据：标题含耳塞/入耳/开放式耳戴设备词，且其主体线索早于头戴式描述。
B00YXZKFRG,ACCESSORY,0.94,NOT_APPLICABLE,2,0,0,2,1,taxonomy_device=2;title_accessory=2;conflict,Magpul Carrying Case for Apple iPhone 6/6s - Retail Packaging - Flat Dark Earth,Magpul,Earbud Headphones,Headphones & Earbuds,365,ACCESSORY,NOT_APPLICABLE,标题明确为保护壳/收纳配件，不是可独立使用的完整耳机；结合标题的兼容/替换关系判定；判为 ACCESSORY。
B07TDNY712,ACCESSORY,0.995,NOT_APPLICABLE,0,2,0,1,0,taxonomy_accessory=2;title_accessory=1,"CTYBB for Airpod Case,Silicone Airpods Case Cover with Fur Ball Keychain Compatible with Apple Airpods 2/1 (Front LED Visible) White",CTYBB,Cases,Cases,25368,ACCESSORY,NOT_APPLICABLE,标题明确为保护壳/收纳配件，不是可独立使用的完整耳机；细分类目 Cases 与此一致；判为 ACCESSORY。
B00Y0VO83K,AMBIGUOUS,0.5,NOT_APPLICABLE,0,0,0,0,0,insufficient_evidence,Luminous Univesal Headphone Earphone with Microphone 3.5mm Stereo Plug Compatible with iPhone Samsung Nokia HTC etc. (Black),VIVI.S,Headphones & Earbuds,Headphones & Earbuds,1,DEVICE,EARBUD_INEAR,标题主体是完整耳机，后列保护壳/线缆/支架等随附配件（套装不改变主体标签）；判为 DEVICE；形态依据：标题含耳塞/耳机式耳戴设备词，未出现相冲突的头戴形态描述。 原自动标签为 AMBIGUOUS，本次以商品主体语义和类目复核后更正。
B096L4YLZ1,AMBIGUOUS,0.6,NOT_APPLICABLE,2,0,1,1,1,taxonomy_device=2;title_device=1;title_accessory=1;conflict,Wireless Earbuds Bluetooth 5.0 Headphones Noise Cancelling Earphones with Charging Case 3D Stereo Earpods Pop-Up Auto Pairing Ear Buds Earbuds for iPhone/Sumsung/Android Earbuds (Pro 3),XPHPSM,Earbud Headphones,Headphones & Earbuds,12,DEVICE,EARBUD_INEAR,标题主体是完整耳机，后列保护壳/线缆/支架等随附配件（套装不改变主体标签）；判为 DEVICE；形态依据：标题含耳塞/入耳/开放式耳戴设备词，且其主体线索早于头戴式描述。 原自动标签为 AMBIGUOUS，本次以商品主体语义和类目复核后更正。
B0B3F8JPDD,AMBIGUOUS,0.6,NOT_APPLICABLE,2,0,1,1,1,taxonomy_device=2;title_device=1;title_accessory=1;conflict,"Bang & Olufsen Beoplay E8 Sport True Wireless in-Ear Bluetooth Earphones with Customizable Comfort Fit, Microphones and Touch Control and Wireless Charging Case, Black (Renewed Premium)",Amazon Renewed,Earbud Headphones,Headphones & Earbuds,3,DEVICE,EARBUD_INEAR,标题主体是完整耳机，后列保护壳/线缆/支架等随附配件（套装不改变主体标签）；判为 DEVICE；形态依据：标题含耳塞/入耳/开放式耳戴设备词，且其主体线索早于头戴式描述。 原自动标签为 AMBIGUOUS，本次以商品主体语义和类目复核后更正。
B0031RD3YY,DEVICE,0.98,OVER_EAR,2,0,0,0,0,taxonomy_device=2,beyerdynamic T 1 HiFi-Stereo Kopfhörer,beyerdynamic,Over-Ear Headphones,Headphones & Earbuds,76,DEVICE,OVER_EAR,标题或核验到的规格表明为包耳/环耳/专业监听或大型耳罩式耳机；判为 DEVICE / OVER_EAR。
B00OD2I562,DEVICE,0.995,EARBUD_INEAR,2,0,1,0,0,taxonomy_device=2;title_device=1,"ROCK JAW ME-PA-F-003 V2 ARCANA v2 In-Ear Headphones, Silver and Wood",ROCK JAW,Earbud Headphones,Headphones & Earbuds,54,DEVICE,EARBUD_INEAR,标题描述可独立使用的完整耳机/耳塞设备，细分类目为 Earbud Headphones；判为 DEVICE；形态依据：标题含耳塞/入耳/开放式耳戴设备词，且其主体线索早于头戴式描述。
B08JG4P8BC,ACCESSORY,0.995,NOT_APPLICABLE,0,2,1,2,1,taxonomy_accessory=2;title_device=1;title_accessory=2;conflict,Poyatu Earpads for Skullcandy Crusher Bluetooth Wireless Crusher EVO ANC Over-Ear Headphones Replacement Ear Cushions Hesh 3 / EVO/ANC Venue ANC Ear Pads Repair Parts (Deep Red),POYATU,Earpads,Earpads,69,ACCESSORY,NOT_APPLICABLE,标题明确为替换耳垫/耳罩，不是可独立使用的完整耳机；细分类目 Earpads 与此一致；判为 ACCESSORY。
B0756VVVF5,DEVICE,0.995,OVER_EAR,2,0,1,0,0,taxonomy_device=2;title_device=1,Skullcandy Hesh 3 Wireless Over-Ear Headphone - Gray,Skullcandy,Over-Ear Headphones,Headphones & Earbuds,1664,DEVICE,OVER_EAR,标题描述可独立使用的完整耳机/耳塞设备，细分类目为 Over-Ear Headphones；判为 DEVICE；形态依据：标题明确为 over-ear/around-ear/full-size，且该形态是最先出现的主体描述。
B074WG1WWP,DEVICE,0.98,EARBUD_INEAR,2,0,0,0,0,taxonomy_device=2,ECS Dictaphone 878862 Transcriber Headset Ear Cushions (3 Pair),ECS,Earbud Headphones,Headphones & Earbuds,4,DEVICE,EARBUD_INEAR,标题描述可独立使用的完整耳机/耳塞设备，细分类目为 Earbud Headphones；判为 DEVICE；形态依据：细分类目为 Earbud Headphones。
B0BQYZJ9S5,DEVICE,0.98,EARBUD_INEAR,2,0,0,0,0,taxonomy_device=2,HYDZXINGW 2-in-1 Smart Watchs with Earbuds Build-in TWS Wireless BT5.0 Earphone Fitness Sports Health Monitor Black,HYDZXINGW,Earbud Headphones,Headphones & Earbuds,19,DEVICE,EARBUD_INEAR,标题描述可独立使用的完整耳机/耳塞设备，细分类目为 Earbud Headphones；判为 DEVICE；形态依据：标题含耳塞/入耳/开放式耳戴设备词，且其主体线索早于头戴式描述。
B003TO52BG,AMBIGUOUS,0.6,NOT_APPLICABLE,0,0,1,0,0,title_device=1,Jaybird Sportsband Stereo Bluetooth Headphone - Bulk Packaging - Runners Red (Discontinued by Manufacturer),Jaybird,Headphones & Earbuds,Headphones & Earbuds,77,DEVICE,ON_EAR,标题中的便携/折叠/儿童/头带式线索或核验到的厂商规格表明耳垫压在耳廓上；判为 DEVICE / ON_EAR。 原自动标签为 AMBIGUOUS，本次复核后更正。
B00F4EOO40,AMBIGUOUS,0.5,NOT_APPLICABLE,0,0,0,0,0,insufficient_evidence,"ARCTIC S113BT NFC/Bluetooth 4.0 Stereo Speaker, AAC/aptX, Build-in Microphone for Hands-Free Calls, Orange",ARCTIC,Headphones & Earbuds,Headphones & Earbuds,12,ACCESSORY,NOT_APPLICABLE,标题明确为耳机配件，不是可独立使用的完整耳机；结合标题的兼容/替换关系判定；判为 ACCESSORY。 原自动标签为 AMBIGUOUS，本次以商品主体语义和类目复核后更正。
B00DC477OI,AMBIGUOUS,0.6,NOT_APPLICABLE,2,0,0,1,1,taxonomy_device=2;title_accessory=1;conflict,Wolfe Fx Professional (12) 30g Face Paint with Protective Case,IKHISHI,Earbud Headphones,Headphones & Earbuds,4,ACCESSORY,NOT_APPLICABLE,标题明确为保护壳/收纳配件，不是可独立使用的完整耳机；结合标题的兼容/替换关系判定；判为 ACCESSORY。 原自动标签为 AMBIGUOUS，本次以商品主体语义和类目复核后更正。
B0BG5GXR4D,DEVICE,0.97,EARBUD_INEAR,2,0,4,2,1,taxonomy_device=2;title_device=4;title_accessory=2;conflict,"KOSETON E10 True Wireless Earbuds, Mini Pink – Wireless in-Ear Headphones with Charging Case for HD Calls & Music – Bluetooth Earbuds with Superior Sound & Premium Comfort",KOSETON,Earbud Headphones,Headphones & Earbuds,519,DEVICE,EARBUD_INEAR,标题主体是完整耳机，后列保护壳/线缆/支架等随附配件（套装不改变主体标签）；判为 DEVICE；形态依据：标题含耳塞/入耳/开放式耳戴设备词，且其主体线索早于头戴式描述。
B000VQU3N2,DEVICE,0.98,EARBUD_INEAR,2,0,0,0,0,taxonomy_device=2,Scosche IUHP3 Sport Ear Buds (Discontinued by Manufacturer),Scosche,Earbud Headphones,Headphones & Earbuds,29,DEVICE,EARBUD_INEAR,标题/型号表明是入耳耳塞、手机单耳蓝牙耳机、运动耳机或随身耳塞系统；判为 DEVICE / EARBUD_INEAR。
B07DK7ZWZ2,AMBIGUOUS,0.6,NOT_APPLICABLE,2,0,1,1,1,taxonomy_device=2;title_device=1;title_accessory=1;conflict,"KZ ES4 in-Ear Headphones,Ollivan Deep Bass Earbuds HiFi Noise Isolating Headset Armature with Dynamic Hybrid Driver 0.75mm 2 Pins Universal Detachable Cable for iPhone and Android(Green Without Mic)",OLLIVAN,Earbud Headphones,Headphones & Earbuds,766,DEVICE,EARBUD_INEAR,标题主体是完整耳机，后列保护壳/线缆/支架等随附配件（套装不改变主体标签）；判为 DEVICE；形态依据：标题含耳塞/入耳/开放式耳戴设备词，且其主体线索早于头戴式描述。 原自动标签为 AMBIGUOUS，本次以商品主体语义和类目复核后更正。
B01E81IO3G,AMBIGUOUS,0.5,NOT_APPLICABLE,0,0,0,0,0,insufficient_evidence,Disney Haunted Mansion Poster Samsung Galaxy S7 TPU Rubber Case,,Headphones & Earbuds,Headphones & Earbuds,2,AMBIGUOUS,NOT_APPLICABLE,needs_review: 标题“Disney Haunted Mansion Poster Samsung Galaxy S7 TPU Rubber Case”未描述完整耳机或明确耳机配件，且与类目“Headphones & Earbuds”不一致/信息残缺；保留 AMBIGUOUS，不强行归类。
B0BTLSMVNY,DEVICE,0.98,EARBUD_INEAR,2,0,0,0,0,taxonomy_device=2,"Audiovance EU501 Earbuds, Wireless Headphones Bluetooth Ear Buds for iPhone Android, ANC Noise Cancelling, Immersive Sound, Clear Calls, Comfort Fit, Wireless Charging, Waterproof, 24H Battery.",Audiovance,Earbud Headphones,Headphones & Earbuds,52,DEVICE,EARBUD_INEAR,标题描述可独立使用的完整耳机/耳塞设备，细分类目为 Earbud Headphones；判为 DEVICE；形态依据：标题含耳塞/入耳/开放式耳戴设备词，且其主体线索早于头戴式描述。
B085HMZ9YZ,AMBIGUOUS,0.6,NOT_APPLICABLE,2,0,0,1,1,taxonomy_device=2;title_accessory=1;conflict,"Linsoul LETSHUOER Tape Pro Composite Electrostatic Dynamic Driver HiFi in-Ear Earphone with Adjustable Bass, Detachable 2Pin Cable for Audiophile Musicians (Silver)",Linsoul,Earbud Headphones,Headphones & Earbuds,286,DEVICE,EARBUD_INEAR,标题主体是完整耳机，后列保护壳/线缆/支架等随附配件（套装不改变主体标签）；判为 DEVICE；形态依据：标题含耳塞/入耳/开放式耳戴设备词，且其主体线索早于头戴式描述。 原自动标签为 AMBIGUOUS，本次以商品主体语义和类目复核后更正。
B008N1MPDS,DEVICE,0.98,EARBUD_INEAR,2,0,0,0,0,taxonomy_device=2,1Z Einszett Klima-Cleaner Air Conditioner Treatment 3 Pack,JOVERS,Earbud Headphones,Headphones & Earbuds,2,AMBIGUOUS,NOT_APPLICABLE,needs_review: 标题“1Z Einszett Klima-Cleaner Air Conditioner Treatment 3 Pack”未描述完整耳机或明确耳机配件，且与类目“Earbud Headphones”不一致/信息残缺；保留 AMBIGUOUS，不强行归类。 原自动标签为 DEVICE，本次以商品主体语义和类目复核后更正。
B07WXZXWDV,DEVICE,0.995,EARBUD_INEAR,2,0,1,0,0,taxonomy_device=2;title_device=1,"Sony WI-XB400 Wireless In-Ear Extra Bass Headset/Headphones with mic for phone call, Black",Sony,Earbud Headphones,Headphones & Earbuds,48792,DEVICE,EARBUD_INEAR,标题描述可独立使用的完整耳机/耳塞设备，细分类目为 Earbud Headphones；判为 DEVICE；形态依据：标题含耳塞/入耳/开放式耳戴设备词，且其主体线索早于头戴式描述。
B09SG8GJNW,AMBIGUOUS,0.5,NOT_APPLICABLE,2,0,1,2,1,taxonomy_device=2;title_device=1;title_accessory=2;conflict,ROITON Wireless Earbuds Bluetooth 5.0 Headphones with 30H Cycle Playtime Built-in Mic IPX6 Waterproof Headsets with Charging Case for in-Ear Buds Stereo Earphones for Android etc,ROITON,Earbud Headphones,Headphones & Earbuds,723,DEVICE,EARBUD_INEAR,标题主体是完整耳机，后列保护壳/线缆/支架等随附配件（套装不改变主体标签）；判为 DEVICE；形态依据：标题含耳塞/入耳/开放式耳戴设备词，且其主体线索早于头戴式描述。 原自动标签为 AMBIGUOUS，本次以商品主体语义和类目复核后更正。
B010KM5B1U,DEVICE,0.995,EARBUD_INEAR,2,0,1,0,0,taxonomy_device=2;title_device=1,Beats Studio 2.0 WIRED Over-Ear Headphone - Titanium NOT WIRELESS (Refurbished),Amazon Renewed,Earbud Headphones,Headphones & Earbuds,38,DEVICE,OVER_EAR,标题描述可独立使用的完整耳机/耳塞设备，细分类目为 Earbud Headphones；判为 DEVICE；形态依据：标题明确为 over-ear/around-ear/full-size，且该形态是最先出现的主体描述。
B01N911ICB,AMBIGUOUS,0.6,NOT_APPLICABLE,2,0,0,1,1,taxonomy_device=2;title_accessory=1;conflict,"LG X Power Case, AnoKe [Card Slots Holder][Not Wallet] Hard Silicone Rubber Hybrid Armor Shockproof Protective Holster Cover Case for Sprint/Boost Mobile LG X Power- KLS Metal Slate",Newtion,Earbud Headphones,Headphones & Earbuds,24,ACCESSORY,NOT_APPLICABLE,标题明确为保护壳/收纳配件，不是可独立使用的完整耳机；结合标题的兼容/替换关系判定；判为 ACCESSORY。 原自动标签为 AMBIGUOUS，本次以商品主体语义和类目复核后更正。
B0747YHPGD,AMBIGUOUS,0.6,NOT_APPLICABLE,2,0,0,1,1,taxonomy_device=2;title_accessory=1;conflict,YAMAHA HPH-MT5W Headphones (White) w/Cleaning Cloth and Extension Cable,YAMAHA,Over-Ear Headphones,Headphones & Earbuds,4,DEVICE,OVER_EAR,标题描述可独立使用的完整耳机/耳塞设备，细分类目为 Over-Ear Headphones；判为 DEVICE；形态依据：细分类目为 Over-Ear Headphones。 原自动标签为 AMBIGUOUS，本次以商品主体语义和类目复核后更正。
B01M0A7CHQ,AMBIGUOUS,0.5,NOT_APPLICABLE,0,0,0,0,0,insufficient_evidence,Inspirational Stamped Bracelet You Were Given This Life Because You Are Strong Enough To Live It,PANZERR,Headphones & Earbuds,Headphones & Earbuds,2,AMBIGUOUS,NOT_APPLICABLE,needs_review: 标题“Inspirational Stamped Bracelet You Were Given This Life Because You Are Strong Enough To Live It”未描述完整耳机或明确耳机配件，且与类目“Headphones & Earbuds”不一致/信息残缺；保留 AMBIGUOUS，不强行归类。
B07Z8BQHQK,DEVICE,0.98,OVER_EAR,2,0,0,0,0,taxonomy_device=2,"Kids Headphones,Snowwicase - Wired Headphones for Kids,with LED Glowing Cat Ears Headphones,Foldable Over-Ear Gaming Headsets for Kindle/iPad/Children/Teens/Boys/Girls (Rose)",Snowwicase,Over-Ear Headphones,Headphones & Earbuds,95,DEVICE,OVER_EAR,标题描述可独立使用的完整耳机/耳塞设备，细分类目为 Over-Ear Headphones；判为 DEVICE；形态依据：标题明确为 over-ear/around-ear/full-size，且该形态是最先出现的主体描述。
B01790BL9M,AMBIGUOUS,0.6,NOT_APPLICABLE,2,0,0,1,1,taxonomy_device=2;title_accessory=1;conflict,"Headphone Case, Pretid Portable PU Leather Carrying Hard Case for Headphone Earbud MP3, Black (Black-2)",GBBC,Earbud Headphones,Headphones & Earbuds,3,ACCESSORY,NOT_APPLICABLE,标题明确为保护壳/收纳配件，不是可独立使用的完整耳机；结合标题的兼容/替换关系判定；判为 ACCESSORY。 原自动标签为 AMBIGUOUS，本次以商品主体语义和类目复核后更正。
B075D5T161,ACCESSORY,0.995,NOT_APPLICABLE,0,2,1,2,1,taxonomy_accessory=2;title_device=1;title_accessory=2;conflict,"Carrying Bag Cover Case for Sony WH-CH700N WH1000XM2 WH1000XM3,Sony MDRXB650BT/B, iFecco, Picun P7, BestGot, Sound Intone CX-05, Leesentec T1 Wireless Bluetooth Headphone (Black)",Esimen,Cases,Cases,7,ACCESSORY,NOT_APPLICABLE,标题明确为保护壳/收纳配件，不是可独立使用的完整耳机；细分类目 Cases 与此一致；判为 ACCESSORY。
B094NL7R1S,DEVICE,0.995,OVER_EAR,2,0,1,0,0,taxonomy_device=2;title_device=1,Sony Noise Cancelling Headphones WHCH700N: Wireless Bluetooth Over The Ear Headset with Mic for Phone-Call and Alexa Voice Control W/GM 7- in-1 Accessories (Gray),Sony,Over-Ear Headphones,Headphones & Earbuds,22,DEVICE,OVER_EAR,标题描述可独立使用的完整耳机/耳塞设备，细分类目为 Over-Ear Headphones；判为 DEVICE；形态依据：标题明确为 over-ear/around-ear/full-size，且该形态是最先出现的主体描述。
B093883PG8,ACCESSORY,0.98,NOT_APPLICABLE,0,2,0,0,0,taxonomy_accessory=2,"ScreenTech 2 Packs Portable Protective Sleeve TPU Environmentally Friendly Material Suitable for Apple AirTag(AirTag not Included),Scratch-Resistant and Light-Weight Protective Keychain (Blue/Red)",ScreenTech,Cases,Cases,64,ACCESSORY,NOT_APPLICABLE,标题明确为保护壳/收纳配件，不是可独立使用的完整耳机；细分类目 Cases 与此一致；判为 ACCESSORY。
B00APEG8NE,AMBIGUOUS,0.5,NOT_APPLICABLE,0,0,0,0,0,insufficient_evidence,Kensington K39565US Proximo Fob and Tag Starter Kit for iPhone 4S/5 - Retail Packaging - Black,Kensington,Headphones & Earbuds,Headphones & Earbuds,98,AMBIGUOUS,NOT_APPLICABLE,needs_review: 标题“Kensington K39565US Proximo Fob and Tag Starter Kit for iPhone 4S/5 - Retail Packaging - Black”未描述完整耳机或明确耳机配件，且与类目“Headphones & Earbuds”不一致/信息残缺；保留 AMBIGUOUS，不强行归类。
B0CB8SYL1Z,ACCESSORY,0.995,NOT_APPLICABLE,0,2,1,2,1,taxonomy_accessory=2;title_device=1;title_accessory=2;conflict,"Wzsipod Cooling-Gel Replacement Earpad for Logitech G933 Gaming Headset, Also Fits G933S G935 G930 G635 G633 G633S G533 G430 G431 G432 G433 Headphone, Ear Pad for G332 G230 G231 G233 Headset (Black)",Wzsipod,Earpads,Earpads,49,ACCESSORY,NOT_APPLICABLE,标题明确为替换耳垫/耳罩，不是可独立使用的完整耳机；细分类目 Earpads 与此一致；判为 ACCESSORY。
B078JG8R37,AMBIGUOUS,0.6,NOT_APPLICABLE,2,0,0,1,1,taxonomy_device=2;title_accessory=1;conflict,"Replacement Earpad Cushions Compatible for Bose QuietComfort15 QC2 QC15 QC25 QC35 AE2, AE2i, AE2 Wireless, AE2-W, SoundTrue, SoundLink (Around-Ear Only) Headphones (QC15 Earpads)",ThreeCat,Earbud Headphones,Headphones & Earbuds,77,ACCESSORY,NOT_APPLICABLE,标题明确为替换耳垫/耳罩，不是可独立使用的完整耳机；结合标题的兼容/替换关系判定；判为 ACCESSORY。 原自动标签为 AMBIGUOUS，本次以商品主体语义和类目复核后更正。
B07XXPB18M,AMBIGUOUS,0.5,NOT_APPLICABLE,2,0,1,2,1,taxonomy_device=2;title_device=1;title_accessory=2;conflict,Aftershokz Magnetic Charging Cable for Aeropex Bone Conduction Wireless Bluetooth Headphones,Aftershokz,Over-Ear Headphones,Headphones & Earbuds,105,ACCESSORY,NOT_APPLICABLE,标题明确为线缆/转接配件，不是可独立使用的完整耳机；结合标题的兼容/替换关系判定；判为 ACCESSORY。 原自动标签为 AMBIGUOUS，本次以商品主体语义和类目复核后更正。
B0B6G46NF3,AMBIGUOUS,0.6,NOT_APPLICABLE,2,0,1,1,1,taxonomy_device=2;title_device=1;title_accessory=1;conflict,"kurdene W01 Diamond Wireless Earbuds Bluetooth, Immersive Hi-Fi Stereo Sound with Wireless Charging Case Bluetooth 5.3 Ear Buds Built-in Microphone IPX5 Waterproof Headphone for iPhone, Android",kurdene,Earbud Headphones,Headphones & Earbuds,10,DEVICE,EARBUD_INEAR,标题主体是完整耳机，后列保护壳/线缆/支架等随附配件（套装不改变主体标签）；判为 DEVICE；形态依据：标题含耳塞/入耳/开放式耳戴设备词，且其主体线索早于头戴式描述。 原自动标签为 AMBIGUOUS，本次以商品主体语义和类目复核后更正。
B08BCK86SM,AMBIGUOUS,0.6,NOT_APPLICABLE,2,0,1,1,1,taxonomy_device=2;title_device=1;title_accessory=1;conflict,TOZO T10 Bluetooth 5.0 Wireless Earbuds with Wireless Charging Case IPX8 Waterproof Stereo Headphones in Ear Built in Mic Headset Premium Sound with Deep Bass for Sport Black (Renewed),Amazon Renewed,On-Ear Headphones,Headphones & Earbuds,17,DEVICE,EARBUD_INEAR,标题主体是完整耳机，后列保护壳/线缆/支架等随附配件（套装不改变主体标签）；判为 DEVICE；形态依据：标题含耳塞/入耳/开放式耳戴设备词，且其主体线索早于头戴式描述。 原自动标签为 AMBIGUOUS，本次以商品主体语义和类目复核后更正。
B08CR4L4K8,ACCESSORY,0.995,NOT_APPLICABLE,0,2,0,1,0,taxonomy_accessory=2;title_accessory=1,"CTYBB for Airpod Case,Silicone Airpods Case Cover with Fur Ball Keychain Compatible with Apple Airpods 2/1 (Front LED Visible) Lavender Purple",CTYBB,Cases,Cases,24855,ACCESSORY,NOT_APPLICABLE,标题明确为保护壳/收纳配件，不是可独立使用的完整耳机；细分类目 Cases 与此一致；判为 ACCESSORY。
B0BR96V55Q,DEVICE,0.995,ON_EAR,2,0,1,0,0,taxonomy_device=2;title_device=1,"iClever Kids Headphones with Microphone for Girls - 85/94dB Volume Control - Wired Headphones for Kids, Adjustable Headband, Foldable - Childrens Headphones for School/iPad/Tablet/Airplane, Rose",iClever,On-Ear Headphones,Headphones & Earbuds,16172,DEVICE,ON_EAR,标题主体是完整耳机，后列保护壳/线缆/支架等随附配件（套装不改变主体标签）；判为 DEVICE；形态依据：细分类目为 On-Ear Headphones。
B016PBBKT2,ACCESSORY,0.995,NOT_APPLICABLE,0,2,0,1,0,taxonomy_accessory=2;title_accessory=1,dreamGEAR Slim Guard Soft Silicone Protective Cover - Xbox One,dreamGEAR,Adapters,Adapters,10,ACCESSORY,NOT_APPLICABLE,标题明确为保护壳/收纳配件，不是可独立使用的完整耳机；细分类目 Adapters 与此一致；判为 ACCESSORY。
B0BCJKKZD4,DEVICE,0.98,OVER_EAR,2,0,0,0,0,taxonomy_device=2,"Perytong Sleeping Headphones Bluetooth Headband, Soft Sleep Headband Headphones Long Time Play Sleep Headphones Bluetooth with Built in Speakers Perfect for Sleep,Workout,Running,Yoga,Travel",Perytong,Over-Ear Headphones,Headphones & Earbuds,12958,DEVICE,OVER_EAR,标题描述可独立使用的完整耳机/耳塞设备，细分类目为 Over-Ear Headphones；判为 DEVICE；形态依据：细分类目为 Over-Ear Headphones。
B00A82DTU8,AMBIGUOUS,0.5,NOT_APPLICABLE,0,0,0,0,0,insufficient_evidence,Four Pieces Large Replacement kit for Jawbone ERA 1 Hook Loop Clip and 3 Spout Earbuds,NICKSTON,Headphones & Earbuds,Headphones & Earbuds,3,DEVICE,EARBUD_INEAR,标题描述可独立使用的完整耳机/耳塞设备，并含连接、声学或供电功能信息；判为 DEVICE；形态依据：标题含耳塞/入耳/开放式耳戴设备词，且其主体线索早于头戴式描述。 原自动标签为 AMBIGUOUS，本次以商品主体语义和类目复核后更正。
B002P0VT0S,AMBIGUOUS,0.5,NOT_APPLICABLE,0,0,0,0,0,insufficient_evidence,Jawbone Prime Scarlet Red,,Headphones & Earbuds,Headphones & Earbuds,2,DEVICE,EARBUD_INEAR,标题/型号表明是入耳耳塞、手机单耳蓝牙耳机、运动耳机或随身耳塞系统；判为 DEVICE / EARBUD_INEAR。 原自动标签为 AMBIGUOUS，本次复核后更正。
B074PNJ1G9,DEVICE,0.995,EARBUD_INEAR,2,0,1,0,0,taxonomy_device=2;title_device=1,in Ear Headphones Wired Earbud with Line-in Microphone Heavy Bass Dynamic Driver Earphones with Non Tangle Fabric Braid for Running Gym Android Phones Music Player Dark Chrome E1,SDFLAYER,Earbud Headphones,Headphones & Earbuds,1,DEVICE,EARBUD_INEAR,标题主体是完整耳机，后列保护壳/线缆/支架等随附配件（套装不改变主体标签）；判为 DEVICE；形态依据：标题含耳塞/入耳/开放式耳戴设备词，且其主体线索早于头戴式描述。
B00CFPJVS0,AMBIGUOUS,0.6,NOT_APPLICABLE,2,0,0,1,1,taxonomy_device=2;title_accessory=1;conflict,"JOVERS Earbuds, Microphone Earphones Stereo Headphones Noise Isolating Headset Fit Compatible with Earbud Xs/XR/XS Max/Earbud 7/7 Plus Earbud X",JOVERS,Earbud Headphones,Headphones & Earbuds,5,DEVICE,EARBUD_INEAR,标题描述可独立使用的完整耳机/耳塞设备，细分类目为 Earbud Headphones；判为 DEVICE；形态依据：标题含耳塞/入耳/开放式耳戴设备词，且其主体线索早于头戴式描述。 原自动标签为 AMBIGUOUS，本次以商品主体语义和类目复核后更正。
B00HV1SVX4,AMBIGUOUS,0.6,NOT_APPLICABLE,1,0,1,1,1,taxonomy_device=1;title_device=1;title_accessory=1;conflict,"HeadphoneMate Inline Remote Control Microphone Cable for Bose OE2 OE2i, SoundTrue Around-Ear, SoundTrue On-Ear, QC25, QC 25, Soundlink On-Ear Headphones and Samsung, Android Smartphones",HeadphoneMate,"Headphones, Earbuds & Accessories",,38,ACCESSORY,NOT_APPLICABLE,标题明确为线缆/转接配件，不是可独立使用的完整耳机；结合标题的兼容/替换关系判定；判为 ACCESSORY。 原自动标签为 AMBIGUOUS，本次以商品主体语义和类目复核后更正。
B07TQKLXD5,ACCESSORY,0.995,NOT_APPLICABLE,0,2,0,1,0,taxonomy_accessory=2;title_accessory=1,"AirPods Case Soft TPU Shockproof Cover Case for Apple Airpods 2 & 1,One Piece Zoro Unique Design Skin Kits Cases with Carabiner Holder for Girls Kids Teens Smooth Wireless Charging Air Pods (Zoro)",joymenu,Cases,Cases,89,ACCESSORY,NOT_APPLICABLE,标题明确为保护壳/收纳配件，不是可独立使用的完整耳机；细分类目 Cases 与此一致；判为 ACCESSORY。
B01L8S6NE4,AMBIGUOUS,0.6,NOT_APPLICABLE,0,0,1,0,0,title_device=1,JinSun G2000 Gaming Headset Headphone Stereo Over-ear Game Bass Headset Headband Earphone with Mic and LED Light for PS4 Laptop PC Tablet Smartphones (White),JinSun,Headphones & Earbuds,Headphones & Earbuds,14,DEVICE,OVER_EAR,标题描述可独立使用的完整耳机/耳塞设备，并含连接、声学或供电功能信息；判为 DEVICE；形态依据：标题明确为 over-ear/around-ear/full-size，且该形态是最先出现的主体描述。 原自动标签为 AMBIGUOUS，本次以商品主体语义和类目复核后更正。
B09Y1K2WVJ,AMBIGUOUS,0.6,NOT_APPLICABLE,2,0,1,1,1,taxonomy_device=2;title_device=1;title_accessory=1;conflict,RUMIXI Wireless Earbuds with Immersive Sound True 5.0 Bluetooth in-Ear Earphones with 2000mAh Charging Case Easy-Pairing Stereo Calls/Touch Control/Built-in Micro/IPX7 Waterproof/Deep Bass for Sports,RUMIXI,Earbud Headphones,Headphones & Earbuds,20955,DEVICE,EARBUD_INEAR,标题主体是完整耳机，后列保护壳/线缆/支架等随附配件（套装不改变主体标签）；判为 DEVICE；形态依据：标题含耳塞/入耳/开放式耳戴设备词，且其主体线索早于头戴式描述。 原自动标签为 AMBIGUOUS，本次以商品主体语义和类目复核后更正。
B093GSGWSS,DEVICE,0.995,EARBUD_INEAR,2,0,2,0,0,taxonomy_device=2;title_device=2,"Soundcore Anker Life Dot 2 True Wireless Earbuds, 100 Hour Playtime, 8mm Drivers, Superior Sound, Secure Fit with AirWings, Bluetooth 5, Comfortable Design for Commute, Sports",Soundcore,Earbud Headphones,Headphones & Earbuds,12356,DEVICE,EARBUD_INEAR,标题描述可独立使用的完整耳机/耳塞设备，细分类目为 Earbud Headphones；判为 DEVICE；形态依据：标题含耳塞/入耳/开放式耳戴设备词，且其主体线索早于头戴式描述。
B08NYGQRKX,ACCESSORY,0.995,NOT_APPLICABLE,0,2,0,1,0,taxonomy_accessory=2;title_accessory=1,"Crusher 360 Earpads - defean Replacement Brown Ear Pads Cover Cushion Compatible with Skullcandy Crusher 360 Bluetooth S6MBW-J373 Headphones,High-Density Noise Cancelling Foam",defean,Earpads,Earpads,13,ACCESSORY,NOT_APPLICABLE,标题明确为替换耳垫/耳罩，不是可独立使用的完整耳机；细分类目 Earpads 与此一致；判为 ACCESSORY。
B004N622LC,AMBIGUOUS,0.5,NOT_APPLICABLE,0,0,0,0,0,insufficient_evidence,OP/TECH USA 4701102 Media Keeper Black- Leather Media Card Holder with 2 pockets - Attaches Easily to Camera Strap or Belt,OP/TECH USA,Headphones & Earbuds,Headphones & Earbuds,79,AMBIGUOUS,NOT_APPLICABLE,needs_review: 标题“OP/TECH USA 4701102 Media Keeper Black- Leather Media Card Holder with 2 pockets - Attaches Easily to Camera Strap or Belt”未描述完整耳机或明确耳机配件，且与类目“Headphones & Earbuds”不一致/信息残缺；保留 AMBIGUOUS，不强行归类。
B00UB1Y91O,AMBIGUOUS,0.5,NOT_APPLICABLE,0,0,0,0,0,insufficient_evidence,Samsung Link Level 2 Way Bluetooth Dongle,SAMSUNG,Headphones & Earbuds,Headphones & Earbuds,48,ACCESSORY,NOT_APPLICABLE,标题明确为耳机配件，不是可独立使用的完整耳机；结合标题的兼容/替换关系判定；判为 ACCESSORY。 原自动标签为 AMBIGUOUS，本次以商品主体语义和类目复核后更正。
B08M93NRK3,AMBIGUOUS,0.6,NOT_APPLICABLE,2,0,1,1,1,taxonomy_device=2;title_device=1;title_accessory=1;conflict,"Earphones, Wired Earbuds with Microphone and Volume Control, in-Ear Stereo Sound Headphones Compatible with 3.5mm Headphones Devices",无品牌,Earbud Headphones,Headphones & Earbuds,10,DEVICE,EARBUD_INEAR,标题主体是完整耳机，后列保护壳/线缆/支架等随附配件（套装不改变主体标签）；判为 DEVICE；形态依据：标题含耳塞/入耳/开放式耳戴设备词，且其主体线索早于头戴式描述。 原自动标签为 AMBIGUOUS，本次以商品主体语义和类目复核后更正。
B004FV67XO,DEVICE,0.98,EARBUD_INEAR,2,0,0,0,0,taxonomy_device=2,"JVC HAF150B Headphone, Gumy, Cord-Match Olive Black (Discontinued by Manufacturer)",JVC,Earbud Headphones,Headphones & Earbuds,345,DEVICE,EARBUD_INEAR,标题描述可独立使用的完整耳机/耳塞设备，细分类目为 Earbud Headphones；判为 DEVICE；形态依据：细分类目为 Earbud Headphones。
B097LXLQNL,ACCESSORY,0.98,NOT_APPLICABLE,0,2,0,0,0,taxonomy_accessory=2,"Sloop Keychain Holder Case Compatible for Air Tag GPS Tracker - with Screen Protector - Protect GPS Trackers Against Dust, Scratches, Secure Fit - Attach to Keychains, Bags, Pet Collars & Leash",SLOOP,Cases,Cases,17,ACCESSORY,NOT_APPLICABLE,标题明确为保护壳/收纳配件，不是可独立使用的完整耳机；细分类目 Cases 与此一致；判为 ACCESSORY。
B00ZUDTX1O,AMBIGUOUS,0.6,NOT_APPLICABLE,2,0,0,1,1,taxonomy_device=2;title_accessory=1;conflict,"Galaxy S6 Edge Case,Samsung Galaxy S6 Edge case,OHOHNEW [shockproof][drop resestance][dirt proof] super protective,Scratch Resistant Bumper Case with Stylish -Friendly Packaging - Ultra Rugged Case for Samsung Galaxy S6 Edge(Silver+black)",SAMSUNG,Earbud Headphones,Headphones & Earbuds,1,ACCESSORY,NOT_APPLICABLE,标题明确为保护壳/收纳配件，不是可独立使用的完整耳机；结合标题的兼容/替换关系判定；判为 ACCESSORY。 原自动标签为 AMBIGUOUS，本次以商品主体语义和类目复核后更正。
B0716K8XRS,ACCESSORY,0.98,NOT_APPLICABLE,0,2,0,0,0,taxonomy_accessory=2,EarSkinz EarPod Covers (ES2) - Jet Black - for Apple iPhone X / 8/7 / 6S / 6 / 5S / 5SE / 5C / 5,EarSkinz,Earpads,Earpads,139,ACCESSORY,NOT_APPLICABLE,标题明确为替换耳垫/耳罩，不是可独立使用的完整耳机；细分类目 Earpads 与此一致；判为 ACCESSORY。
B01N9F9Q5P,AMBIGUOUS,0.6,NOT_APPLICABLE,0,0,0,1,0,title_accessory=1,"iPhone 7 Case, JAHOLAN Pink Purple Rose Flower Design Slim Shockproof Flexible Smooth TPU Soft Case Rubber Silicone Skin Cover for Apple iPhone 7 (2016)",,Headphones & Earbuds,Headphones & Earbuds,3,ACCESSORY,NOT_APPLICABLE,标题明确为保护壳/收纳配件，不是可独立使用的完整耳机；结合标题的兼容/替换关系判定；判为 ACCESSORY。 原自动标签为 AMBIGUOUS，本次以商品主体语义和类目复核后更正。
B0865T9PTH,ACCESSORY,0.995,NOT_APPLICABLE,0,2,0,2,0,taxonomy_accessory=2;title_accessory=2,Airpod Case AIRSPO Airpods Case Cover for Apple AirPods 2&1 Silicone Protective Skin Cute Airpod Case for Girls with Pom Pom Fur Ball Keychain/Strap/Accessories (Black Rose+Fur Ball),AIRSPO,Cases,Cases,1176,ACCESSORY,NOT_APPLICABLE,标题明确为保护壳/收纳配件，不是可独立使用的完整耳机；细分类目 Cases 与此一致；判为 ACCESSORY。
B08J7WFPZV,ACCESSORY,0.98,NOT_APPLICABLE,0,2,0,0,0,taxonomy_accessory=2,"(Apple MFi Certified) 3 Pack for iPhone Headphone Adapter,3.5mm Dongle Earphones/Headphone Jack Aux Audio Cable Compatible with iPhone11/Xs MAX/XR/X/8/7/ipad/iPod Support All iOS",Belcompany,Adapters,Adapters,45,ACCESSORY,NOT_APPLICABLE,标题明确为线缆/转接配件，不是可独立使用的完整耳机；细分类目 Adapters 与此一致；判为 ACCESSORY。
B005SK5YVW,AMBIGUOUS,0.6,NOT_APPLICABLE,2,0,1,1,1,taxonomy_device=2;title_device=1;title_accessory=1;conflict,AIAIAI Teenage Engineering PX-0 Earbuds - with In-line Mic Compatible with iPod/iPad/iPhone/Android Devices In-ear Earbuds Headphones for OP-1 Synthesizer,AIAIAI,Earbud Headphones,Headphones & Earbuds,36,DEVICE,EARBUD_INEAR,标题描述可独立使用的完整耳机/耳塞设备，细分类目为 Earbud Headphones；判为 DEVICE；形态依据：标题含耳塞/入耳/开放式耳戴设备词，且其主体线索早于头戴式描述。 原自动标签为 AMBIGUOUS，本次以商品主体语义和类目复核后更正。
B0B3MM9KKP,DEVICE,0.98,EARBUD_INEAR,2,0,0,0,0,taxonomy_device=2,"Bone Conduction Headphones - Wireless Swimming Headphones Comfortable Fit, Hi-Fi Sound Bluetooth 5.2 Open Ear Sports Headphones with MP3 Play 16G Memory for Gym Yoga Workout",fojep,Earbud Headphones,Headphones & Earbuds,36,DEVICE,EARBUD_INEAR,标题描述可独立使用的完整耳机/耳塞设备，细分类目为 Earbud Headphones；判为 DEVICE；形态依据：标题含耳塞/入耳/开放式耳戴设备词，且其主体线索早于头戴式描述。
B010P9GSEM,DEVICE,0.98,EARBUD_INEAR,2,0,0,0,0,taxonomy_device=2,"Aomax For Microsoft Nokia Lumia 640 XL Tempered Glass Screen Protector [Superslim 0.26mm,2.5D Round Edge,9H Hardness] [Retail Package] Lumia 640XL Glass",Larnn,Earbud Headphones,Headphones & Earbuds,2,ACCESSORY,NOT_APPLICABLE,标题明确为耳机配件，不是可独立使用的完整耳机；结合标题的兼容/替换关系判定；判为 ACCESSORY。 原自动标签为 DEVICE，本次以商品主体语义和类目复核后更正。
B004BSFSTA,DEVICE,0.98,OVER_EAR,2,0,0,0,0,taxonomy_device=2,Marshall Major Headphones - Black,Marshall,Over-Ear Headphones,Headphones & Earbuds,279,DEVICE,OVER_EAR,标题描述可独立使用的完整耳机/耳塞设备，细分类目为 Over-Ear Headphones；判为 DEVICE；形态依据：细分类目为 Over-Ear Headphones。
B001L674SI,DEVICE,0.98,EARBUD_INEAR,2,0,0,0,0,taxonomy_device=2,"Sennheiser CX300 II CX 300 II Precision Enhanced Bass Earbuds, Black (Discontinued by Manufacturer)",Sennheiser,Earbud Headphones,Headphones & Earbuds,12747,DEVICE,EARBUD_INEAR,标题描述可独立使用的完整耳机/耳塞设备，细分类目为 Earbud Headphones；判为 DEVICE；形态依据：标题含耳塞/入耳/开放式耳戴设备词，且其主体线索早于头戴式描述。
B0026HK8SE,AMBIGUOUS,0.5,NOT_APPLICABLE,0,0,0,0,0,insufficient_evidence,Sonic Bomb Blue Hook Bluetooth 2 Hooks (GM-CLBHK2),Sonic Bomb,Headphones & Earbuds,Headphones & Earbuds,1,ACCESSORY,NOT_APPLICABLE,标题主体是替换件、线缆/收纳件、蓝牙接收件、头盔扬声器套件或手机外接听筒，并非完整耳机；判为 ACCESSORY。 原自动标签为 AMBIGUOUS，本次复核后更正。
B002N8LIB2,AMBIGUOUS,0.5,NOT_APPLICABLE,0,0,0,0,0,insufficient_evidence,"Samsung Stereo Headset with Answer/End for Samsung SCH-R600 Hue 2, SGH-T939, SCH-R850, and SPH-M900",SAMSUNG,Headphones & Earbuds,Headphones & Earbuds,8,DEVICE,EARBUD_INEAR,标题描述可独立使用的完整耳机/耳塞设备，并含连接、声学或供电功能信息；判为 DEVICE；形态依据：标题语义为手机用单耳/免提蓝牙耳机或有线耳麦。 原自动标签为 AMBIGUOUS，本次以商品主体语义和类目复核后更正。
B08D3XLFY7,ACCESSORY,0.995,NOT_APPLICABLE,0,2,1,1,1,taxonomy_accessory=2;title_device=1;title_accessory=1;conflict,HongTai for Airpods 1/2 Pro Cute Cartoon Animal Crossing Earphone Case for AirPods 3 / Pro Bluetooth Headphone Soft Silicone Cover (Color : for airpod 1 2 Green),Hongtai,Cases,Cases,4,ACCESSORY,NOT_APPLICABLE,标题明确为保护壳/收纳配件，不是可独立使用的完整耳机；细分类目 Cases 与此一致；判为 ACCESSORY。
B0BM5353Z3,DEVICE,0.995,ON_EAR,2,0,1,0,0,taxonomy_device=2;title_device=1,"LilGadgets Connect+ Kids Wired Headphones with Microphone, Volume Limiting for Safe Listening, Adjustable Headband, Cushioned Earpads to Ensure Comfort, for Kids, Toddlers, Boys & Girls, Pink",LilGadgets,On-Ear Headphones,Headphones & Earbuds,14603,DEVICE,ON_EAR,标题主体是完整耳机，后列保护壳/线缆/支架等随附配件（套装不改变主体标签）；判为 DEVICE；形态依据：细分类目为 On-Ear Headphones。
B0BXX85J3Y,DEVICE,0.995,OVER_EAR,2,0,2,0,0,taxonomy_device=2;title_device=2,"Avantree Audition Pro 40 hr Bluetooth Over Ear Headphones with Mic for Music, Calls & TV, APTX Low Latency, Multipoint, Foldable Headset, Wireless & Wired for PC Computer Phone",Avantree,Over-Ear Headphones,Headphones & Earbuds,11747,DEVICE,OVER_EAR,标题描述可独立使用的完整耳机/耳塞设备，细分类目为 Over-Ear Headphones；判为 DEVICE；形态依据：标题明确为 over-ear/around-ear/full-size，且该形态是最先出现的主体描述。
B094XR749T,DEVICE,0.98,EARBUD_INEAR,2,0,0,0,0,taxonomy_device=2,"USB C Earbuds,ivoros Type-C Headphones HiFi in-Ear Stereo Earphones with Volume Control,Work for iPad Pro/Air/Mini,Google Pixel 6/5/4/3/2/XL,Samsung Galaxy S22+Ultra/Note 20/S21/S20/Tab S7/S8-Black",ivoros,Earbud Headphones,Headphones & Earbuds,24,DEVICE,EARBUD_INEAR,标题描述可独立使用的完整耳机/耳塞设备，细分类目为 Earbud Headphones；判为 DEVICE；形态依据：标题含耳塞/入耳/开放式耳戴设备词，且其主体线索早于头戴式描述。
B09G2KSYRN,AMBIGUOUS,0.6,NOT_APPLICABLE,2,0,0,1,1,taxonomy_device=2;title_accessory=1;conflict,"Cosmos Retro Handset Cell Phone Receiver MIC Microphone Speaker for Smartphone Cellphone with 3.5 mm Socket, Black Color with Marble Pattern Carrying Bag",Cosmos,Earbud Headphones,Headphones & Earbuds,29,ACCESSORY,NOT_APPLICABLE,标题明确为发射/接收/充电配件，不是可独立使用的完整耳机；结合标题的兼容/替换关系判定；判为 ACCESSORY。 原自动标签为 AMBIGUOUS，本次以商品主体语义和类目复核后更正。
B07KLW94QG,AMBIGUOUS,0.6,NOT_APPLICABLE,2,0,0,1,1,taxonomy_device=2;title_accessory=1;conflict,GeeRic Protective Cover Compatible with Earphone,GeeRic,Earbud Headphones,Headphones & Earbuds,536,ACCESSORY,NOT_APPLICABLE,标题明确为保护壳/收纳配件，不是可独立使用的完整耳机；结合标题的兼容/替换关系判定；判为 ACCESSORY。 原自动标签为 AMBIGUOUS，本次以商品主体语义和类目复核后更正。
B00RQ6QWGM,AMBIGUOUS,0.5,NOT_APPLICABLE,0,0,0,0,0,insufficient_evidence,Zipi Magnetic Earbud Strap & Cord Organizer (Black),Blimp Lab,Headphones & Earbuds,Headphones & Earbuds,39,DEVICE,EARBUD_INEAR,标题描述可独立使用的完整耳机/耳塞设备，并含连接、声学或供电功能信息；判为 DEVICE；形态依据：标题含耳塞/入耳/开放式耳戴设备词，且其主体线索早于头戴式描述。 原自动标签为 AMBIGUOUS，本次以商品主体语义和类目复核后更正。
B07ZWJR9GD,DEVICE,0.955,EARBUD_INEAR,2,0,2,1,1,taxonomy_device=2;title_device=2;title_accessory=1;conflict,XClear Wireless Earbuds with Immersive Sounds True 5.0 Bluetooth in-Ear Headphones with Charging Case/Quick-Pairing Stereo Calls/Built-in Microphones/IPX5 Sweatproof/Pumping Bass for Sports Black,XClear,Earbud Headphones,Headphones & Earbuds,20428,DEVICE,EARBUD_INEAR,标题主体是完整耳机，后列保护壳/线缆/支架等随附配件（套装不改变主体标签）；判为 DEVICE；形态依据：标题含耳塞/入耳/开放式耳戴设备词，且其主体线索早于头戴式描述。
B00Y0NU2T2,AMBIGUOUS,0.5,NOT_APPLICABLE,0,0,0,0,0,insufficient_evidence,Ubest Original Windows 8.1 Meegopad T02 Mini PC Computer Stick TV Box Quad Core Intel 64bit CPU 2GB Ram 32GB Storage Upgrade Windows10 W100238 (Meegopad T02 With Original Windows 8.1),Ubest,Headphones & Earbuds,Headphones & Earbuds,1,AMBIGUOUS,NOT_APPLICABLE,needs_review: 标题“Ubest Original Windows 8.1 Meegopad T02 Mini PC Computer Stick TV Box Quad Core Intel 64bit CPU 2GB Ram 32GB Storage Upgrade Windows10 W100238 (Meegop”未描述完整耳机或明确耳机配件，且与类目“Headphones & Earbuds”不一致/信息残缺；保留 AMBIGUOUS，不强行归类。
B004BN40AS,AMBIGUOUS,0.5,NOT_APPLICABLE,0,0,0,0,0,insufficient_evidence,Motorola S10-HD Bluetooth Stereo Headphones - Retail Packaging,Motorola,Headphones & Earbuds,Headphones & Earbuds,4248,DEVICE,EARBUD_INEAR,标题/型号表明是入耳耳塞、手机单耳蓝牙耳机、运动耳机或随身耳塞系统；判为 DEVICE / EARBUD_INEAR。 原自动标签为 AMBIGUOUS，本次复核后更正。
B01CY8FOFG,AMBIGUOUS,0.6,NOT_APPLICABLE,2,0,0,1,1,taxonomy_device=2;title_accessory=1;conflict,"Galaxy S7 Case,CASELAND Samsung Galaxy S7 Case Wallet PU Leather Stand Flip Case for Samsung Galaxy S7 - Campanula",BSSJZP,Earbud Headphones,Headphones & Earbuds,1,ACCESSORY,NOT_APPLICABLE,标题明确为保护壳/收纳配件，不是可独立使用的完整耳机；结合标题的兼容/替换关系判定；判为 ACCESSORY。 原自动标签为 AMBIGUOUS，本次以商品主体语义和类目复核后更正。
B003VQJL5U,AMBIGUOUS,0.5,NOT_APPLICABLE,0,0,0,0,0,insufficient_evidence,Premium Mono Headset for HTC EVO 4G,OrionGadgets,Headphones & Earbuds,Headphones & Earbuds,2,DEVICE,EARBUD_INEAR,标题描述可独立使用的完整耳机/耳塞设备，并含连接、声学或供电功能信息；判为 DEVICE；形态依据：标题语义为手机用单耳/免提蓝牙耳机或有线耳麦。 原自动标签为 AMBIGUOUS，本次以商品主体语义和类目复核后更正。
B01JR9M8G8,AMBIGUOUS,0.5,NOT_APPLICABLE,0,0,0,0,0,insufficient_evidence,Hallmark Humorous Discover Pants Felt claymation Card Bees Hill who 6ft Need,EUROB,Headphones & Earbuds,Headphones & Earbuds,13,AMBIGUOUS,NOT_APPLICABLE,needs_review: 标题“Hallmark Humorous Discover Pants Felt claymation Card Bees Hill who 6ft Need”未描述完整耳机或明确耳机配件，且与类目“Headphones & Earbuds”不一致/信息残缺；保留 AMBIGUOUS，不强行归类。
B003U4TYN2,DEVICE,0.98,EARBUD_INEAR,2,0,0,0,0,taxonomy_device=2,Michael Jackson Ear Buds,Victory,Earbud Headphones,Headphones & Earbuds,9,DEVICE,EARBUD_INEAR,标题/型号表明是入耳耳塞、手机单耳蓝牙耳机、运动耳机或随身耳塞系统；判为 DEVICE / EARBUD_INEAR。
B07GN6PKDT,AMBIGUOUS,0.5,NOT_APPLICABLE,0,0,0,0,0,insufficient_evidence,Hard Carrying Travel Case compatible with Hatteker Women's 3 in 1 Hair Removal Ladies Electric Shaver Razor Epilator by Aproca,Aproca,Headphones & Earbuds,Headphones & Earbuds,2,ACCESSORY,NOT_APPLICABLE,标题明确为保护壳/收纳配件，不是可独立使用的完整耳机；结合标题的兼容/替换关系判定；判为 ACCESSORY。 原自动标签为 AMBIGUOUS，本次以商品主体语义和类目复核后更正。
B00G3KZJ34,DEVICE,0.98,OVER_EAR,2,0,0,0,0,taxonomy_device=2,"Sony Long Range Wireless Stereo Headphones with Wide Comfortable Headband, Volume Control and Mute Switch for all Sony KDL-40BX450, KDL-46BX450, KDL-55HX850, KDL-46HX850, KDL-46EX645, KDL-50EX645 & KDL-60EX645 LED LCD HDTV Flat Screen Television - Works Up To 26 feet Away",Sony,Over-Ear Headphones,Headphones & Earbuds,22,DEVICE,OVER_EAR,标题描述可独立使用的完整耳机/耳塞设备，细分类目为 Over-Ear Headphones；判为 DEVICE；形态依据：细分类目为 Over-Ear Headphones。
B08P4ZKQGX,ACCESSORY,0.995,NOT_APPLICABLE,0,2,1,2,1,taxonomy_accessory=2;title_device=1;title_accessory=2;conflict,"Cartoon 3D Silicone Earphone Protective Case for Airpods 1/2/Pro, Wireless Bluetooth Headset Case Cover Soft Shell (for AirPods Pro)",VARWANEO,Cases,Cases,22,ACCESSORY,NOT_APPLICABLE,标题明确为保护壳/收纳配件，不是可独立使用的完整耳机；细分类目 Cases 与此一致；判为 ACCESSORY。
B0BHN6DCR9,AMBIGUOUS,0.6,NOT_APPLICABLE,2,0,0,1,1,taxonomy_device=2;title_accessory=1;conflict,TAGRY Wireless Headsets with Charging Case IPX7 Waterproof for Sports,TAGRY,Earbud Headphones,Headphones & Earbuds,26,DEVICE,EARBUD_INEAR,标题主体是完整耳机，后列保护壳/线缆/支架等随附配件（套装不改变主体标签）；判为 DEVICE；形态依据：细分类目为 Earbud Headphones。 原自动标签为 AMBIGUOUS，本次以商品主体语义和类目复核后更正。
B091K4WYD1,DEVICE,0.995,OVER_EAR,2,0,1,0,0,taxonomy_device=2;title_device=1,"OneOdio Over Ear Headphone, Wired Bass Headsets with 50mm Driver, Foldable Lightweight Headphones with Shareport and Mic for Recording Monitoring Podcast Guitar PC TV - (Red)",OneOdio,Over-Ear Headphones,Headphones & Earbuds,60653,DEVICE,OVER_EAR,标题描述可独立使用的完整耳机/耳塞设备，细分类目为 Over-Ear Headphones；判为 DEVICE；形态依据：标题明确为 over-ear/around-ear/full-size，且该形态是最先出现的主体描述。
B08D2M4RBG,DEVICE,0.995,EARBUD_INEAR,2,0,1,0,0,taxonomy_device=2;title_device=1,[2 Pack] 3.5mm Earbuds/Headphones/Earphones with Microphone in-Ear Earbuds Noise Isolation Headsets Heavy Bass Earphones Compatible iPhone iPad iPod S10 Android All 3.5 mm Audio Devices,miguotech,Earbud Headphones,Headphones & Earbuds,2,DEVICE,EARBUD_INEAR,标题主体是完整耳机，后列保护壳/线缆/支架等随附配件（套装不改变主体标签）；判为 DEVICE；形态依据：标题含耳塞/入耳/开放式耳戴设备词，且其主体线索早于头戴式描述。
B09P4S868Q,ACCESSORY,0.995,NOT_APPLICABLE,0,2,1,2,1,taxonomy_accessory=2;title_device=1;title_accessory=2;conflict,"Heyeke Charging Case Compatible with Beats Studio Buds, Replacement USB-C Charger Case Dock Cradle for Beats Studio Buds Wireless Earbuds (Black)",Heyeke,Cases,Cases,24,ACCESSORY,NOT_APPLICABLE,标题明确为保护壳/收纳配件，不是可独立使用的完整耳机；细分类目 Cases 与此一致；判为 ACCESSORY。
B09LGX5R9J,ACCESSORY,0.98,NOT_APPLICABLE,0,2,0,0,0,taxonomy_accessory=2,"[3 Pack] iPhone Adapter, [Apple MFi Certified] Lightning to 3.5mm Jack Headphone Adapter Aux Audio Adapter Dongle Earphones Connector Compatible with iPhone 13/12/11/XS/Max/8 7 Support All iOS System",FCV,Adapters,Adapters,35,ACCESSORY,NOT_APPLICABLE,标题明确为线缆/转接配件，不是可独立使用的完整耳机；细分类目 Adapters 与此一致；判为 ACCESSORY。
B06VV7K55Z,DEVICE,0.995,EARBUD_INEAR,2,0,2,0,0,taxonomy_device=2;title_device=2,Earbuds In Ear Headphones with Mic DT108 Memory Foam 3.5mm Stereo Super Bass Earphones in Line Remote Control for iPhone iPad Samsung Android Cell Phones Tablets Laptop Computer (Silver),Gardway,Earbud Headphones,Headphones & Earbuds,3,DEVICE,EARBUD_INEAR,标题描述可独立使用的完整耳机/耳塞设备，细分类目为 Earbud Headphones；判为 DEVICE；形态依据：标题含耳塞/入耳/开放式耳戴设备词，且其主体线索早于头戴式描述。
B018WZ8NAI,AMBIGUOUS,0.5,NOT_APPLICABLE,0,0,0,0,0,insufficient_evidence,KeyZone 1PC Macarons headphones Headset For All Phone MP3 Tablet Laptop Blue,KeyZone,Headphones & Earbuds,Headphones & Earbuds,3,DEVICE,EARBUD_INEAR,标题描述可独立使用的完整耳机/耳塞设备，并含连接、声学或供电功能信息；判为 DEVICE；形态依据：标题语义为手机用单耳/免提蓝牙耳机或有线耳麦。 原自动标签为 AMBIGUOUS，本次以商品主体语义和类目复核后更正。
B00HDPWI1O,AMBIGUOUS,0.6,NOT_APPLICABLE,1,0,0,1,1,taxonomy_device=1;title_accessory=1;conflict,Lazerwood Wood Cover for Beats Studio Headset/Cherry,Lazerwood,"Headphones, Earbuds & Accessories",,4,ACCESSORY,NOT_APPLICABLE,标题明确为保护壳/收纳配件，不是可独立使用的完整耳机；结合标题的兼容/替换关系判定；判为 ACCESSORY。 原自动标签为 AMBIGUOUS，本次以商品主体语义和类目复核后更正。
B09XQMRYBJ,DEVICE,0.995,OVER_EAR,2,0,1,0,0,taxonomy_device=2;title_device=1,"Kids Headphones with Mic, Share Port, Foldable Stereo On-Ear Kids Headset, 91dB Volume Limited, Adjustable Headband Headphones for Kids Teens Adults, School Headphones for iPad Tablet, Pink & Green",TUNEAKE,Over-Ear Headphones,Headphones & Earbuds,259,DEVICE,ON_EAR,标题描述可独立使用的完整耳机/耳塞设备，细分类目为 Over-Ear Headphones；判为 DEVICE；形态依据：标题明确为 on-ear/supra-aural，或该形态是最先出现的主体描述。
B00ODYZFOU,DEVICE,0.995,EARBUD_INEAR,2,0,2,0,0,taxonomy_device=2;title_device=2,"CLUBLIFE CL51-1-09 CL-5 Maximal In-Ear Headphones with Mic, Red",Audiofly,Earbud Headphones,Headphones & Earbuds,6,DEVICE,EARBUD_INEAR,标题描述可独立使用的完整耳机/耳塞设备，细分类目为 Earbud Headphones；判为 DEVICE；形态依据：标题含耳塞/入耳/开放式耳戴设备词，且其主体线索早于头戴式描述。
B0B6W84GST,ACCESSORY,0.995,NOT_APPLICABLE,0,2,1,1,1,taxonomy_accessory=2;title_device=1;title_accessory=1;conflict,WH-1000XM4 Ear Cushions Replacement Noise Isolation Ear Pads Compatible with Sony WH1000XM4 Wireless Noise Canceling Over-Ear Headphones- Added Thickness & Plastic Stick,Saipomor,Earpads,Earpads,26,ACCESSORY,NOT_APPLICABLE,标题明确为替换耳垫/耳罩，不是可独立使用的完整耳机；细分类目 Earpads 与此一致；判为 ACCESSORY。
B09PRC3WC5,AMBIGUOUS,0.6,NOT_APPLICABLE,2,0,1,1,1,taxonomy_device=2;title_device=1;title_accessory=1;conflict,"TOZO A1 Mini Wireless Earbuds Bluetooth 5.3 in Ear Light-Weight Headphones Built-in Microphone, IPX5 Waterproof, Immersive Premium Sound Long Distance Connection Headset with Charging Case, Black",TOZO,Earbud Headphones,Headphones & Earbuds,57772,DEVICE,EARBUD_INEAR,标题描述可独立使用的完整耳机/耳塞设备，细分类目为 Earbud Headphones；判为 DEVICE；形态依据：标题含耳塞/入耳/开放式耳戴设备词，且其主体线索早于头戴式描述。 原自动标签为 AMBIGUOUS，本次以商品主体语义和类目复核后更正。
B009AHDGHS,AMBIGUOUS,0.5,NOT_APPLICABLE,0,0,0,0,0,insufficient_evidence,TASCAM IM2X Rotatable X-Y Stereo Microphone for Apple iOS (Discontinued by Manufacturer),Teac,Headphones & Earbuds,Headphones & Earbuds,18,ACCESSORY,NOT_APPLICABLE,标题明确为耳机配件，不是可独立使用的完整耳机；结合标题的兼容/替换关系判定；判为 ACCESSORY。 原自动标签为 AMBIGUOUS，本次以商品主体语义和类目复核后更正。
B0BMXMNG7G,DEVICE,0.995,EARBUD_INEAR,2,0,3,0,0,taxonomy_device=2;title_device=3,"TOZO NC9 2022 Version Hybrid Active Noise Cancelling Wireless Earbuds, in Ear Headphones IPX6 Waterproof Bluetooth 5.3 Stereo Earphones, Immersive Sound Premium Deep Bass Headset Matte White",TOZO,Earbud Headphones,Headphones & Earbuds,29995,DEVICE,EARBUD_INEAR,标题描述可独立使用的完整耳机/耳塞设备，细分类目为 Earbud Headphones；判为 DEVICE；形态依据：标题含耳塞/入耳/开放式耳戴设备词，且其主体线索早于头戴式描述。
B06XRWWJNL,AMBIGUOUS,0.5,NOT_APPLICABLE,0,0,0,0,0,insufficient_evidence,"Cat Ear Headphones Glowing Light with USB Charging for Phone, Computer, Tablet",surgicalonline,Headphones & Earbuds,Headphones & Earbuds,41,DEVICE,OVER_EAR,标题描述可独立使用的完整耳机/耳塞设备，并含连接、声学或供电功能信息；判为 DEVICE；形态依据：标题语义为带耳罩的游戏/办公/监听头戴式耳机。 原自动标签为 AMBIGUOUS，本次以商品主体语义和类目复核后更正。
B08L32S7C2,ACCESSORY,0.94,NOT_APPLICABLE,0,2,1,0,1,taxonomy_accessory=2;title_device=1;conflict,UGREEN Headphone Splitter for Computer 3.5mm Female to 2 Dual 3.5mm Male Braided Audio Splitter Cable Microphone Stereo Jack Earphones Port Cord Gaming Headset to PC Laptop Adapter Black,UGREEN,Adapters,Adapters,17345,ACCESSORY,NOT_APPLICABLE,标题明确为线缆/转接配件，不是可独立使用的完整耳机；细分类目 Adapters 与此一致；判为 ACCESSORY。
B01NA6O3E3,AMBIGUOUS,0.6,NOT_APPLICABLE,1,0,0,0,0,taxonomy_device=1,DURAGADGET Collapsible Metal Headphone Desk Stand (Headphones NOT Included) - Compatible with SteelSeries Arctis 3 & Arctis 5,DURAGADGET,"Headphones, Earbuds & Accessories",,2,ACCESSORY,NOT_APPLICABLE,标题主体是替换件、线缆/收纳件、蓝牙接收件、头盔扬声器套件或手机外接听筒，并非完整耳机；判为 ACCESSORY。 原自动标签为 AMBIGUOUS，本次复核后更正。
B091D3QY51,ACCESSORY,0.995,NOT_APPLICABLE,0,2,0,1,0,taxonomy_accessory=2;title_accessory=1,"Headphone Audio Cable, Double Needle 8 Core Balanced OCC Silver Plated Audio Cable for Sennheiser HD600 HD580 HD650 HD660s Silver-Plated Headphone Cable(2.5MM)",Sanpyl,Extension Cords,Extension Cords,34,ACCESSORY,NOT_APPLICABLE,标题明确为线缆/转接配件，不是可独立使用的完整耳机；细分类目 Extension Cords 与此一致；判为 ACCESSORY。
B0BS9PQ8XX,AMBIGUOUS,0.6,NOT_APPLICABLE,2,0,1,1,1,taxonomy_device=2;title_device=1;title_accessory=1;conflict,"OPN SOUND - Aria Open Ear Headset with Charging Case - Headphones with Bluetooth, Wireless Earbud with Noise Cancelling - Upgraded Stereo Ear Phones - Long-Term Comfort for Sports/Workout - Black",OPN SOUND,Over-Ear Headphones,Headphones & Earbuds,28,DEVICE,EARBUD_INEAR,标题主体是完整耳机，后列保护壳/线缆/支架等随附配件（套装不改变主体标签）；判为 DEVICE；形态依据：标题含耳塞/入耳/开放式耳戴设备词，且其主体线索早于头戴式描述。 原自动标签为 AMBIGUOUS，本次以商品主体语义和类目复核后更正。
B0BVR81LYV,DEVICE,0.995,EARBUD_INEAR,2,0,3,0,0,taxonomy_device=2;title_device=3,"Tiksounds Wireless Earbuds, Bluetooth Headphones with Microphone, IPX7 Waterproof, 35H Playtime with LED Power Display, High-Fidelity Stereo Earphones for Sports and Work",Tiksounds,Earbud Headphones,Headphones & Earbuds,26924,DEVICE,EARBUD_INEAR,标题主体是完整耳机，后列保护壳/线缆/支架等随附配件（套装不改变主体标签）；判为 DEVICE；形态依据：标题含耳塞/入耳/开放式耳戴设备词，且其主体线索早于头戴式描述。
B0B1MBQ4FC,ACCESSORY,0.98,NOT_APPLICABLE,0,2,0,0,0,taxonomy_accessory=2,Iphone Dual Lightning Headphone Adapter(2pack)Audio Charge Dongle Jack Splitter 2in1 Charger AUX Music Earbud Adaptador Para Apple MFI Certified Compatible for 7 8Plus X 13 12 11 Pro Max Mini Xs Se Xr,HOYULLI,Adapters,Adapters,22,ACCESSORY,NOT_APPLICABLE,标题明确为线缆/转接配件，不是可独立使用的完整耳机；细分类目 Adapters 与此一致；判为 ACCESSORY。
B08FF6SFZ3,AMBIGUOUS,0.6,NOT_APPLICABLE,2,0,1,1,1,taxonomy_device=2;title_device=1;title_accessory=1;conflict,"Wireless Gear Bluetooth 5.0 True Wireless Stereo Earbuds with Charging Case, Black",Wireless Gear,Earbud Headphones,Headphones & Earbuds,22,DEVICE,EARBUD_INEAR,标题主体是完整耳机，后列保护壳/线缆/支架等随附配件（套装不改变主体标签）；判为 DEVICE；形态依据：标题含耳塞/入耳/开放式耳戴设备词，且其主体线索早于头戴式描述。 原自动标签为 AMBIGUOUS，本次以商品主体语义和类目复核后更正。
B09Z2JYPVM,AMBIGUOUS,0.6,NOT_APPLICABLE,2,0,1,1,1,taxonomy_device=2;title_device=1;title_accessory=1;conflict,"Kids Headphones Wired Ｈeadset for School with Adjustable Headband,3.5mm Jack Foldable On-Ear Headphones with Sharing Cable for Girls Boys Teens Children,Pink",AVOVA,On-Ear Headphones,Headphones & Earbuds,36,DEVICE,ON_EAR,标题主体是完整耳机，后列保护壳/线缆/支架等随附配件（套装不改变主体标签）；判为 DEVICE；形态依据：标题明确为 on-ear/supra-aural，或该形态是最先出现的主体描述。 原自动标签为 AMBIGUOUS，本次以商品主体语义和类目复核后更正。
B007P5R2IG,AMBIGUOUS,0.5,NOT_APPLICABLE,0,0,0,0,0,insufficient_evidence,Hallmark Star Wars SHP3006 Hear You Nothing That I Say? Sound Button,Hallmark,Headphones & Earbuds,Headphones & Earbuds,3,AMBIGUOUS,NOT_APPLICABLE,needs_review: 标题“Hallmark Star Wars SHP3006 Hear You Nothing That I Say? Sound Button”未描述完整耳机或明确耳机配件，且与类目“Headphones & Earbuds”不一致/信息残缺；保留 AMBIGUOUS，不强行归类。
B076KLJYKC,DEVICE,0.98,ON_EAR,2,0,0,0,0,taxonomy_device=2,"Wired Kids Headphones, Foldable Cute Cat Headphones with Flash LED Ears Cosplay Earphone for Teens Girls Toddlers Kids Adults,Compatible with MP3 iPhone Android Smartphone Tablet PC (White&Pink)",Olyre,On-Ear Headphones,Headphones & Earbuds,59,DEVICE,EARBUD_INEAR,标题描述可独立使用的完整耳机/耳塞设备，细分类目为 On-Ear Headphones；判为 DEVICE；形态依据：标题含耳塞/耳机式耳戴设备词，未出现相冲突的头戴形态描述。
B07RMGSX63,ACCESSORY,0.98,NOT_APPLICABLE,0,2,0,0,0,taxonomy_accessory=2,Yoidesu 2 Pcs 2-Inch Replacement Foam Pad EarPad Ear Cover Ear Pads Cushions Cover Cups Repair Parts for AKG K450-K430-K420-K480,Yoidesu,Earpads,Earpads,19,ACCESSORY,NOT_APPLICABLE,标题明确为替换耳垫/耳罩，不是可独立使用的完整耳机；细分类目 Earpads 与此一致；判为 ACCESSORY。
B00N5E108O,AMBIGUOUS,0.5,NOT_APPLICABLE,0,0,0,0,0,insufficient_evidence,"2 Pack of Bose QuietComfort 3 Battery for QuietComfort 3 Headphone (200mAh, 3.7V, Li-Ion) Olympia Battery",Bose,Headphones & Earbuds,Headphones & Earbuds,5,ACCESSORY,NOT_APPLICABLE,标题主体是替换件、线缆/收纳件、蓝牙接收件、头盔扬声器套件或手机外接听筒，并非完整耳机；判为 ACCESSORY。 原自动标签为 AMBIGUOUS，本次复核后更正。
B06XY5ZDXX,AMBIGUOUS,0.6,NOT_APPLICABLE,2,0,0,1,1,taxonomy_device=2;title_accessory=1;conflict,"JAHOLAN iPhone 5 Case, iPhone 5S Case Green Jade Marble Design Slim Shockproof Clear Bumper TPU Soft Case Rubber Silicone Cover Phone Case for iPhone 5 5S SE",JAHOLAN,Earbud Headphones,Headphones & Earbuds,14,ACCESSORY,NOT_APPLICABLE,标题明确为保护壳/收纳配件，不是可独立使用的完整耳机；结合标题的兼容/替换关系判定；判为 ACCESSORY。 原自动标签为 AMBIGUOUS，本次以商品主体语义和类目复核后更正。
B00VQIGB6C,AMBIGUOUS,0.5,NOT_APPLICABLE,0,0,0,0,0,insufficient_evidence,i-Bud IBud Stereo Headset,i-Bud,Headphones & Earbuds,Headphones & Earbuds,2,DEVICE,EARBUD_INEAR,标题/型号表明是入耳耳塞、手机单耳蓝牙耳机、运动耳机或随身耳塞系统；判为 DEVICE / EARBUD_INEAR。 原自动标签为 AMBIGUOUS，本次复核后更正。
B07RWP3F22,ACCESSORY,0.995,NOT_APPLICABLE,0,2,0,2,0,taxonomy_accessory=2;title_accessory=2,SaNGaiMEi AirPods Case Leather Protectvie Cover Compatible with Apple AirPods 1 & 2 Charging Case with Keychain(Pink),SaNgaiMEi,Cases,Cases,86,ACCESSORY,NOT_APPLICABLE,标题明确为保护壳/收纳配件，不是可独立使用的完整耳机；细分类目 Cases 与此一致；判为 ACCESSORY。
B0170RBJ9Q,DEVICE,0.995,EARBUD_INEAR,2,0,1,0,0,taxonomy_device=2;title_device=1,"sephia SP3060 Earbuds - HD Bass Driven Audio, Lightweight Aluminum in Ear Headphone, S/M/L Ear Bud Tips, Earphone Case, 3.5mm Tangle-Free Cord - for Music, Podcasts, and More (Without Mic)",sephia,Earbud Headphones,Headphones & Earbuds,33336,DEVICE,EARBUD_INEAR,标题描述可独立使用的完整耳机/耳塞设备，细分类目为 Earbud Headphones；判为 DEVICE；形态依据：标题含耳塞/入耳/开放式耳戴设备词，且其主体线索早于头戴式描述。
B074KYCSD5,AMBIGUOUS,0.6,NOT_APPLICABLE,2,0,0,1,1,taxonomy_device=2;title_accessory=1;conflict,"Jabra Evolve 65 Stereo Bluetooth Wireless UC Headphones Bundle - Global Teck Mic Cushions, USB Dongle, Charging Stand, Compatible with Softphones, Streaming Music, Smartphones, Tablets, PC, MAC",Global Teck Worldwide,On-Ear Headphones,Headphones & Earbuds,12,DEVICE,ON_EAR,标题主体是完整耳机，后列保护壳/线缆/支架等随附配件（套装不改变主体标签）；判为 DEVICE；形态依据：细分类目为 On-Ear Headphones。 原自动标签为 AMBIGUOUS，本次以商品主体语义和类目复核后更正。
B00C5JWB2E,AMBIGUOUS,0.5,NOT_APPLICABLE,0,0,0,0,0,insufficient_evidence,"Graphics and More Tennis Ball - Tennis Home Button Stickers Fits Apple iPhone 4/4S/5/5C/5S, iPad, iPod Touch - Non-Retail Packaging - Clear",GRAPHICS & MORE,Headphones & Earbuds,Headphones & Earbuds,2,AMBIGUOUS,NOT_APPLICABLE,"needs_review: 标题“Graphics and More Tennis Ball - Tennis Home Button Stickers Fits Apple iPhone 4/4S/5/5C/5S, iPad, iPod Touch - Non-Retail Packaging - Clear”未描述完整耳机或明确耳机配件，且与类目“Headphones & Earbuds”不一致/信息残缺；保留 AMBIGUOUS，不强行归类。"
B071VYSPG4,DEVICE,0.98,ON_EAR,2,0,0,0,0,taxonomy_device=2,Mordoa Nail Polish Display Fashion 4 Tiers Cosmetic Makeup Display Stand Rack Holder Organizer Storage Box Nail Polish Rack A12,Mordoa,On-Ear Headphones,Headphones & Earbuds,10,AMBIGUOUS,NOT_APPLICABLE,needs_review: 标题“Mordoa Nail Polish Display Fashion 4 Tiers Cosmetic Makeup Display Stand Rack Holder Organizer Storage Box Nail Polish Rack A12”未描述完整耳机或明确耳机配件，且与类目“On-Ear Headphones”不一致/信息残缺；保留 AMBIGUOUS，不强行归类。 原自动标签为 DEVICE，本次以商品主体语义和类目复核后更正。
B091LXKW6C,DEVICE,0.995,EARBUD_INEAR,2,0,4,0,0,taxonomy_device=2;title_device=4,"Tribit Wireless Earbuds, 100H Playtime Bluetooth 5.0 IPX8 Waterproof Touch Control True Wireless Bluetooth Earbuds with Mic Earphones in-Ear Deep Bass Built-in Mic Bluetooth Headphones, FlyBuds 3",Tribit,Earbud Headphones,Headphones & Earbuds,26678,DEVICE,EARBUD_INEAR,标题描述可独立使用的完整耳机/耳塞设备，细分类目为 Earbud Headphones；判为 DEVICE；形态依据：标题含耳塞/入耳/开放式耳戴设备词，且其主体线索早于头戴式描述。
B083ZLMZ4K,ACCESSORY,0.94,NOT_APPLICABLE,0,2,1,0,1,taxonomy_accessory=2;title_device=1;conflict,"Ear Hooks Earbuds Spare Replacement for Plantronics Voyager Edge Bluetooth Headset, 2 Hooks, Silicone Covers Ear-Gels Tips S/M/L",V-8,Earpads,Earpads,15,ACCESSORY,NOT_APPLICABLE,标题明确为替换耳垫/耳罩，不是可独立使用的完整耳机；细分类目 Earpads 与此一致；判为 ACCESSORY。
B00768AXIS,AMBIGUOUS,0.5,NOT_APPLICABLE,0,0,0,0,0,insufficient_evidence,OEM Apple 3.5mm Earphones with Mic and Volume Control (Newest Version) Includes a FREE BLACK Iphone 4/4s Bumper Case (Different Colors Avaliable),ALSTEN,Headphones & Earbuds,Headphones & Earbuds,22,DEVICE,EARBUD_INEAR,标题主体是完整耳机，后列保护壳/线缆/支架等随附配件（套装不改变主体标签）；判为 DEVICE；形态依据：标题含耳塞/耳机式耳戴设备词，未出现相冲突的头戴形态描述。 原自动标签为 AMBIGUOUS，本次以商品主体语义和类目复核后更正。
B01JKIIB6M,ACCESSORY,0.98,NOT_APPLICABLE,0,2,0,0,0,taxonomy_accessory=2,"9"" x 6"" x 3"" Yoga Exercise Blocks",Peace Yoga,Adapters,Adapters,38,ACCESSORY,NOT_APPLICABLE,标题明确为线缆/转接配件，不是可独立使用的完整耳机；细分类目 Adapters 与此一致；判为 ACCESSORY。
B09NMN3H6R,AMBIGUOUS,0.6,NOT_APPLICABLE,2,0,0,1,1,taxonomy_device=2;title_accessory=1;conflict,"Acuvar Fully Wireless Bluetooth 5.0 Rechargeable iPX5 Water & Sweat Proof Earbud Headphones w Microphone, Touch Controls, Smart LCD Charging Case, Surround Stereo Bass and Noise Cancelling (White)",Acuvar,Earbud Headphones,Headphones & Earbuds,5,DEVICE,EARBUD_INEAR,标题描述可独立使用的完整耳机/耳塞设备，细分类目为 Earbud Headphones；判为 DEVICE；形态依据：标题含耳塞/入耳/开放式耳戴设备词，且其主体线索早于头戴式描述。 原自动标签为 AMBIGUOUS，本次以商品主体语义和类目复核后更正。
B07QHXKR97,DEVICE,0.98,EARBUD_INEAR,2,0,0,0,0,taxonomy_device=2,"iMangoo Earphone Wire Slider, [10 Pack] Universal 2mm Hole Slide Block Headphone Cable Splitting Chuck Earbuds Sliding Divider Earphone Cord Branching Accessories Mini Slider Black & White",iMangoo,Earbud Headphones,Headphones & Earbuds,27,DEVICE,EARBUD_INEAR,标题描述可独立使用的完整耳机/耳塞设备，细分类目为 Earbud Headphones；判为 DEVICE；形态依据：标题含耳塞/入耳/开放式耳戴设备词，且其主体线索早于头戴式描述。
B000ZSSQVW,AMBIGUOUS,0.5,NOT_APPLICABLE,0,0,0,0,0,insufficient_evidence,(Boredom Breakers) NATURALS Carrotys (200g),Boredom Breakers,Headphones & Earbuds,Headphones & Earbuds,206,AMBIGUOUS,NOT_APPLICABLE,needs_review: 标题“(Boredom Breakers) NATURALS Carrotys (200g)”未描述完整耳机或明确耳机配件，且与类目“Headphones & Earbuds”不一致/信息残缺；保留 AMBIGUOUS，不强行归类。
B09KQC7Z4S,DEVICE,0.995,OVER_EAR,2,0,1,0,0,taxonomy_device=2;title_device=1,"Bose QuietComfort 35 II Wireless Bluetooth Headphones, Noise-Cancelling, with Alexa Voice Control - Black",Bose,Over-Ear Headphones,Headphones & Earbuds,62404,DEVICE,OVER_EAR,标题描述可独立使用的完整耳机/耳塞设备，细分类目为 Over-Ear Headphones；判为 DEVICE；形态依据：细分类目为 Over-Ear Headphones。
B001ELEFYG,ACCESSORY,0.995,NOT_APPLICABLE,0,2,0,1,0,taxonomy_accessory=2;title_accessory=1,3.5mm (Male) To 2.5mm (Female) Stereo Audio Jack Adapter for,APPLE IPOD,Adapters,Adapters,7,ACCESSORY,NOT_APPLICABLE,标题明确为线缆/转接配件，不是可独立使用的完整耳机；细分类目 Adapters 与此一致；判为 ACCESSORY。
B088GJ1L5Z,DEVICE,0.995,OVER_EAR,2,0,1,0,0,taxonomy_device=2;title_device=1,"Sony Noise Cancelling Headphones WHCH710N: Wireless Bluetooth Over the Ear Headset with Mic for Phone-Call, Blue (Amazon Exclusive)",Sony,Over-Ear Headphones,Headphones & Earbuds,22859,DEVICE,OVER_EAR,标题描述可独立使用的完整耳机/耳塞设备，细分类目为 Over-Ear Headphones；判为 DEVICE；形态依据：标题明确为 over-ear/around-ear/full-size，且该形态是最先出现的主体描述。
B0033PKETG,DEVICE,0.98,EARBUD_INEAR,2,0,0,0,0,taxonomy_device=2,Krylon Crystal Clear Acrylic Coating Spray 6 Ounces 1303A (3-Pack),Krylon,Earbud Headphones,Headphones & Earbuds,5,AMBIGUOUS,NOT_APPLICABLE,needs_review: 标题“Krylon Crystal Clear Acrylic Coating Spray 6 Ounces 1303A (3-Pack)”未描述完整耳机或明确耳机配件，且与类目“Earbud Headphones”不一致/信息残缺；保留 AMBIGUOUS，不强行归类。 原自动标签为 DEVICE，本次以商品主体语义和类目复核后更正。
B007NPT98Y,AMBIGUOUS,0.6,NOT_APPLICABLE,2,0,0,1,1,taxonomy_device=2;title_accessory=1;conflict,ExpertPower® USB Programming Cable for Kenwood TK-2140 TK-2180 TK-280 TK-285 TK-290 TK-3140 TK-3180 TK-380 TK-385 TK-390 TK-480 TK-490 TK3185 (KPG-36U),ExpertPower,Earbud Headphones,Headphones & Earbuds,7,ACCESSORY,NOT_APPLICABLE,标题明确为线缆/转接配件，不是可独立使用的完整耳机；结合标题的兼容/替换关系判定；判为 ACCESSORY。 原自动标签为 AMBIGUOUS，本次以商品主体语义和类目复核后更正。
B07KCPQTX3,AMBIGUOUS,0.6,NOT_APPLICABLE,2,0,0,1,1,taxonomy_device=2;title_accessory=1;conflict,"Wearhaus Beam Wireless Bluetooth Sharing Earbuds, HiFi Bass Stereo in-Ear Sweatproof Sports Headset w/Mic, Color Changing LED Light, Lightweight Case for Gym Running Gaming Travel Work (White)",Wearhaus,Earbud Headphones,Headphones & Earbuds,4,DEVICE,EARBUD_INEAR,标题描述可独立使用的完整耳机/耳塞设备，细分类目为 Earbud Headphones；判为 DEVICE；形态依据：标题含耳塞/入耳/开放式耳戴设备词，且其主体线索早于头戴式描述。 原自动标签为 AMBIGUOUS，本次以商品主体语义和类目复核后更正。
B07TGTDVGQ,ACCESSORY,0.995,NOT_APPLICABLE,0,2,0,1,0,taxonomy_accessory=2;title_accessory=1,"CTYBB for Airpod Case,Silicone Airpods Case Cover with Fur Ball Keychain Compatible with Apple Airpods 2/1 (Front LED Visible) Light Pink",CTYBB,Cases,Cases,24858,ACCESSORY,NOT_APPLICABLE,标题明确为保护壳/收纳配件，不是可独立使用的完整耳机；细分类目 Cases 与此一致；判为 ACCESSORY。
B0C1ZHJRGB,DEVICE,0.995,EARBUD_INEAR,2,0,2,0,0,taxonomy_device=2;title_device=2,Wireless Earbuds Bluetooth Headphones 48hrs Play Back Sport Earphones with LED Display Over-Ear Buds with Earhooks Built-in Mic Headset for Workout Blue BMANI-VEAT00L,bmani,Earbud Headphones,Headphones & Earbuds,29423,DEVICE,EARBUD_INEAR,标题主体是完整耳机，后列保护壳/线缆/支架等随附配件（套装不改变主体标签）；判为 DEVICE；形态依据：标题含耳塞/入耳/开放式耳戴设备词，且其主体线索早于头戴式描述。
B002MS68QI,AMBIGUOUS,0.5,NOT_APPLICABLE,0,0,0,0,0,insufficient_evidence,OrionGadgets Retractable Stereo Headphones for Samsung Solstice A887 (Black),OrionGadgets,Headphones & Earbuds,Headphones & Earbuds,4,DEVICE,EARBUD_INEAR,标题/型号表明是入耳耳塞、手机单耳蓝牙耳机、运动耳机或随身耳塞系统；判为 DEVICE / EARBUD_INEAR。 原自动标签为 AMBIGUOUS，本次复核后更正。
B09XV6XJ6C,AMBIGUOUS,0.6,NOT_APPLICABLE,2,0,2,2,1,taxonomy_device=2;title_device=2;title_accessory=2;conflict,"LASUNEY Wireless Earbuds Bluetoth Headphones, Touch Control Stereo Sound Bluetoth Earbuds with Mic, 35H Playtime Waterproof Wireless Ear Buds with Type C Charging Case for iPhone Android (Green)",LASUNEY,Earbud Headphones,Headphones & Earbuds,19,DEVICE,EARBUD_INEAR,标题主体是完整耳机，后列保护壳/线缆/支架等随附配件（套装不改变主体标签）；判为 DEVICE；形态依据：标题含耳塞/入耳/开放式耳戴设备词，且其主体线索早于头戴式描述。 原自动标签为 AMBIGUOUS，本次以商品主体语义和类目复核后更正。
B0BMLQ87K7,ACCESSORY,0.995,NOT_APPLICABLE,0,2,1,1,1,taxonomy_accessory=2;title_device=1;title_accessory=1;conflict,"sovunis Headphone Splitter Adapter, 3-in-1 Pack 3.5mm Male to 2 Port 3.5mm Female & 3.5mm Female to 2 Port 3.5mm Male Aux Stereo Y Jack Cable for PS4, Xbox, Phone, PC, Tablet, Laptop, Gaming Headset",sovunis,Adapters,Adapters,52,ACCESSORY,NOT_APPLICABLE,标题明确为线缆/转接配件，不是可独立使用的完整耳机；细分类目 Adapters 与此一致；判为 ACCESSORY。
B00V5QFUHG,AMBIGUOUS,0.6,NOT_APPLICABLE,0,0,1,0,0,title_device=1,Stoga Wireless Bluetooth Headset Tsong TH-009 Universal Stereo Music Bluetooth V4.1 Headphone Eearphone for iphone 4/4S/5/5S/6 Samsung HTC,STOGA,Headphones & Earbuds,Headphones & Earbuds,10,DEVICE,EARBUD_INEAR,标题描述可独立使用的完整耳机/耳塞设备，并含连接、声学或供电功能信息；判为 DEVICE；形态依据：标题语义为手机用单耳/免提蓝牙耳机或有线耳麦。 原自动标签为 AMBIGUOUS，本次以商品主体语义和类目复核后更正。
B06WRSXCNN,AMBIGUOUS,0.5,NOT_APPLICABLE,0,0,0,0,0,insufficient_evidence,CellularOutfitter LG G5 Ultrasuede Folding Wallet Case - Slide-Out Card Holder and Wrist-strap - Hot Pink,CHUNKUI,Headphones & Earbuds,Headphones & Earbuds,1,ACCESSORY,NOT_APPLICABLE,标题明确为保护壳/收纳配件，不是可独立使用的完整耳机；结合标题的兼容/替换关系判定；判为 ACCESSORY。 原自动标签为 AMBIGUOUS，本次以商品主体语义和类目复核后更正。
B001GAHBCI,AMBIGUOUS,0.6,NOT_APPLICABLE,0,0,1,0,0,title_device=1,Bluetrek Metal Bluetooth Headset,BlueTrek,Headphones & Earbuds,Headphones & Earbuds,6,DEVICE,EARBUD_INEAR,标题描述可独立使用的完整耳机/耳塞设备，并含连接、声学或供电功能信息；判为 DEVICE；形态依据：标题语义为手机用单耳/免提蓝牙耳机或有线耳麦。 原自动标签为 AMBIGUOUS，本次以商品主体语义和类目复核后更正。
B07ZZ3FJSV,ACCESSORY,0.995,NOT_APPLICABLE,0,2,0,1,0,taxonomy_accessory=2;title_accessory=1,"elago Original Case Compatible with Apple AirPods Pro Case - Protective Silicone Cover, Anti-Slip Coating, Precise Cutout, Supports Wireless Charging (Lavender Gray)",elago,Cases,Cases,13988,ACCESSORY,NOT_APPLICABLE,标题明确为保护壳/收纳配件，不是可独立使用的完整耳机；细分类目 Cases 与此一致；判为 ACCESSORY。
B07GH4SQ4L,ACCESSORY,0.98,NOT_APPLICABLE,0,2,0,0,0,taxonomy_accessory=2,"2 Pack USB C to 3.5mm Headphone Jack Adapter, Type C to Audio Jack Converter, for MacBook Pro Pixel and XL Motorola Moto Z Xiaomi 8 Le Pro 3 and Other (not Compatible with Pixel 2/HTC Phones)",Vackoey,Adapters,Adapters,59,ACCESSORY,NOT_APPLICABLE,标题明确为线缆/转接配件，不是可独立使用的完整耳机；细分类目 Adapters 与此一致；判为 ACCESSORY。
B07MR5C4NW,DEVICE,0.985,EARBUD_INEAR,2,0,3,1,1,taxonomy_device=2;title_device=3;title_accessory=1;conflict,Raycon E50 Wireless Earbuds Bluetooth Headphones - Bluetooth 5.0 Bluetooth Earbuds Bluetooth Headset True Wireless Earbuds 30 Hours Playtime with Charging Case Built-in Mic White,Raycon,Earbud Headphones,Headphones & Earbuds,232,DEVICE,EARBUD_INEAR,标题主体是完整耳机，后列保护壳/线缆/支架等随附配件（套装不改变主体标签）；判为 DEVICE；形态依据：标题含耳塞/入耳/开放式耳戴设备词，且其主体线索早于头戴式描述。
B0C3R2WCKX,DEVICE,0.995,EARBUD_INEAR,2,0,4,0,0,taxonomy_device=2;title_device=4,"comiso Wireless Earbuds Bluetooth Headphones, True Wireless in Ear Bluetooth 5.1 Earbuds with Microphone, Deep Bass, IPX7 Waterproof Loud Voice Earphones for Sport Outdoor Running Gym Workout(Black)",comiso,Earbud Headphones,Headphones & Earbuds,14043,DEVICE,EARBUD_INEAR,标题主体是完整耳机，后列保护壳/线缆/支架等随附配件（套装不改变主体标签）；判为 DEVICE；形态依据：标题含耳塞/入耳/开放式耳戴设备词，且其主体线索早于头戴式描述。
B08M5GFDTR,ACCESSORY,0.995,NOT_APPLICABLE,0,2,1,1,1,taxonomy_accessory=2;title_device=1;title_accessory=1;conflict,"TOLUOHU for JBL Tune 225TWS/220TWS Case Cover,Carry/Shockproof/Waterproof Silicone Protect Skin Case Cover for JBL Tune 225TWS/220TWS Wireless Earbuds Accessories with Keychain",TOLUOHU,Cases,Cases,746,ACCESSORY,NOT_APPLICABLE,标题明确为保护壳/收纳配件，不是可独立使用的完整耳机；细分类目 Cases 与此一致；判为 ACCESSORY。
B0BSL3VQHX,DEVICE,0.995,EARBUD_INEAR,2,0,3,0,0,taxonomy_device=2;title_device=3,"GODCRYSTAL Wireless Earbuds,IPX5 Waterproof Bluetooth Earbuds Stereo Earphone, Bluetooth 5.0 in-Ear Earbuds with Wireless Bluetooth Headphone 30H Playtime, for iPhone/Android",Turntable Toys,Earbud Headphones,Headphones & Earbuds,21,DEVICE,EARBUD_INEAR,标题描述可独立使用的完整耳机/耳塞设备，细分类目为 Earbud Headphones；判为 DEVICE；形态依据：标题含耳塞/入耳/开放式耳戴设备词，且其主体线索早于头戴式描述。
B002M7KF4U,AMBIGUOUS,0.5,NOT_APPLICABLE,0,0,0,0,0,insufficient_evidence,Wireless Peltor WS Bluetooth Comms Protector Headset + XP Boom Mic!,Peltor,Headphones & Earbuds,Headphones & Earbuds,2,DEVICE,EARBUD_INEAR,标题描述可独立使用的完整耳机/耳塞设备，并含连接、声学或供电功能信息；判为 DEVICE；形态依据：标题语义为手机用单耳/免提蓝牙耳机或有线耳麦。 原自动标签为 AMBIGUOUS，本次以商品主体语义和类目复核后更正。
B089D1ZPT3,ACCESSORY,0.98,NOT_APPLICABLE,0,2,0,0,0,taxonomy_accessory=2,Coffea Protective Silicone Case with Keychain for Apple AirPods 2 (Black),COFFEA,Cases,Cases,16190,ACCESSORY,NOT_APPLICABLE,标题明确为保护壳/收纳配件，不是可独立使用的完整耳机；细分类目 Cases 与此一致；判为 ACCESSORY。
B09WMDYYCT,DEVICE,0.995,EARBUD_INEAR,2,0,2,0,0,taxonomy_device=2;title_device=2,"RUSAM TWS AR30 True Wireless Earbuds,Bluetooth 5.2 Headphones,Touch Control Stereo Earphones,in-Ear Built-in Mic Headset,Premium Deep Bass for Music Sport Game,White",RUSAM,Earbud Headphones,Headphones & Earbuds,90,DEVICE,EARBUD_INEAR,标题描述可独立使用的完整耳机/耳塞设备，细分类目为 Earbud Headphones；判为 DEVICE；形态依据：标题含耳塞/入耳/开放式耳戴设备词，且其主体线索早于头戴式描述。
B083TLZ1LL,ACCESSORY,0.995,NOT_APPLICABLE,0,2,0,2,0,taxonomy_accessory=2;title_accessory=2,"Laffav AirPods Case Silicone Protective Cover (Front LED Visible) for Women Men Compatible with Apple AirPods 2 & 1 , 2 Pack, Navy Blue, Black",Laffav,Cases,Cases,12170,ACCESSORY,NOT_APPLICABLE,标题明确为保护壳/收纳配件，不是可独立使用的完整耳机；细分类目 Cases 与此一致；判为 ACCESSORY。
B0BDF4DVXC,ACCESSORY,0.98,NOT_APPLICABLE,0,2,0,0,0,taxonomy_accessory=2,"USB Type C to 3.5mm Female Headphone Jack Adapter, JSAUX USB C to Aux Audio Dongle Cable Cord Compatible with Pixel 4 3 2 XL, Samsung Galaxy S22 S21 S20 Ultra S20+ Note 10 S10 S9 Plus, iPad Pro(Black)",JSAUX,Adapters,Adapters,26267,ACCESSORY,NOT_APPLICABLE,标题明确为线缆/转接配件，不是可独立使用的完整耳机；细分类目 Adapters 与此一致；判为 ACCESSORY。
B08KRC18S8,DEVICE,0.955,EARBUD_INEAR,2,0,2,1,1,taxonomy_device=2;title_device=2;title_accessory=1;conflict,"Galaxy Buds True Wireless Earbuds (Wireless Charging Case included), Silver â€“ US Version",SAMSUNG,Earbud Headphones,Headphones & Earbuds,43999,DEVICE,EARBUD_INEAR,标题描述可独立使用的完整耳机/耳塞设备，细分类目为 Earbud Headphones；判为 DEVICE；形态依据：标题含耳塞/入耳/开放式耳戴设备词，且其主体线索早于头戴式描述。
B07BBKDDLR,AMBIGUOUS,0.5,NOT_APPLICABLE,0,0,0,0,0,insufficient_evidence,"monque HIFi In-ear Stereo Headphones with Dual Drivers Earbuds High-fidelity Audio and Deep Bass Wired Earphones with Mic for Hands-free Calling,Mobile Phones",monque,Headphones & Earbuds,Headphones & Earbuds,1,DEVICE,EARBUD_INEAR,标题描述可独立使用的完整耳机/耳塞设备，并含连接、声学或供电功能信息；判为 DEVICE；形态依据：标题含耳塞/入耳/开放式耳戴设备词，且其主体线索早于头戴式描述。 原自动标签为 AMBIGUOUS，本次以商品主体语义和类目复核后更正。
B074K8H2GV,DEVICE,0.98,OVER_EAR,2,0,0,0,0,taxonomy_device=2,NOON VR PRO with PC-to-VR Streaming & Built-in Stereo Headphones for Cinematic & Gaming Experience,NOON,Over-Ear Headphones,Headphones & Earbuds,31,DEVICE,OVER_EAR,标题描述可独立使用的完整耳机/耳塞设备，细分类目为 Over-Ear Headphones；判为 DEVICE；形态依据：细分类目为 Over-Ear Headphones。
B01FG7RJAA,AMBIGUOUS,0.5,NOT_APPLICABLE,0,0,0,0,0,insufficient_evidence,Headphones Headset Earphone,Lady house,Headphones & Earbuds,Headphones & Earbuds,36,DEVICE,NEEDS_REVIEW,needs_review: 型号或套装语义可确认包含完整耳机/耳机系统，但佩戴结构在现有标题中不够清楚；判为 DEVICE / NEEDS_REVIEW。 原自动标签为 AMBIGUOUS，本次复核后更正。
B00USOK166,AMBIGUOUS,0.5,NOT_APPLICABLE,0,0,0,0,0,insufficient_evidence,"iLive iAHK55SP Safe Volume Headphones, Pink/White",iLive,Headphones & Earbuds,Headphones & Earbuds,5,DEVICE,ON_EAR,标题中的便携/折叠/儿童/头带式线索或核验到的厂商规格表明耳垫压在耳廓上；判为 DEVICE / ON_EAR。 原自动标签为 AMBIGUOUS，本次复核后更正。
B07VRDNQR3,DEVICE,0.995,OVER_EAR,2,0,1,0,0,taxonomy_device=2;title_device=1,"Plantronics Voyager 104 Bluetooth Headset, Over The Head Headset with Microphone Built for Truckers (Renewed)",Amazon Renewed,Over-Ear Headphones,Headphones & Earbuds,393,DEVICE,OVER_EAR,标题主体是完整耳机，后列保护壳/线缆/支架等随附配件（套装不改变主体标签）；判为 DEVICE；形态依据：细分类目为 Over-Ear Headphones。
B07DG6D7K3,AMBIGUOUS,0.6,NOT_APPLICABLE,2,0,1,1,1,taxonomy_device=2;title_device=1;title_accessory=1;conflict,XKDUN Sports Headphones Wireless Earbuds Anti Falling Off Bluetooth Earphones for Exercise with Charging Case Sweatproof HD Stereo Sound in Ear with Microphone 6 Hrs Running Gym iOS Android Black,XKDUN,Earbud Headphones,Headphones & Earbuds,86,DEVICE,EARBUD_INEAR,标题主体是完整耳机，后列保护壳/线缆/支架等随附配件（套装不改变主体标签）；判为 DEVICE；形态依据：标题含耳塞/入耳/开放式耳戴设备词，且其主体线索早于头戴式描述。 原自动标签为 AMBIGUOUS，本次以商品主体语义和类目复核后更正。
B09P7C8KZD,ACCESSORY,0.98,NOT_APPLICABLE,0,2,0,0,0,taxonomy_accessory=2,Leather Cushion Earpads Compatible withJBL E65BTNC Duet NC LIVE650 Headset Earmuffs Memory Foam Cover Headphone Ear Pads earpads Replacements,awcnilacav,Earpads,Earpads,1,ACCESSORY,NOT_APPLICABLE,标题明确为替换耳垫/耳罩，不是可独立使用的完整耳机；细分类目 Earpads 与此一致；判为 ACCESSORY。
B00CWFMUM2,DEVICE,0.98,EARBUD_INEAR,2,0,0,0,0,taxonomy_device=2,Creative Hitz MA-350 In-Ear Noise Isolating Headphones with 9mm Driver and In-Line Mic and Volume Control (Green) (Discontinued by Manufacturer),Creative,Earbud Headphones,Headphones & Earbuds,1,DEVICE,EARBUD_INEAR,标题描述可独立使用的完整耳机/耳塞设备，细分类目为 Earbud Headphones；判为 DEVICE；形态依据：标题含耳塞/入耳/开放式耳戴设备词，且其主体线索早于头戴式描述。
B008F5JZVC,AMBIGUOUS,0.6,NOT_APPLICABLE,1,0,0,1,1,taxonomy_device=1;title_accessory=1;conflict,Asobilor Audio Cable for QuietComfort 15 Headphones,Asobilor,"Headphones, Earbuds & Accessories",,471,ACCESSORY,NOT_APPLICABLE,标题明确为线缆/转接配件，不是可独立使用的完整耳机；结合标题的兼容/替换关系判定；判为 ACCESSORY。 原自动标签为 AMBIGUOUS，本次以商品主体语义和类目复核后更正。
B07DGL38ZK,DEVICE,0.995,EARBUD_INEAR,2,0,1,0,0,taxonomy_device=2;title_device=1,"Skullcandy Ink'd 2.0 in-Ear Earbud - Camo, Green",Skullcandy,Earbud Headphones,Headphones & Earbuds,12001,DEVICE,EARBUD_INEAR,标题描述可独立使用的完整耳机/耳塞设备，细分类目为 Earbud Headphones；判为 DEVICE；形态依据：标题含耳塞/入耳/开放式耳戴设备词，且其主体线索早于头戴式描述。
B001DLAKIC,AMBIGUOUS,0.6,NOT_APPLICABLE,0,0,1,0,0,title_device=1,Plantronics Voyager 520 Bluetooth Headset (75859-01) with gift for Samsung SGH-A717 Samsung SGH-A727 Samsung A737 Samsung Beat SGH-T539 Samsung Blackjack 2 Samsung Blast SGH-T729 Samsung SGH-D900 Black Carbon Samsung Gleam Glyde U1036,Plantronics,Headphones & Earbuds,Headphones & Earbuds,1,DEVICE,EARBUD_INEAR,标题描述可独立使用的完整耳机/耳塞设备，并含连接、声学或供电功能信息；判为 DEVICE；形态依据：标题语义为手机用单耳/免提蓝牙耳机或有线耳麦。 原自动标签为 AMBIGUOUS，本次以商品主体语义和类目复核后更正。
B00O76IEGA,AMBIGUOUS,0.5,NOT_APPLICABLE,0,0,0,0,0,insufficient_evidence,"Gskyer Telescope, Instruments Infinity 60mm AZ Refractor Telescope, German Technology Travel Scope",Gskyer,Headphones & Earbuds,Headphones & Earbuds,37,AMBIGUOUS,NOT_APPLICABLE,"needs_review: 标题“Gskyer Telescope, Instruments Infinity 60mm AZ Refractor Telescope, German Technology Travel Scope”未描述完整耳机或明确耳机配件，且与类目“Headphones & Earbuds”不一致/信息残缺；保留 AMBIGUOUS，不强行归类。"
B00BIKJMNW,ACCESSORY,0.98,NOT_APPLICABLE,0,2,0,0,0,taxonomy_accessory=2,Yurbuds Earbuds Covers Size 7 Large Red,Yurbuds,Earpads,Earpads,59,ACCESSORY,NOT_APPLICABLE,标题明确为替换耳垫/耳罩，不是可独立使用的完整耳机；细分类目 Earpads 与此一致；判为 ACCESSORY。
B08SH82975,ACCESSORY,0.98,NOT_APPLICABLE,0,2,0,0,0,taxonomy_accessory=2,"Airpods Pro Case, Ztacking Airpods Pro Case Cover Full-Body Protective Rugged Shock Absorbtion Wireless Charging Durable Case LED Visible with Carabiner for Airpods Pro 3rd gen - Blue",Ztacking,Cases,Cases,25,ACCESSORY,NOT_APPLICABLE,标题明确为保护壳/收纳配件，不是可独立使用的完整耳机；细分类目 Cases 与此一致；判为 ACCESSORY。
B08JZNWCNH,ACCESSORY,0.995,NOT_APPLICABLE,0,2,0,1,0,taxonomy_accessory=2;title_accessory=1,"URBAN ARMOR GEAR UAG Compatible with AirPods (1st & 2nd Gen) Case Full-Body Protective Soft-Touch Silicone Case with Detachable Carabiner, Standard Issue Hard Case_001, Black/Grey",URBAN ARMOR GEAR,Cases,Cases,147,ACCESSORY,NOT_APPLICABLE,标题明确为保护壳/收纳配件，不是可独立使用的完整耳机；细分类目 Cases 与此一致；判为 ACCESSORY。
B01N2N993M,DEVICE,0.98,EARBUD_INEAR,2,0,0,0,0,taxonomy_device=2,"WaveWall 'Airtubes', Anti Radiation Earphones, Tested and Designed to Shield Radiations to Head, Reduced Exposure from EMF & RF Waves, Noise Isolating Headphones, with High Sensitivity Microphone",WaveWall,Earbud Headphones,Headphones & Earbuds,27,DEVICE,EARBUD_INEAR,标题主体是完整耳机，后列保护壳/线缆/支架等随附配件（套装不改变主体标签）；判为 DEVICE；形态依据：标题含耳塞/耳机式耳戴设备词，未出现相冲突的头戴形态描述。
B07RWJ531B,DEVICE,0.995,EARBUD_INEAR,2,0,1,0,0,taxonomy_device=2;title_device=1,"SoundPEATS Bluetooth Earphones, Wireless 4.1 Magnetic Earphones, in-Ear IPX6 Sweatproof Headphones with Mic (Superior Sound with Upgraded Drivers, APTX, 8 Hours Working Time, Secure Fit Design)",SoundPEATS,Earbud Headphones,Headphones & Earbuds,131,DEVICE,EARBUD_INEAR,标题描述可独立使用的完整耳机/耳塞设备，细分类目为 Earbud Headphones；判为 DEVICE；形态依据：标题含耳塞/入耳/开放式耳戴设备词，且其主体线索早于头戴式描述。
B001TLNJPW,AMBIGUOUS,0.5,NOT_APPLICABLE,0,0,0,0,0,insufficient_evidence,Parrot PARTY Bluetooth Speakers Black,Parrot,Headphones & Earbuds,Headphones & Earbuds,4,AMBIGUOUS,NOT_APPLICABLE,needs_review: 标题“Parrot PARTY Bluetooth Speakers Black”未描述完整耳机或明确耳机配件，且与类目“Headphones & Earbuds”不一致/信息残缺；保留 AMBIGUOUS，不强行归类。
B078S34QZD,DEVICE,0.98,EARBUD_INEAR,2,0,0,0,0,taxonomy_device=2,Sony Mdr Xb-450 Extra Bass Foldable Headphones Black,Sony,Earbud Headphones,Headphones & Earbuds,54454,DEVICE,EARBUD_INEAR,标题描述可独立使用的完整耳机/耳塞设备，细分类目为 Earbud Headphones；判为 DEVICE；形态依据：细分类目为 Earbud Headphones。
B0967K92BJ,ACCESSORY,0.995,NOT_APPLICABLE,0,2,1,1,1,taxonomy_accessory=2;title_device=1;title_accessory=1;conflict,QKIIP Studio 2 Headband Replacement Parts Accessories Studio 2.0 Top Headband Repair Fix Parts Compatible with Studio 3 Wireless Studio 2 B0501B0500 WiredWireless Over Ear Headphones(Titanium),QKIIP,Earpads,Earpads,2,ACCESSORY,NOT_APPLICABLE,标题主体是替换件、线缆/收纳件、蓝牙接收件、头盔扬声器套件或手机外接听筒，并非完整耳机；判为 ACCESSORY。
B0C72D4J46,DEVICE,0.995,EARBUD_INEAR,2,0,2,0,0,taxonomy_device=2;title_device=2,occiam Wireless Earbuds Bluetooth Headphones 48H Play Back Earphones in Ear Waterproof with Microphone LED Display for Sports Running Workout Pink,occiam,Earbud Headphones,Headphones & Earbuds,46903,DEVICE,EARBUD_INEAR,标题主体是完整耳机，后列保护壳/线缆/支架等随附配件（套装不改变主体标签）；判为 DEVICE；形态依据：标题含耳塞/入耳/开放式耳戴设备词，且其主体线索早于头戴式描述。
B0BL6LSDLM,AMBIGUOUS,0.5,NOT_APPLICABLE,2,0,1,2,1,taxonomy_device=2;title_device=1;title_accessory=2;conflict,"bakibo Wireless Earbuds, Bluetooth 5.3 in-Ear Earphones with Built-in 6 Mic Waterproof Ear Buds Deep Bass Stereo Headphones, 32 Hours Play Time Type-C Fast Charging Case for iPhone Android, White",bakibo,Earbud Headphones,Headphones & Earbuds,24,DEVICE,EARBUD_INEAR,标题主体是完整耳机，后列保护壳/线缆/支架等随附配件（套装不改变主体标签）；判为 DEVICE；形态依据：标题含耳塞/入耳/开放式耳戴设备词，且其主体线索早于头戴式描述。 原自动标签为 AMBIGUOUS，本次以商品主体语义和类目复核后更正。
B07PWHF7PJ,DEVICE,0.985,EARBUD_INEAR,2,0,3,1,1,taxonomy_device=2;title_device=3;title_accessory=1;conflict,"TREBLAB X5 - True Wireless Earbuds - Signature HD Sound w/Beryllium Speakers, 30 Hour Battery + Charging Case, Noise Cancelling Mic, Waterproof IPX4, Bluetooth Headphones (Renewed)",Amazon Renewed,Earbud Headphones,Headphones & Earbuds,149,DEVICE,EARBUD_INEAR,标题描述可独立使用的完整耳机/耳塞设备，细分类目为 Earbud Headphones；判为 DEVICE；形态依据：标题含耳塞/入耳/开放式耳戴设备词，且其主体线索早于头戴式描述。
B078XNJZKK,AMBIGUOUS,0.5,NOT_APPLICABLE,0,0,0,0,0,insufficient_evidence,Anauto Motorcycle Seat Bolt Mounting Screws Anodized Aluminum 5 Colors for Harley Davidson 1996 & Late(blue),Cakok,Headphones & Earbuds,Headphones & Earbuds,1,AMBIGUOUS,NOT_APPLICABLE,needs_review: 标题“Anauto Motorcycle Seat Bolt Mounting Screws Anodized Aluminum 5 Colors for Harley Davidson 1996 & Late(blue)”未描述完整耳机或明确耳机配件，且与类目“Headphones & Earbuds”不一致/信息残缺；保留 AMBIGUOUS，不强行归类。
B0BPCF1D41,DEVICE,0.995,EARBUD_INEAR,2,0,2,0,0,taxonomy_device=2;title_device=2,"realme TechLife Buds T100 Bluetooth Truly Wireless in Ear Earbuds with mic, AI ENC for Calls, Google Fast Pair, 28 Hours Total Playback with Fast Charging and Low Latency Gaming Mode (Black)",realme,Earbud Headphones,Headphones & Earbuds,13705,DEVICE,EARBUD_INEAR,标题描述可独立使用的完整耳机/耳塞设备，细分类目为 Earbud Headphones；判为 DEVICE；形态依据：标题含耳塞/入耳/开放式耳戴设备词，且其主体线索早于头戴式描述。
B00110LSOA,DEVICE,0.98,EARBUD_INEAR,2,0,0,0,0,taxonomy_device=2,"Earbuds/Earphones/Headphones,Wired Ear Buds with Remote Control Perfect for iPhone XS Max/XR/X/8 Plus/8/7S/7 Samung S10/S10e/S10+/S9/S8 iPad IOS Note10/9/8/Tablet and Other Compatible Devices,2 Pack",CuteeCase,Earbud Headphones,Headphones & Earbuds,1,DEVICE,EARBUD_INEAR,标题描述可独立使用的完整耳机/耳塞设备，细分类目为 Earbud Headphones；判为 DEVICE；形态依据：标题含耳塞/入耳/开放式耳戴设备词，且其主体线索早于头戴式描述。
B08W4YFY9M,AMBIGUOUS,0.6,NOT_APPLICABLE,2,0,1,1,1,taxonomy_device=2;title_device=1;title_accessory=1;conflict,Wireless Earbuds + Charging CASE,Merkury,Earbud Headphones,Headphones & Earbuds,2,DEVICE,EARBUD_INEAR,标题描述可独立使用的完整耳机/耳塞设备，细分类目为 Earbud Headphones；判为 DEVICE；形态依据：标题含耳塞/入耳/开放式耳戴设备词，且其主体线索早于头戴式描述。 原自动标签为 AMBIGUOUS，本次以商品主体语义和类目复核后更正。
B019IDX344,DEVICE,0.98,EARBUD_INEAR,2,0,0,0,0,taxonomy_device=2,Sownd A108B (Blue) Audio Premium w/ Reflective Cable In-Ear Noise-isolating Earbuds w/Mic,SOWND,Earbud Headphones,Headphones & Earbuds,5,DEVICE,EARBUD_INEAR,标题描述可独立使用的完整耳机/耳塞设备，细分类目为 Earbud Headphones；判为 DEVICE；形态依据：标题含耳塞/入耳/开放式耳戴设备词，且其主体线索早于头戴式描述。
B07Q7NJPVW,ACCESSORY,0.995,NOT_APPLICABLE,0,2,1,2,1,taxonomy_accessory=2;title_device=1;title_accessory=2;conflict,"Fintie Carrying Hard Case for Beats Solo 3, Solo 2 Headphones, Premium Vegan Leather Protective Cover Portable Travel Bag for Beats Solo3, Solo2 Wireless On-Ear Headphones, Rose Gold",Fintie,Cases,Cases,29,ACCESSORY,NOT_APPLICABLE,标题明确为保护壳/收纳配件，不是可独立使用的完整耳机；细分类目 Cases 与此一致；判为 ACCESSORY。
B0BKLDJXJ9,DEVICE,0.98,EARBUD_INEAR,2,0,0,0,0,taxonomy_device=2,JVC HA-EB75S Sports Ear Clip Headphones Silver,JVC,Earbud Headphones,Headphones & Earbuds,14190,DEVICE,EARBUD_INEAR,标题描述可独立使用的完整耳机/耳塞设备，细分类目为 Earbud Headphones；判为 DEVICE；形态依据：细分类目为 Earbud Headphones。
B00JWWZSWC,AMBIGUOUS,0.5,NOT_APPLICABLE,0,0,0,0,0,insufficient_evidence,Google Glass XE V2 | Reading Glass Frame (4 Options) (Cotton White),Google,Headphones & Earbuds,Headphones & Earbuds,1,AMBIGUOUS,NOT_APPLICABLE,needs_review: 标题“Google Glass XE V2 | Reading Glass Frame (4 Options) (Cotton White)”未描述完整耳机或明确耳机配件，且与类目“Headphones & Earbuds”不一致/信息残缺；保留 AMBIGUOUS，不强行归类。
B00ND5ZPD6,DEVICE,0.98,EARBUD_INEAR,2,0,0,0,0,taxonomy_device=2,Marvel Captain America Flying Shield,Marvel,Earbud Headphones,Headphones & Earbuds,309,AMBIGUOUS,NOT_APPLICABLE,needs_review: 标题“Marvel Captain America Flying Shield”未描述完整耳机或明确耳机配件，且与类目“Earbud Headphones”不一致/信息残缺；保留 AMBIGUOUS，不强行归类。 原自动标签为 DEVICE，本次以商品主体语义和类目复核后更正。
B0035CVLJY,AMBIGUOUS,0.5,NOT_APPLICABLE,0,0,0,0,0,insufficient_evidence,"Premium Stereo Headset Hands-free for LG Xenon GR500, GR700 (Vu Plus), GS505 (Sentio), GD710 (Shine II), GT950 (Arena), GW820 (eXpo), LG CF360",MyNetDeals,Headphones & Earbuds,Headphones & Earbuds,6,DEVICE,EARBUD_INEAR,标题描述可独立使用的完整耳机/耳塞设备，并含连接、声学或供电功能信息；判为 DEVICE；形态依据：标题语义为手机用单耳/免提蓝牙耳机或有线耳麦。 原自动标签为 AMBIGUOUS，本次以商品主体语义和类目复核后更正。
B077FHQJ4R,AMBIGUOUS,0.5,NOT_APPLICABLE,0,0,0,0,0,insufficient_evidence,Hearts Emoji and Unicorn Fatheads Folding Stereo Headphones,Hearts Emoji and Unicorn Fatheads Folding Stereo Headphones,Headphones & Earbuds,Headphones & Earbuds,3,DEVICE,ON_EAR,标题中的便携/折叠/儿童/头带式线索或核验到的厂商规格表明耳垫压在耳廓上；判为 DEVICE / ON_EAR。 原自动标签为 AMBIGUOUS，本次复核后更正。
B00TKJVXJY,ACCESSORY,0.94,NOT_APPLICABLE,0,2,1,0,1,taxonomy_accessory=2;title_device=1;conflict,Astro A40 Ear Pad / Ear Cushion (2 Pack / 1 Pair) - Genuine Astro A40 Gaming Headset Part,ASTRO Gaming,Earpads,Earpads,39,ACCESSORY,NOT_APPLICABLE,标题明确为替换耳垫/耳罩，不是可独立使用的完整耳机；细分类目 Earpads 与此一致；判为 ACCESSORY。
B08B5FZP1N,DEVICE,0.995,EARBUD_INEAR,2,0,1,0,0,taxonomy_device=2;title_device=1,"Kirababy Earbuds Wired with Microphone Pack of 5, Noise Isolating in-Ear Headphones, Powerful Heavy Bass, High Definition, Earphones Compatible with Most 3.5mm Jack",Kirababy,Earbud Headphones,Headphones & Earbuds,14055,DEVICE,EARBUD_INEAR,标题主体是完整耳机，后列保护壳/线缆/支架等随附配件（套装不改变主体标签）；判为 DEVICE；形态依据：标题含耳塞/入耳/开放式耳戴设备词，且其主体线索早于头戴式描述。
B07KSPDR2K,DEVICE,0.995,EARBUD_INEAR,2,0,1,0,0,taxonomy_device=2;title_device=1,"Bose SoundSport in-ear headphones for Samsung and Android devices, Charcoal",Bose,Earbud Headphones,Headphones & Earbuds,14024,DEVICE,EARBUD_INEAR,标题描述可独立使用的完整耳机/耳塞设备，细分类目为 Earbud Headphones；判为 DEVICE；形态依据：标题含耳塞/入耳/开放式耳戴设备词，且其主体线索早于头戴式描述。
B0037U7SG4,AMBIGUOUS,0.6,NOT_APPLICABLE,2,0,0,1,1,taxonomy_device=2;title_accessory=1;conflict,Stereo In-The-Ear Headphones /w 2.5mm Adapter for Sony EX71 (Black),OrionGadgets,Earbud Headphones,Headphones & Earbuds,2,DEVICE,EARBUD_INEAR,标题描述可独立使用的完整耳机/耳塞设备，细分类目为 Earbud Headphones；判为 DEVICE；形态依据：细分类目为 Earbud Headphones。 原自动标签为 AMBIGUOUS，本次以商品主体语义和类目复核后更正。
B0BS6WXK8G,AMBIGUOUS,0.6,NOT_APPLICABLE,2,0,0,1,1,taxonomy_device=2;title_accessory=1;conflict,"Linsoul Kinera QOA Gimlet 10mm LCP Diaphragm Dynamic Driver HiFi in-Ear Earphone IEM with Detachable 2pin Cable for Audiophile Musician (Green, Gimlet)",Linsoul,Earbud Headphones,Headphones & Earbuds,8,DEVICE,EARBUD_INEAR,标题主体是完整耳机，后列保护壳/线缆/支架等随附配件（套装不改变主体标签）；判为 DEVICE；形态依据：标题含耳塞/入耳/开放式耳戴设备词，且其主体线索早于头戴式描述。 原自动标签为 AMBIGUOUS，本次以商品主体语义和类目复核后更正。
B09MRYCWTH,DEVICE,0.98,EARBUD_INEAR,2,0,0,0,0,taxonomy_device=2,"Earbuds Cleaning Pen, 3 Pcs 3 in 1 Multi-Function Earbud Cleaning Putty Wireless Earphones Soft Brush Cleaning Tools Headset Box Charging Compartment Cleaner Kit for Camera, Earphone, Phone, Keyboard",Flutesan,Earbud Headphones,Headphones & Earbuds,9,DEVICE,EARBUD_INEAR,标题描述可独立使用的完整耳机/耳塞设备，细分类目为 Earbud Headphones；判为 DEVICE；形态依据：标题含耳塞/入耳/开放式耳戴设备词，且其主体线索早于头戴式描述。
B097PN7N6Y,AMBIGUOUS,0.6,NOT_APPLICABLE,2,0,1,1,1,taxonomy_device=2;title_device=1;title_accessory=1;conflict,"ZIHNIC Wireless Earbuds,Bluetooth Earphone with Touch Control and Charging Case,IPX5 Sweatproof,35H Playtime for Work, Home,Office-Black",ZIHNIC,Earbud Headphones,Headphones & Earbuds,182,DEVICE,EARBUD_INEAR,标题主体是完整耳机，后列保护壳/线缆/支架等随附配件（套装不改变主体标签）；判为 DEVICE；形态依据：标题含耳塞/入耳/开放式耳戴设备词，且其主体线索早于头戴式描述。 原自动标签为 AMBIGUOUS，本次以商品主体语义和类目复核后更正。
B0BY4P5G9T,AMBIGUOUS,0.6,NOT_APPLICABLE,2,0,1,1,1,taxonomy_device=2;title_device=1;title_accessory=1;conflict,"F9 Wireless Earbuds,Bluetooth 5.0 earphone,Hi-Fi Stereo,IPX5 Waterproof,40H Playtime,Touch Control with Smart LED Display Charging Case&3 Silicone Earplugs,Compatible with Phone&Android (Black)",XM COLORFUL,Earbud Headphones,Headphones & Earbuds,17,DEVICE,EARBUD_INEAR,标题主体是完整耳机，后列保护壳/线缆/支架等随附配件（套装不改变主体标签）；判为 DEVICE；形态依据：标题含耳塞/入耳/开放式耳戴设备词，且其主体线索早于头戴式描述。 原自动标签为 AMBIGUOUS，本次以商品主体语义和类目复核后更正。
B01N55LDUM,AMBIGUOUS,0.6,NOT_APPLICABLE,2,0,0,1,1,taxonomy_device=2;title_accessory=1;conflict,"GranVela Mrice E100A Classic Style Earbud Headphones High Fidelity Stereo Wired Earphones with Microphone Tangle-Free Triangle Cable for iPhone, Android, Samsung, HTC, LG Smartphones - Black",Granvela,Earbud Headphones,Headphones & Earbuds,14,DEVICE,EARBUD_INEAR,标题主体是完整耳机，后列保护壳/线缆/支架等随附配件（套装不改变主体标签）；判为 DEVICE；形态依据：标题含耳塞/入耳/开放式耳戴设备词，且其主体线索早于头戴式描述。 原自动标签为 AMBIGUOUS，本次以商品主体语义和类目复核后更正。
B01MA1MJ6H,DEVICE,0.995,EARBUD_INEAR,2,0,1,0,0,taxonomy_device=2;title_device=1,"Betron BS10 Earphones Wired Headphones in Ear Noise Isolating Earbuds with Microphone and Volume Control Powerful Bass Driven Sound, 12mm Large Drivers, Ergonomic Design",Betron,Earbud Headphones,Headphones & Earbuds,16023,DEVICE,EARBUD_INEAR,标题主体是完整耳机，后列保护壳/线缆/支架等随附配件（套装不改变主体标签）；判为 DEVICE；形态依据：标题含耳塞/入耳/开放式耳戴设备词，且其主体线索早于头戴式描述。
B079ZNCN64,DEVICE,0.98,EARBUD_INEAR,2,0,0,0,0,taxonomy_device=2,JLab Audio JBuds Pro Bluetooth Wireless Signature Earbuds | Titanium 10mm Drivers | 6-Hour Battery Life | Music Controls | Noise Isolation | Bluetooth 4.1 Extra Gel Tips and Cush Fins | Black/Purple,JLab,Earbud Headphones,Headphones & Earbuds,11257,DEVICE,EARBUD_INEAR,标题描述可独立使用的完整耳机/耳塞设备，细分类目为 Earbud Headphones；判为 DEVICE；形态依据：标题含耳塞/入耳/开放式耳戴设备词，且其主体线索早于头戴式描述。
B0711YGBWQ,ACCESSORY,0.995,NOT_APPLICABLE,0,2,0,1,0,taxonomy_accessory=2;title_accessory=1,Airpods Case - 2019 Upgrade OULUQOI for Airpods Silicone Case Cover with Cute Pom Pom Keychain Compatible with Apple Airpods 2 &1 (Front LED Visible),OULUOQI,Cases,Cases,6,ACCESSORY,NOT_APPLICABLE,标题明确为保护壳/收纳配件，不是可独立使用的完整耳机；细分类目 Cases 与此一致；判为 ACCESSORY。
B001NTDGQC,DEVICE,0.98,EARBUD_INEAR,2,0,0,0,0,taxonomy_device=2,Ultimate Ears MetroFi 170 Noise-Isolating Earphones (Discontinued by Manufacturer),Ultimate Ears,Earbud Headphones,Headphones & Earbuds,59,DEVICE,EARBUD_INEAR,标题描述可独立使用的完整耳机/耳塞设备，细分类目为 Earbud Headphones；判为 DEVICE；形态依据：标题含耳塞/耳机式耳戴设备词，未出现相冲突的头戴形态描述。
B08CRFZZDR,ACCESSORY,0.995,NOT_APPLICABLE,0,2,0,1,0,taxonomy_accessory=2;title_accessory=1,"CTYBB for Airpod Case,Silicone Airpods Case Cover with Fur Ball Keychain Compatible with Apple Airpods 2/1 (Front LED Visible) Drill Blue",CTYBB,Cases,Cases,24978,ACCESSORY,NOT_APPLICABLE,标题明确为保护壳/收纳配件，不是可独立使用的完整耳机；细分类目 Cases 与此一致；判为 ACCESSORY。
B07VGBS28Z,ACCESSORY,0.995,NOT_APPLICABLE,0,2,0,1,0,taxonomy_accessory=2;title_accessory=1,Tech Ex 3D Rhinestone Crystal Bling Cover Luxury Protective Skin for Apple Airpods 1 or 2 Charging Case Portable Diamond Fashion Accessories (Red),Tech Express,Cases,Cases,26,ACCESSORY,NOT_APPLICABLE,标题明确为保护壳/收纳配件，不是可独立使用的完整耳机；细分类目 Cases 与此一致；判为 ACCESSORY。
B07S41XWNL,ACCESSORY,0.94,NOT_APPLICABLE,0,2,1,0,1,taxonomy_accessory=2;title_device=1;conflict,"Earphone Tips Replacement Zisure Noise Reducing Memory Foam Earbuds Tips Cover Cap Inner Hole 4mm Fit for in-Ear Headphones with 4.0mm-4.7mm Nozzle (Black, 3 Size, S/M/L, 3 Pairs)",Zisure Tech,Earpads,Earpads,4,ACCESSORY,NOT_APPLICABLE,标题明确为替换耳垫/耳罩，不是可独立使用的完整耳机；细分类目 Earpads 与此一致；判为 ACCESSORY。
B09SNRFSB9,ACCESSORY,0.995,NOT_APPLICABLE,0,2,0,2,0,taxonomy_accessory=2;title_accessory=2,"WEFOR Compatible with AirPods 3 Case Cover, Full-Body Protective Rugged Metal Armor Magnetic Case for AirPods 3rd Generation 2021 with Keychain, Wireless Charging, Front LED Visible (Black Red)",Wefor,Cases,Cases,29,ACCESSORY,NOT_APPLICABLE,标题明确为保护壳/收纳配件，不是可独立使用的完整耳机；细分类目 Cases 与此一致；判为 ACCESSORY。
B0BZP5G1RB,AMBIGUOUS,0.6,NOT_APPLICABLE,1,0,0,0,0,taxonomy_device=1,"BUGANI Open Ear Headphones Wireless Bluetooth, Touch Control Bluetooth 5.3, Waterproof Sport for Workout Running, Earphones with Clear Talk, 8 Hours Playtime, Black",BUGANI,Open-Ear Headphones,Headphones & Earbuds,56,DEVICE,EARBUD_INEAR,标题描述可独立使用的完整耳机/耳塞设备，细分类目为 Open-Ear Headphones；判为 DEVICE；形态依据：标题含耳塞/入耳/开放式耳戴设备词，且其主体线索早于头戴式描述。 原自动标签为 AMBIGUOUS，本次以商品主体语义和类目复核后更正。
B07T1B9G1V,AMBIGUOUS,0.5,NOT_APPLICABLE,2,0,1,2,1,taxonomy_device=2;title_device=1;title_accessory=2;conflict,"AICase TWS Wireless Headphones,Bluetooth 5.0 Wireless Earbuds Built-in Mic Mini Sweatproof Sport Headsets in-Ear Headset with Wireless Charging Case for Android and iOS Smartphones (HQB-U)",AICase,Earbud Headphones,Headphones & Earbuds,87,DEVICE,EARBUD_INEAR,标题主体是完整耳机，后列保护壳/线缆/支架等随附配件（套装不改变主体标签）；判为 DEVICE；形态依据：标题含耳塞/入耳/开放式耳戴设备词，且其主体线索早于头戴式描述。 原自动标签为 AMBIGUOUS，本次以商品主体语义和类目复核后更正。
B07WPFPP5C,DEVICE,0.995,EARBUD_INEAR,2,0,2,0,0,taxonomy_device=2;title_device=2,"Soundcore Anker Spirit 2 Bluetooth Headphones, Deep Bass, IP67 Waterproof, Dustproof, Sweatproof, AirWings for Secure Fit, 14H Playtime, Wireless Earbuds for Gym, Running, Workout",Soundcore,Earbud Headphones,Headphones & Earbuds,661,DEVICE,EARBUD_INEAR,标题描述可独立使用的完整耳机/耳塞设备，细分类目为 Earbud Headphones；判为 DEVICE；形态依据：标题含耳塞/入耳/开放式耳戴设备词，且其主体线索早于头戴式描述。
B01N1XTM1B,AMBIGUOUS,0.6,NOT_APPLICABLE,2,0,0,1,1,taxonomy_device=2;title_accessory=1;conflict,"Farstrider 2Packs Stereo Earphones/Headphones/Earbuds with Hard Carrying Case Bag, High Definition, Heavy Deep Bass, Noise Isolating, Tangle Free, Ergonomic Comfort-Fit for iPhone Samsung Ipad PC etc",Farstrider,Earbud Headphones,Headphones & Earbuds,58,DEVICE,EARBUD_INEAR,标题主体是完整耳机，后列保护壳/线缆/支架等随附配件（套装不改变主体标签）；判为 DEVICE；形态依据：标题含耳塞/入耳/开放式耳戴设备词，且其主体线索早于头戴式描述。 原自动标签为 AMBIGUOUS，本次以商品主体语义和类目复核后更正。
B00IX5BUTE,AMBIGUOUS,0.6,NOT_APPLICABLE,2,0,0,1,1,taxonomy_device=2;title_accessory=1;conflict,"iPod Touch 5 Case, E LV iPod Touch 5 Case - Hard and Soft Hybrid Armor Defender Sports Combo Case for Apple iPod Touch 5 iTouch 5th Generation with 1 Screen Protector, 1 Black Stylus, 1 Water Resistant Bag and 1 E LV Microfiber Digital Cleaner (Black with Green)",TIAMAT,Earbud Headphones,Headphones & Earbuds,9,ACCESSORY,NOT_APPLICABLE,标题明确为保护壳/收纳配件，不是可独立使用的完整耳机；结合标题的兼容/替换关系判定；判为 ACCESSORY。 原自动标签为 AMBIGUOUS，本次以商品主体语义和类目复核后更正。
B07TDRNQZZ,ACCESSORY,0.995,NOT_APPLICABLE,0,2,0,1,0,taxonomy_accessory=2;title_accessory=1,"CTYBB for Airpod Case,Silicone Airpods Case Cover with Fur Ball Keychain Compatible with Apple Airpods 2/1 (Front LED Visible) Yellow",CTYBB,Cases,Cases,24856,ACCESSORY,NOT_APPLICABLE,标题明确为保护壳/收纳配件，不是可独立使用的完整耳机；细分类目 Cases 与此一致；判为 ACCESSORY。
B099NX3H77,ACCESSORY,0.94,NOT_APPLICABLE,0,2,1,0,1,taxonomy_accessory=2;title_device=1;conflict,"Beat Studio Case Cover Replacement for 2021 New Apple Beats Studio Buds Wireless Earbuds, White Heavy Duty Silicone Protective Skin Sleeve with Key Chain - LEFXMOPHY",LEFXMOPHY,Cases,Cases,789,ACCESSORY,NOT_APPLICABLE,标题明确为保护壳/收纳配件，不是可独立使用的完整耳机；细分类目 Cases 与此一致；判为 ACCESSORY。
B081W8FKK1,ACCESSORY,0.995,NOT_APPLICABLE,0,2,0,2,0,taxonomy_accessory=2;title_accessory=2,"Artibox Cartoon Case Compatible with Airpod 1st/2nd Generation, 3D Kawaii Shockproof Protective Case Cover with Cute Keychain Best Gift for Women Girls Kids (SDQ-Blue)",ARTIBOX,Cases,Cases,652,ACCESSORY,NOT_APPLICABLE,标题明确为保护壳/收纳配件，不是可独立使用的完整耳机；细分类目 Cases 与此一致；判为 ACCESSORY。
B004JZC1A4,DEVICE,0.98,EARBUD_INEAR,2,0,0,0,0,taxonomy_device=2,"Case-Mate iPad 1 Pop! Case with Stand, White / Cool Gray",CanvasLot,Earbud Headphones,Headphones & Earbuds,1,AMBIGUOUS,NOT_APPLICABLE,"needs_review: 标题“Case-Mate iPad 1 Pop! Case with Stand, White / Cool Gray”未描述完整耳机或明确耳机配件，且与类目“Earbud Headphones”不一致/信息残缺；保留 AMBIGUOUS，不强行归类。 原自动标签为 DEVICE，本次以商品主体语义和类目复核后更正。"
B00UJE48GO,AMBIGUOUS,0.6,NOT_APPLICABLE,2,0,0,1,1,taxonomy_device=2;title_accessory=1;conflict,Samsung Galaxy S4 Case-Yerwal Creative Design Transparent Flowing Bling Glitter Quicksand Stars Hard Plastic Transparent Case Cover for Samsung Galaxy S4 SIV I9500(Pink),Nin9Yuan,Earbud Headphones,Headphones & Earbuds,3,ACCESSORY,NOT_APPLICABLE,标题明确为保护壳/收纳配件，不是可独立使用的完整耳机；结合标题的兼容/替换关系判定；判为 ACCESSORY。 原自动标签为 AMBIGUOUS，本次以商品主体语义和类目复核后更正。
B0034K44C8,DEVICE,0.98,OVER_EAR,2,0,0,0,0,taxonomy_device=2,Sennheiser PXC 450 Active Noise-Canceling Headphones,Sennheiser Consumer Audio,Over-Ear Headphones,Headphones & Earbuds,587,DEVICE,OVER_EAR,标题描述可独立使用的完整耳机/耳塞设备，细分类目为 Over-Ear Headphones；判为 DEVICE；形态依据：细分类目为 Over-Ear Headphones。
B0000BV1LT,ACCESSORY,0.98,NOT_APPLICABLE,0,2,0,0,0,taxonomy_accessory=2,Creek OBH-11 Headphone Amplifier (Black),Creek Audio,Amplifiers,Amplifiers,5,ACCESSORY,NOT_APPLICABLE,标题明确为耳放/DAC配件，不是可独立使用的完整耳机；细分类目 Amplifiers 与此一致；判为 ACCESSORY。
B08912RRG5,ACCESSORY,0.995,NOT_APPLICABLE,0,2,0,2,0,taxonomy_accessory=2;title_accessory=2,"SoloWIT Replacement Earpads Cushions for Bose QuietComfort 35 (QC35) & Quiet Comfort 35 II (QC35 ii) Headphones, Ear Pads with Softer Lambskin, Noise Isolation Foam, Added Thickness (Brilliant Grey)",SoloWIT,Earpads,Earpads,23492,ACCESSORY,NOT_APPLICABLE,标题明确为替换耳垫/耳罩，不是可独立使用的完整耳机；细分类目 Earpads 与此一致；判为 ACCESSORY。
B081HGWMG3,AMBIGUOUS,0.6,NOT_APPLICABLE,2,0,0,1,1,taxonomy_device=2;title_accessory=1;conflict,"Linsoul TRN BA5 5 Balanced Armatures HiFi in-Ear Earphone IEM with Magnesium Alloy Housing, Detachable 2 Pin Cable for Audiophile Musician (with mic, Black)",Linsoul,Earbud Headphones,Headphones & Earbuds,7,DEVICE,EARBUD_INEAR,标题主体是完整耳机，后列保护壳/线缆/支架等随附配件（套装不改变主体标签）；判为 DEVICE；形态依据：标题含耳塞/入耳/开放式耳戴设备词，且其主体线索早于头戴式描述。 原自动标签为 AMBIGUOUS，本次以商品主体语义和类目复核后更正。
B08ZN14T9L,ACCESSORY,0.98,NOT_APPLICABLE,0,2,0,0,0,taxonomy_accessory=2,"USB c to 3.5mm Headphone and Charger Adapter,2-in-1 USB C PD 3.0 Charging Port to Aux Audio Jack and Fast Charging Dongle Cable Cord Compatible with Samsung S21 S20 S20+ Ultra, Google Pixel 4 3 XL",EIGELIU,Adapters,Adapters,25,ACCESSORY,NOT_APPLICABLE,标题明确为线缆/转接配件，不是可独立使用的完整耳机；细分类目 Adapters 与此一致；判为 ACCESSORY。
B0BQHWWVV6,ACCESSORY,0.94,NOT_APPLICABLE,2,0,0,2,1,taxonomy_device=2;title_accessory=2;conflict,"smaate Anti-Lost Strap Compatible with TOZO T10 Earbuds, Soft Silicone Cord for Sports, Black",smaate,Earbud Headphones,Headphones & Earbuds,10,ACCESSORY,NOT_APPLICABLE,标题明确为线缆/转接配件，不是可独立使用的完整耳机；结合标题的兼容/替换关系判定；判为 ACCESSORY。
B0BJF63RJ6,ACCESSORY,0.995,NOT_APPLICABLE,0,2,0,1,0,taxonomy_accessory=2;title_accessory=1,"MOBOSI Vanguard Armor Series Military AirPods Pro Case, Full-Body Hard Shell Protective Cover Case Skin with Keychain for AirPod Pro 2019, Black [Front LED Visible]",MOBOSI,Cases,Cases,24912,ACCESSORY,NOT_APPLICABLE,标题明确为保护壳/收纳配件，不是可独立使用的完整耳机；细分类目 Cases 与此一致；判为 ACCESSORY。
B07DNP19VT,AMBIGUOUS,0.5,NOT_APPLICABLE,0,0,0,0,0,insufficient_evidence,"Headphone, wired earbuds",HUMI,Headphones & Earbuds,Headphones & Earbuds,1,DEVICE,EARBUD_INEAR,标题描述可独立使用的完整耳机/耳塞设备，并含连接、声学或供电功能信息；判为 DEVICE；形态依据：标题含耳塞/入耳/开放式耳戴设备词，且其主体线索早于头戴式描述。 原自动标签为 AMBIGUOUS，本次以商品主体语义和类目复核后更正。
B0BN8PRCP5,ACCESSORY,0.995,NOT_APPLICABLE,0,2,0,1,0,taxonomy_accessory=2;title_accessory=1,"for AirPod Pro Case, Hot Sports Shoes Brand Design Painted TPU Shockproof Cover with Keychain, Compatible with Apple AirPods Pro Cases for Men Boys Teen Kids (Shoes 02)",OEESYA,Cases,Cases,5,ACCESSORY,NOT_APPLICABLE,标题明确为保护壳/收纳配件，不是可独立使用的完整耳机；细分类目 Cases 与此一致；判为 ACCESSORY。
B083BLRC9R,ACCESSORY,0.98,NOT_APPLICABLE,0,2,0,0,0,taxonomy_accessory=2,"elago Ear Hooks Designed for AirPods Pro 2, AirPods Pro, Designed for AirPods 3 & 2 & 1, Earbuds Accessories, Anti-Slip, Ergonomic Design, Comfortable Fit (White) [US Patent Registered]",elago,Earpads,Earpads,20799,ACCESSORY,NOT_APPLICABLE,标题明确为替换耳垫/耳罩，不是可独立使用的完整耳机；细分类目 Earpads 与此一致；判为 ACCESSORY。
B099DT4CHS,DEVICE,0.995,EARBUD_INEAR,2,0,3,0,0,taxonomy_device=2;title_device=3,BassPal Bluetooth 5.1 Wireless Earbuds Sports Bluetooth Earbuds in Ear Headphones IPx7 Waterproof Wireless Earphones with Microphone for iPhone Android Sports Running Exercise Gym Workout Laptop,BassPal,Earbud Headphones,Headphones & Earbuds,450,DEVICE,EARBUD_INEAR,标题主体是完整耳机，后列保护壳/线缆/支架等随附配件（套装不改变主体标签）；判为 DEVICE；形态依据：标题含耳塞/入耳/开放式耳戴设备词，且其主体线索早于头戴式描述。
B08DG66LRL,AMBIGUOUS,0.6,NOT_APPLICABLE,2,0,0,1,1,taxonomy_device=2;title_accessory=1;conflict,beyerdynamic DT 880 Premium Edition 600 Ohm Over-Ear Stereo Headphones Bundle with Protection Plan and Leather Storage Bag,beyerdynamic,Over-Ear Headphones,Headphones & Earbuds,11,DEVICE,OVER_EAR,标题描述可独立使用的完整耳机/耳塞设备，细分类目为 Over-Ear Headphones；判为 DEVICE；形态依据：标题明确为 over-ear/around-ear/full-size，且该形态是最先出现的主体描述。 原自动标签为 AMBIGUOUS，本次以商品主体语义和类目复核后更正。
B07JG4VYJT,DEVICE,0.995,EARBUD_INEAR,2,0,1,0,0,taxonomy_device=2;title_device=1,"Bluetooth Headphones Over Ear, Foldable Wireless Headphones Stereo Hi-Fi Bluetooth Headsets with Bass, Mic and Soft Earmuffs for Girl Women Wired Mode Cell Phone TV Computer Laptop Android Rose Gold",Topicy,Earbud Headphones,Headphones & Earbuds,4,DEVICE,OVER_EAR,标题描述可独立使用的完整耳机/耳塞设备，细分类目为 Earbud Headphones；判为 DEVICE；形态依据：标题明确为 over-ear/around-ear/full-size，且该形态是最先出现的主体描述。
B01N10RBPW,ACCESSORY,0.98,NOT_APPLICABLE,0,2,0,0,0,taxonomy_accessory=2,FiiO L26 3.5mm Male To 2.5mm TRRS Female Balanced Output Adapter,FiiO,Adapters,Adapters,77,ACCESSORY,NOT_APPLICABLE,标题明确为线缆/转接配件，不是可独立使用的完整耳机；细分类目 Adapters 与此一致；判为 ACCESSORY。
B07S77YY97,ACCESSORY,0.995,NOT_APPLICABLE,0,2,1,1,1,taxonomy_accessory=2;title_device=1;title_accessory=1;conflict,"Red Replacement Earbud Tips for Beats Powerbeats3 Wireless in Ear Headphones - Small, Medium, Large, Double Flange and Bi-Tip (Red)",Earbudz,Earpads,Earpads,778,ACCESSORY,NOT_APPLICABLE,标题明确为替换耳垫/耳罩，不是可独立使用的完整耳机；细分类目 Earpads 与此一致；判为 ACCESSORY。
B004PEIFVI,DEVICE,0.98,EARBUD_INEAR,2,0,0,0,0,taxonomy_device=2,"iLuv iEP205ORG Bubble Gum 2 Flexible, Jelly-Type Stereo Earphones - Orange",iLuv,Earbud Headphones,Headphones & Earbuds,13,DEVICE,EARBUD_INEAR,标题描述可独立使用的完整耳机/耳塞设备，细分类目为 Earbud Headphones；判为 DEVICE；形态依据：标题含耳塞/耳机式耳戴设备词，未出现相冲突的头戴形态描述。
B0799GGV9R,DEVICE,0.995,EARBUD_INEAR,2,0,2,0,0,taxonomy_device=2;title_device=2,"Wireless Earbuds, Soundmoov Bluetooth Headphones Handsfree Stereo Earphone with Microphone, Noise Cancelling Sweatproof Mini True Headset for iPhone, Android and Smartphones Tablets",Soundmoov,Earbud Headphones,Headphones & Earbuds,15,DEVICE,EARBUD_INEAR,标题主体是完整耳机，后列保护壳/线缆/支架等随附配件（套装不改变主体标签）；判为 DEVICE；形态依据：标题含耳塞/入耳/开放式耳戴设备词，且其主体线索早于头戴式描述。
B005TZAL9Q,AMBIGUOUS,0.5,NOT_APPLICABLE,0,0,0,0,0,insufficient_evidence,Pioneer Steez Sealed Earbuds Black SE-D10C-K (Japan Import),PIONEER,Headphones & Earbuds,Headphones & Earbuds,15,DEVICE,EARBUD_INEAR,标题/型号表明是入耳耳塞、手机单耳蓝牙耳机、运动耳机或随身耳塞系统；判为 DEVICE / EARBUD_INEAR。 原自动标签为 AMBIGUOUS，本次复核后更正。
B08BHX4F38,ACCESSORY,0.995,NOT_APPLICABLE,0,2,0,1,0,taxonomy_accessory=2;title_accessory=1,"Laffav Airpods Case Cover Protective AirPod Accessories Silicone Case Skin with Anti-Lost Carabiner (Front LED Visible) for Women Men Compatible with Apple AirPods 2 and 1, 2 Pack, Red and Sand Pink",Laffav,Cases,Cases,12173,ACCESSORY,NOT_APPLICABLE,标题明确为保护壳/收纳配件，不是可独立使用的完整耳机；细分类目 Cases 与此一致；判为 ACCESSORY。
B07HBTYBMB,DEVICE,0.995,EARBUD_INEAR,2,0,1,0,0,taxonomy_device=2;title_device=1,"ICOMTOFIT Bluetooth Headset, Wireless Bluetooth Earpiece V5.0 8-10 Hours Talktime Stereo Noise Cancelling Mic, Compatible for iPhone Android Cell Phones Driving/Business/Office (Black)",ICOMTOFIT,Earbud Headphones,Headphones & Earbuds,11914,DEVICE,EARBUD_INEAR,标题描述可独立使用的完整耳机/耳塞设备，细分类目为 Earbud Headphones；判为 DEVICE；形态依据：细分类目为 Earbud Headphones。
B08CRBNFR8,ACCESSORY,0.995,NOT_APPLICABLE,0,2,0,1,0,taxonomy_accessory=2;title_accessory=1,"CTYBB for Airpod Case,Silicone Airpods Case Cover with Fur Ball Keychain Compatible with Apple Airpods 2/1 (Front LED Visible) Mint Green",CTYBB,Cases,Cases,24990,ACCESSORY,NOT_APPLICABLE,标题明确为保护壳/收纳配件，不是可独立使用的完整耳机；细分类目 Cases 与此一致；判为 ACCESSORY。
B08GK6HN89,ACCESSORY,0.98,NOT_APPLICABLE,0,2,0,0,0,taxonomy_accessory=2,"NewFantasia Headphone Cord Audio Cable with Lock Connector for Sennheiser Momentum, Momentum 2.0, Momentum 3, HD1 Headphone, Remote Volume Control Mic for Samsung Galaxy Huawei Android Phone",NewFantasia,Extension Cords,Extension Cords,12,ACCESSORY,NOT_APPLICABLE,标题明确为线缆/转接配件，不是可独立使用的完整耳机；细分类目 Extension Cords 与此一致；判为 ACCESSORY。
B0B7VDV46F,AMBIGUOUS,0.5,NOT_APPLICABLE,0,2,2,0,1,taxonomy_accessory=2;title_device=2;conflict,TOZO NC9 Hybrid Active Noise Cancelling Wireless Earbuds Black & TOZO NC9 Protective Silicone Case Black,TOZO,Cases,Cases,5,DEVICE,EARBUD_INEAR,标题/型号表明是入耳耳塞、手机单耳蓝牙耳机、运动耳机或随身耳塞系统；判为 DEVICE / EARBUD_INEAR。 原自动标签为 AMBIGUOUS，本次复核后更正。
B084V7WXF6,ACCESSORY,0.995,NOT_APPLICABLE,0,2,1,1,1,taxonomy_accessory=2;title_device=1;title_accessory=1;conflict,Adhiper Studio3 Headband Replacement Top Headband Repair Parts is Compatible with Studio 3.0 Wireless Studio 2.0 Wireless Over-Ear Headphones (Grey),Aiivioll,Earpads,Earpads,32,ACCESSORY,NOT_APPLICABLE,标题主体是替换件、线缆/收纳件、蓝牙接收件、头盔扬声器套件或手机外接听筒，并非完整耳机；判为 ACCESSORY。
B0CFQFTHVV,DEVICE,0.955,EARBUD_INEAR,2,0,2,1,1,taxonomy_device=2;title_device=2;title_accessory=1;conflict,"Wireless Earbud Bluetooth Headphones Mini Bluetooth Earbud with HD Mic,2023 Wireless Earphones in Ear Ear Buds with USB C Charging Case, IP7 Waterproof, Deep Bass, 30H Playtime with LED Power Display",Drsaec,Earbud Headphones,Headphones & Earbuds,176,DEVICE,EARBUD_INEAR,标题主体是完整耳机，后列保护壳/线缆/支架等随附配件（套装不改变主体标签）；判为 DEVICE；形态依据：标题含耳塞/入耳/开放式耳戴设备词，且其主体线索早于头戴式描述。
B07TW51SX3,ACCESSORY,0.995,NOT_APPLICABLE,0,2,0,2,0,taxonomy_accessory=2;title_accessory=2,"CAGOS for Airpods Case, Cute Marble Protective Hard Cover with Keychain Compatible with Apple Airpods 2nd/1st Generation Case for Women Men, Black",CAGOS,Cases,Cases,12985,ACCESSORY,NOT_APPLICABLE,标题明确为保护壳/收纳配件，不是可独立使用的完整耳机；细分类目 Cases 与此一致；判为 ACCESSORY。
B08WCGKBT9,DEVICE,0.995,OVER_EAR,2,0,1,0,0,taxonomy_device=2;title_device=1,"PowerLocus Bluetooth Headphones Over Ear, Bluetooth Headphone Rose Gold, Wireless Headphones Foldable, Hi-Fi Stereo, Soft Memory Foam Earmuffs, Built-in Mic & Wired Mode for iPhone,Android,PC,Laptops",PowerLocus,Over-Ear Headphones,Headphones & Earbuds,24123,DEVICE,OVER_EAR,标题描述可独立使用的完整耳机/耳塞设备，细分类目为 Over-Ear Headphones；判为 DEVICE；形态依据：标题明确为 over-ear/around-ear/full-size，且该形态是最先出现的主体描述。
B01B7AKJJ8,ACCESSORY,0.995,NOT_APPLICABLE,0,2,0,1,0,taxonomy_accessory=2;title_accessory=1,SpinFit CP800 for Thin IEM Nozzle - L - Patented Silicone Eartips for Replacement (2 Pairs) (for Nozzle diamter from 3-3.5mm),SpinFit,Earpads,Earpads,90,ACCESSORY,NOT_APPLICABLE,标题明确为替换耳垫/耳罩，不是可独立使用的完整耳机；细分类目 Earpads 与此一致；判为 ACCESSORY。
B07F7RP3C3,ACCESSORY,0.995,NOT_APPLICABLE,0,2,1,1,1,taxonomy_accessory=2;title_device=1;title_accessory=1;conflict,Hard Carrying case Replacement for Marshall Major II/ Major III /Major IV/MID /Monitor Bluetooth On-Ear Headphones by Aenllosi,Aenllosi,Cases,Cases,214,ACCESSORY,NOT_APPLICABLE,标题明确为保护壳/收纳配件，不是可独立使用的完整耳机；细分类目 Cases 与此一致；判为 ACCESSORY。
B0C7H5J36V,DEVICE,0.955,EARBUD_INEAR,2,0,2,1,1,taxonomy_device=2;title_device=2;title_accessory=1;conflict,occiam Wireless Earbuds Bluetooth in-Ear Headphones with Microphones IPX7 Waterproof Ear Buds with LED Power Display Charging Case 64H Playback Time Earphones for Office Sports,occiam,Earbud Headphones,Headphones & Earbuds,79,DEVICE,EARBUD_INEAR,标题主体是完整耳机，后列保护壳/线缆/支架等随附配件（套装不改变主体标签）；判为 DEVICE；形态依据：标题含耳塞/入耳/开放式耳戴设备词，且其主体线索早于头戴式描述。
B005Z48AF8,AMBIGUOUS,0.6,NOT_APPLICABLE,0,0,1,0,0,title_device=1,"AIAIAI TMA-1 Fool's Gold Headphones with Microphone, Black",HOSA,Headphones & Earbuds,Headphones & Earbuds,19,DEVICE,ON_EAR,标题中的便携/折叠/儿童/头带式线索或核验到的厂商规格表明耳垫压在耳廓上；判为 DEVICE / ON_EAR。 核验来源：https://aiaiai.audio/headphones/on-ear-headphones 原自动标签为 AMBIGUOUS，本次复核后更正。
B000GFHDYK,AMBIGUOUS,0.5,NOT_APPLICABLE,0,0,0,0,0,insufficient_evidence,Insten Headset Smart Wrap for iPod (Black),INSTEN,Headphones & Earbuds,Headphones & Earbuds,21,ACCESSORY,NOT_APPLICABLE,标题主体是替换件、线缆/收纳件、蓝牙接收件、头盔扬声器套件或手机外接听筒，并非完整耳机；判为 ACCESSORY。 原自动标签为 AMBIGUOUS，本次复核后更正。
B07T2FGG2Z,DEVICE,0.995,EARBUD_INEAR,2,0,2,0,0,taxonomy_device=2;title_device=2,"Sony WF-1000XM3 Truly Wireless Noise Cancelling Headphones with Mic, up to 32 Hours Battery Life, Stable Bluetooth Connection, Wearing Detection with Alexa Built-in - Black",Sony,Earbud Headphones,Headphones & Earbuds,11988,DEVICE,EARBUD_INEAR,标题主体是完整耳机，后列保护壳/线缆/支架等随附配件（套装不改变主体标签）；判为 DEVICE；形态依据：细分类目为 Earbud Headphones。
B07NTVTYBL,AMBIGUOUS,0.6,NOT_APPLICABLE,2,0,0,1,1,taxonomy_device=2;title_accessory=1;conflict,"3 Pack (6ft,6ft,6ft) Nylon Braided Charging Cord Charger Compatible with PhoneX/8/8Plus 7/7 Plus/6s/6s Plus/6/6 Plus/5s/5/5se,Pad,Pod-Black Grey",SUPERKKY,Earbud Headphones,Headphones & Earbuds,2,ACCESSORY,NOT_APPLICABLE,标题明确为线缆/转接配件，不是可独立使用的完整耳机；结合标题的兼容/替换关系判定；判为 ACCESSORY。 原自动标签为 AMBIGUOUS，本次以商品主体语义和类目复核后更正。
B001R4M6KU,AMBIGUOUS,0.5,NOT_APPLICABLE,0,0,0,0,0,insufficient_evidence,Koss QZ900 Noise Cancellation Headphone (Black),Koss,Headphones & Earbuds,Headphones & Earbuds,35,DEVICE,OVER_EAR,标题或核验到的规格表明为包耳/环耳/专业监听或大型耳罩式耳机；判为 DEVICE / OVER_EAR。 核验来源：https://www.consumerreports.org/electronics-computers/headphones/koss-qz900/m123997/ 原自动标签为 AMBIGUOUS，本次复核后更正。
B00FGKKCIO,ACCESSORY,0.98,NOT_APPLICABLE,0,2,0,0,0,taxonomy_accessory=2,Replacement 4 Hinge PINS for Replacement 4 Hinge PINS for Monster beats by Dr dre SOLO HD Headphone Headband,OEM,Earpads,Earpads,34,ACCESSORY,NOT_APPLICABLE,标题主体是替换件、线缆/收纳件、蓝牙接收件、头盔扬声器套件或手机外接听筒，并非完整耳机；判为 ACCESSORY。
B0C6JV1WQH,AMBIGUOUS,0.6,NOT_APPLICABLE,2,0,1,1,1,taxonomy_device=2;title_device=1;title_accessory=1;conflict,"Wireless Earbuds Bluetooth Earphones Clear Call with Charging Case, Bluetooth 5.3 Ear buds Built in Noise Cancellation Microphone, IPX7 Waterproof Headphones, 50 Hrs Compatible with iPhone & Android",GuavaPods,Earbud Headphones,Headphones & Earbuds,231,DEVICE,EARBUD_INEAR,标题主体是完整耳机，后列保护壳/线缆/支架等随附配件（套装不改变主体标签）；判为 DEVICE；形态依据：标题含耳塞/入耳/开放式耳戴设备词，且其主体线索早于头戴式描述。 原自动标签为 AMBIGUOUS，本次以商品主体语义和类目复核后更正。
B0BHYL6ZTM,ACCESSORY,0.98,NOT_APPLICABLE,0,2,0,0,0,taxonomy_accessory=2,kwmobile Silicone Case Compatible with Xiaomi Redmi Airdots 3 Pro/Buds 3 Pro - Case Soft Cover - Good Vibes Phrase White/Black,kwmobile,Cases,Cases,14,ACCESSORY,NOT_APPLICABLE,标题明确为保护壳/收纳配件，不是可独立使用的完整耳机；细分类目 Cases 与此一致；判为 ACCESSORY。
B074N94LY5,DEVICE,0.995,EARBUD_INEAR,2,0,1,0,0,taxonomy_device=2;title_device=1,"IJOY Future Sport Wireless Waterproof Bluetooth Headset, Purple (Pack of 2)",iJoy,Earbud Headphones,Headphones & Earbuds,3,DEVICE,EARBUD_INEAR,标题描述可独立使用的完整耳机/耳塞设备，细分类目为 Earbud Headphones；判为 DEVICE；形态依据：细分类目为 Earbud Headphones。
B00HQZU8H2,AMBIGUOUS,0.5,NOT_APPLICABLE,0,0,0,0,0,insufficient_evidence,"OXA (2nd Gen)Bluetooth Bracelet Wristwatch with Rechargeable Lithium Polymer Battery, Clear OLED Display, Incoming Call Notification, One Touch Call Answer and Music Player after Pairing with Most Smartphones",OXA,Headphones & Earbuds,Headphones & Earbuds,43,AMBIGUOUS,NOT_APPLICABLE,"needs_review: 标题“OXA (2nd Gen)Bluetooth Bracelet Wristwatch with Rechargeable Lithium Polymer Battery, Clear OLED Display, Incoming Call Notification, One Touch Call A”未描述完整耳机或明确耳机配件，且与类目“Headphones & Earbuds”不一致/信息残缺；保留 AMBIGUOUS，不强行归类。"
B08GHHBPFB,DEVICE,0.995,OVER_EAR,2,0,1,0,0,taxonomy_device=2;title_device=1,Aftershokz OpenMove Wireless Bone Conduction Open-Ear Bluetooth Headphones Includes Pack,Aftershokz,Over-Ear Headphones,Headphones & Earbuds,19892,DEVICE,EARBUD_INEAR,标题描述可独立使用的完整耳机/耳塞设备，细分类目为 Over-Ear Headphones；判为 DEVICE；形态依据：标题含耳塞/入耳/开放式耳戴设备词，且其主体线索早于头戴式描述。
B009NE5Z04,AMBIGUOUS,0.6,NOT_APPLICABLE,0,0,1,0,0,title_device=1,"ReF by iLuv - Canvas Fabric Exterior On-Ear Headphones with Incredibly Deep Bass - Perfect match to Fashionable Outfits and Loud Bass Music such as EDM, Hip Hop, Rap, Rock & Roll - Compatible with Apple iPad, iPhone & iPod (Blue)",iLuv,Headphones & Earbuds,Headphones & Earbuds,4,DEVICE,ON_EAR,标题描述可独立使用的完整耳机/耳塞设备，并含连接、声学或供电功能信息；判为 DEVICE；形态依据：标题明确为 on-ear/supra-aural，或该形态是最先出现的主体描述。 原自动标签为 AMBIGUOUS，本次以商品主体语义和类目复核后更正。
B07771N61M,DEVICE,0.98,EARBUD_INEAR,2,0,0,0,0,taxonomy_device=2,Klip xtreme AthletikX Sports Wireless Stereo Earphones with Microphone | Sweat & Splash Resistant with Secure Fit Bands & Noise Cancelling Technology [Yellow],Klip xtreme,Earbud Headphones,Headphones & Earbuds,3,DEVICE,EARBUD_INEAR,标题主体是完整耳机，后列保护壳/线缆/支架等随附配件（套装不改变主体标签）；判为 DEVICE；形态依据：标题含耳塞/耳机式耳戴设备词，未出现相冲突的头戴形态描述。
B081DSLJVT,ACCESSORY,0.995,NOT_APPLICABLE,0,2,0,2,0,taxonomy_accessory=2;title_accessory=2,"AirPods Pro Case Cover, Music Tracker Protective Silicone Carrying Case with Keychain for AirPods 3 Charging Case (Front LED Visible) (Red)",Music tracker,Cases,Cases,781,ACCESSORY,NOT_APPLICABLE,标题明确为保护壳/收纳配件，不是可独立使用的完整耳机；细分类目 Cases 与此一致；判为 ACCESSORY。
B087LPJ53Y,ACCESSORY,0.98,NOT_APPLICABLE,0,2,0,0,0,taxonomy_accessory=2,"Neoteck Ultra-Compact 4-Channel Stereo Headphone Amplifier Mixer with 5 Pieces 1/4"" (6.35mm) to 1/8"" (3.5mm) Stereo Adapter",Neoteck,Amplifiers,Amplifiers,18,ACCESSORY,NOT_APPLICABLE,标题明确为线缆/转接配件，不是可独立使用的完整耳机；细分类目 Amplifiers 与此一致；判为 ACCESSORY。
B00OVWK2U6,AMBIGUOUS,0.6,NOT_APPLICABLE,2,0,0,1,1,taxonomy_device=2;title_accessory=1;conflict,Ultrasone Signature Pro S-Logic Plus Surround Sound Professional Closed-back Headphones with Hard-Sided Carrying Case,Ultrasone,Over-Ear Headphones,Headphones & Earbuds,40,DEVICE,OVER_EAR,标题主体是完整耳机，后列保护壳/线缆/支架等随附配件（套装不改变主体标签）；判为 DEVICE；形态依据：细分类目为 Over-Ear Headphones。 原自动标签为 AMBIGUOUS，本次以商品主体语义和类目复核后更正。
B000NC7O04,AMBIGUOUS,0.5,NOT_APPLICABLE,0,0,0,0,0,insufficient_evidence,3/8-16X3 ft. Stainless Steel Threaded Rod,Cakok,Headphones & Earbuds,Headphones & Earbuds,1,AMBIGUOUS,NOT_APPLICABLE,needs_review: 标题“3/8-16X3 ft. Stainless Steel Threaded Rod”未描述完整耳机或明确耳机配件，且与类目“Headphones & Earbuds”不一致/信息残缺；保留 AMBIGUOUS，不强行归类。
B00ZZCEM5M,AMBIGUOUS,0.5,NOT_APPLICABLE,0,0,0,0,0,insufficient_evidence,Gadgetbrat Samsung Compatible - 1 Padded and 10 Heavy Duty Clear Replacement Ear Hook for Samsung Hm1350/hm1950/hm6000/hm1300/hm1900/samsung Wep150/wep170/wep180/wep185/wep200/wep210/wep250 Bluetooth Headsets - Black,SAMSUNG,Headphones & Earbuds,Headphones & Earbuds,2,ACCESSORY,NOT_APPLICABLE,标题明确为支架/挂架，不是可独立使用的完整耳机；结合标题的兼容/替换关系判定；判为 ACCESSORY。 原自动标签为 AMBIGUOUS，本次以商品主体语义和类目复核后更正。
B00Q2G0GNM,AMBIGUOUS,0.5,NOT_APPLICABLE,0,0,0,0,0,insufficient_evidence,Pink Color 3.5mm Audio Earphone Headphones Headset Earbuds Volume Control With Microphone Hands Free For Samsung Galaxy S 4G T959V,NM,Headphones & Earbuds,Headphones & Earbuds,2,DEVICE,EARBUD_INEAR,标题主体是完整耳机，后列保护壳/线缆/支架等随附配件（套装不改变主体标签）；判为 DEVICE；形态依据：标题含耳塞/入耳/开放式耳戴设备词，且其主体线索早于头戴式描述。 原自动标签为 AMBIGUOUS，本次以商品主体语义和类目复核后更正。
B0764DQM28,ACCESSORY,0.98,NOT_APPLICABLE,0,2,0,0,0,taxonomy_accessory=2,"Amazon Basics 5-Way Multi Headphone Audio Splitter Connector, Black",Amazon Basics,Adapters,Adapters,15922,ACCESSORY,NOT_APPLICABLE,标题明确为线缆/转接配件，不是可独立使用的完整耳机；细分类目 Adapters 与此一致；判为 ACCESSORY。
B08CRM2QT3,ACCESSORY,0.995,NOT_APPLICABLE,0,2,0,1,0,taxonomy_accessory=2;title_accessory=1,"CTYBB for Airpod Case,Silicone Airpods Case Cover with Fur Ball Keychain Compatible with Apple Airpods 2/1 (Front LED Visible) Green",CTYBB,Cases,Cases,24990,ACCESSORY,NOT_APPLICABLE,标题明确为保护壳/收纳配件，不是可独立使用的完整耳机；细分类目 Cases 与此一致；判为 ACCESSORY。
B08Q816MYS,ACCESSORY,0.995,NOT_APPLICABLE,0,2,0,1,0,taxonomy_accessory=2;title_accessory=1,"Suublg Silicone Cute Airpods Pro Potato Chips Case with Keychain, Cartoon Snacks Chocolate 3D Design Airpod Pro Accessories Charging Protective Cover Compatible for Airpods (RufflesChips)",Suublg,Cases,Cases,4,ACCESSORY,NOT_APPLICABLE,标题明确为保护壳/收纳配件，不是可独立使用的完整耳机；细分类目 Cases 与此一致；判为 ACCESSORY。
B08YDQCC9W,AMBIGUOUS,0.6,NOT_APPLICABLE,2,0,0,1,1,taxonomy_device=2;title_accessory=1;conflict,"IKAAR Anti-Lost Ear Clip Bluetooth Earphone Holders Unisex Sake Earrings Compatible with AirPods Pro 1/2/3, FreeBuds3, iKF Find, Lollipods Gold",IKAAR,Earbud Headphones,Headphones & Earbuds,4,ACCESSORY,NOT_APPLICABLE,标题明确为耳机配件，不是可独立使用的完整耳机；结合标题的兼容/替换关系判定；判为 ACCESSORY。 原自动标签为 AMBIGUOUS，本次以商品主体语义和类目复核后更正。
B07F3X3H7M,AMBIGUOUS,0.6,NOT_APPLICABLE,2,0,0,1,1,taxonomy_device=2;title_accessory=1;conflict,Linsoul KZ IPX5 Waterproof Sweatproof Bluetooth 4.1 EDR Wireless Cable for KZ ZST/ZS10/ZSR/ES4/ES3,Linsoul,Earbud Headphones,Headphones & Earbuds,3,ACCESSORY,NOT_APPLICABLE,标题明确为线缆/转接配件，不是可独立使用的完整耳机；结合标题的兼容/替换关系判定；判为 ACCESSORY。 原自动标签为 AMBIGUOUS，本次以商品主体语义和类目复核后更正。
B00YSL7AFU,AMBIGUOUS,0.5,NOT_APPLICABLE,0,0,0,0,0,insufficient_evidence,"Soft Kid Adjustable Headphone for Girl and Boy with Cute Animal Toy, Ear Protection and Volume Limiting for Tablet, PC, Phone (Dog)",Daioolor,Headphones & Earbuds,Headphones & Earbuds,5,DEVICE,OVER_EAR,标题描述可独立使用的完整耳机/耳塞设备，并含连接、声学或供电功能信息；判为 DEVICE；形态依据：标题语义为带耳罩的游戏/办公/监听头戴式耳机。 原自动标签为 AMBIGUOUS，本次以商品主体语义和类目复核后更正。
B0891Z6HWT,DEVICE,0.995,ON_EAR,2,0,2,0,0,taxonomy_device=2;title_device=2,"Artix CL750 Wired Headphones with Mic & Volume Control — Noise Isolating Computer Headphones Wired, On-Ear Headphones with Wire, Plug In Headphones for Laptop, Corded Headphone Over Ear Aux Jack 3.5mm",ARTIX,On-Ear Headphones,Headphones & Earbuds,14042,DEVICE,ON_EAR,标题主体是完整耳机，后列保护壳/线缆/支架等随附配件（套装不改变主体标签）；判为 DEVICE；形态依据：标题明确为 on-ear/supra-aural，或该形态是最先出现的主体描述。
B0B5CMMRCF,AMBIGUOUS,0.6,NOT_APPLICABLE,2,0,0,1,1,taxonomy_device=2;title_accessory=1;conflict,Multi-use airpod and Earbud Cleaning Pen kit. Microfiber Brush. Metal tip for Hard to Reach Areas. All airpod Models White and Silver,Generic,Earbud Headphones,Headphones & Earbuds,1,DEVICE,EARBUD_INEAR,标题描述可独立使用的完整耳机/耳塞设备，细分类目为 Earbud Headphones；判为 DEVICE；形态依据：标题含耳塞/入耳/开放式耳戴设备词，且其主体线索早于头戴式描述。 原自动标签为 AMBIGUOUS，本次以商品主体语义和类目复核后更正。
B01N6U754T,AMBIGUOUS,0.6,NOT_APPLICABLE,2,0,0,1,1,taxonomy_device=2;title_accessory=1;conflict,Silicone Sport Tips (2 Pairs) for The Apple Earpods and Earbuds Compatible with iPhone 7/6 / 6S / 6 Plus/ 5S/ 5C/ 5 Earphones Headphones Earbuds by Pantheon,Pantheon Wireless,Earbud Headphones,Headphones & Earbuds,71,DEVICE,EARBUD_INEAR,标题描述可独立使用的完整耳机/耳塞设备，细分类目为 Earbud Headphones；判为 DEVICE；形态依据：标题含耳塞/入耳/开放式耳戴设备词，且其主体线索早于头戴式描述。 原自动标签为 AMBIGUOUS，本次以商品主体语义和类目复核后更正。
B081T1KG1F,ACCESSORY,0.98,NOT_APPLICABLE,0,2,0,0,0,taxonomy_accessory=2,"[Apple MFi Certified] Lightning to 3.5mm Headphone for iPhone, 2 Pack 3.5mm AUX Stereo High Digital Compatible with iPhone 12/12 Pro/11/XS/XR/X/8 7/iPad, Support iOS 14 & Music Control & Call Function",DESOFICON,Adapters,Adapters,704,ACCESSORY,NOT_APPLICABLE,标题主体是替换件、线缆/收纳件、蓝牙接收件、头盔扬声器套件或手机外接听筒，并非完整耳机；判为 ACCESSORY。
B07PY6VKQW,ACCESSORY,0.995,NOT_APPLICABLE,0,2,0,1,0,taxonomy_accessory=2;title_accessory=1,"AirPods Case Protective, Mangix Marble Design PC [Support Wireless Charging] Dustproof Cover and Case for Apple AirPods (Marble/Blue)",Mangix,Cases,Cases,22,ACCESSORY,NOT_APPLICABLE,标题明确为保护壳/收纳配件，不是可独立使用的完整耳机；细分类目 Cases 与此一致；判为 ACCESSORY。
B00HWQ07R6,AMBIGUOUS,0.5,NOT_APPLICABLE,0,0,0,0,0,insufficient_evidence,Baakyeek Pack of 10 3.5mm Headset for MP3 MP4 Player Cell Phone,Baakyeek,Headphones & Earbuds,Headphones & Earbuds,31,DEVICE,EARBUD_INEAR,标题描述可独立使用的完整耳机/耳塞设备，并含连接、声学或供电功能信息；判为 DEVICE；形态依据：标题语义为手机用单耳/免提蓝牙耳机或有线耳麦。 原自动标签为 AMBIGUOUS，本次以商品主体语义和类目复核后更正。
B0BLVJWGCC,ACCESSORY,0.995,NOT_APPLICABLE,0,2,0,1,0,taxonomy_accessory=2;title_accessory=1,Compatible with AirPods Case Cover Silicone Protective Skin for Airpods Case 2&1 (2 Pack) Black/Blue,Doboli,Cases,Cases,67994,ACCESSORY,NOT_APPLICABLE,标题明确为保护壳/收纳配件，不是可独立使用的完整耳机；细分类目 Cases 与此一致；判为 ACCESSORY。
B00ETPDSWE,AMBIGUOUS,0.6,NOT_APPLICABLE,1,0,0,0,0,taxonomy_device=1,SUCK UK Jack Rabbit Headphone Splitter,Suck UK,"Headphones, Earbuds & Accessories",,74,ACCESSORY,NOT_APPLICABLE,标题明确为线缆/转接配件，不是可独立使用的完整耳机；结合标题的兼容/替换关系判定；判为 ACCESSORY。 原自动标签为 AMBIGUOUS，本次以商品主体语义和类目复核后更正。
B07ZYM5M21,ACCESSORY,0.995,NOT_APPLICABLE,0,2,0,2,0,taxonomy_accessory=2;title_accessory=2,BlossomingLove Compatible with AirPods Case Keychain Full Protective Premium PVC Soft Rubber Silicone Cover Fashion Dope Self-Design Christmas Deer Skin for AirPods Charging Case (Christmas Deer),BlossomingLove,Cases,Cases,114,ACCESSORY,NOT_APPLICABLE,标题明确为保护壳/收纳配件，不是可独立使用的完整耳机；细分类目 Cases 与此一致；判为 ACCESSORY。
B00A7VLRMW,DEVICE,0.98,EARBUD_INEAR,2,0,0,0,0,taxonomy_device=2,Purelife Naturals Ultimate Joint Flex,Woowexx,Earbud Headphones,Headphones & Earbuds,6,AMBIGUOUS,NOT_APPLICABLE,needs_review: 标题“Purelife Naturals Ultimate Joint Flex”未描述完整耳机或明确耳机配件，且与类目“Earbud Headphones”不一致/信息残缺；保留 AMBIGUOUS，不强行归类。 原自动标签为 DEVICE，本次以商品主体语义和类目复核后更正。
B07KVMH6SW,AMBIGUOUS,0.6,NOT_APPLICABLE,2,0,1,1,1,taxonomy_device=2;title_device=1;title_accessory=1;conflict,"Back Bay Runner Wireless Bluetooth Earbuds [2020 Update] Sweatproof Headphones, Adjustable Ear-Hooks, 8-Hour Battery, 5 EQ Sound Modes, Microphone and Earphone Carrying Case",Back Bay Audio,Earbud Headphones,Headphones & Earbuds,354,DEVICE,EARBUD_INEAR,标题描述可独立使用的完整耳机/耳塞设备，细分类目为 Earbud Headphones；判为 DEVICE；形态依据：标题含耳塞/入耳/开放式耳戴设备词，且其主体线索早于头戴式描述。 原自动标签为 AMBIGUOUS，本次以商品主体语义和类目复核后更正。
B00NBR6GIO,DEVICE,0.98,OVER_EAR,2,0,0,0,0,taxonomy_device=2,Sony MDR-XB450AP Extra Bass Headphone - Black (International Version U.S. Warranty May not Apply),Sony,Over-Ear Headphones,Headphones & Earbuds,830,DEVICE,OVER_EAR,标题描述可独立使用的完整耳机/耳塞设备，细分类目为 Over-Ear Headphones；判为 DEVICE；形态依据：细分类目为 Over-Ear Headphones。
B09GDXGT8D,DEVICE,0.985,EARBUD_INEAR,2,0,3,1,1,taxonomy_device=2;title_device=3;title_accessory=1;conflict,Vislla Bluetooth Headphones Sports Wireless Earbuds TWS BT5.0 Stereo Deep Bass Waterproof Earphones Noise Canceling Headset with Battery Display Charging Case & Built-in Mic,Vislla,Earbud Headphones,Headphones & Earbuds,607,DEVICE,EARBUD_INEAR,标题主体是完整耳机，后列保护壳/线缆/支架等随附配件（套装不改变主体标签）；判为 DEVICE；形态依据：标题含耳塞/入耳/开放式耳戴设备词，且其主体线索早于头戴式描述。
B08427HB95,ACCESSORY,0.995,NOT_APPLICABLE,0,2,0,1,0,taxonomy_accessory=2;title_accessory=1,Compatible with Airpods Pro – Shockproof TPU Gel Portable Protection Soft Case Cover Skin with Carabiner Clip Keychain (Zebra Skin),SMODDIX,Cases,Cases,2,ACCESSORY,NOT_APPLICABLE,标题明确为保护壳/收纳配件，不是可独立使用的完整耳机；细分类目 Cases 与此一致；判为 ACCESSORY。
B0C64XLVHK,DEVICE,0.985,EARBUD_INEAR,2,0,4,1,1,taxonomy_device=2;title_device=4;title_accessory=1;conflict,"pdibukc Wireless Earbuds Bluetooth Headphones 36H Play Time 5.0 Bluetooth with Wireless Charging Case, IPX6 Waterproof Sweat-Proof Earphones True Wireless Earbuds, in-Ear Earbuds for Working Sports",pdibukc,Earbud Headphones,Headphones & Earbuds,3,DEVICE,EARBUD_INEAR,标题主体是完整耳机，后列保护壳/线缆/支架等随附配件（套装不改变主体标签）；判为 DEVICE；形态依据：标题含耳塞/入耳/开放式耳戴设备词，且其主体线索早于头戴式描述。
B09YV93CBW,ACCESSORY,0.995,NOT_APPLICABLE,0,2,1,3,1,taxonomy_accessory=2;title_device=1;title_accessory=3;conflict,"Replacement Ear Pads for Solo 2 & 3 Wireless On-Ear Headphones, PChero 2 Pairs Protein Leather Earpads Memory Foam Cushion Covers Compatible with Beats Solo2/Solo3 A1796/B0534 Headphone (Black)",PChero,Earpads,Earpads,2,ACCESSORY,NOT_APPLICABLE,标题明确为替换耳垫/耳罩，不是可独立使用的完整耳机；细分类目 Earpads 与此一致；判为 ACCESSORY。
B087F3HNMM,ACCESSORY,0.94,NOT_APPLICABLE,2,0,0,2,1,taxonomy_device=2;title_accessory=2;conflict,2Pack/3m Extension Cable for Philips Hue Lightstrip Plus (White),QW,Earbud Headphones,Headphones & Earbuds,20,ACCESSORY,NOT_APPLICABLE,标题明确为线缆/转接配件，不是可独立使用的完整耳机；结合标题的兼容/替换关系判定；判为 ACCESSORY。
B07X9YQDFD,AMBIGUOUS,0.6,NOT_APPLICABLE,1,0,1,1,1,taxonomy_device=1;title_device=1;title_accessory=1;conflict,"APPHOME 2 Pack Foldable Headphone Stand, Under Desk Headset Hanger Hook Holder, Aluminum PC Gaming Headset Holder for Desk, Non-Slip Desk Hook Space Save Universal Headphone Mount Clamp (Black)",APPHOME,"Headphones, Earbuds & Accessories",,316,ACCESSORY,NOT_APPLICABLE,标题明确为支架/挂架，不是可独立使用的完整耳机；结合标题的兼容/替换关系判定；判为 ACCESSORY。 原自动标签为 AMBIGUOUS，本次以商品主体语义和类目复核后更正。
B003Z6QH44,AMBIGUOUS,0.6,NOT_APPLICABLE,0,0,1,0,0,title_device=1,Etymotic Research ER89-2 etyBLU2 Wireless Bluetooth Headset,Etymotic Research,Headphones & Earbuds,Headphones & Earbuds,155,DEVICE,EARBUD_INEAR,标题描述可独立使用的完整耳机/耳塞设备，并含连接、声学或供电功能信息；判为 DEVICE；形态依据：标题语义为手机用单耳/免提蓝牙耳机或有线耳麦。 原自动标签为 AMBIGUOUS，本次以商品主体语义和类目复核后更正。
B00EY7IIB8,AMBIGUOUS,0.5,NOT_APPLICABLE,0,0,0,0,0,insufficient_evidence,Poposh 7x Crystal Butterfly 3.5mm Anti Dust Plug Bling Earphone Jack Glitter Diamond Rhinestone Headphone Port Stopper Caps For iPhone 3 3G 3GS 4 4GS 4S/iPad 1 2 3 /Ipad mini/ etc,VANDOT,Headphones & Earbuds,Headphones & Earbuds,2,DEVICE,EARBUD_INEAR,标题描述可独立使用的完整耳机/耳塞设备，并含连接、声学或供电功能信息；判为 DEVICE；形态依据：标题含耳塞/耳机式耳戴设备词，未出现相冲突的头戴形态描述。 原自动标签为 AMBIGUOUS，本次以商品主体语义和类目复核后更正。
B0742BLFHT,AMBIGUOUS,0.6,NOT_APPLICABLE,2,0,1,1,1,taxonomy_device=2;title_device=1;title_accessory=1;conflict,KZ ATE Earphones Copper Driver HI-FI Sports Headphones Stereo In-Ear Earbuds with Foam Eartips for Smartphone Apple iPhone iPad iPod Samsung HTC LG MP3/4 Tablet etc (ATE with Microphone),WishLotus,Earbud Headphones,Headphones & Earbuds,8,DEVICE,EARBUD_INEAR,标题主体是完整耳机，后列保护壳/线缆/支架等随附配件（套装不改变主体标签）；判为 DEVICE；形态依据：标题含耳塞/入耳/开放式耳戴设备词，且其主体线索早于头戴式描述。 原自动标签为 AMBIGUOUS，本次以商品主体语义和类目复核后更正。
B00E0XGTBC,DEVICE,0.955,EARBUD_INEAR,2,0,2,1,1,taxonomy_device=2;title_device=2;title_accessory=1;conflict,Wireless Earbuds Stereo Bluetooth Headphones with Charging Case Mini in-Ear Earphones Built-in Mic Noise Canceling Sweatproof Sports Wireless Headphone Bluetooth Earbud (Black-011),FICJEAD,Earbud Headphones,Headphones & Earbuds,13,DEVICE,EARBUD_INEAR,标题主体是完整耳机，后列保护壳/线缆/支架等随附配件（套装不改变主体标签）；判为 DEVICE；形态依据：标题含耳塞/入耳/开放式耳戴设备词，且其主体线索早于头戴式描述。
B07TCZBZ73,DEVICE,0.995,EARBUD_INEAR,2,0,1,0,0,taxonomy_device=2;title_device=1,PHILIPS SHE1405BK in-Ear Headphone Headset with Mic SHE1405 Black,PHILIPS,Earbud Headphones,Headphones & Earbuds,13568,DEVICE,EARBUD_INEAR,标题描述可独立使用的完整耳机/耳塞设备，细分类目为 Earbud Headphones；判为 DEVICE；形态依据：标题含耳塞/入耳/开放式耳戴设备词，且其主体线索早于头戴式描述。
B00EJR4NI0,AMBIGUOUS,0.5,NOT_APPLICABLE,0,0,0,0,0,insufficient_evidence,T-Mobile Stereo String Headset 3.5mm W/ Mic Original TMobile - Wire String (Silver and Black),T-Mobile,Headphones & Earbuds,Headphones & Earbuds,11,DEVICE,EARBUD_INEAR,标题描述可独立使用的完整耳机/耳塞设备，并含连接、声学或供电功能信息；判为 DEVICE；形态依据：标题语义为手机用单耳/免提蓝牙耳机或有线耳麦。 原自动标签为 AMBIGUOUS，本次以商品主体语义和类目复核后更正。
B074F3YW3R,DEVICE,0.995,EARBUD_INEAR,2,0,3,0,0,taxonomy_device=2;title_device=3,"Bose SoundSport Free, True Wireless Earbuds, (Sweatproof Bluetooth Headphones for Workouts and Sports), Midnight Blue / Citron",Bose,Earbud Headphones,Headphones & Earbuds,39305,DEVICE,EARBUD_INEAR,标题描述可独立使用的完整耳机/耳塞设备，细分类目为 Earbud Headphones；判为 DEVICE；形态依据：标题含耳塞/入耳/开放式耳戴设备词，且其主体线索早于头戴式描述。
B01MTDO2VR,AMBIGUOUS,0.5,NOT_APPLICABLE,0,0,0,0,0,insufficient_evidence,Granite Grey Tufted Upholstered Walnut Wood Storage Bench Includes Custom Mouse Pad,OHAOYU,Headphones & Earbuds,Headphones & Earbuds,3,AMBIGUOUS,NOT_APPLICABLE,needs_review: 标题“Granite Grey Tufted Upholstered Walnut Wood Storage Bench Includes Custom Mouse Pad”未描述完整耳机或明确耳机配件，且与类目“Headphones & Earbuds”不一致/信息残缺；保留 AMBIGUOUS，不强行归类。
B001UKL51W,AMBIGUOUS,0.5,NOT_APPLICABLE,0,0,0,0,0,insufficient_evidence,Jawbone II Gold Bluetooth Jawbone II Headset,Jawbone,Headphones & Earbuds,Headphones & Earbuds,1,DEVICE,EARBUD_INEAR,标题描述可独立使用的完整耳机/耳塞设备，并含连接、声学或供电功能信息；判为 DEVICE；形态依据：标题语义为手机用单耳/免提蓝牙耳机或有线耳麦。 原自动标签为 AMBIGUOUS，本次以商品主体语义和类目复核后更正。
B0832BWJMR,ACCESSORY,0.995,NOT_APPLICABLE,0,2,0,1,0,taxonomy_accessory=2;title_accessory=1,LICHIFIT Sponge Silicone Air Foam Replacement Ear Tips Buds for Apple Airpods Pro Headphones,LICHIFIT,Earpads,Earpads,40,ACCESSORY,NOT_APPLICABLE,标题明确为替换耳垫/耳罩，不是可独立使用的完整耳机；细分类目 Earpads 与此一致；判为 ACCESSORY。
B08CR35ZLM,ACCESSORY,0.995,NOT_APPLICABLE,0,2,1,1,1,taxonomy_accessory=2;title_device=1;title_accessory=1;conflict,Jecobb HD598 Earpads Replacement Ear Cushion Pads with Protein Leather and Memory Foam for Sennheiser HD598 Series HD598SE HD598CS HD515 HD555 HD595 HD518 Over Ear Headphones ONLY (Brown/Velvet),Jecobb,Earpads,Earpads,26,ACCESSORY,NOT_APPLICABLE,标题明确为替换耳垫/耳罩，不是可独立使用的完整耳机；细分类目 Earpads 与此一致；判为 ACCESSORY。
B0181TU8RQ,AMBIGUOUS,0.6,NOT_APPLICABLE,0,0,1,0,0,title_device=1,"Bluetooth Headset car Dock(CSR8610), AGPTEK Wireless Bluetooth 4.1 Headphone/Earphone/Earpiece with in-car Charging Dock for iPhone Samsung and Other Smart Phones (Space Gray)",AGPTEK,Headphones & Earbuds,Headphones & Earbuds,6,DEVICE,EARBUD_INEAR,标题描述可独立使用的完整耳机/耳塞设备，并含连接、声学或供电功能信息；判为 DEVICE；形态依据：标题含耳塞/耳机式耳戴设备词，未出现相冲突的头戴形态描述。 原自动标签为 AMBIGUOUS，本次以商品主体语义和类目复核后更正。
B07VD3M6M3,DEVICE,0.985,EARBUD_INEAR,2,0,3,1,1,taxonomy_device=2;title_device=3;title_accessory=1;conflict,"Bluetooth Earbuds Wireless Earbuds Bluetooth Earphones Wireless Headphones, Bluetooth 5.0 Deep Bass IPX7 Waterproof TWS Stereo in-Ear Headphones with Charging Case",OFUSHO,Earbud Headphones,Headphones & Earbuds,11088,DEVICE,EARBUD_INEAR,标题主体是完整耳机，后列保护壳/线缆/支架等随附配件（套装不改变主体标签）；判为 DEVICE；形态依据：标题含耳塞/入耳/开放式耳戴设备词，且其主体线索早于头戴式描述。
B094GXW89T,ACCESSORY,0.98,NOT_APPLICABLE,0,2,0,0,0,taxonomy_accessory=2,"USB Type C to 3.5mm Female Headphone Jack Adapter,USB C to Aux Audio Dongle Cable Cord Compatible with Samsung Galaxy S23 S23+ S22 S21 S20 Ultra Note 20 10 S10 S9 Plus,Pixel 4 3 2 XL,iPad Pro,MacBook",JXMOX,Adapters,Adapters,13530,ACCESSORY,NOT_APPLICABLE,标题明确为线缆/转接配件，不是可独立使用的完整耳机；细分类目 Adapters 与此一致；判为 ACCESSORY。
B0BZJ8MWXJ,DEVICE,0.955,EARBUD_INEAR,2,0,2,1,1,taxonomy_device=2;title_device=2;title_accessory=1;conflict,ZINGBIRD Wireless Earbuds 50H Playback Bluetooth Headphones with Wireless Charging Case Waterproof Ear Buds in-Ear Earphones with Microphone for Android Gaming Computer Laptop TV Sport Black,ZINGBIRD,Earbud Headphones,Headphones & Earbuds,1187,DEVICE,EARBUD_INEAR,标题主体是完整耳机，后列保护壳/线缆/支架等随附配件（套装不改变主体标签）；判为 DEVICE；形态依据：标题含耳塞/入耳/开放式耳戴设备词，且其主体线索早于头戴式描述。
B0199784W0,ACCESSORY,0.98,NOT_APPLICABLE,0,2,0,0,0,taxonomy_accessory=2,"Scottii iPhone 6S Plus Case, Scottii [Luxurii Clear] Case, iPhone 6 Plus / 6S Plus (5.5 inch screen) [Scratch Resistant] (Crystal Clear / Space Grey)",Scottii,Adapters,Adapters,8,ACCESSORY,NOT_APPLICABLE,标题明确为保护壳/收纳配件，不是可独立使用的完整耳机；细分类目 Adapters 与此一致；判为 ACCESSORY。
B0C9CKW4R6,DEVICE,0.98,EARBUD_INEAR,1,0,1,0,0,taxonomy_device=1;title_device=1,"UliX Rider Wired Earbuds in-Ear Headphones, Earphones with Microphone, 5 Years Warranty, with Anti-Tangle Cable, Ear Buds for iPhone, iPad, Samsung, School Students, Kids, Women, Small Ears",UliX,Open-Ear Headphones,Headphones & Earbuds,13847,DEVICE,EARBUD_INEAR,标题主体是完整耳机，后列保护壳/线缆/支架等随附配件（套装不改变主体标签）；判为 DEVICE；形态依据：标题含耳塞/入耳/开放式耳戴设备词，且其主体线索早于头戴式描述。
B07WJBJF67,ACCESSORY,0.995,NOT_APPLICABLE,0,2,1,2,1,taxonomy_accessory=2;title_device=1;title_accessory=2;conflict,Silicone Carrying Case Cover for Sony WF-1000XM3 Industry Leading Noise Canceling Truly Wireless Earbuds by Kaladior (Black),Kaladior,Cases,Cases,67,ACCESSORY,NOT_APPLICABLE,标题明确为保护壳/收纳配件，不是可独立使用的完整耳机；细分类目 Cases 与此一致；判为 ACCESSORY。
B0BP68M5DZ,DEVICE,0.955,EARBUD_INEAR,2,0,2,1,1,taxonomy_device=2;title_device=2;title_accessory=1;conflict,"QOVQ Waterproof Bluetooth 5.3 True Wireless Earbuds, Touch Control,30H Cyclic Playtime TWS Headphones with Charging Case and mic, in-Ear Stereo",XIAOYIXIAN,Earbud Headphones,Headphones & Earbuds,2,DEVICE,EARBUD_INEAR,标题主体是完整耳机，后列保护壳/线缆/支架等随附配件（套装不改变主体标签）；判为 DEVICE；形态依据：标题含耳塞/入耳/开放式耳戴设备词，且其主体线索早于头戴式描述。
B0B4K881J5,ACCESSORY,0.995,NOT_APPLICABLE,0,2,1,2,1,taxonomy_accessory=2;title_device=1;title_accessory=2;conflict,Studio 3.0 Replacement Earpads Studio 2.0 Ear Pad Cushion Cover Compatible with Beats by Dr.Dre Studio 2 Wired/Wireless & Studio 3 Over-Ear Headphones (Studio2-Black),Koffmon,Earpads,Earpads,91,ACCESSORY,NOT_APPLICABLE,标题明确为替换耳垫/耳罩，不是可独立使用的完整耳机；细分类目 Earpads 与此一致；判为 ACCESSORY。
B01AUO38B8,AMBIGUOUS,0.6,NOT_APPLICABLE,1,0,0,1,1,taxonomy_device=1;title_accessory=1;conflict,New High Quality Handmade Custom OCC Silver Plated Upgrade Audo Earphone Cable for IE80 IE8i IE8 - Blue,Earmax,"Headphones, Earbuds & Accessories",,2,ACCESSORY,NOT_APPLICABLE,标题明确为线缆/转接配件，不是可独立使用的完整耳机；结合标题的兼容/替换关系判定；判为 ACCESSORY。 原自动标签为 AMBIGUOUS，本次以商品主体语义和类目复核后更正。
B07XZ4JKH1,ACCESSORY,0.995,NOT_APPLICABLE,0,2,0,1,0,taxonomy_accessory=2;title_accessory=1,"AirPods Case, AirPods Case Cover with Keychain, Pofesun 6Pack Soft Silicone Wireless Charging Case Cover Cute Protective Skin Compatible for AirPods 2,Front LED Visible-White,Blue,Mint,Pink,Purple,Red",Pofesun,Cases,Cases,139,ACCESSORY,NOT_APPLICABLE,标题明确为保护壳/收纳配件，不是可独立使用的完整耳机；细分类目 Cases 与此一致；判为 ACCESSORY。
B015IUTEB2,DEVICE,0.98,EARBUD_INEAR,2,0,0,0,0,taxonomy_device=2,Foxnovo In-Ear Earphone with Cute Colorful Storage Box (Green),Foxnovo,Earbud Headphones,Headphones & Earbuds,4,DEVICE,EARBUD_INEAR,标题描述可独立使用的完整耳机/耳塞设备，细分类目为 Earbud Headphones；判为 DEVICE；形态依据：标题含耳塞/入耳/开放式耳戴设备词，且其主体线索早于头戴式描述。
B08T983NCY,AMBIGUOUS,0.5,NOT_APPLICABLE,0,2,2,0,1,taxonomy_accessory=2;title_device=2;conflict,"ApexOne Wired Metal in-Ear Earbuds Headphones with MIC &Volume Control and Pocket Case, Crystal Clear Sound Bass Stereo Noise Isolating Earphones (Earbuds, Black Case and 2 Small Tips Included)",ApexOne,Cases,Cases,521,DEVICE,EARBUD_INEAR,标题主体是完整耳机，后列保护壳/线缆/支架等随附配件（套装不改变主体标签）；判为 DEVICE；形态依据：标题含耳塞/入耳/开放式耳戴设备词，且其主体线索早于头戴式描述。 原自动标签为 AMBIGUOUS，本次以商品主体语义和类目复核后更正。
B07ZMGBBGM,ACCESSORY,0.995,NOT_APPLICABLE,0,2,0,2,0,taxonomy_accessory=2;title_accessory=2,"Digimon AirPods Case Protective Cover Soft Silicone Shockproof for Apple AirPods 2 & 1, Digimon Airpod Charging Case Keychain Bag Pendant Decor Cute 3D Cartoon Toy (Digimon)",KillBR,Cases,Cases,55,ACCESSORY,NOT_APPLICABLE,标题明确为保护壳/收纳配件，不是可独立使用的完整耳机；细分类目 Cases 与此一致；判为 ACCESSORY。
B08DXTPH5M,ACCESSORY,0.995,NOT_APPLICABLE,0,2,0,2,0,taxonomy_accessory=2;title_accessory=2,"Geekria PRO Extra Thick Cooling Gel Replacement Ear Pads for Sony MDR-1ABT, MDR-1RBT, MDR-1RNC Headphones Ear Cushions, Headset Earpads, Ear Cups Cover Repair Parts (Black)",GEEKRIA,Earpads,Earpads,6,ACCESSORY,NOT_APPLICABLE,标题明确为替换耳垫/耳罩，不是可独立使用的完整耳机；细分类目 Earpads 与此一致；判为 ACCESSORY。
B07HCBGQY4,AMBIGUOUS,0.6,NOT_APPLICABLE,2,0,1,1,1,taxonomy_device=2;title_device=1;title_accessory=1;conflict,"Headphones, Earphones Earbuds Headphones with Microphone Stereo Sound Mic Remote Volume Control Compatible with 3.5 mm Headphone",Zhicity,Earbud Headphones,Headphones & Earbuds,1,DEVICE,EARBUD_INEAR,标题主体是完整耳机，后列保护壳/线缆/支架等随附配件（套装不改变主体标签）；判为 DEVICE；形态依据：标题含耳塞/入耳/开放式耳戴设备词，且其主体线索早于头戴式描述。 原自动标签为 AMBIGUOUS，本次以商品主体语义和类目复核后更正。
B09NCYXB8Q,ACCESSORY,0.995,NOT_APPLICABLE,0,2,0,1,0,taxonomy_accessory=2;title_accessory=1,"AGVEE USB-C to 3.5mm Headphone Adapter, Type-C Aux Jack Earbuds Splitter, USBC Audio TRRS Mic Earphones Dongle, PD 30W Charging Converter for Samsung S21 S20, Note 20 10, Pixel 2 3 4 XL, Red",AGVEE,Adapters,Adapters,96,ACCESSORY,NOT_APPLICABLE,标题明确为线缆/转接配件，不是可独立使用的完整耳机；细分类目 Adapters 与此一致；判为 ACCESSORY。
B07R2MN9MC,ACCESSORY,0.995,NOT_APPLICABLE,0,2,0,1,0,taxonomy_accessory=2;title_accessory=1,"Airpods Case, Music tracker Protective Thicken Airpods Cover Soft Silicone Chargeable Headphone Case with Anti-Lost Carabiner for Apple Airpods 1&2 Charging Case (Matcha Green)",Music tracker,Cases,Cases,20862,ACCESSORY,NOT_APPLICABLE,标题明确为保护壳/收纳配件，不是可独立使用的完整耳机；细分类目 Cases 与此一致；判为 ACCESSORY。
B01NBHVMPC,DEVICE,0.98,EARBUD_INEAR,2,0,0,0,0,taxonomy_device=2,"iPhone 7/6/6s Flip Case Stand PU Leather Wallet Case Cover Slim Fit JACKIT Line by LENOX Drop Proof Card Slot Pocket Dust Proof Anti scratch Micro Fiber Access Ports, Leather Wallet iPhone 7 [Brown]",Tiamat+,Earbud Headphones,Headphones & Earbuds,9,ACCESSORY,NOT_APPLICABLE,标题明确为保护壳/收纳配件，不是可独立使用的完整耳机；结合标题的兼容/替换关系判定；判为 ACCESSORY。 原自动标签为 DEVICE，本次以商品主体语义和类目复核后更正。
B019RAKZ7Q,AMBIGUOUS,0.6,NOT_APPLICABLE,2,0,0,1,1,taxonomy_device=2;title_accessory=1;conflict,"Galaxy S6 Edge Plus Case, GreenElec Shockproof Rubber Wallet Credit Card ID Card Slot Holder Heavy duty Armor Hybrid Resistant Protective Shell Cover For Galaxy S6 Edge Plus (Blue)",Tiamat+,Earbud Headphones,Headphones & Earbuds,3,ACCESSORY,NOT_APPLICABLE,标题明确为保护壳/收纳配件，不是可独立使用的完整耳机；结合标题的兼容/替换关系判定；判为 ACCESSORY。 原自动标签为 AMBIGUOUS，本次以商品主体语义和类目复核后更正。
B09X4HPNXZ,ACCESSORY,0.995,NOT_APPLICABLE,0,2,1,2,1,taxonomy_accessory=2;title_device=1;title_accessory=2;conflict,Case Cover for Beats Fit Pro Wireless Earbuds Leather Full Body Protective Case Anti-Lost Shockproof Waterproof Compatible with Beats Fit Pro (Black),Keminsung,Cases,Cases,32,ACCESSORY,NOT_APPLICABLE,标题明确为保护壳/收纳配件，不是可独立使用的完整耳机；细分类目 Cases 与此一致；判为 ACCESSORY。
B06XKG4Z4R,AMBIGUOUS,0.6,NOT_APPLICABLE,1,0,0,1,1,taxonomy_device=1;title_accessory=1;conflict,REYTID Wireless Bluetooth Adapter Cablee Compatible with Sol Republic Master Tracks HD V8 V10 V12 MFI X3 Ultra XC Headphones,REYTID,"Headphones, Earbuds & Accessories",,31,ACCESSORY,NOT_APPLICABLE,标题明确为线缆/转接配件，不是可独立使用的完整耳机；结合标题的兼容/替换关系判定；判为 ACCESSORY。 原自动标签为 AMBIGUOUS，本次以商品主体语义和类目复核后更正。
B00I3LTQ9O,DEVICE,0.995,EARBUD_INEAR,2,0,1,0,0,taxonomy_device=2;title_device=1,"Betron B750 Earphones Wired in-Ear Headphones with Noise Isolating Earbuds, Tangle-Free Flat Cable, Bass Driven Sound for Laptop Computer Tablet Smartphone with 3.5mm Headphone Jack",Betron,Earbud Headphones,Headphones & Earbuds,15996,DEVICE,EARBUD_INEAR,标题主体是完整耳机，后列保护壳/线缆/支架等随附配件（套装不改变主体标签）；判为 DEVICE；形态依据：标题含耳塞/入耳/开放式耳戴设备词，且其主体线索早于头戴式描述。
B07CGM3CYP,AMBIGUOUS,0.6,NOT_APPLICABLE,0,0,2,1,1,title_device=2;title_accessory=1;conflict,"Bluetooth Headphones,Wireless Earbuds Cordless Sport Headsets Stereo In-Ear Earpieces for iPhone X/8/7/7 Plus/6/6s Plus Android, Samsung, Galaxy with Charging Case((t2)",Newcos,Headphones & Earbuds,Headphones & Earbuds,1,DEVICE,EARBUD_INEAR,标题主体是完整耳机，后列保护壳/线缆/支架等随附配件（套装不改变主体标签）；判为 DEVICE；形态依据：标题含耳塞/入耳/开放式耳戴设备词，且其主体线索早于头戴式描述。 原自动标签为 AMBIGUOUS，本次以商品主体语义和类目复核后更正。
B0BLNJ3FZL,DEVICE,0.985,EARBUD_INEAR,2,0,3,1,1,taxonomy_device=2;title_device=3;title_accessory=1;conflict,X-PODS True Wireless Earbuds Bluetooth Headphones Upgraded Touch Control with Wireless Charging Case IPX8 Waterproof Stereo Earphones in-Ear Built-in Mic Headset Premium Deep Bass for Sport Black,Drone-Clone Xperts,Earbud Headphones,Headphones & Earbuds,9,DEVICE,EARBUD_INEAR,标题主体是完整耳机，后列保护壳/线缆/支架等随附配件（套装不改变主体标签）；判为 DEVICE；形态依据：标题含耳塞/入耳/开放式耳戴设备词，且其主体线索早于头戴式描述。
B07RJ28KYH,DEVICE,0.955,EARBUD_INEAR,2,0,2,1,1,taxonomy_device=2;title_device=2;title_accessory=1;conflict,JLab JBuds Air Icon True Wireless Signature Bluetooth Earbuds + Charging Case | Black & Gold | IP55 Sweat Resistance | Bluetooth 5.0 Connection | Stereo Phone Calls | 3 EQ Sound Settings,JLab,Earbud Headphones,Headphones & Earbuds,15917,DEVICE,EARBUD_INEAR,标题描述可独立使用的完整耳机/耳塞设备，细分类目为 Earbud Headphones；判为 DEVICE；形态依据：标题含耳塞/入耳/开放式耳戴设备词，且其主体线索早于头戴式描述。
B00E4JWRVI,DEVICE,0.995,EARBUD_INEAR,2,0,1,0,0,taxonomy_device=2;title_device=1,"Avantree Sacool Wireless Sports Bluetooth Stereo Earbuds Bluetooth Headset with Microphone for iPhone, Samsung, HTC, PC, Tablets-White/Green.",Avantree,Earbud Headphones,Headphones & Earbuds,228,DEVICE,EARBUD_INEAR,标题主体是完整耳机，后列保护壳/线缆/支架等随附配件（套装不改变主体标签）；判为 DEVICE；形态依据：标题含耳塞/入耳/开放式耳戴设备词，且其主体线索早于头戴式描述。
B003FW0DH0,AMBIGUOUS,0.6,NOT_APPLICABLE,1,0,0,0,0,taxonomy_device=1,Gigaware 43-122 USB Stereo Headphones w/Boom Microphone & Inline Volume Control (Silver/Black),GIGAWARE,"Headphones, Earbuds & Accessories",,9,DEVICE,ON_EAR,标题中的便携/折叠/儿童/头带式线索或核验到的厂商规格表明耳垫压在耳廓上；判为 DEVICE / ON_EAR。 核验来源：https://www.manualsdir.com/manuals/202341/radio-shack-43-122.html 原自动标签为 AMBIGUOUS，本次复核后更正。
B00F8PFLEM,AMBIGUOUS,0.5,NOT_APPLICABLE,2,0,1,2,1,taxonomy_device=2;title_device=1;title_accessory=2;conflict,"GOgroove AudiOHM WD In-Ear Headphones with Noise Isolating, In-Line Call / Music Controls and Hemp Carrying Case for Phones/Tablets/ MP3 Players - Light Walnut Wood",GOgroove,Earbud Headphones,Headphones & Earbuds,71,DEVICE,EARBUD_INEAR,标题主体是完整耳机，后列保护壳/线缆/支架等随附配件（套装不改变主体标签）；判为 DEVICE；形态依据：标题含耳塞/入耳/开放式耳戴设备词，且其主体线索早于头戴式描述。 原自动标签为 AMBIGUOUS，本次以商品主体语义和类目复核后更正。
B086LGD3ZZ,ACCESSORY,0.995,NOT_APPLICABLE,0,2,1,2,1,taxonomy_accessory=2;title_device=1;title_accessory=2;conflict,"Replacement Cushion Flannelette Headband Protein Pillow Foam Cover Compatible with Astro A40 (Gen1/Gen2) ,A50 (Gen1) Wireless Bluetooth Headphones (Headpad)",V-MOTA,Earpads,Earpads,9,ACCESSORY,NOT_APPLICABLE,标题明确为替换耳垫/耳罩，不是可独立使用的完整耳机；细分类目 Earpads 与此一致；判为 ACCESSORY。
B00BEJOFV6,AMBIGUOUS,0.5,NOT_APPLICABLE,0,0,0,0,0,insufficient_evidence,Aduro RETRO PHONE Wired 3.5mm Handset for Mobile Devices and Tablets (Retail Packaing) (Black),Aduro,Headphones & Earbuds,Headphones & Earbuds,79,ACCESSORY,NOT_APPLICABLE,标题主体是替换件、线缆/收纳件、蓝牙接收件、头盔扬声器套件或手机外接听筒，并非完整耳机；判为 ACCESSORY。 原自动标签为 AMBIGUOUS，本次复核后更正。
B087CKHQ8C,ACCESSORY,0.995,NOT_APPLICABLE,0,2,0,1,0,taxonomy_accessory=2;title_accessory=1,ICI-Rencontrer Creative 3D Quickstand moving Bling Glitter Pearl Milk Tea Cup Airpods Case Cute Milk Beverage Drinks Soft Silicone Protective Wireless Earphone Case For Airpods Pro Decoration,ICI-Rencontrer,Cases,Cases,10,ACCESSORY,NOT_APPLICABLE,标题明确为保护壳/收纳配件，不是可独立使用的完整耳机；细分类目 Cases 与此一致；判为 ACCESSORY。
B00OWUMPMK,AMBIGUOUS,0.5,NOT_APPLICABLE,0,0,0,0,0,insufficient_evidence,"JuSp HBS 740, Best Seller ,HBS-740 Bluetooth V4.0 Wireless Bluetooth Stereo Headset Neckband style Earphone and Handfree Headphones for Cellphones, such as iPhone,Samsung, LG, Moto, Nokia, HTC, PC, iPad, PSP & any Bluetooth enabled device(black-red)",Generic,Headphones & Earbuds,Headphones & Earbuds,11,DEVICE,EARBUD_INEAR,标题描述可独立使用的完整耳机/耳塞设备，并含连接、声学或供电功能信息；判为 DEVICE；形态依据：标题含耳塞/入耳/开放式耳戴设备词，且其主体线索早于头戴式描述。 原自动标签为 AMBIGUOUS，本次以商品主体语义和类目复核后更正。
B08VD2NX25,DEVICE,0.995,OVER_EAR,2,0,3,0,0,taxonomy_device=2;title_device=3,"Soundcore by Anker Life Q30 Hybrid Active Noise Cancelling Headphones with Multiple Modes, Hi-Res Sound, Custom EQ via App, 40H Playtime, Comfortable Fit, Bluetooth Headphones, Multipoint Connection",Soundcore,Over-Ear Headphones,Headphones & Earbuds,50896,DEVICE,OVER_EAR,标题描述可独立使用的完整耳机/耳塞设备，细分类目为 Over-Ear Headphones；判为 DEVICE；形态依据：细分类目为 Over-Ear Headphones。
B01N5FM1AZ,AMBIGUOUS,0.5,NOT_APPLICABLE,0,0,0,0,0,insufficient_evidence,Halo Sport - Unlock Your Potential,Halo,Headphones & Earbuds,Headphones & Earbuds,72,DEVICE,ON_EAR,Halo Sport 是带声学耳垫的可穿戴神经刺激头戴设备，耳垫贴耳佩戴；按现有形态枚举映射为 ON_EAR；判为 DEVICE / ON_EAR。 核验来源：https://halo-website-static-assets.s3.amazonaws.com/Halo%20Sport%20Owner%27s%20Guide.pdf 原自动标签为 AMBIGUOUS，本次复核后更正。
B00292714K,AMBIGUOUS,0.5,NOT_APPLICABLE,0,0,0,0,0,insufficient_evidence,Panasonic FV-08VKM2 WhisperGreen 80 CFM Premium Ceiling Mounted Continuous and Spot Ventilation Fan with SmartAction Motion Sensor,Panasonic,Headphones & Earbuds,Headphones & Earbuds,6,AMBIGUOUS,NOT_APPLICABLE,needs_review: 标题“Panasonic FV-08VKM2 WhisperGreen 80 CFM Premium Ceiling Mounted Continuous and Spot Ventilation Fan with SmartAction Motion Sensor”未描述完整耳机或明确耳机配件，且与类目“Headphones & Earbuds”不一致/信息残缺；保留 AMBIGUOUS，不强行归类。
B09D41HQVZ,DEVICE,0.995,EARBUD_INEAR,2,0,1,0,0,taxonomy_device=2;title_device=1,KLIM Fusion Earbuds with Microphone - New 2023 - Long-Lasting Wired Ear Buds - Innovative: in-Ear with Memory Foam - Earphones with Mic and 3.5mm Jack - Green,KLIM,Earbud Headphones,Headphones & Earbuds,43473,DEVICE,EARBUD_INEAR,标题主体是完整耳机，后列保护壳/线缆/支架等随附配件（套装不改变主体标签）；判为 DEVICE；形态依据：标题含耳塞/入耳/开放式耳戴设备词，且其主体线索早于头戴式描述。
B07CKCNVGC,ACCESSORY,0.98,NOT_APPLICABLE,0,2,0,0,0,taxonomy_accessory=2,Headphones Cable Cord Wire Line Clip Clamp Holder Organizer for Bose SoundSport Wireless Headphones (Black),Pete Field,Cases,Cases,426,ACCESSORY,NOT_APPLICABLE,标题明确为保护壳/收纳配件，不是可独立使用的完整耳机；细分类目 Cases 与此一致；判为 ACCESSORY。
B0B76C88B8,AMBIGUOUS,0.6,NOT_APPLICABLE,2,0,0,1,1,taxonomy_device=2;title_accessory=1;conflict,"OCELY Wireless Sports Earbuds, [Lilt Series] Bluetooth 5.2 Ear Bud Headphone, Noise Isolation, Transparency, Gaming Mode, IPX7 Waterproof, ENC, Clear Calls, 24H with Charging Case, White",OCELY,Earbud Headphones,Headphones & Earbuds,1009,DEVICE,EARBUD_INEAR,标题主体是完整耳机，后列保护壳/线缆/支架等随附配件（套装不改变主体标签）；判为 DEVICE；形态依据：标题含耳塞/入耳/开放式耳戴设备词，且其主体线索早于头戴式描述。 原自动标签为 AMBIGUOUS，本次以商品主体语义和类目复核后更正。
B00WTDTW1E,AMBIGUOUS,0.6,NOT_APPLICABLE,1,0,1,1,1,taxonomy_device=1;title_device=1;title_accessory=1;conflict,6 PACK - Triple Flange Replacement Ear tips sleeves fit SHURE SE110 SE112 SE115 SE210 SE215 SE310 SE315 SE420 SE425 SE530 SE535 SE846 E3c E3g E4c E4g E5c and Westone Noise Isolating In-Ear Headphones,AudioEquip,"Headphones, Earbuds & Accessories",,67,ACCESSORY,NOT_APPLICABLE,标题明确为替换耳塞套，不是可独立使用的完整耳机；结合标题的兼容/替换关系判定；判为 ACCESSORY。 原自动标签为 AMBIGUOUS，本次以商品主体语义和类目复核后更正。
B0BLSCJPNV,ACCESSORY,0.995,NOT_APPLICABLE,0,2,1,2,1,taxonomy_accessory=2;title_device=1;title_accessory=2;conflict,"defean Cassette Earpads Replacement Ear Cushion Ear Pads Compatible with Skullcandy Cassette Over-Ear Headphone,Ear Pads with Softer Leather, Noise Isolation Foam (Gray)",defean,Earpads,Earpads,5,ACCESSORY,NOT_APPLICABLE,标题明确为替换耳垫/耳罩，不是可独立使用的完整耳机；细分类目 Earpads 与此一致；判为 ACCESSORY。
B09V3W5XFY,DEVICE,0.985,EARBUD_INEAR,2,0,3,1,1,taxonomy_device=2;title_device=3;title_accessory=1;conflict,"Jabra Elite Active 75t True Wireless Bluetooth, Navy – Earbuds for Running and Sport, Charging Case Included, 24 Hour Battery, Active Noise Cancelling Earbuds",Jabra,Earbud Headphones,Headphones & Earbuds,12459,DEVICE,EARBUD_INEAR,标题描述可独立使用的完整耳机/耳塞设备，细分类目为 Earbud Headphones；判为 DEVICE；形态依据：标题含耳塞/入耳/开放式耳戴设备词，且其主体线索早于头戴式描述。
B07D4DGHPX,AMBIGUOUS,0.6,NOT_APPLICABLE,1,0,0,0,0,taxonomy_device=1,YINYOO Earphone Replacement Cable Upgraded 8 Core Silver Plated HiFi Bass Headphones Earbuds Cable 2.5mm Balanced IEM Cable with 0.78mm 2Pins for kz ES4 ZS6 ZS5 ZST ZSR ZS10 ZS3 TFZ ES3(Silver-2P2.5),YINYOO,"Headphones, Earbuds & Accessories",,1,ACCESSORY,NOT_APPLICABLE,标题明确为线缆/转接配件，不是可独立使用的完整耳机；结合标题的兼容/替换关系判定；判为 ACCESSORY。 原自动标签为 AMBIGUOUS，本次以商品主体语义和类目复核后更正。
B01KC6MV5S,ACCESSORY,0.98,NOT_APPLICABLE,0,2,0,0,0,taxonomy_accessory=2,Hermitshell Travel Case Fits Shopkins/Barbie/Hello Kitty/Monster High/Supergirl Large Kids Safe Over The Ear Headphone (Hot Pink),Hermitshell,Cases,Cases,36,ACCESSORY,NOT_APPLICABLE,标题明确为保护壳/收纳配件，不是可独立使用的完整耳机；细分类目 Cases 与此一致；判为 ACCESSORY。
B00L67HHNO,AMBIGUOUS,0.6,NOT_APPLICABLE,2,0,0,1,1,taxonomy_device=2;title_accessory=1;conflict,Set 4pcs Small 4pcs Large Clear Eargels Compatible with Motorola S9 S9HD S9-HD S10 S10-HD S10HD Wireless Headsets Earbud Eartip Eargels Eartips,NICKSTON,Earbud Headphones,Headphones & Earbuds,6,ACCESSORY,NOT_APPLICABLE,标题明确为替换耳塞套，不是可独立使用的完整耳机；结合标题的兼容/替换关系判定；判为 ACCESSORY。 原自动标签为 AMBIGUOUS，本次以商品主体语义和类目复核后更正。
B01LY5R791,ACCESSORY,0.94,NOT_APPLICABLE,0,2,1,0,1,taxonomy_accessory=2;title_device=1;conflict,Navitech Steel On Ear & Over Ear Wireless/Bluetooth Headphones Stand Holder Compatible with The Sentey B-Trek H10,Navitech,Cases,Cases,2,ACCESSORY,NOT_APPLICABLE,标题明确为保护壳/收纳配件，不是可独立使用的完整耳机；细分类目 Cases 与此一致；判为 ACCESSORY。
B07TKJ1SQD,ACCESSORY,0.94,NOT_APPLICABLE,0,2,1,0,1,taxonomy_accessory=2;title_device=1;conflict,Justfitgear Pack of 3 Pairs (S/M/L) Silicone Earbuds Tips Cover Hook Fit JBL Wireless Bluetooth Headphone Headset (Grey),Justfitgear,Earpads,Earpads,7,ACCESSORY,NOT_APPLICABLE,标题明确为替换耳垫/耳罩，不是可独立使用的完整耳机；细分类目 Earpads 与此一致；判为 ACCESSORY。
B07DDK6SF9,DEVICE,0.98,EARBUD_INEAR,2,0,0,0,0,taxonomy_device=2,Hicdaw 48 Pcs Keychain for Unicorn Party Favors - Assorted Key Chain Keyring Holder for Unicorn Party Favor - Gifts for Kids and Adults,Hicdaw,Earbud Headphones,Headphones & Earbuds,50,ACCESSORY,NOT_APPLICABLE,标题明确为支架/挂架，不是可独立使用的完整耳机；结合标题的兼容/替换关系判定；判为 ACCESSORY。 原自动标签为 DEVICE，本次以商品主体语义和类目复核后更正。
B07Y1V3JSQ,ACCESSORY,0.98,NOT_APPLICABLE,0,2,0,0,0,taxonomy_accessory=2,ZAHIUS Silicone Case Compatible for Apple Airpods 1&2 Funny Cover[3D Cartoon Pattern][Designed for Kids Girl and Boys](Baymax),ZAHIUS,Cases,Cases,68,ACCESSORY,NOT_APPLICABLE,标题明确为保护壳/收纳配件，不是可独立使用的完整耳机；细分类目 Cases 与此一致；判为 ACCESSORY。
B087QFJLW4,ACCESSORY,0.995,NOT_APPLICABLE,0,2,0,1,0,taxonomy_accessory=2;title_accessory=1,"KOREDA Rugged Armor Band with Bumper Case Compatible with Apple Watch 45mm Series 7 44mm Series 6/SE/5/4, Military Shockproof Protective Case with iWatch Strap Bands for Men Women",KOREDA,Cases,Cases,30,ACCESSORY,NOT_APPLICABLE,标题明确为保护壳/收纳配件，不是可独立使用的完整耳机；细分类目 Cases 与此一致；判为 ACCESSORY。
B07C3LYSY1,DEVICE,0.995,EARBUD_INEAR,2,0,2,0,0,taxonomy_device=2;title_device=2,"in Ear Earphones with Microphone, Woostar in Ear Headphones, Earbuds with Microphone, Stereo Audio Sound with Strong Bass for iPhone, iPad, iPod, Samsung Galaxy, Huawei, MP3 Player/PS4",Woostar,Earbud Headphones,Headphones & Earbuds,2,DEVICE,EARBUD_INEAR,标题主体是完整耳机，后列保护壳/线缆/支架等随附配件（套装不改变主体标签）；判为 DEVICE；形态依据：标题含耳塞/入耳/开放式耳戴设备词，且其主体线索早于头戴式描述。
B08D37BCNJ,DEVICE,0.985,EARBUD_INEAR,2,0,3,1,1,taxonomy_device=2;title_device=3;title_accessory=1;conflict,"fosa1 True Wireless Earbud, Portable Mini Binaural Call Stereo in Ear Headphones Built in Mic Noise Reduction with Charging Case Fit for Running Gym Outdoor",fosa1,Earbud Headphones,Headphones & Earbuds,4,DEVICE,EARBUD_INEAR,标题主体是完整耳机，后列保护壳/线缆/支架等随附配件（套装不改变主体标签）；判为 DEVICE；形态依据：标题含耳塞/入耳/开放式耳戴设备词，且其主体线索早于头戴式描述。
B0002GZLY2,AMBIGUOUS,0.6,NOT_APPLICABLE,2,0,0,1,1,taxonomy_device=2;title_accessory=1;conflict,Direct Sound EX-29 Dynamic Closed Headphones Black w/10' Headphone Extension Cable,Direct Sound,On-Ear Headphones,Headphones & Earbuds,243,DEVICE,ON_EAR,标题描述可独立使用的完整耳机/耳塞设备，细分类目为 On-Ear Headphones；判为 DEVICE；形态依据：细分类目为 On-Ear Headphones。 原自动标签为 AMBIGUOUS，本次以商品主体语义和类目复核后更正。
B011LRBIL0,AMBIGUOUS,0.6,NOT_APPLICABLE,1,0,0,0,0,taxonomy_device=1,3.5mm Male Stereo to 4-pin XLR Female Balanced Audio Adapter Hi-end Pcocc Silver Plated Cable,HGC,"Headphones, Earbuds & Accessories",,4,ACCESSORY,NOT_APPLICABLE,标题明确为线缆/转接配件，不是可独立使用的完整耳机；结合标题的兼容/替换关系判定；判为 ACCESSORY。 原自动标签为 AMBIGUOUS，本次以商品主体语义和类目复核后更正。
B0BGHYMMLP,AMBIGUOUS,0.6,NOT_APPLICABLE,2,0,1,1,1,taxonomy_device=2;title_device=1;title_accessory=1;conflict,"NA# Wireless Earbuds Bluetooth in Ear Light-Weight Headphones Built-in Microphone Immersive Premium Sound with Charging Case,High-Fidelity Stereo Earphones",NA#,Earbud Headphones,Headphones & Earbuds,4,DEVICE,EARBUD_INEAR,标题描述可独立使用的完整耳机/耳塞设备，细分类目为 Earbud Headphones；判为 DEVICE；形态依据：标题含耳塞/入耳/开放式耳戴设备词，且其主体线索早于头戴式描述。 原自动标签为 AMBIGUOUS，本次以商品主体语义和类目复核后更正。
